{
"type": "FeatureCollection",
"name": "selected_low_growth_96_tracts",
"crs": { "type": "name", "properties": { "name": "urn:ogc:def:crs:EPSG::4269" } },
"features": [
{ "type": "Feature", "properties": { "STATEFP": "47", "COUNTYFP": "157", "TRACTCE": "007300", "GEOID": "47157007300", "GEOIDFQ": "1400000US47157007300", "NAME": "73", "NAMELSAD": "Census Tract 73", "MTFCC": "G5020", "FUNCSTAT": "S", "ALAND": 1917134, "AWATER": 0, "INTPTLAT": "+35.1209841", "INTPTLON": "-089.9363798", "geoid": "47157007300" }, "geometry": { "type": "Polygon", "coordinates": [ [ [ -89.945754, 35.115323 ], [ -89.945748, 35.115428 ], [ -89.945746, 35.115463 ], [ -89.945736, 35.115657 ], [ -89.945709, 35.11624 ], [ -89.945701, 35.116435 ], [ -89.945689, 35.116708 ], [ -89.945656, 35.11753 ], [ -89.945645, 35.117804 ], [ -89.945634, 35.118077 ], [ -89.945602, 35.118897 ], [ -89.945592, 35.119171 ], [ -89.945582, 35.119385 ], [ -89.945556, 35.12003 ], [ -89.945548, 35.120245 ], [ -89.94554, 35.120455 ], [ -89.945523, 35.120914 ], [ -89.945515, 35.121085 ], [ -89.945507, 35.121295 ], [ -89.945487, 35.121675 ], [ -89.945431, 35.122816 ], [ -89.945412, 35.123197 ], [ -89.945402, 35.123443 ], [ -89.945387, 35.12383 ], [ -89.945372, 35.124184 ], [ -89.945362, 35.124431 ], [ -89.945358, 35.124501 ], [ -89.94535, 35.124712 ], [ -89.945347, 35.124783 ], [ -89.945341, 35.124923 ], [ -89.945334, 35.125142 ], [ -89.945325, 35.125344 ], [ -89.94532, 35.125485 ], [ -89.945312, 35.125667 ], [ -89.945303, 35.12588 ], [ -89.945289, 35.126216 ], [ -89.945282, 35.126399 ], [ -89.945269, 35.126677 ], [ -89.945231, 35.127511 ], [ -89.945219, 35.12779 ], [ -89.945132, 35.12777 ], [ -89.94493, 35.127726 ], [ -89.94464, 35.127664 ], [ -89.944599, 35.127655 ], [ -89.944065, 35.12754 ], [ -89.943777, 35.127479 ], [ -89.943426, 35.127406 ], [ -89.943074, 35.127333 ], [ -89.942465, 35.127207 ], [ -89.942373, 35.127188 ], [ -89.942022, 35.127117 ], [ -89.941576, 35.127021 ], [ -89.94135, 35.126973 ], [ -89.941109, 35.126921 ], [ -89.940238, 35.126735 ], [ -89.939792, 35.126641 ], [ -89.939624, 35.126606 ], [ -89.939573, 35.126595 ], [ -89.938916, 35.126457 ], [ -89.938698, 35.126411 ], [ -89.938415, 35.126352 ], [ -89.937566, 35.126175 ], [ -89.937408, 35.126142 ], [ -89.937284, 35.126116 ], [ -89.936861, 35.126027 ], [ -89.936192, 35.125888 ], [ -89.935969, 35.125841 ], [ -89.935595, 35.125762 ], [ -89.935357, 35.125712 ], [ -89.935173, 35.125674 ], [ -89.935007, 35.125639 ], [ -89.934733, 35.125581 ], [ -89.934512, 35.125534 ], [ -89.934451, 35.125522 ], [ -89.934347, 35.125501 ], [ -89.933783, 35.125382 ], [ -89.933622, 35.125348 ], [ -89.933563, 35.125335 ], [ -89.93334, 35.125288 ], [ -89.931714, 35.124944 ], [ -89.931214, 35.124839 ], [ -89.930971, 35.124788 ], [ -89.930431, 35.124674 ], [ -89.930137, 35.124612 ], [ -89.929635, 35.124507 ], [ -89.929257, 35.124429 ], [ -89.928964, 35.124368 ], [ -89.928324, 35.124233 ], [ -89.928294, 35.124227 ], [ -89.926407, 35.12383 ], [ -89.926182, 35.123783 ], [ -89.925927, 35.123728 ], [ -89.925768, 35.123695 ], [ -89.925778, 35.123484 ], [ -89.925789, 35.12326 ], [ -89.925795, 35.123184 ], [ -89.925806, 35.122854 ], [ -89.925814, 35.122644 ], [ -89.925816, 35.122538 ], [ -89.925824, 35.122223 ], [ -89.925828, 35.122118 ], [ -89.92583, 35.122045 ], [ -89.925838, 35.121826 ], [ -89.925842, 35.121754 ], [ -89.925847, 35.121565 ], [ -89.925864, 35.121 ], [ -89.925871, 35.120812 ], [ -89.925872, 35.120759 ], [ -89.925877, 35.120602 ], [ -89.92588, 35.12055 ], [ -89.925885, 35.120383 ], [ -89.925895, 35.120113 ], [ -89.9259, 35.119906 ], [ -89.9259, 35.119881 ], [ -89.925907, 35.119715 ], [ -89.92591, 35.119561 ], [ -89.925921, 35.119102 ], [ -89.925926, 35.11895 ], [ -89.925939, 35.118465 ], [ -89.92597, 35.117359 ], [ -89.925979, 35.117013 ], [ -89.925993, 35.116529 ], [ -89.925994, 35.116445 ], [ -89.925997, 35.116192 ], [ -89.925999, 35.116109 ], [ -89.926, 35.116074 ], [ -89.926002, 35.115971 ], [ -89.926004, 35.115937 ], [ -89.926726, 35.115956 ], [ -89.927025, 35.115965 ], [ -89.930091, 35.116052 ], [ -89.931113, 35.116082 ], [ -89.931529, 35.116094 ], [ -89.93278, 35.116132 ], [ -89.933197, 35.116145 ], [ -89.934119, 35.116162 ], [ -89.934241, 35.116164 ], [ -89.937373, 35.116223 ], [ -89.938417, 35.116243 ], [ -89.938973, 35.11625 ], [ -89.940643, 35.116274 ], [ -89.94076, 35.116275 ], [ -89.9412, 35.116282 ], [ -89.941752, 35.116296 ], [ -89.94214, 35.116275 ], [ -89.94226, 35.116269 ], [ -89.942744, 35.116218 ], [ -89.94322, 35.116136 ], [ -89.943781, 35.115991 ], [ -89.944482, 35.115756 ], [ -89.944872, 35.115612 ], [ -89.945757, 35.115289 ], [ -89.945754, 35.115323 ] ] ] } },
{ "type": "Feature", "properties": { "STATEFP": "47", "COUNTYFP": "157", "TRACTCE": "022410", "GEOID": "47157022410", "GEOIDFQ": "1400000US47157022410", "NAME": "224.10", "NAMELSAD": "Census Tract 224.10", "MTFCC": "G5020", "FUNCSTAT": "S", "ALAND": 12955655, "AWATER": 431366, "INTPTLAT": "+35.0111662", "INTPTLON": "-090.0901823", "geoid": "47157022410" }, "geometry": { "type": "Polygon", "coordinates": [ [ [ -90.127318, 34.994867 ], [ -90.127115, 34.994996 ], [ -90.126921, 34.995125 ], [ -90.126587, 34.99533 ], [ -90.126444, 34.995405 ], [ -90.126214, 34.995527 ], [ -90.126133, 34.995532 ], [ -90.126062, 34.99557 ], [ -90.125222, 34.995979 ], [ -90.12463, 34.996273 ], [ -90.123955, 34.99661 ], [ -90.122002, 34.997583 ], [ -90.12013, 34.998515 ], [ -90.120113, 34.998524 ], [ -90.118709, 34.999218 ], [ -90.118628, 34.999258 ], [ -90.117126, 35.0 ], [ -90.116742, 35.000189 ], [ -90.116595, 35.000263 ], [ -90.111088, 35.002989 ], [ -90.110053, 35.003502 ], [ -90.109203, 35.003921 ], [ -90.10895, 35.004045 ], [ -90.108474, 35.004281 ], [ -90.108404, 35.004316 ], [ -90.108266, 35.004384 ], [ -90.108431, 35.004667 ], [ -90.108484, 35.004721 ], [ -90.108595, 35.004838 ], [ -90.108772, 35.004954 ], [ -90.108952, 35.005015 ], [ -90.109079, 35.005043 ], [ -90.109289, 35.005059 ], [ -90.109866, 35.005144 ], [ -90.109952, 35.00517 ], [ -90.11039, 35.005284 ], [ -90.110626, 35.005317 ], [ -90.110943, 35.00534 ], [ -90.112296, 35.005336 ], [ -90.113348, 35.005345 ], [ -90.114157, 35.005333 ], [ -90.114232, 35.005332 ], [ -90.114581, 35.00533 ], [ -90.11477, 35.005337 ], [ -90.114917, 35.005372 ], [ -90.115002, 35.005412 ], [ -90.115111, 35.005499 ], [ -90.115181, 35.005609 ], [ -90.11524, 35.005806 ], [ -90.115294, 35.006088 ], [ -90.11531, 35.006141 ], [ -90.115348, 35.006214 ], [ -90.115405, 35.006295 ], [ -90.115505, 35.006405 ], [ -90.115626, 35.006539 ], [ -90.1162, 35.007114 ], [ -90.116373, 35.007287 ], [ -90.116439, 35.007343 ], [ -90.116627, 35.007502 ], [ -90.116904, 35.007692 ], [ -90.117104, 35.007802 ], [ -90.117355, 35.007915 ], [ -90.117652, 35.008017 ], [ -90.118017, 35.008089 ], [ -90.118279, 35.008114 ], [ -90.118573, 35.00812 ], [ -90.118805, 35.008103 ], [ -90.119049, 35.008054 ], [ -90.119263, 35.007991 ], [ -90.119505, 35.007887 ], [ -90.119661, 35.007814 ], [ -90.119792, 35.007758 ], [ -90.119934, 35.007699 ], [ -90.120262, 35.007627 ], [ -90.120507, 35.007602 ], [ -90.120727, 35.007599 ], [ -90.121933, 35.007594 ], [ -90.122171, 35.007593 ], [ -90.122888, 35.007592 ], [ -90.123127, 35.007592 ], [ -90.123852, 35.007592 ], [ -90.125, 35.007592 ], [ -90.125826, 35.00764 ], [ -90.126027, 35.007652 ], [ -90.126752, 35.007699 ], [ -90.126732, 35.007904 ], [ -90.126676, 35.008521 ], [ -90.126657, 35.008727 ], [ -90.126635, 35.008872 ], [ -90.126616, 35.009003 ], [ -90.12656, 35.009191 ], [ -90.126507, 35.009292 ], [ -90.126439, 35.009423 ], [ -90.126344, 35.009552 ], [ -90.126192, 35.009705 ], [ -90.126061, 35.009806 ], [ -90.126002, 35.009852 ], [ -90.125887, 35.009954 ], [ -90.125744, 35.01012 ], [ -90.125629, 35.010306 ], [ -90.125543, 35.010574 ], [ -90.125428, 35.010804 ], [ -90.125294, 35.010982 ], [ -90.125152, 35.011115 ], [ -90.12514, 35.011127 ], [ -90.124715, 35.011434 ], [ -90.124642, 35.011485 ], [ -90.124426, 35.01164 ], [ -90.124354, 35.011692 ], [ -90.123918, 35.011398 ], [ -90.122613, 35.010518 ], [ -90.122178, 35.010225 ], [ -90.122067, 35.010119 ], [ -90.121735, 35.009804 ], [ -90.121625, 35.009699 ], [ -90.120969, 35.009084 ], [ -90.11976, 35.009943 ], [ -90.119482, 35.01014 ], [ -90.118652, 35.010732 ], [ -90.118613, 35.01076 ], [ -90.118383, 35.01094 ], [ -90.118418, 35.010967 ], [ -90.118518, 35.011062 ], [ -90.118612, 35.011202 ], [ -90.118656, 35.011339 ], [ -90.118664, 35.011575 ], [ -90.118667, 35.011632 ], [ -90.11867, 35.011758 ], [ -90.118671, 35.012015 ], [ -90.118677, 35.012787 ], [ -90.118679, 35.013045 ], [ -90.118707, 35.013869 ], [ -90.118716, 35.014098 ], [ -90.118677, 35.014772 ], [ -90.118634, 35.015773 ], [ -90.118606, 35.015927 ], [ -90.11857, 35.016019 ], [ -90.118433, 35.016213 ], [ -90.11838, 35.016269 ], [ -90.118158, 35.016507 ], [ -90.117969, 35.016752 ], [ -90.117879, 35.01692 ], [ -90.117835, 35.017045 ], [ -90.117819, 35.017093 ], [ -90.117748, 35.017434 ], [ -90.117721, 35.017565 ], [ -90.117658, 35.017922 ], [ -90.117576, 35.01839 ], [ -90.117461, 35.018991 ], [ -90.117394, 35.019348 ], [ -90.11735, 35.019585 ], [ -90.11723, 35.020251 ], [ -90.117226, 35.020296 ], [ -90.117211, 35.020537 ], [ -90.113504, 35.020523 ], [ -90.11286, 35.020526 ], [ -90.112841, 35.020526 ], [ -90.1127, 35.020526 ], [ -90.112281, 35.020529 ], [ -90.112141, 35.02053 ], [ -90.111139, 35.02053 ], [ -90.11015, 35.02053 ], [ -90.109768, 35.020527 ], [ -90.108136, 35.020533 ], [ -90.107135, 35.020537 ], [ -90.105601, 35.020537 ], [ -90.104356, 35.020537 ], [ -90.10384, 35.020537 ], [ -90.103544, 35.020555 ], [ -90.102978, 35.020553 ], [ -90.102474, 35.020551 ], [ -90.102294, 35.02055 ], [ -90.102094, 35.020545 ], [ -90.101, 35.020535 ], [ -90.100883, 35.020534 ], [ -90.099758, 35.020555 ], [ -90.099467, 35.020555 ], [ -90.098869, 35.020555 ], [ -90.098242, 35.020555 ], [ -90.097076, 35.020568 ], [ -90.096479, 35.020576 ], [ -90.096282, 35.020578 ], [ -90.095682, 35.020586 ], [ -90.095495, 35.020591 ], [ -90.095158, 35.020598 ], [ -90.095103, 35.0206 ], [ -90.094148, 35.020625 ], [ -90.093812, 35.020634 ], [ -90.093212, 35.02065 ], [ -90.092926, 35.020658 ], [ -90.092391, 35.020672 ], [ -90.092034, 35.020681 ], [ -90.091415, 35.020696 ], [ -90.091205, 35.020702 ], [ -90.090816, 35.020712 ], [ -90.090762, 35.020714 ], [ -90.090223, 35.020727 ], [ -90.088553, 35.02077 ], [ -90.088487, 35.020771 ], [ -90.088445, 35.020771 ], [ -90.088413, 35.020771 ], [ -90.088326, 35.020774 ], [ -90.087934, 35.020782 ], [ -90.087853, 35.020784 ], [ -90.08772, 35.020786 ], [ -90.087328, 35.020791 ], [ -90.086934, 35.020798 ], [ -90.086895, 35.020798 ], [ -90.085754, 35.020813 ], [ -90.08523, 35.020821 ], [ -90.08508, 35.020824 ], [ -90.084963, 35.020826 ], [ -90.084165, 35.020842 ], [ -90.083899, 35.020848 ], [ -90.083632, 35.020852 ], [ -90.082831, 35.020867 ], [ -90.082565, 35.020872 ], [ -90.082299, 35.020878 ], [ -90.081502, 35.0209 ], [ -90.081237, 35.020907 ], [ -90.080698, 35.020924 ], [ -90.080541, 35.02093 ], [ -90.079082, 35.020936 ], [ -90.078842, 35.020938 ], [ -90.078544, 35.020938 ], [ -90.078392, 35.020937 ], [ -90.077939, 35.020937 ], [ -90.077788, 35.020937 ], [ -90.077672, 35.020936 ], [ -90.077327, 35.020936 ], [ -90.077212, 35.020936 ], [ -90.077079, 35.020936 ], [ -90.076945, 35.020935 ], [ -90.076146, 35.020935 ], [ -90.07588, 35.020935 ], [ -90.074934, 35.020934 ], [ -90.074349, 35.020934 ], [ -90.072126, 35.020935 ], [ -90.07116, 35.020909 ], [ -90.07053, 35.020889 ], [ -90.070238, 35.02088 ], [ -90.069758, 35.020883 ], [ -90.068731, 35.02089 ], [ -90.068228, 35.020894 ], [ -90.068231, 35.020784 ], [ -90.068244, 35.020578 ], [ -90.068249, 35.020509 ], [ -90.068237, 35.019631 ], [ -90.068234, 35.019316 ], [ -90.068232, 35.019261 ], [ -90.068228, 35.019096 ], [ -90.068227, 35.019042 ], [ -90.068227, 35.018952 ], [ -90.068229, 35.018685 ], [ -90.06823, 35.018596 ], [ -90.068227, 35.0184 ], [ -90.068221, 35.017815 ], [ -90.06822, 35.01762 ], [ -90.068219, 35.017533 ], [ -90.068219, 35.017272 ], [ -90.068219, 35.017185 ], [ -90.068218, 35.017094 ], [ -90.068215, 35.016822 ], [ -90.068215, 35.016732 ], [ -90.068212, 35.016317 ], [ -90.068207, 35.015563 ], [ -90.068204, 35.015071 ], [ -90.068203, 35.014901 ], [ -90.068201, 35.014657 ], [ -90.0682, 35.014526 ], [ -90.068197, 35.014091 ], [ -90.068185, 35.012396 ], [ -90.068182, 35.011831 ], [ -90.06818, 35.011641 ], [ -90.068174, 35.011072 ], [ -90.068172, 35.010883 ], [ -90.068168, 35.010413 ], [ -90.068156, 35.009003 ], [ -90.068153, 35.008533 ], [ -90.068154, 35.008462 ], [ -90.068151, 35.008116 ], [ -90.068141, 35.006865 ], [ -90.068138, 35.006449 ], [ -90.068135, 35.006344 ], [ -90.068226, 35.005925 ], [ -90.068241, 35.00587 ], [ -90.068445, 35.005139 ], [ -90.068481, 35.004975 ], [ -90.06852, 35.004493 ], [ -90.068556, 35.004309 ], [ -90.068601, 35.004142 ], [ -90.068608, 35.004119 ], [ -90.068742, 35.00364 ], [ -90.068751, 35.003609 ], [ -90.068761, 35.003574 ], [ -90.068851, 35.003273 ], [ -90.06887, 35.003211 ], [ -90.069088, 35.002487 ], [ -90.069112, 35.002369 ], [ -90.069116, 35.002351 ], [ -90.069105, 35.002156 ], [ -90.069098, 35.00213 ], [ -90.069088, 35.002094 ], [ -90.069078, 35.00206 ], [ -90.068998, 35.001858 ], [ -90.068759, 35.001444 ], [ -90.068586, 35.001143 ], [ -90.068426, 35.000775 ], [ -90.06827, 35.00039 ], [ -90.068041, 35.0 ], [ -90.067894, 34.999835 ], [ -90.067714, 34.999668 ], [ -90.067553, 34.999517 ], [ -90.067178, 34.999229 ], [ -90.06694, 34.999137 ], [ -90.066748, 34.999097 ], [ -90.066512, 34.999086 ], [ -90.065921, 34.999097 ], [ -90.065322, 34.99911 ], [ -90.065279, 34.999109 ], [ -90.064021, 34.999102 ], [ -90.062086, 34.999117 ], [ -90.060808, 34.999127 ], [ -90.060798, 34.998676 ], [ -90.060793, 34.998456 ], [ -90.060793, 34.998142 ], [ -90.060793, 34.99806 ], [ -90.060795, 34.997799 ], [ -90.060788, 34.997296 ], [ -90.060782, 34.996848 ], [ -90.06078, 34.996594 ], [ -90.060782, 34.995553 ], [ -90.060787, 34.99526 ], [ -90.060785, 34.994988 ], [ -90.066067, 34.994981 ], [ -90.066165, 34.994979 ], [ -90.080236, 34.994959 ], [ -90.087803, 34.994947 ], [ -90.089298, 34.994945 ], [ -90.095315, 34.994935 ], [ -90.096341, 34.994933 ], [ -90.102744, 34.994922 ], [ -90.103391, 34.994922 ], [ -90.113643, 34.994903 ], [ -90.124651, 34.994799 ], [ -90.12721, 34.994774 ], [ -90.12747, 34.994771 ], [ -90.127318, 34.994867 ] ] ] } },
{ "type": "Feature", "properties": { "STATEFP": "47", "COUNTYFP": "157", "TRACTCE": "005300", "GEOID": "47157005300", "GEOIDFQ": "1400000US47157005300", "NAME": "53", "NAMELSAD": "Census Tract 53", "MTFCC": "G5020", "FUNCSTAT": "S", "ALAND": 5967145, "AWATER": 497369, "INTPTLAT": "+35.0930408", "INTPTLON": "-090.0757059", "geoid": "47157005300" }, "geometry": { "type": "Polygon", "coordinates": [ [ [ -90.091692, 35.084691 ], [ -90.091396, 35.085179 ], [ -90.091204, 35.085497 ], [ -90.090717, 35.086302 ], [ -90.09051, 35.086644 ], [ -90.090466, 35.086718 ], [ -90.090215, 35.087133 ], [ -90.087894, 35.090995 ], [ -90.084873, 35.096026 ], [ -90.084071, 35.103633 ], [ -90.083599, 35.108114 ], [ -90.083167, 35.108115 ], [ -90.081872, 35.10812 ], [ -90.081441, 35.108122 ], [ -90.081275, 35.108128 ], [ -90.08078, 35.108149 ], [ -90.080615, 35.108156 ], [ -90.079888, 35.108143 ], [ -90.078298, 35.108115 ], [ -90.077707, 35.108088 ], [ -90.077677, 35.108087 ], [ -90.077319, 35.108079 ], [ -90.076981, 35.108077 ], [ -90.076879, 35.108074 ], [ -90.076754, 35.10807 ], [ -90.076334, 35.108058 ], [ -90.076076, 35.108048 ], [ -90.075851, 35.108041 ], [ -90.075777, 35.108037 ], [ -90.07566, 35.108036 ], [ -90.075576, 35.108035 ], [ -90.075556, 35.108034 ], [ -90.075483, 35.108033 ], [ -90.075437, 35.108031 ], [ -90.0753, 35.108028 ], [ -90.075255, 35.108028 ], [ -90.075222, 35.108026 ], [ -90.075123, 35.108023 ], [ -90.075091, 35.108022 ], [ -90.075002, 35.108017 ], [ -90.074968, 35.108015 ], [ -90.074897, 35.108012 ], [ -90.0746, 35.107999 ], [ -90.074573, 35.107998 ], [ -90.074478, 35.107997 ], [ -90.074377, 35.107995 ], [ -90.074188, 35.107994 ], [ -90.074127, 35.107992 ], [ -90.07408, 35.107996 ], [ -90.074066, 35.10799 ], [ -90.073977, 35.107987 ], [ -90.073777, 35.107981 ], [ -90.07318, 35.107966 ], [ -90.072981, 35.107961 ], [ -90.072463, 35.10795 ], [ -90.070909, 35.107917 ], [ -90.070392, 35.107907 ], [ -90.070237, 35.107903 ], [ -90.069774, 35.107893 ], [ -90.06962, 35.10789 ], [ -90.069145, 35.10788 ], [ -90.067507, 35.10785 ], [ -90.067449, 35.107846 ], [ -90.067416, 35.107848 ], [ -90.066074, 35.107817 ], [ -90.065658, 35.107806 ], [ -90.065599, 35.107804 ], [ -90.065425, 35.107801 ], [ -90.065367, 35.1078 ], [ -90.065246, 35.107797 ], [ -90.064883, 35.10779 ], [ -90.064762, 35.107788 ], [ -90.064768, 35.107588 ], [ -90.064787, 35.106991 ], [ -90.064794, 35.106792 ], [ -90.064797, 35.10669 ], [ -90.064808, 35.106386 ], [ -90.064813, 35.106285 ], [ -90.06482, 35.106089 ], [ -90.06484, 35.105502 ], [ -90.064848, 35.105307 ], [ -90.064852, 35.105195 ], [ -90.064865, 35.104861 ], [ -90.06487, 35.10475 ], [ -90.064876, 35.104581 ], [ -90.064893, 35.104076 ], [ -90.0649, 35.103908 ], [ -90.064906, 35.103713 ], [ -90.064927, 35.103131 ], [ -90.064935, 35.102937 ], [ -90.064941, 35.102782 ], [ -90.064959, 35.10232 ], [ -90.064966, 35.102167 ], [ -90.064969, 35.102075 ], [ -90.064979, 35.1018 ], [ -90.064983, 35.101709 ], [ -90.064998, 35.101568 ], [ -90.065045, 35.101148 ], [ -90.065061, 35.101008 ], [ -90.065076, 35.100867 ], [ -90.065123, 35.100445 ], [ -90.06514, 35.100305 ], [ -90.065155, 35.100166 ], [ -90.065202, 35.099749 ], [ -90.065218, 35.099611 ], [ -90.065233, 35.099469 ], [ -90.06528, 35.099043 ], [ -90.065296, 35.098902 ], [ -90.065311, 35.09877 ], [ -90.065355, 35.098376 ], [ -90.065371, 35.098245 ], [ -90.065384, 35.098104 ], [ -90.065395, 35.098002 ], [ -90.065438, 35.097799 ], [ -90.06549, 35.097698 ], [ -90.065511, 35.09766 ], [ -90.065568, 35.097581 ], [ -90.065663, 35.097449 ], [ -90.065948, 35.097056 ], [ -90.066044, 35.096925 ], [ -90.066151, 35.096775 ], [ -90.066475, 35.096325 ], [ -90.066543, 35.096232 ], [ -90.066586, 35.096178 ], [ -90.066731, 35.095995 ], [ -90.067026, 35.095626 ], [ -90.067117, 35.095489 ], [ -90.067145, 35.095431 ], [ -90.067248, 35.095222 ], [ -90.067311, 35.095036 ], [ -90.067346, 35.094934 ], [ -90.067391, 35.094694 ], [ -90.067413, 35.094457 ], [ -90.067432, 35.094262 ], [ -90.067444, 35.094143 ], [ -90.067451, 35.094057 ], [ -90.067453, 35.094046 ], [ -90.067477, 35.093778 ], [ -90.067501, 35.093443 ], [ -90.06751, 35.093335 ], [ -90.067506, 35.093271 ], [ -90.067505, 35.093239 ], [ -90.067499, 35.093134 ], [ -90.067448, 35.092958 ], [ -90.067431, 35.0929 ], [ -90.067402, 35.092832 ], [ -90.067361, 35.092735 ], [ -90.067335, 35.092692 ], [ -90.067258, 35.092565 ], [ -90.06725, 35.092551 ], [ -90.067232, 35.092524 ], [ -90.06722, 35.092506 ], [ -90.067184, 35.092452 ], [ -90.067172, 35.092435 ], [ -90.067038, 35.092258 ], [ -90.066637, 35.09173 ], [ -90.066593, 35.091672 ], [ -90.066518, 35.091545 ], [ -90.066458, 35.091407 ], [ -90.066423, 35.091326 ], [ -90.066338, 35.090975 ], [ -90.066303, 35.09083 ], [ -90.066273, 35.090694 ], [ -90.066186, 35.090287 ], [ -90.066157, 35.090152 ], [ -90.066128, 35.090016 ], [ -90.066041, 35.08961 ], [ -90.066025, 35.089533 ], [ -90.066019, 35.089474 ], [ -90.065976, 35.088969 ], [ -90.065945, 35.088821 ], [ -90.06589, 35.088661 ], [ -90.065775, 35.088438 ], [ -90.065613, 35.088219 ], [ -90.065428, 35.088036 ], [ -90.065262, 35.087866 ], [ -90.06511, 35.087669 ], [ -90.065033, 35.087515 ], [ -90.064968, 35.087335 ], [ -90.064904, 35.087107 ], [ -90.064873, 35.086945 ], [ -90.064799, 35.086675 ], [ -90.064739, 35.086473 ], [ -90.064562, 35.085869 ], [ -90.064526, 35.085744 ], [ -90.064511, 35.085666 ], [ -90.064445, 35.085309 ], [ -90.06435, 35.085009 ], [ -90.063865, 35.08346 ], [ -90.06372, 35.083078 ], [ -90.063596, 35.082751 ], [ -90.063516, 35.082523 ], [ -90.063488, 35.082443 ], [ -90.063483, 35.082429 ], [ -90.063469, 35.08239 ], [ -90.063465, 35.082377 ], [ -90.063393, 35.082175 ], [ -90.063344, 35.082038 ], [ -90.063337, 35.081987 ], [ -90.063203, 35.081562 ], [ -90.06314, 35.081358 ], [ -90.063114, 35.081237 ], [ -90.063104, 35.08119 ], [ -90.063082, 35.080932 ], [ -90.063078, 35.08087 ], [ -90.063076, 35.080828 ], [ -90.063073, 35.080747 ], [ -90.063071, 35.080708 ], [ -90.063067, 35.080591 ], [ -90.063066, 35.080553 ], [ -90.063063, 35.080483 ], [ -90.063055, 35.080273 ], [ -90.063053, 35.080204 ], [ -90.063049, 35.080119 ], [ -90.063048, 35.080103 ], [ -90.063046, 35.080063 ], [ -90.063035, 35.079803 ], [ -90.063031, 35.079703 ], [ -90.063022, 35.079503 ], [ -90.062996, 35.078903 ], [ -90.062988, 35.078704 ], [ -90.062973, 35.078359 ], [ -90.062944, 35.077689 ], [ -90.062933, 35.077389 ], [ -90.06293, 35.077325 ], [ -90.062919, 35.076981 ], [ -90.062906, 35.076696 ], [ -90.062898, 35.076509 ], [ -90.062869, 35.075841 ], [ -90.062867, 35.075777 ], [ -90.062863, 35.075674 ], [ -90.062865, 35.075557 ], [ -90.063215, 35.075645 ], [ -90.063427, 35.075699 ], [ -90.063729, 35.07575 ], [ -90.063989, 35.075789 ], [ -90.064285, 35.07581 ], [ -90.064646, 35.075836 ], [ -90.064825, 35.075849 ], [ -90.065487, 35.075874 ], [ -90.066503, 35.075859 ], [ -90.067012, 35.075869 ], [ -90.067122, 35.075872 ], [ -90.067998, 35.075958 ], [ -90.068922, 35.076011 ], [ -90.070468, 35.076055 ], [ -90.070953, 35.076053 ], [ -90.07219, 35.076106 ], [ -90.072495, 35.076148 ], [ -90.072539, 35.076151 ], [ -90.072937, 35.076147 ], [ -90.073025, 35.076149 ], [ -90.073509, 35.076189 ], [ -90.074072, 35.076282 ], [ -90.074094, 35.076287 ], [ -90.074156, 35.076303 ], [ -90.075899, 35.076477 ], [ -90.076421, 35.076764 ], [ -90.076873, 35.077351 ], [ -90.077107, 35.077779 ], [ -90.077459, 35.078456 ], [ -90.0778, 35.079087 ], [ -90.078223, 35.079728 ], [ -90.078262, 35.079744 ], [ -90.078562, 35.079955 ], [ -90.078633, 35.080012 ], [ -90.078687, 35.080056 ], [ -90.078925, 35.080222 ], [ -90.078965, 35.080246 ], [ -90.079132, 35.08035 ], [ -90.079319, 35.080444 ], [ -90.079427, 35.080507 ], [ -90.079731, 35.080653 ], [ -90.080302, 35.080989 ], [ -90.080489, 35.081085 ], [ -90.080605, 35.081137 ], [ -90.080724, 35.081184 ], [ -90.080847, 35.081225 ], [ -90.081142, 35.081298 ], [ -90.0818, 35.081365 ], [ -90.08281, 35.081445 ], [ -90.083075, 35.081453 ], [ -90.083426, 35.081484 ], [ -90.083556, 35.081506 ], [ -90.083683, 35.081538 ], [ -90.083807, 35.081575 ], [ -90.083927, 35.081621 ], [ -90.084865, 35.082022 ], [ -90.085097, 35.082126 ], [ -90.085287, 35.082217 ], [ -90.085798, 35.08243 ], [ -90.085947, 35.082507 ], [ -90.086224, 35.082618 ], [ -90.086901, 35.082782 ], [ -90.087289, 35.082851 ], [ -90.087673, 35.082933 ], [ -90.087758, 35.082954 ], [ -90.087798, 35.082952 ], [ -90.087839, 35.082939 ], [ -90.087877, 35.08292 ], [ -90.087921, 35.082906 ], [ -90.087942, 35.082932 ], [ -90.087972, 35.083003 ], [ -90.088608, 35.083189 ], [ -90.089238, 35.083373 ], [ -90.090495, 35.083819 ], [ -90.091121, 35.084042 ], [ -90.091235, 35.084171 ], [ -90.091577, 35.084561 ], [ -90.091692, 35.084691 ] ] ] } },
{ "type": "Feature", "properties": { "STATEFP": "47", "COUNTYFP": "157", "TRACTCE": "005700", "GEOID": "47157005700", "GEOIDFQ": "1400000US47157005700", "NAME": "57", "NAMELSAD": "Census Tract 57", "MTFCC": "G5020", "FUNCSTAT": "S", "ALAND": 1446683, "AWATER": 0, "INTPTLAT": "+35.1042233", "INTPTLON": "-090.0410628", "geoid": "47157005700" }, "geometry": { "type": "Polygon", "coordinates": [ [ [ -90.053365, 35.107566 ], [ -90.053343, 35.107565 ], [ -90.053187, 35.107562 ], [ -90.053135, 35.107561 ], [ -90.05293, 35.107555 ], [ -90.052862, 35.107552 ], [ -90.052376, 35.107537 ], [ -90.052197, 35.10753 ], [ -90.052043, 35.107525 ], [ -90.051771, 35.107517 ], [ -90.051736, 35.107516 ], [ -90.051632, 35.107514 ], [ -90.051598, 35.107514 ], [ -90.051357, 35.107508 ], [ -90.050889, 35.107498 ], [ -90.050634, 35.107492 ], [ -90.050394, 35.107487 ], [ -90.04954, 35.107469 ], [ -90.049204, 35.107462 ], [ -90.049094, 35.107459 ], [ -90.048404, 35.107444 ], [ -90.047981, 35.107436 ], [ -90.047788, 35.107431 ], [ -90.047586, 35.107427 ], [ -90.047209, 35.107419 ], [ -90.047016, 35.107415 ], [ -90.046783, 35.107409 ], [ -90.046417, 35.107402 ], [ -90.046087, 35.107393 ], [ -90.045856, 35.107387 ], [ -90.045733, 35.107385 ], [ -90.045367, 35.107379 ], [ -90.045306, 35.107379 ], [ -90.045245, 35.107378 ], [ -90.045181, 35.107376 ], [ -90.04499, 35.107371 ], [ -90.044927, 35.10737 ], [ -90.044701, 35.107365 ], [ -90.044558, 35.107362 ], [ -90.044026, 35.107352 ], [ -90.043801, 35.107348 ], [ -90.04369, 35.107334 ], [ -90.043596, 35.107283 ], [ -90.043362, 35.107281 ], [ -90.04325, 35.107281 ], [ -90.043118, 35.107278 ], [ -90.042723, 35.107269 ], [ -90.042592, 35.107267 ], [ -90.042542, 35.107265 ], [ -90.042395, 35.107262 ], [ -90.042346, 35.107261 ], [ -90.042265, 35.107259 ], [ -90.042022, 35.107253 ], [ -90.041941, 35.107252 ], [ -90.041809, 35.107249 ], [ -90.041413, 35.107241 ], [ -90.041282, 35.107239 ], [ -90.041206, 35.107237 ], [ -90.040978, 35.107232 ], [ -90.040903, 35.107231 ], [ -90.040849, 35.107229 ], [ -90.040687, 35.107226 ], [ -90.040633, 35.107225 ], [ -90.040498, 35.107222 ], [ -90.040096, 35.107213 ], [ -90.039962, 35.10721 ], [ -90.039883, 35.107208 ], [ -90.039646, 35.107202 ], [ -90.039568, 35.107201 ], [ -90.039502, 35.107199 ], [ -90.039306, 35.107195 ], [ -90.039241, 35.107194 ], [ -90.039171, 35.107192 ], [ -90.038961, 35.107188 ], [ -90.038891, 35.107187 ], [ -90.038821, 35.107185 ], [ -90.038612, 35.107181 ], [ -90.038543, 35.10718 ], [ -90.038414, 35.107175 ], [ -90.038234, 35.10717 ], [ -90.038028, 35.10715 ], [ -90.0379, 35.107138 ], [ -90.037676, 35.107126 ], [ -90.037433, 35.107126 ], [ -90.036999, 35.107182 ], [ -90.036963, 35.107194 ], [ -90.036774, 35.107195 ], [ -90.03665, 35.107193 ], [ -90.036594, 35.107191 ], [ -90.036054, 35.107177 ], [ -90.036018, 35.107177 ], [ -90.035875, 35.107174 ], [ -90.035811, 35.107172 ], [ -90.035619, 35.107167 ], [ -90.035555, 35.107166 ], [ -90.035269, 35.107158 ], [ -90.034412, 35.107135 ], [ -90.034127, 35.107128 ], [ -90.034071, 35.107126 ], [ -90.033903, 35.107121 ], [ -90.033847, 35.10712 ], [ -90.03375, 35.107117 ], [ -90.033459, 35.107108 ], [ -90.033362, 35.107106 ], [ -90.033272, 35.107103 ], [ -90.033036, 35.1071 ], [ -90.032955, 35.107099 ], [ -90.032854, 35.107098 ], [ -90.032551, 35.107095 ], [ -90.032453, 35.107094 ], [ -90.03138, 35.107072 ], [ -90.030565, 35.107051 ], [ -90.03038, 35.107046 ], [ -90.029826, 35.107031 ], [ -90.029642, 35.107027 ], [ -90.029575, 35.107025 ], [ -90.029376, 35.107019 ], [ -90.02931, 35.107018 ], [ -90.029316, 35.106871 ], [ -90.029333, 35.106433 ], [ -90.02934, 35.106287 ], [ -90.029344, 35.106176 ], [ -90.029352, 35.10594 ], [ -90.029354, 35.105894 ], [ -90.029394, 35.104902 ], [ -90.029409, 35.104556 ], [ -90.029412, 35.104474 ], [ -90.029439, 35.103805 ], [ -90.02948, 35.102842 ], [ -90.029486, 35.102165 ], [ -90.029464, 35.101834 ], [ -90.029422, 35.101557 ], [ -90.029405, 35.101438 ], [ -90.029303, 35.101019 ], [ -90.029237, 35.100831 ], [ -90.029309, 35.100834 ], [ -90.029344, 35.100836 ], [ -90.029525, 35.100843 ], [ -90.029598, 35.100847 ], [ -90.02982, 35.100854 ], [ -90.030487, 35.100875 ], [ -90.03071, 35.100883 ], [ -90.030855, 35.100886 ], [ -90.03129, 35.100895 ], [ -90.031436, 35.100899 ], [ -90.031667, 35.100903 ], [ -90.031689, 35.100904 ], [ -90.03192, 35.100909 ], [ -90.03236, 35.100922 ], [ -90.032591, 35.100929 ], [ -90.032763, 35.100933 ], [ -90.033282, 35.100946 ], [ -90.033388, 35.100949 ], [ -90.033455, 35.100951 ], [ -90.033751, 35.10096 ], [ -90.034472, 35.100984 ], [ -90.034639, 35.10099 ], [ -90.034736, 35.100995 ], [ -90.034874, 35.100972 ], [ -90.034928, 35.100946 ], [ -90.034968, 35.100926 ], [ -90.035084, 35.100846 ], [ -90.035454, 35.100595 ], [ -90.035538, 35.10055 ], [ -90.03555, 35.100547 ], [ -90.035594, 35.100541 ], [ -90.03562, 35.100542 ], [ -90.035735, 35.100546 ], [ -90.035729, 35.100565 ], [ -90.035715, 35.100623 ], [ -90.03571, 35.100643 ], [ -90.035693, 35.100706 ], [ -90.035675, 35.100775 ], [ -90.035656, 35.100851 ], [ -90.035644, 35.100898 ], [ -90.035629, 35.100963 ], [ -90.035842, 35.10098 ], [ -90.035897, 35.100985 ], [ -90.036332, 35.101 ], [ -90.036486, 35.101006 ], [ -90.036701, 35.101015 ], [ -90.036987, 35.101026 ], [ -90.03753, 35.101049 ], [ -90.037849, 35.101055 ], [ -90.037985, 35.101058 ], [ -90.038136, 35.101068 ], [ -90.038265, 35.101073 ], [ -90.038652, 35.101088 ], [ -90.038781, 35.101093 ], [ -90.038904, 35.101097 ], [ -90.039172, 35.101106 ], [ -90.039276, 35.101109 ], [ -90.0394, 35.101113 ], [ -90.039484, 35.101115 ], [ -90.039738, 35.101124 ], [ -90.039823, 35.101127 ], [ -90.040033, 35.101138 ], [ -90.040665, 35.101171 ], [ -90.040876, 35.101183 ], [ -90.041006, 35.101189 ], [ -90.041396, 35.101208 ], [ -90.041527, 35.101215 ], [ -90.041656, 35.101219 ], [ -90.042045, 35.101231 ], [ -90.042175, 35.101236 ], [ -90.042305, 35.101238 ], [ -90.042695, 35.101245 ], [ -90.042826, 35.101248 ], [ -90.042957, 35.10125 ], [ -90.043119, 35.101253 ], [ -90.043351, 35.101255 ], [ -90.043483, 35.101257 ], [ -90.043618, 35.101261 ], [ -90.044023, 35.101274 ], [ -90.044158, 35.101279 ], [ -90.044422, 35.101289 ], [ -90.044797, 35.101305 ], [ -90.045215, 35.101311 ], [ -90.04548, 35.101316 ], [ -90.045779, 35.101326 ], [ -90.046112, 35.101338 ], [ -90.046462, 35.101373 ], [ -90.046674, 35.10138 ], [ -90.046974, 35.101392 ], [ -90.047227, 35.101395 ], [ -90.047599, 35.1014 ], [ -90.047986, 35.101401 ], [ -90.04824, 35.101402 ], [ -90.048477, 35.101406 ], [ -90.049188, 35.101418 ], [ -90.049426, 35.101423 ], [ -90.049662, 35.101429 ], [ -90.05037, 35.101447 ], [ -90.050607, 35.101454 ], [ -90.050638, 35.101456 ], [ -90.050685, 35.101448 ], [ -90.050784, 35.101434 ], [ -90.050909, 35.101381 ], [ -90.050982, 35.101351 ], [ -90.05104, 35.101366 ], [ -90.051149, 35.101372 ], [ -90.051659, 35.101402 ], [ -90.051829, 35.101413 ], [ -90.05187, 35.101416 ], [ -90.052038, 35.10145 ], [ -90.052199, 35.101484 ], [ -90.052523, 35.101513 ], [ -90.052673, 35.101518 ], [ -90.052887, 35.101527 ], [ -90.052907, 35.101528 ], [ -90.052968, 35.101534 ], [ -90.052989, 35.101536 ], [ -90.052972, 35.101652 ], [ -90.052924, 35.102 ], [ -90.052909, 35.102117 ], [ -90.052894, 35.102236 ], [ -90.052853, 35.102596 ], [ -90.05284, 35.102717 ], [ -90.052824, 35.10283 ], [ -90.052779, 35.103169 ], [ -90.052764, 35.103283 ], [ -90.052758, 35.103325 ], [ -90.052741, 35.103455 ], [ -90.052736, 35.103498 ], [ -90.052725, 35.103577 ], [ -90.052695, 35.103817 ], [ -90.052685, 35.103897 ], [ -90.052669, 35.104011 ], [ -90.05265, 35.104155 ], [ -90.052636, 35.104356 ], [ -90.052629, 35.104472 ], [ -90.052626, 35.104592 ], [ -90.052622, 35.1048 ], [ -90.052628, 35.104954 ], [ -90.052633, 35.105075 ], [ -90.052641, 35.105161 ], [ -90.052657, 35.105318 ], [ -90.052677, 35.105419 ], [ -90.052695, 35.105505 ], [ -90.052701, 35.10554 ], [ -90.052722, 35.105647 ], [ -90.052729, 35.105683 ], [ -90.052752, 35.105802 ], [ -90.052781, 35.105952 ], [ -90.052836, 35.106157 ], [ -90.052868, 35.106275 ], [ -90.052969, 35.106535 ], [ -90.053102, 35.106877 ], [ -90.053286, 35.10731 ], [ -90.053345, 35.107449 ], [ -90.053396, 35.107567 ], [ -90.053365, 35.107566 ] ] ] } },
{ "type": "Feature", "properties": { "STATEFP": "47", "COUNTYFP": "157", "TRACTCE": "003300", "GEOID": "47157003300", "GEOIDFQ": "1400000US47157003300", "NAME": "33", "NAMELSAD": "Census Tract 33", "MTFCC": "G5020", "FUNCSTAT": "S", "ALAND": 1122826, "AWATER": 0, "INTPTLAT": "+35.1281689", "INTPTLON": "-089.9987071", "geoid": "47157003300" }, "geometry": { "type": "Polygon", "coordinates": [ [ [ -90.006364, 35.123805 ], [ -90.006332, 35.124897 ], [ -90.006319, 35.125497 ], [ -90.006288, 35.126311 ], [ -90.006093, 35.126306 ], [ -90.005511, 35.126291 ], [ -90.005318, 35.126286 ], [ -90.005317, 35.126335 ], [ -90.005317, 35.126358 ], [ -90.005316, 35.126376 ], [ -90.005311, 35.126646 ], [ -90.00531, 35.126737 ], [ -90.005304, 35.126958 ], [ -90.00529, 35.127603 ], [ -90.005291, 35.127622 ], [ -90.005306, 35.127843 ], [ -90.005346, 35.128157 ], [ -90.005348, 35.128169 ], [ -90.005426, 35.128556 ], [ -90.005555, 35.129085 ], [ -90.005559, 35.1291 ], [ -90.0056, 35.129399 ], [ -90.005617, 35.129659 ], [ -90.005606, 35.129942 ], [ -90.005603, 35.130053 ], [ -90.005497, 35.13157 ], [ -90.00546, 35.132113 ], [ -90.005326, 35.132109 ], [ -90.005204, 35.132106 ], [ -90.004436, 35.132087 ], [ -90.00418, 35.132081 ], [ -90.004137, 35.132079 ], [ -90.004008, 35.132076 ], [ -90.003965, 35.132076 ], [ -90.003286, 35.132058 ], [ -90.001864, 35.132022 ], [ -90.001251, 35.132 ], [ -90.000573, 35.131976 ], [ -90.000272, 35.131973 ], [ -90.0, 35.131971 ], [ -89.999794, 35.131977 ], [ -89.999496, 35.132002 ], [ -89.999373, 35.132001 ], [ -89.999073, 35.132 ], [ -89.999034, 35.131998 ], [ -89.998917, 35.131993 ], [ -89.998878, 35.131992 ], [ -89.998781, 35.131989 ], [ -89.998596, 35.131984 ], [ -89.998493, 35.13198 ], [ -89.998398, 35.131977 ], [ -89.998282, 35.131973 ], [ -89.997934, 35.131961 ], [ -89.997819, 35.131958 ], [ -89.997356, 35.131943 ], [ -89.995967, 35.1319 ], [ -89.995504, 35.131886 ], [ -89.995318, 35.131877 ], [ -89.994761, 35.13185 ], [ -89.994576, 35.131841 ], [ -89.994452, 35.131835 ], [ -89.994438, 35.131834 ], [ -89.994026, 35.131815 ], [ -89.993889, 35.131809 ], [ -89.993592, 35.131802 ], [ -89.992704, 35.131781 ], [ -89.992409, 35.131774 ], [ -89.990477, 35.131727 ], [ -89.99051, 35.130995 ], [ -89.990534, 35.130267 ], [ -89.990581, 35.129293 ], [ -89.990586, 35.129205 ], [ -89.990627, 35.128405 ], [ -89.990639, 35.128177 ], [ -89.990648, 35.127973 ], [ -89.990675, 35.127361 ], [ -89.990685, 35.127158 ], [ -89.990687, 35.12707 ], [ -89.990695, 35.126808 ], [ -89.990698, 35.126721 ], [ -89.992248, 35.126059 ], [ -89.992559, 35.125949 ], [ -89.993115, 35.12575 ], [ -89.993219, 35.12564 ], [ -89.994694, 35.125096 ], [ -89.99494, 35.125002 ], [ -89.995681, 35.124724 ], [ -89.995929, 35.124632 ], [ -89.996025, 35.124594 ], [ -89.996313, 35.124484 ], [ -89.99641, 35.124447 ], [ -89.997193, 35.124191 ], [ -89.998354, 35.124119 ], [ -90.001442, 35.123927 ], [ -90.003431, 35.123872 ], [ -90.004687, 35.123823 ], [ -90.006367, 35.123735 ], [ -90.006364, 35.123805 ] ] ] } },
{ "type": "Feature", "properties": { "STATEFP": "47", "COUNTYFP": "157", "TRACTCE": "000600", "GEOID": "47157000600", "GEOIDFQ": "1400000US47157000600", "NAME": "6", "NAMELSAD": "Census Tract 6", "MTFCC": "G5020", "FUNCSTAT": "S", "ALAND": 3881777, "AWATER": 1174890, "INTPTLAT": "+35.1837381", "INTPTLON": "-089.9990705", "geoid": "47157000600" }, "geometry": { "type": "Polygon", "coordinates": [ [ [ -90.008467, 35.172785 ], [ -90.008459, 35.172974 ], [ -90.008455, 35.173048 ], [ -90.008453, 35.173083 ], [ -90.008444, 35.173305 ], [ -90.008414, 35.174079 ], [ -90.008405, 35.174337 ], [ -90.008399, 35.174612 ], [ -90.008383, 35.175437 ], [ -90.008378, 35.175713 ], [ -90.00837, 35.175977 ], [ -90.008348, 35.17676 ], [ -90.008347, 35.176769 ], [ -90.00834, 35.177034 ], [ -90.008309, 35.178079 ], [ -90.008308, 35.178114 ], [ -90.008228, 35.181216 ], [ -90.008211, 35.181918 ], [ -90.008206, 35.182262 ], [ -90.008204, 35.182365 ], [ -90.008132, 35.186213 ], [ -90.008104, 35.187256 ], [ -90.008104, 35.18727 ], [ -90.008098, 35.18749 ], [ -90.008094, 35.187645 ], [ -90.008091, 35.187723 ], [ -90.00796, 35.187736 ], [ -90.007911, 35.187741 ], [ -90.007829, 35.18775 ], [ -90.007602, 35.187766 ], [ -90.007373, 35.18779 ], [ -90.007194, 35.18781 ], [ -90.006921, 35.18789 ], [ -90.006668, 35.187867 ], [ -90.006414, 35.187844 ], [ -90.006071, 35.187813 ], [ -90.005346, 35.187974 ], [ -90.004, 35.188179 ], [ -90.002778, 35.188478 ], [ -90.001388, 35.18877 ], [ -90.0003, 35.189055 ], [ -89.998053, 35.189421 ], [ -89.99783, 35.18929 ], [ -89.996963, 35.189442 ], [ -89.996153, 35.189856 ], [ -89.996097, 35.189869 ], [ -89.995885, 35.189907 ], [ -89.995715, 35.189927 ], [ -89.995284, 35.189962 ], [ -89.995074, 35.190003 ], [ -89.994861, 35.190036 ], [ -89.99482, 35.190045 ], [ -89.994578, 35.190122 ], [ -89.994501, 35.190154 ], [ -89.99443, 35.190195 ], [ -89.994301, 35.190287 ], [ -89.994265, 35.190306 ], [ -89.994138, 35.19033 ], [ -89.993926, 35.190363 ], [ -89.993721, 35.19042 ], [ -89.993642, 35.190451 ], [ -89.99353, 35.190502 ], [ -89.993405, 35.190529 ], [ -89.993192, 35.190562 ], [ -89.992784, 35.190481 ], [ -89.992712, 35.190473 ], [ -89.991291, 35.19032 ], [ -89.991157, 35.190284 ], [ -89.9909, 35.190232 ], [ -89.990565, 35.190139 ], [ -89.990542, 35.19013 ], [ -89.990484, 35.19011 ], [ -89.990401, 35.190086 ], [ -89.989884, 35.189987 ], [ -89.989753, 35.18997 ], [ -89.989664, 35.189968 ], [ -89.989541, 35.190008 ], [ -89.989455, 35.190027 ], [ -89.989235, 35.190045 ], [ -89.989103, 35.190049 ], [ -89.988908, 35.190084 ], [ -89.988578, 35.190439 ], [ -89.988354, 35.190755 ], [ -89.987921, 35.191179 ], [ -89.987281, 35.191495 ], [ -89.986782, 35.191578 ], [ -89.985718, 35.191578 ], [ -89.985303, 35.191429 ], [ -89.985144, 35.191064 ], [ -89.984937, 35.190589 ], [ -89.984671, 35.189541 ], [ -89.984421, 35.188976 ], [ -89.983972, 35.188436 ], [ -89.983406, 35.188168 ], [ -89.982708, 35.188013 ], [ -89.982579, 35.187985 ], [ -89.981593, 35.188012 ], [ -89.981085, 35.188375 ], [ -89.980712, 35.188523 ], [ -89.980444, 35.18863 ], [ -89.980019, 35.188607 ], [ -89.979874, 35.188654 ], [ -89.979706, 35.188698 ], [ -89.979542, 35.188751 ], [ -89.979456, 35.188769 ], [ -89.979173, 35.188806 ], [ -89.979019, 35.188827 ], [ -89.978762, 35.188882 ], [ -89.978687, 35.188869 ], [ -89.978643, 35.188865 ], [ -89.97851, 35.188864 ], [ -89.978378, 35.188854 ], [ -89.978334, 35.188855 ], [ -89.978246, 35.188865 ], [ -89.978114, 35.188873 ], [ -89.977937, 35.188873 ], [ -89.977893, 35.188868 ], [ -89.977809, 35.188845 ], [ -89.977439, 35.188726 ], [ -89.976891, 35.188493 ], [ -89.976702, 35.188401 ], [ -89.976663, 35.188385 ], [ -89.976583, 35.188352 ], [ -89.976472, 35.188294 ], [ -89.976048, 35.188101 ], [ -89.976008, 35.188086 ], [ -89.975862, 35.188052 ], [ -89.975862, 35.187936 ], [ -89.975862, 35.18782 ], [ -89.975862, 35.187653 ], [ -89.975863, 35.187399 ], [ -89.975802, 35.187313 ], [ -89.975802, 35.186563 ], [ -89.9758, 35.186476 ], [ -89.975794, 35.186078 ], [ -89.975697, 35.185947 ], [ -89.975602, 35.185421 ], [ -89.975441, 35.184993 ], [ -89.975288, 35.184656 ], [ -89.975185, 35.184343 ], [ -89.975127, 35.184057 ], [ -89.975095, 35.183698 ], [ -89.975096, 35.183633 ], [ -89.975134, 35.182359 ], [ -89.975135, 35.182339 ], [ -89.97515, 35.181935 ], [ -89.975155, 35.181736 ], [ -89.975171, 35.181142 ], [ -89.975177, 35.180944 ], [ -89.975271, 35.180945 ], [ -89.975421, 35.180948 ], [ -89.976153, 35.180965 ], [ -89.976397, 35.180971 ], [ -89.976632, 35.180974 ], [ -89.977338, 35.180986 ], [ -89.977574, 35.18099 ], [ -89.977808, 35.180993 ], [ -89.978511, 35.181004 ], [ -89.978746, 35.181008 ], [ -89.978939, 35.18101 ], [ -89.979519, 35.181018 ], [ -89.979571, 35.181019 ], [ -89.979711, 35.180997 ], [ -89.979762, 35.180988 ], [ -89.979899, 35.18095 ], [ -89.980328, 35.180833 ], [ -89.980464, 35.180809 ], [ -89.980511, 35.180802 ], [ -89.980643, 35.180786 ], [ -89.980657, 35.180786 ], [ -89.980779, 35.180787 ], [ -89.981145, 35.18079 ], [ -89.981267, 35.180792 ], [ -89.981272, 35.180622 ], [ -89.981287, 35.180112 ], [ -89.981292, 35.179942 ], [ -89.981297, 35.179788 ], [ -89.981313, 35.179327 ], [ -89.981319, 35.179174 ], [ -89.981322, 35.179076 ], [ -89.981333, 35.178785 ], [ -89.981337, 35.178688 ], [ -89.981338, 35.178631 ], [ -89.981345, 35.178461 ], [ -89.981348, 35.178405 ], [ -89.981352, 35.178303 ], [ -89.981366, 35.178 ], [ -89.981371, 35.177899 ], [ -89.981373, 35.177846 ], [ -89.98138, 35.177687 ], [ -89.981383, 35.177635 ], [ -89.981393, 35.177322 ], [ -89.981411, 35.176832 ], [ -89.98143, 35.176386 ], [ -89.981445, 35.176074 ], [ -89.981448, 35.176011 ], [ -89.981453, 35.175857 ], [ -89.981479, 35.175206 ], [ -89.981488, 35.17499 ], [ -89.981489, 35.174953 ], [ -89.981491, 35.174904 ], [ -89.981492, 35.174843 ], [ -89.981493, 35.174807 ], [ -89.981529, 35.174803 ], [ -89.981641, 35.174792 ], [ -89.981678, 35.174789 ], [ -89.981823, 35.174768 ], [ -89.982262, 35.174707 ], [ -89.982408, 35.174687 ], [ -89.982443, 35.174681 ], [ -89.982552, 35.174666 ], [ -89.982588, 35.174661 ], [ -89.982745, 35.174636 ], [ -89.983217, 35.174562 ], [ -89.983375, 35.174538 ], [ -89.983424, 35.174529 ], [ -89.983575, 35.174505 ], [ -89.983625, 35.174497 ], [ -89.983571, 35.174456 ], [ -89.983543, 35.174403 ], [ -89.983533, 35.174346 ], [ -89.983543, 35.174031 ], [ -89.983591, 35.17253 ], [ -89.983608, 35.17203 ], [ -89.983611, 35.172001 ], [ -89.983624, 35.171917 ], [ -89.983629, 35.171889 ], [ -89.983834, 35.171894 ], [ -89.984452, 35.171909 ], [ -89.984658, 35.171914 ], [ -89.984857, 35.17192 ], [ -89.985456, 35.171938 ], [ -89.985656, 35.171945 ], [ -89.985875, 35.171953 ], [ -89.986532, 35.17198 ], [ -89.986752, 35.171989 ], [ -89.987539, 35.172024 ], [ -89.989902, 35.172129 ], [ -89.99069, 35.172165 ], [ -89.991433, 35.172172 ], [ -89.99166, 35.172175 ], [ -89.993375, 35.172195 ], [ -89.994571, 35.172245 ], [ -89.99528, 35.172275 ], [ -89.995541, 35.17228 ], [ -89.995577, 35.17228 ], [ -89.995685, 35.172282 ], [ -89.995722, 35.172283 ], [ -89.996612, 35.172305 ], [ -89.999031, 35.172366 ], [ -89.999283, 35.172373 ], [ -90.000174, 35.172401 ], [ -90.000909, 35.172428 ], [ -90.002148, 35.172475 ], [ -90.003114, 35.172513 ], [ -90.003849, 35.172543 ], [ -90.004773, 35.172578 ], [ -90.007546, 35.172684 ], [ -90.008471, 35.17272 ], [ -90.008467, 35.172785 ] ] ] } },
{ "type": "Feature", "properties": { "STATEFP": "47", "COUNTYFP": "157", "TRACTCE": "022130", "GEOID": "47157022130", "GEOIDFQ": "1400000US47157022130", "NAME": "221.30", "NAMELSAD": "Census Tract 221.30", "MTFCC": "G5020", "FUNCSTAT": "S", "ALAND": 4894766, "AWATER": 115580, "INTPTLAT": "+35.0038598", "INTPTLON": "-090.0134588", "geoid": "47157022130" }, "geometry": { "type": "Polygon", "coordinates": [ [ [ -90.035143, 35.006369 ], [ -90.035089, 35.006368 ], [ -90.034666, 35.006364 ], [ -90.034525, 35.006363 ], [ -90.034162, 35.006357 ], [ -90.033073, 35.00634 ], [ -90.032711, 35.006335 ], [ -90.032341, 35.006336 ], [ -90.031232, 35.006338 ], [ -90.030863, 35.00634 ], [ -90.029744, 35.006341 ], [ -90.029394, 35.006342 ], [ -90.028527, 35.006345 ], [ -90.027123, 35.006351 ], [ -90.026467, 35.006365 ], [ -90.02639, 35.006367 ], [ -90.025331, 35.006408 ], [ -90.025273, 35.00641 ], [ -90.024465, 35.006401 ], [ -90.023521, 35.006391 ], [ -90.022042, 35.006394 ], [ -90.021235, 35.006396 ], [ -90.020852, 35.006396 ], [ -90.019706, 35.006398 ], [ -90.019324, 35.006399 ], [ -90.018833, 35.006402 ], [ -90.017362, 35.00641 ], [ -90.016872, 35.006414 ], [ -90.016631, 35.006412 ], [ -90.016392, 35.006412 ], [ -90.01591, 35.00641 ], [ -90.01567, 35.00641 ], [ -90.01522, 35.006412 ], [ -90.013869, 35.006419 ], [ -90.01342, 35.006422 ], [ -90.013243, 35.006421 ], [ -90.012714, 35.006419 ], [ -90.012538, 35.006419 ], [ -90.012321, 35.006419 ], [ -90.011673, 35.006421 ], [ -90.011457, 35.006422 ], [ -90.011229, 35.006423 ], [ -90.010547, 35.006425 ], [ -90.01032, 35.006427 ], [ -90.010056, 35.006427 ], [ -90.009267, 35.006427 ], [ -90.009005, 35.006428 ], [ -90.008736, 35.006427 ], [ -90.00793, 35.006426 ], [ -90.007662, 35.006426 ], [ -90.007572, 35.006427 ], [ -90.0074, 35.006427 ], [ -90.006614, 35.006431 ], [ -90.006353, 35.006433 ], [ -90.006173, 35.006433 ], [ -90.005974, 35.006433 ], [ -90.005635, 35.006432 ], [ -90.005456, 35.006432 ], [ -90.004958, 35.00643 ], [ -90.004864, 35.006424 ], [ -90.004676, 35.006412 ], [ -90.003525, 35.006393 ], [ -90.003091, 35.006393 ], [ -90.003022, 35.006394 ], [ -90.002807, 35.006394 ], [ -90.002552, 35.006395 ], [ -90.0025, 35.006395 ], [ -90.002345, 35.006395 ], [ -90.001883, 35.006395 ], [ -90.001826, 35.006396 ], [ -90.001729, 35.006396 ], [ -90.001463, 35.006396 ], [ -90.001299, 35.006396 ], [ -90.000011, 35.006403 ], [ -90.0, 35.006404 ], [ -89.999823, 35.006394 ], [ -89.999582, 35.006401 ], [ -89.999312, 35.006406 ], [ -89.999106, 35.00641 ], [ -89.998603, 35.006438 ], [ -89.998502, 35.006438 ], [ -89.998233, 35.00644 ], [ -89.997852, 35.006439 ], [ -89.996711, 35.006436 ], [ -89.996331, 35.006436 ], [ -89.995811, 35.006437 ], [ -89.994511, 35.006443 ], [ -89.994473, 35.006443 ], [ -89.994251, 35.006443 ], [ -89.993732, 35.006446 ], [ -89.993506, 35.006448 ], [ -89.992831, 35.006456 ], [ -89.992606, 35.006459 ], [ -89.99206, 35.006461 ], [ -89.99054, 35.006468 ], [ -89.990422, 35.00647 ], [ -89.989987, 35.006478 ], [ -89.989923, 35.006479 ], [ -89.989877, 35.00648 ], [ -89.989879, 35.006404 ], [ -89.989882, 35.006013 ], [ -89.989887, 35.005571 ], [ -89.989889, 35.005393 ], [ -89.98989, 35.00481 ], [ -89.989888, 35.004613 ], [ -89.989886, 35.004147 ], [ -89.989886, 35.004012 ], [ -89.989886, 35.00399 ], [ -89.989886, 35.003686 ], [ -89.989889, 35.003058 ], [ -89.98989, 35.002965 ], [ -89.989889, 35.002793 ], [ -89.989897, 34.999999 ], [ -89.989899, 34.999794 ], [ -89.989906, 34.999084 ], [ -89.9899, 34.998706 ], [ -89.989874, 34.998239 ], [ -89.989874, 34.998221 ], [ -89.989785, 34.997336 ], [ -89.989781, 34.996856 ], [ -89.989782, 34.996842 ], [ -89.989828, 34.996377 ], [ -89.989844, 34.996216 ], [ -89.989895, 34.995736 ], [ -89.989905, 34.995576 ], [ -89.989905, 34.995478 ], [ -89.989905, 34.995186 ], [ -89.989906, 34.995089 ], [ -89.992271, 34.995072 ], [ -89.999367, 34.995022 ], [ -90.001733, 34.995006 ], [ -90.001829, 34.995005 ], [ -90.001942, 34.995004 ], [ -90.001991, 34.995004 ], [ -90.002122, 34.995003 ], [ -90.002264, 34.995002 ], [ -90.002549, 34.995 ], [ -90.002696, 34.994999 ], [ -90.003031, 34.994996 ], [ -90.003325, 34.994994 ], [ -90.00352, 34.994993 ], [ -90.003863, 34.994991 ], [ -90.004889, 34.994982 ], [ -90.005232, 34.994979 ], [ -90.005453, 34.994976 ], [ -90.005816, 34.994973 ], [ -90.007569, 34.994963 ], [ -90.008154, 34.994961 ], [ -90.008379, 34.994959 ], [ -90.009055, 34.994955 ], [ -90.009281, 34.994954 ], [ -90.009492, 34.994952 ], [ -90.010124, 34.994949 ], [ -90.010159, 34.994949 ], [ -90.010336, 34.99495 ], [ -90.011475, 34.994958 ], [ -90.016362, 34.994994 ], [ -90.017914, 34.995006 ], [ -90.025161, 34.995021 ], [ -90.028289, 34.995027 ], [ -90.031376, 34.995023 ], [ -90.031664, 34.996024 ], [ -90.032223, 34.997614 ], [ -90.032748, 34.9992 ], [ -90.034385, 35.003777 ], [ -90.034554, 35.004295 ], [ -90.034883, 35.005304 ], [ -90.035061, 35.00585 ], [ -90.035231, 35.006369 ], [ -90.035143, 35.006369 ] ] ] } },
{ "type": "Feature", "properties": { "STATEFP": "47", "COUNTYFP": "157", "TRACTCE": "010120", "GEOID": "47157010120", "GEOIDFQ": "1400000US47157010120", "NAME": "101.20", "NAMELSAD": "Census Tract 101.20", "MTFCC": "G5020", "FUNCSTAT": "S", "ALAND": 7251337, "AWATER": 125200, "INTPTLAT": "+35.2007179", "INTPTLON": "-090.0152406", "geoid": "47157010120" }, "geometry": { "type": "Polygon", "coordinates": [ [ [ -90.03517, 35.189752 ], [ -90.035167, 35.189806 ], [ -90.035158, 35.18997 ], [ -90.035157, 35.190005 ], [ -90.035156, 35.190025 ], [ -90.035139, 35.190331 ], [ -90.035128, 35.190558 ], [ -90.035107, 35.191004 ], [ -90.034974, 35.193942 ], [ -90.03493, 35.194922 ], [ -90.034924, 35.19505 ], [ -90.034911, 35.195352 ], [ -90.034907, 35.195434 ], [ -90.034903, 35.195563 ], [ -90.034942, 35.195643 ], [ -90.034913, 35.196034 ], [ -90.034875, 35.19658 ], [ -90.034823, 35.19713 ], [ -90.034818, 35.197252 ], [ -90.034807, 35.197476 ], [ -90.034785, 35.197958 ], [ -90.034782, 35.197991 ], [ -90.034773, 35.198091 ], [ -90.034771, 35.198125 ], [ -90.034738, 35.198499 ], [ -90.034658, 35.199297 ], [ -90.03465, 35.199387 ], [ -90.034648, 35.199417 ], [ -90.034635, 35.199506 ], [ -90.034614, 35.199646 ], [ -90.034591, 35.199786 ], [ -90.034393, 35.200916 ], [ -90.034185, 35.201978 ], [ -90.034177, 35.202018 ], [ -90.03413, 35.20227 ], [ -90.033994, 35.203151 ], [ -90.033949, 35.203445 ], [ -90.033871, 35.203882 ], [ -90.033858, 35.203932 ], [ -90.033756, 35.204354 ], [ -90.033549, 35.205386 ], [ -90.033504, 35.205616 ], [ -90.033457, 35.205873 ], [ -90.033364, 35.205953 ], [ -90.033341, 35.205972 ], [ -90.03302, 35.206248 ], [ -90.032385, 35.206751 ], [ -90.031973, 35.207079 ], [ -90.030099, 35.208653 ], [ -90.029338, 35.209563 ], [ -90.02845, 35.210627 ], [ -90.028388, 35.210589 ], [ -90.028305, 35.210538 ], [ -90.028291, 35.210529 ], [ -90.028015, 35.210373 ], [ -90.026317, 35.209434 ], [ -90.025647, 35.209065 ], [ -90.024709, 35.208549 ], [ -90.024364, 35.208393 ], [ -90.024084, 35.208283 ], [ -90.023742, 35.208178 ], [ -90.023372, 35.20809 ], [ -90.022898, 35.208015 ], [ -90.022471, 35.207981 ], [ -90.022318, 35.207973 ], [ -90.021882, 35.207984 ], [ -90.021711, 35.207997 ], [ -90.021363, 35.208037 ], [ -90.018127, 35.208414 ], [ -90.018054, 35.208422 ], [ -90.017301, 35.20851 ], [ -90.016952, 35.208554 ], [ -90.016496, 35.208604 ], [ -90.015677, 35.208696 ], [ -90.01513, 35.20876 ], [ -90.014675, 35.208814 ], [ -90.014076, 35.208878 ], [ -90.014038, 35.208883 ], [ -90.013617, 35.20891 ], [ -90.013189, 35.208919 ], [ -90.01265, 35.208911 ], [ -90.01227, 35.208889 ], [ -90.012126, 35.208881 ], [ -90.011671, 35.208832 ], [ -90.011378, 35.208795 ], [ -90.011285, 35.208784 ], [ -90.010502, 35.208691 ], [ -90.01021, 35.208657 ], [ -90.009863, 35.208613 ], [ -90.008822, 35.208481 ], [ -90.008475, 35.208438 ], [ -90.007784, 35.208418 ], [ -90.00754, 35.208412 ], [ -90.004736, 35.208351 ], [ -90.004498, 35.208346 ], [ -90.00433, 35.208337 ], [ -90.004093, 35.208303 ], [ -90.003809, 35.208248 ], [ -90.003806, 35.208352 ], [ -90.003802, 35.208436 ], [ -90.003779, 35.209003 ], [ -90.003772, 35.209192 ], [ -90.003769, 35.209238 ], [ -90.003762, 35.209379 ], [ -90.003761, 35.209426 ], [ -90.003729, 35.210253 ], [ -90.003687, 35.211204 ], [ -90.003684, 35.211292 ], [ -90.003668, 35.211683 ], [ -90.003613, 35.212896 ], [ -90.003601, 35.213126 ], [ -90.003572, 35.213711 ], [ -90.003562, 35.213944 ], [ -90.003538, 35.214513 ], [ -90.003533, 35.214646 ], [ -90.003526, 35.214881 ], [ -90.003505, 35.215414 ], [ -90.003462, 35.216526 ], [ -90.003444, 35.217014 ], [ -90.003425, 35.217548 ], [ -90.003207, 35.217541 ], [ -90.002644, 35.217524 ], [ -90.002553, 35.217521 ], [ -90.002336, 35.217515 ], [ -90.002316, 35.217514 ], [ -90.002257, 35.217512 ], [ -90.002238, 35.217512 ], [ -90.002053, 35.217505 ], [ -90.001499, 35.217486 ], [ -90.001315, 35.21748 ], [ -90.001233, 35.217478 ], [ -90.000988, 35.217472 ], [ -90.000907, 35.21747 ], [ -90.000782, 35.217466 ], [ -90.00041, 35.217455 ], [ -90.000286, 35.217452 ], [ -90.000078, 35.217445 ], [ -89.999623, 35.217431 ], [ -89.999456, 35.217424 ], [ -89.999249, 35.217416 ], [ -89.999027, 35.21741 ], [ -89.998364, 35.217392 ], [ -89.998143, 35.217386 ], [ -89.997902, 35.217377 ], [ -89.997179, 35.217352 ], [ -89.996938, 35.217344 ], [ -89.996803, 35.21734 ], [ -89.996755, 35.217338 ], [ -89.996207, 35.217324 ], [ -89.996025, 35.21732 ], [ -89.995533, 35.217303 ], [ -89.995446, 35.2173 ], [ -89.994126, 35.217254 ], [ -89.994057, 35.217251 ], [ -89.993565, 35.217237 ], [ -89.993817, 35.21698 ], [ -89.993907, 35.216846 ], [ -89.993913, 35.216832 ], [ -89.993941, 35.216772 ], [ -89.993998, 35.216591 ], [ -89.994008, 35.216408 ], [ -89.994037, 35.215891 ], [ -89.994143, 35.213485 ], [ -89.994187, 35.212511 ], [ -89.994194, 35.212328 ], [ -89.994218, 35.211783 ], [ -89.994227, 35.211601 ], [ -89.994234, 35.211429 ], [ -89.994258, 35.210915 ], [ -89.994266, 35.210744 ], [ -89.994274, 35.210574 ], [ -89.9943, 35.210065 ], [ -89.994309, 35.209896 ], [ -89.994309, 35.209826 ], [ -89.99431, 35.209618 ], [ -89.994311, 35.209549 ], [ -89.994303, 35.209428 ], [ -89.994279, 35.209067 ], [ -89.994272, 35.208947 ], [ -89.99425, 35.2085 ], [ -89.994281, 35.207774 ], [ -89.994305, 35.207593 ], [ -89.994331, 35.207427 ], [ -89.994407, 35.207179 ], [ -89.994513, 35.20693 ], [ -89.994722, 35.206593 ], [ -89.994921, 35.206387 ], [ -89.995149, 35.206189 ], [ -89.995487, 35.20594 ], [ -89.995904, 35.205636 ], [ -89.996009, 35.205562 ], [ -89.996326, 35.205373 ], [ -89.996515, 35.205283 ], [ -89.996733, 35.205204 ], [ -89.996965, 35.205134 ], [ -89.997225, 35.205075 ], [ -89.997429, 35.205022 ], [ -89.99772, 35.204952 ], [ -89.997992, 35.204873 ], [ -89.998336, 35.20474 ], [ -89.998644, 35.204575 ], [ -89.998869, 35.204412 ], [ -89.999131, 35.204214 ], [ -89.999409, 35.203982 ], [ -89.999611, 35.20378 ], [ -89.99978, 35.203568 ], [ -89.999879, 35.203392 ], [ -90.000028, 35.203084 ], [ -90.000108, 35.202863 ], [ -90.000348, 35.202258 ], [ -90.000737, 35.201637 ], [ -90.000909, 35.201369 ], [ -90.001025, 35.201156 ], [ -90.001102, 35.201022 ], [ -90.001129, 35.200977 ], [ -90.001203, 35.200797 ], [ -90.001247, 35.200694 ], [ -90.001386, 35.200242 ], [ -90.001444, 35.200057 ], [ -90.001519, 35.199834 ], [ -90.001535, 35.199787 ], [ -90.001592, 35.19967 ], [ -90.001671, 35.199545 ], [ -90.001806, 35.199391 ], [ -90.001936, 35.199281 ], [ -90.00197, 35.199253 ], [ -90.002136, 35.199157 ], [ -90.002291, 35.199068 ], [ -90.002322, 35.199051 ], [ -90.002891, 35.198756 ], [ -90.002913, 35.198745 ], [ -90.003075, 35.198647 ], [ -90.003326, 35.198472 ], [ -90.003514, 35.198309 ], [ -90.003952, 35.197861 ], [ -90.003988, 35.197799 ], [ -90.0041, 35.197625 ], [ -90.004138, 35.197568 ], [ -90.004644, 35.196818 ], [ -90.0047, 35.196735 ], [ -90.00472, 35.196707 ], [ -90.00493, 35.196431 ], [ -90.005163, 35.196166 ], [ -90.005325, 35.195982 ], [ -90.005422, 35.195873 ], [ -90.005642, 35.195631 ], [ -90.006116, 35.195109 ], [ -90.006511, 35.194704 ], [ -90.006546, 35.194669 ], [ -90.006979, 35.194257 ], [ -90.007084, 35.194154 ], [ -90.007167, 35.194074 ], [ -90.007199, 35.194044 ], [ -90.007651, 35.193603 ], [ -90.007737, 35.19353 ], [ -90.00777, 35.193503 ], [ -90.007845, 35.193438 ], [ -90.007938, 35.193361 ], [ -90.008, 35.193307 ], [ -90.008005, 35.192887 ], [ -90.008005, 35.192792 ], [ -90.008009, 35.192633 ], [ -90.008014, 35.192485 ], [ -90.008014, 35.192471 ], [ -90.008027, 35.192169 ], [ -90.008027, 35.192152 ], [ -90.008029, 35.192028 ], [ -90.00803, 35.191994 ], [ -90.008031, 35.191922 ], [ -90.008038, 35.191712 ], [ -90.008041, 35.191642 ], [ -90.008045, 35.191455 ], [ -90.008081, 35.190137 ], [ -90.008106, 35.189569 ], [ -90.008091, 35.1889 ], [ -90.008076, 35.188253 ], [ -90.008079, 35.188 ], [ -90.008085, 35.187861 ], [ -90.008085, 35.187833 ], [ -90.008089, 35.18775 ], [ -90.008091, 35.187723 ], [ -90.008514, 35.187623 ], [ -90.009313, 35.187399 ], [ -90.010036, 35.187248 ], [ -90.01191, 35.18686 ], [ -90.013256, 35.186355 ], [ -90.013926, 35.186344 ], [ -90.015038, 35.186739 ], [ -90.01529, 35.186738 ], [ -90.015771, 35.186736 ], [ -90.017016, 35.186748 ], [ -90.017845, 35.186738 ], [ -90.017866, 35.186742 ], [ -90.01793, 35.186756 ], [ -90.017952, 35.186761 ], [ -90.019663, 35.187337 ], [ -90.019753, 35.187348 ], [ -90.021276, 35.18755 ], [ -90.022784, 35.187723 ], [ -90.022996, 35.187818 ], [ -90.02337, 35.187868 ], [ -90.023894, 35.187862 ], [ -90.024343, 35.187943 ], [ -90.025001, 35.188032 ], [ -90.025382, 35.188043 ], [ -90.025899, 35.188059 ], [ -90.026918, 35.187979 ], [ -90.027483, 35.18799 ], [ -90.027956, 35.18831 ], [ -90.02841, 35.188617 ], [ -90.030008, 35.190413 ], [ -90.031054, 35.191504 ], [ -90.032476, 35.191845 ], [ -90.033566, 35.191316 ], [ -90.03447, 35.189983 ], [ -90.035172, 35.189713 ], [ -90.03517, 35.189752 ] ] ] } },
{ "type": "Feature", "properties": { "STATEFP": "47", "COUNTYFP": "157", "TRACTCE": "000100", "GEOID": "47157000100", "GEOIDFQ": "1400000US47157000100", "NAME": "1", "NAMELSAD": "Census Tract 1", "MTFCC": "G5020", "FUNCSTAT": "S", "ALAND": 4308121, "AWATER": 2574394, "INTPTLAT": "+35.1745847", "INTPTLON": "-090.0518440", "geoid": "47157000100" }, "geometry": { "type": "Polygon", "coordinates": [ [ [ -90.064682, 35.170202 ], [ -90.064667, 35.171192 ], [ -90.064598, 35.175751 ], [ -90.064569, 35.176391 ], [ -90.064509, 35.177783 ], [ -90.064465, 35.178313 ], [ -90.064414, 35.178953 ], [ -90.063088, 35.17991 ], [ -90.062979, 35.17999 ], [ -90.062475, 35.180308 ], [ -90.061158, 35.18114 ], [ -90.06078, 35.181379 ], [ -90.058856, 35.182385 ], [ -90.058025, 35.182821 ], [ -90.057455, 35.183222 ], [ -90.057485, 35.183141 ], [ -90.057543, 35.182989 ], [ -90.057479, 35.182919 ], [ -90.057421, 35.182857 ], [ -90.05731, 35.182878 ], [ -90.0572, 35.182899 ], [ -90.056842, 35.182968 ], [ -90.056042, 35.183182 ], [ -90.055539, 35.183317 ], [ -90.055451, 35.183356 ], [ -90.054007, 35.183993 ], [ -90.052246, 35.185055 ], [ -90.051862, 35.185287 ], [ -90.051481, 35.185377 ], [ -90.0512, 35.185443 ], [ -90.050919, 35.185509 ], [ -90.050401, 35.186021 ], [ -90.048197, 35.187441 ], [ -90.046229, 35.18833 ], [ -90.046012, 35.188455 ], [ -90.04412, 35.189549 ], [ -90.044243, 35.189734 ], [ -90.044417, 35.189871 ], [ -90.044974, 35.190312 ], [ -90.045686, 35.190977 ], [ -90.045985, 35.191635 ], [ -90.046025, 35.192374 ], [ -90.045959, 35.192992 ], [ -90.045832, 35.193305 ], [ -90.045666, 35.193471 ], [ -90.045373, 35.193744 ], [ -90.044921, 35.193896 ], [ -90.044482, 35.193803 ], [ -90.043026, 35.193398 ], [ -90.042195, 35.192839 ], [ -90.04141, 35.192161 ], [ -90.041011, 35.191868 ], [ -90.040782, 35.191643 ], [ -90.040359, 35.19123 ], [ -90.04005, 35.190976 ], [ -90.039599, 35.190952 ], [ -90.038768, 35.190575 ], [ -90.037889, 35.189908 ], [ -90.037352, 35.189658 ], [ -90.037297, 35.189718 ], [ -90.036695, 35.189827 ], [ -90.036407, 35.189827 ], [ -90.03616, 35.189797 ], [ -90.035649, 35.189735 ], [ -90.035419, 35.189724 ], [ -90.035172, 35.189713 ], [ -90.035173, 35.189667 ], [ -90.035179, 35.189531 ], [ -90.035181, 35.189486 ], [ -90.035189, 35.189279 ], [ -90.035213, 35.188725 ], [ -90.035215, 35.188658 ], [ -90.035225, 35.188452 ], [ -90.035238, 35.188146 ], [ -90.035278, 35.187232 ], [ -90.035292, 35.186927 ], [ -90.035334, 35.18611 ], [ -90.035464, 35.183661 ], [ -90.035495, 35.183057 ], [ -90.035507, 35.182845 ], [ -90.035512, 35.182722 ], [ -90.035529, 35.182356 ], [ -90.035535, 35.182234 ], [ -90.03554, 35.18211 ], [ -90.035555, 35.181742 ], [ -90.035561, 35.181619 ], [ -90.035612, 35.180736 ], [ -90.035655, 35.179786 ], [ -90.03566, 35.179691 ], [ -90.035699, 35.178846 ], [ -90.035746, 35.177905 ], [ -90.035758, 35.177611 ], [ -90.035788, 35.177001 ], [ -90.03586, 35.175461 ], [ -90.035888, 35.17489 ], [ -90.035966, 35.173564 ], [ -90.036, 35.17287 ], [ -90.036027, 35.172294 ], [ -90.036031, 35.172187 ], [ -90.036047, 35.171869 ], [ -90.036052, 35.171763 ], [ -90.036083, 35.171054 ], [ -90.036129, 35.171055 ], [ -90.036645, 35.171063 ], [ -90.036831, 35.171067 ], [ -90.038331, 35.171126 ], [ -90.038894, 35.171149 ], [ -90.038864, 35.17102 ], [ -90.038775, 35.170634 ], [ -90.038746, 35.170506 ], [ -90.038992, 35.170512 ], [ -90.039731, 35.170533 ], [ -90.039978, 35.17054 ], [ -90.04041, 35.170556 ], [ -90.041189, 35.170586 ], [ -90.041708, 35.170599 ], [ -90.042141, 35.17061 ], [ -90.042356, 35.170616 ], [ -90.043001, 35.170635 ], [ -90.043217, 35.170642 ], [ -90.043267, 35.170915 ], [ -90.043277, 35.170967 ], [ -90.043414, 35.171737 ], [ -90.043464, 35.172012 ], [ -90.043498, 35.172204 ], [ -90.043503, 35.172235 ], [ -90.043624, 35.172907 ], [ -90.043665, 35.173131 ], [ -90.043694, 35.173285 ], [ -90.043712, 35.17338 ], [ -90.043786, 35.173749 ], [ -90.043817, 35.173904 ], [ -90.043858, 35.174109 ], [ -90.043981, 35.174725 ], [ -90.044023, 35.174931 ], [ -90.044101, 35.175395 ], [ -90.044159, 35.175737 ], [ -90.044285, 35.176512 ], [ -90.044326, 35.176789 ], [ -90.044397, 35.177255 ], [ -90.044747, 35.177282 ], [ -90.045797, 35.177366 ], [ -90.046147, 35.177394 ], [ -90.046231, 35.177399 ], [ -90.046484, 35.177414 ], [ -90.046569, 35.177419 ], [ -90.046816, 35.17644 ], [ -90.046897, 35.176148 ], [ -90.047151, 35.175245 ], [ -90.047119, 35.174056 ], [ -90.046721, 35.172289 ], [ -90.046623, 35.171849 ], [ -90.046691, 35.17099 ], [ -90.047226, 35.170049 ], [ -90.047317, 35.169891 ], [ -90.047973, 35.16858 ], [ -90.048082, 35.168362 ], [ -90.048594, 35.167343 ], [ -90.048669, 35.167144 ], [ -90.049055, 35.166133 ], [ -90.049102, 35.16567 ], [ -90.049247, 35.164282 ], [ -90.049295, 35.16382 ], [ -90.049305, 35.163624 ], [ -90.049359, 35.162618 ], [ -90.049564, 35.16172 ], [ -90.050048, 35.160418 ], [ -90.050863, 35.159589 ], [ -90.052475, 35.158311 ], [ -90.053228, 35.157694 ], [ -90.054633, 35.153842 ], [ -90.054822, 35.153325 ], [ -90.054834, 35.153286 ], [ -90.054841, 35.153266 ], [ -90.054874, 35.153169 ], [ -90.054888, 35.153131 ], [ -90.054895, 35.153105 ], [ -90.054986, 35.153106 ], [ -90.055227, 35.153104 ], [ -90.055271, 35.153105 ], [ -90.055555, 35.153104 ], [ -90.05564, 35.153107 ], [ -90.056214, 35.153118 ], [ -90.056544, 35.153125 ], [ -90.056728, 35.153127 ], [ -90.057282, 35.153135 ], [ -90.057467, 35.153139 ], [ -90.058848, 35.153148 ], [ -90.063809, 35.153133 ], [ -90.064608, 35.153131 ], [ -90.063922, 35.154679 ], [ -90.064102, 35.156757 ], [ -90.064169, 35.157534 ], [ -90.06446, 35.160897 ], [ -90.064637, 35.165201 ], [ -90.064726, 35.167362 ], [ -90.064682, 35.170202 ] ] ] } },
{ "type": "Feature", "properties": { "STATEFP": "47", "COUNTYFP": "157", "TRACTCE": "000300", "GEOID": "47157000300", "GEOIDFQ": "1400000US47157000300", "NAME": "3", "NAMELSAD": "Census Tract 3", "MTFCC": "G5020", "FUNCSTAT": "S", "ALAND": 2873919, "AWATER": 92996, "INTPTLAT": "+35.1768246", "INTPTLON": "-090.0293407", "geoid": "47157000300" }, "geometry": { "type": "Polygon", "coordinates": [ [ [ -90.036733, 35.16405 ], [ -90.036396, 35.166324 ], [ -90.036299, 35.166975 ], [ -90.036221, 35.167506 ], [ -90.036217, 35.16754 ], [ -90.036184, 35.168056 ], [ -90.03618, 35.168186 ], [ -90.036105, 35.170409 ], [ -90.036083, 35.171054 ], [ -90.036052, 35.171763 ], [ -90.036047, 35.171869 ], [ -90.036031, 35.172187 ], [ -90.036027, 35.172294 ], [ -90.036, 35.17287 ], [ -90.035966, 35.173564 ], [ -90.035888, 35.17489 ], [ -90.03586, 35.175461 ], [ -90.035788, 35.177001 ], [ -90.035758, 35.177611 ], [ -90.035746, 35.177905 ], [ -90.035699, 35.178846 ], [ -90.03566, 35.179691 ], [ -90.035655, 35.179786 ], [ -90.035612, 35.180736 ], [ -90.035561, 35.181619 ], [ -90.035555, 35.181742 ], [ -90.03554, 35.18211 ], [ -90.035535, 35.182234 ], [ -90.035529, 35.182356 ], [ -90.035512, 35.182722 ], [ -90.035507, 35.182845 ], [ -90.035495, 35.183057 ], [ -90.035464, 35.183661 ], [ -90.035334, 35.18611 ], [ -90.035292, 35.186927 ], [ -90.035278, 35.187232 ], [ -90.035238, 35.188146 ], [ -90.035225, 35.188452 ], [ -90.035215, 35.188658 ], [ -90.035213, 35.188725 ], [ -90.035189, 35.189279 ], [ -90.035181, 35.189486 ], [ -90.035179, 35.189531 ], [ -90.035173, 35.189667 ], [ -90.035172, 35.189713 ], [ -90.03447, 35.189983 ], [ -90.033566, 35.191316 ], [ -90.032476, 35.191845 ], [ -90.031054, 35.191504 ], [ -90.030008, 35.190413 ], [ -90.02841, 35.188617 ], [ -90.027956, 35.18831 ], [ -90.027483, 35.18799 ], [ -90.026918, 35.187979 ], [ -90.025899, 35.188059 ], [ -90.025382, 35.188043 ], [ -90.025001, 35.188032 ], [ -90.024343, 35.187943 ], [ -90.023894, 35.187862 ], [ -90.02337, 35.187868 ], [ -90.022996, 35.187818 ], [ -90.022784, 35.187723 ], [ -90.021276, 35.18755 ], [ -90.019753, 35.187348 ], [ -90.019663, 35.187337 ], [ -90.017952, 35.186761 ], [ -90.017952, 35.18674 ], [ -90.017952, 35.186679 ], [ -90.017953, 35.186659 ], [ -90.017954, 35.18634 ], [ -90.017956, 35.186053 ], [ -90.017959, 35.185384 ], [ -90.017961, 35.185116 ], [ -90.017961, 35.185066 ], [ -90.017981, 35.185051 ], [ -90.018043, 35.185009 ], [ -90.018064, 35.184995 ], [ -90.018415, 35.184777 ], [ -90.019, 35.184334 ], [ -90.019637, 35.183853 ], [ -90.020802, 35.183121 ], [ -90.021637, 35.182825 ], [ -90.022001, 35.182713 ], [ -90.023098, 35.182378 ], [ -90.023373, 35.182321 ], [ -90.024198, 35.182152 ], [ -90.024474, 35.182096 ], [ -90.024522, 35.181995 ], [ -90.024666, 35.181692 ], [ -90.024714, 35.181591 ], [ -90.024714, 35.18152 ], [ -90.024718, 35.181308 ], [ -90.02472, 35.181238 ], [ -90.024718, 35.18101 ], [ -90.024699, 35.180973 ], [ -90.024604, 35.180892 ], [ -90.024509, 35.180867 ], [ -90.024467, 35.180866 ], [ -90.024409, 35.180865 ], [ -90.024246, 35.180834 ], [ -90.024101, 35.180745 ], [ -90.024051, 35.180685 ], [ -90.024015, 35.180603 ], [ -90.024009, 35.18057 ], [ -90.023994, 35.18049 ], [ -90.024028, 35.17985 ], [ -90.024064, 35.179583 ], [ -90.024064, 35.179568 ], [ -90.024098, 35.179036 ], [ -90.024129, 35.178341 ], [ -90.024139, 35.178133 ], [ -90.024237, 35.17627 ], [ -90.024272, 35.175425 ], [ -90.024327, 35.174523 ], [ -90.024457, 35.174529 ], [ -90.02485, 35.174549 ], [ -90.024981, 35.174556 ], [ -90.024986, 35.174284 ], [ -90.025005, 35.17347 ], [ -90.025012, 35.173199 ], [ -90.025015, 35.17305 ], [ -90.025027, 35.172606 ], [ -90.025031, 35.172458 ], [ -90.025033, 35.172324 ], [ -90.025043, 35.171923 ], [ -90.025046, 35.17179 ], [ -90.025063, 35.171027 ], [ -90.025094, 35.169692 ], [ -90.025122, 35.16874 ], [ -90.025146, 35.167978 ], [ -90.02566, 35.167786 ], [ -90.025822, 35.167737 ], [ -90.026801, 35.167378 ], [ -90.026825, 35.167369 ], [ -90.026846, 35.167361 ], [ -90.027693, 35.167048 ], [ -90.028022, 35.166926 ], [ -90.028431, 35.166774 ], [ -90.028696, 35.166674 ], [ -90.029494, 35.166377 ], [ -90.02976, 35.166278 ], [ -90.030004, 35.166187 ], [ -90.030737, 35.165916 ], [ -90.030982, 35.165826 ], [ -90.031119, 35.165779 ], [ -90.031178, 35.165758 ], [ -90.031766, 35.165554 ], [ -90.031963, 35.165487 ], [ -90.032071, 35.165449 ], [ -90.032102, 35.165436 ], [ -90.032514, 35.165268 ], [ -90.032604, 35.165232 ], [ -90.032653, 35.165214 ], [ -90.032832, 35.165147 ], [ -90.033034, 35.165074 ], [ -90.033372, 35.164949 ], [ -90.033552, 35.164883 ], [ -90.033862, 35.164768 ], [ -90.034794, 35.164425 ], [ -90.035105, 35.164311 ], [ -90.035425, 35.164192 ], [ -90.036306, 35.163866 ], [ -90.036388, 35.163837 ], [ -90.036625, 35.163756 ], [ -90.036713, 35.163731 ], [ -90.036745, 35.16388 ], [ -90.036733, 35.16405 ] ] ] } },
{ "type": "Feature", "properties": { "STATEFP": "47", "COUNTYFP": "157", "TRACTCE": "000400", "GEOID": "47157000400", "GEOIDFQ": "1400000US47157000400", "NAME": "4", "NAMELSAD": "Census Tract 4", "MTFCC": "G5020", "FUNCSTAT": "S", "ALAND": 2276724, "AWATER": 91258, "INTPTLAT": "+35.1768576", "INTPTLON": "-090.0145439", "geoid": "47157000400" }, "geometry": { "type": "Polygon", "coordinates": [ [ [ -90.025122, 35.16874 ], [ -90.025094, 35.169692 ], [ -90.025063, 35.171027 ], [ -90.025046, 35.17179 ], [ -90.025043, 35.171923 ], [ -90.025033, 35.172324 ], [ -90.025031, 35.172458 ], [ -90.025027, 35.172606 ], [ -90.025015, 35.17305 ], [ -90.025012, 35.173199 ], [ -90.025005, 35.17347 ], [ -90.024986, 35.174284 ], [ -90.024981, 35.174556 ], [ -90.02485, 35.174549 ], [ -90.024457, 35.174529 ], [ -90.024327, 35.174523 ], [ -90.024272, 35.175425 ], [ -90.024237, 35.17627 ], [ -90.024139, 35.178133 ], [ -90.024129, 35.178341 ], [ -90.024098, 35.179036 ], [ -90.024064, 35.179568 ], [ -90.024064, 35.179583 ], [ -90.024028, 35.17985 ], [ -90.023994, 35.18049 ], [ -90.024009, 35.18057 ], [ -90.024015, 35.180603 ], [ -90.024051, 35.180685 ], [ -90.024101, 35.180745 ], [ -90.024246, 35.180834 ], [ -90.024409, 35.180865 ], [ -90.024467, 35.180866 ], [ -90.024509, 35.180867 ], [ -90.024604, 35.180892 ], [ -90.024699, 35.180973 ], [ -90.024718, 35.18101 ], [ -90.02472, 35.181238 ], [ -90.024718, 35.181308 ], [ -90.024714, 35.18152 ], [ -90.024714, 35.181591 ], [ -90.024666, 35.181692 ], [ -90.024522, 35.181995 ], [ -90.024474, 35.182096 ], [ -90.024198, 35.182152 ], [ -90.023373, 35.182321 ], [ -90.023098, 35.182378 ], [ -90.022001, 35.182713 ], [ -90.021637, 35.182825 ], [ -90.020802, 35.183121 ], [ -90.019637, 35.183853 ], [ -90.019, 35.184334 ], [ -90.018415, 35.184777 ], [ -90.018064, 35.184995 ], [ -90.018043, 35.185009 ], [ -90.017981, 35.185051 ], [ -90.017961, 35.185066 ], [ -90.017961, 35.185116 ], [ -90.017959, 35.185384 ], [ -90.017956, 35.186053 ], [ -90.017954, 35.18634 ], [ -90.017953, 35.186659 ], [ -90.017952, 35.186679 ], [ -90.017952, 35.18674 ], [ -90.017952, 35.186761 ], [ -90.01793, 35.186756 ], [ -90.017866, 35.186742 ], [ -90.017845, 35.186738 ], [ -90.017016, 35.186748 ], [ -90.015771, 35.186736 ], [ -90.01529, 35.186738 ], [ -90.015038, 35.186739 ], [ -90.013926, 35.186344 ], [ -90.013256, 35.186355 ], [ -90.01191, 35.18686 ], [ -90.010036, 35.187248 ], [ -90.009313, 35.187399 ], [ -90.008514, 35.187623 ], [ -90.008091, 35.187723 ], [ -90.008094, 35.187645 ], [ -90.008098, 35.18749 ], [ -90.008104, 35.18727 ], [ -90.008104, 35.187256 ], [ -90.008132, 35.186213 ], [ -90.008204, 35.182365 ], [ -90.008206, 35.182262 ], [ -90.008211, 35.181918 ], [ -90.008228, 35.181216 ], [ -90.008308, 35.178114 ], [ -90.008309, 35.178079 ], [ -90.00834, 35.177034 ], [ -90.008347, 35.176769 ], [ -90.008348, 35.17676 ], [ -90.00837, 35.175977 ], [ -90.008378, 35.175713 ], [ -90.008383, 35.175437 ], [ -90.008399, 35.174612 ], [ -90.008405, 35.174337 ], [ -90.008414, 35.174079 ], [ -90.008444, 35.173305 ], [ -90.008453, 35.173083 ], [ -90.008455, 35.173048 ], [ -90.008459, 35.172974 ], [ -90.008467, 35.172785 ], [ -90.008471, 35.17272 ], [ -90.008851, 35.172735 ], [ -90.009463, 35.17276 ], [ -90.009994, 35.17276 ], [ -90.010376, 35.17276 ], [ -90.010665, 35.17277 ], [ -90.010748, 35.172773 ], [ -90.011533, 35.172777 ], [ -90.011823, 35.172779 ], [ -90.012142, 35.172713 ], [ -90.012235, 35.172688 ], [ -90.012606, 35.172592 ], [ -90.013074, 35.172458 ], [ -90.013453, 35.172335 ], [ -90.013547, 35.172305 ], [ -90.013852, 35.172195 ], [ -90.014107, 35.172099 ], [ -90.014872, 35.171813 ], [ -90.015128, 35.171718 ], [ -90.015383, 35.171622 ], [ -90.016151, 35.171334 ], [ -90.016407, 35.171239 ], [ -90.016673, 35.171139 ], [ -90.01718, 35.17095 ], [ -90.017474, 35.17084 ], [ -90.017741, 35.170741 ], [ -90.017931, 35.170669 ], [ -90.018356, 35.170511 ], [ -90.018381, 35.170501 ], [ -90.018446, 35.170477 ], [ -90.018532, 35.170448 ], [ -90.018642, 35.170407 ], [ -90.018974, 35.170288 ], [ -90.019085, 35.170248 ], [ -90.019213, 35.170201 ], [ -90.019541, 35.170081 ], [ -90.019597, 35.17006 ], [ -90.019635, 35.170046 ], [ -90.019726, 35.170014 ], [ -90.019817, 35.169978 ], [ -90.020042, 35.169893 ], [ -90.020094, 35.169875 ], [ -90.020188, 35.169845 ], [ -90.020489, 35.169743 ], [ -90.02072, 35.169665 ], [ -90.021383, 35.16941 ], [ -90.021681, 35.169297 ], [ -90.021831, 35.16924 ], [ -90.022281, 35.169071 ], [ -90.022432, 35.169015 ], [ -90.022902, 35.168834 ], [ -90.023966, 35.168436 ], [ -90.02404, 35.168408 ], [ -90.024063, 35.1684 ], [ -90.024868, 35.16809 ], [ -90.025146, 35.167978 ], [ -90.025122, 35.16874 ] ] ] } },
{ "type": "Feature", "properties": { "STATEFP": "47", "COUNTYFP": "157", "TRACTCE": "001600", "GEOID": "47157001600", "GEOIDFQ": "1400000US47157001600", "NAME": "16", "NAMELSAD": "Census Tract 16", "MTFCC": "G5020", "FUNCSTAT": "S", "ALAND": 3091751, "AWATER": 37057, "INTPTLAT": "+35.1496273", "INTPTLON": "-089.9923399", "geoid": "47157001600" }, "geometry": { "type": "Polygon", "coordinates": [ [ [ -89.99888, 35.142952 ], [ -89.998757, 35.143911 ], [ -89.998168, 35.148001 ], [ -89.998015, 35.149067 ], [ -89.998013, 35.149076 ], [ -89.997996, 35.149192 ], [ -89.997871, 35.15006 ], [ -89.997858, 35.150216 ], [ -89.997761, 35.150929 ], [ -89.997695, 35.151371 ], [ -89.997653, 35.151622 ], [ -89.997528, 35.152377 ], [ -89.997515, 35.152462 ], [ -89.997489, 35.152629 ], [ -89.997453, 35.15288 ], [ -89.997436, 35.153002 ], [ -89.997392, 35.153416 ], [ -89.99736, 35.153635 ], [ -89.997324, 35.153886 ], [ -89.997295, 35.154098 ], [ -89.997208, 35.154735 ], [ -89.997192, 35.154854 ], [ -89.997184, 35.154925 ], [ -89.997181, 35.154948 ], [ -89.997176, 35.154995 ], [ -89.997171, 35.15503 ], [ -89.997027, 35.156031 ], [ -89.996997, 35.156228 ], [ -89.996954, 35.156523 ], [ -89.99691, 35.156822 ], [ -89.996881, 35.15702 ], [ -89.996859, 35.157158 ], [ -89.996802, 35.157533 ], [ -89.996794, 35.157573 ], [ -89.996771, 35.157712 ], [ -89.996762, 35.157758 ], [ -89.996753, 35.157813 ], [ -89.996739, 35.157893 ], [ -89.99673, 35.157946 ], [ -89.996727, 35.157958 ], [ -89.99672, 35.157997 ], [ -89.996718, 35.15801 ], [ -89.996701, 35.158122 ], [ -89.996652, 35.158458 ], [ -89.996637, 35.158571 ], [ -89.996616, 35.158711 ], [ -89.996552, 35.159131 ], [ -89.996532, 35.159272 ], [ -89.996527, 35.159303 ], [ -89.996513, 35.159396 ], [ -89.996509, 35.159428 ], [ -89.996481, 35.159621 ], [ -89.996399, 35.1602 ], [ -89.996373, 35.160394 ], [ -89.996366, 35.160443 ], [ -89.996358, 35.160495 ], [ -89.996284, 35.160965 ], [ -89.996271, 35.161049 ], [ -89.996211, 35.161401 ], [ -89.996107, 35.16217 ], [ -89.996026, 35.162679 ], [ -89.996006, 35.16281 ], [ -89.995959, 35.163253 ], [ -89.995708, 35.163227 ], [ -89.99534, 35.163189 ], [ -89.994958, 35.163142 ], [ -89.994709, 35.163112 ], [ -89.994454, 35.163085 ], [ -89.993691, 35.163007 ], [ -89.993437, 35.162981 ], [ -89.993208, 35.162957 ], [ -89.992185, 35.162852 ], [ -89.992094, 35.162843 ], [ -89.990933, 35.162724 ], [ -89.989687, 35.162582 ], [ -89.989588, 35.162589 ], [ -89.987163, 35.162337 ], [ -89.98708, 35.162339 ], [ -89.987111, 35.162173 ], [ -89.98717, 35.162026 ], [ -89.987281, 35.161823 ], [ -89.987378, 35.161705 ], [ -89.987538, 35.161551 ], [ -89.987691, 35.161442 ], [ -89.987904, 35.161325 ], [ -89.988087, 35.161261 ], [ -89.988371, 35.161199 ], [ -89.988754, 35.16117 ], [ -89.988925, 35.161148 ], [ -89.989141, 35.161104 ], [ -89.989453, 35.160999 ], [ -89.989609, 35.160928 ], [ -89.989829, 35.160798 ], [ -89.98999, 35.160672 ], [ -89.990138, 35.16054 ], [ -89.990376, 35.160375 ], [ -89.99055, 35.160288 ], [ -89.990766, 35.160216 ], [ -89.990822, 35.160178 ], [ -89.991028, 35.160111 ], [ -89.991202, 35.160018 ], [ -89.991112, 35.159836 ], [ -89.991077, 35.159774 ], [ -89.991038, 35.159712 ], [ -89.991009, 35.159688 ], [ -89.990918, 35.159682 ], [ -89.990826, 35.159676 ], [ -89.99072, 35.159668 ], [ -89.990118, 35.159634 ], [ -89.988349, 35.159472 ], [ -89.987275, 35.159371 ], [ -89.98645, 35.159293 ], [ -89.986314, 35.159279 ], [ -89.985874, 35.159232 ], [ -89.985848, 35.15923 ], [ -89.985732, 35.159209 ], [ -89.985609, 35.159187 ], [ -89.985576, 35.159182 ], [ -89.985243, 35.159106 ], [ -89.985122, 35.159079 ], [ -89.98494, 35.159038 ], [ -89.984397, 35.158915 ], [ -89.984216, 35.158875 ], [ -89.98405, 35.158836 ], [ -89.983842, 35.158789 ], [ -89.983741, 35.158767 ], [ -89.983571, 35.158728 ], [ -89.983553, 35.158723 ], [ -89.983502, 35.158712 ], [ -89.983388, 35.158687 ], [ -89.983363, 35.158681 ], [ -89.983289, 35.158664 ], [ -89.983265, 35.158659 ], [ -89.983239, 35.158653 ], [ -89.983164, 35.158635 ], [ -89.983139, 35.15863 ], [ -89.982984, 35.158594 ], [ -89.982822, 35.158557 ], [ -89.981873, 35.158343 ], [ -89.981783, 35.158323 ], [ -89.981556, 35.158279 ], [ -89.98136, 35.158239 ], [ -89.981068, 35.158181 ], [ -89.980776, 35.158109 ], [ -89.980583, 35.158062 ], [ -89.980511, 35.158045 ], [ -89.980295, 35.157996 ], [ -89.980223, 35.15798 ], [ -89.980229, 35.157934 ], [ -89.980251, 35.157796 ], [ -89.980258, 35.15775 ], [ -89.980283, 35.157585 ], [ -89.980299, 35.157466 ], [ -89.980313, 35.157363 ], [ -89.980474, 35.156201 ], [ -89.980528, 35.155814 ], [ -89.980545, 35.155715 ], [ -89.980573, 35.155514 ], [ -89.980701, 35.154616 ], [ -89.98073, 35.154414 ], [ -89.980747, 35.154317 ], [ -89.980753, 35.154295 ], [ -89.98076, 35.154237 ], [ -89.980764, 35.154218 ], [ -89.980792, 35.153959 ], [ -89.980807, 35.153837 ], [ -89.980952, 35.152699 ], [ -89.980964, 35.152604 ], [ -89.981012, 35.152541 ], [ -89.981044, 35.152305 ], [ -89.981052, 35.152245 ], [ -89.981073, 35.15207 ], [ -89.981082, 35.152011 ], [ -89.981094, 35.151944 ], [ -89.981121, 35.151819 ], [ -89.981251, 35.15125 ], [ -89.981263, 35.151197 ], [ -89.981283, 35.151062 ], [ -89.981329, 35.150904 ], [ -89.98133, 35.15089 ], [ -89.981397, 35.150503 ], [ -89.981431, 35.15036 ], [ -89.981467, 35.150214 ], [ -89.981505, 35.150051 ], [ -89.981621, 35.149565 ], [ -89.98166, 35.149403 ], [ -89.981681, 35.149246 ], [ -89.981748, 35.148777 ], [ -89.981758, 35.148707 ], [ -89.98177, 35.148621 ], [ -89.98178, 35.148552 ], [ -89.981799, 35.148423 ], [ -89.981824, 35.148254 ], [ -89.98189, 35.14789 ], [ -89.981898, 35.147831 ], [ -89.981925, 35.147633 ], [ -89.981952, 35.147438 ], [ -89.982036, 35.146853 ], [ -89.982064, 35.146659 ], [ -89.982079, 35.146556 ], [ -89.982114, 35.146335 ], [ -89.982128, 35.146249 ], [ -89.982133, 35.146224 ], [ -89.982143, 35.146147 ], [ -89.982163, 35.145948 ], [ -89.982226, 35.145353 ], [ -89.982247, 35.145155 ], [ -89.982274, 35.144954 ], [ -89.982358, 35.144356 ], [ -89.982386, 35.144156 ], [ -89.982413, 35.143936 ], [ -89.982455, 35.143595 ], [ -89.982495, 35.143346 ], [ -89.982511, 35.143277 ], [ -89.982562, 35.14306 ], [ -89.982584, 35.142941 ], [ -89.982655, 35.142587 ], [ -89.982678, 35.142469 ], [ -89.982755, 35.142083 ], [ -89.982935, 35.141181 ], [ -89.982968, 35.141015 ], [ -89.982985, 35.140926 ], [ -89.983059, 35.140541 ], [ -89.983414, 35.140684 ], [ -89.983682, 35.140792 ], [ -89.983978, 35.140912 ], [ -89.984487, 35.141095 ], [ -89.984713, 35.141177 ], [ -89.984853, 35.141208 ], [ -89.985112, 35.141252 ], [ -89.985251, 35.141269 ], [ -89.986084, 35.141375 ], [ -89.986453, 35.141417 ], [ -89.98676, 35.141453 ], [ -89.986855, 35.141462 ], [ -89.98737, 35.141506 ], [ -89.98759, 35.141525 ], [ -89.988337, 35.141602 ], [ -89.988916, 35.141651 ], [ -89.989432, 35.141696 ], [ -89.989465, 35.141699 ], [ -89.98982, 35.141729 ], [ -89.990987, 35.141833 ], [ -89.991343, 35.141865 ], [ -89.991376, 35.141868 ], [ -89.991563, 35.141884 ], [ -89.991588, 35.141887 ], [ -89.992126, 35.141935 ], [ -89.992314, 35.141953 ], [ -89.992617, 35.141981 ], [ -89.992993, 35.142016 ], [ -89.993528, 35.142065 ], [ -89.993832, 35.142093 ], [ -89.994079, 35.142115 ], [ -89.994539, 35.142157 ], [ -89.994823, 35.142183 ], [ -89.995071, 35.142206 ], [ -89.995424, 35.142237 ], [ -89.996165, 35.142304 ], [ -89.997165, 35.142395 ], [ -89.997569, 35.142433 ], [ -89.99766, 35.142441 ], [ -89.998944, 35.142532 ], [ -89.99888, 35.142952 ] ] ] } },
{ "type": "Feature", "properties": { "STATEFP": "47", "COUNTYFP": "157", "TRACTCE": "007810", "GEOID": "47157007810", "GEOIDFQ": "1400000US47157007810", "NAME": "78.10", "NAMELSAD": "Census Tract 78.10", "MTFCC": "G5020", "FUNCSTAT": "S", "ALAND": 5976028, "AWATER": 0, "INTPTLAT": "+35.0921029", "INTPTLON": "-090.0048552", "geoid": "47157007810" }, "geometry": { "type": "Polygon", "coordinates": [ [ [ -90.029237, 35.100831 ], [ -90.029104, 35.100825 ], [ -90.029019, 35.100821 ], [ -90.028883, 35.100815 ], [ -90.028705, 35.100809 ], [ -90.028572, 35.100805 ], [ -90.028031, 35.100775 ], [ -90.027195, 35.10078 ], [ -90.026304, 35.10074 ], [ -90.025556, 35.100722 ], [ -90.024797, 35.100707 ], [ -90.024277, 35.100689 ], [ -90.02343, 35.100672 ], [ -90.02296, 35.100658 ], [ -90.022391, 35.100625 ], [ -90.021851, 35.100605 ], [ -90.021264, 35.100579 ], [ -90.021035, 35.100579 ], [ -90.020984, 35.100579 ], [ -90.020856, 35.100579 ], [ -90.020366, 35.100589 ], [ -90.020016, 35.100569 ], [ -90.019716, 35.100565 ], [ -90.019522, 35.100582 ], [ -90.019405, 35.100595 ], [ -90.019204, 35.100617 ], [ -90.019076, 35.100654 ], [ -90.018895, 35.100723 ], [ -90.018859, 35.100735 ], [ -90.018802, 35.100751 ], [ -90.018523, 35.100824 ], [ -90.018379, 35.100849 ], [ -90.018279, 35.100868 ], [ -90.018111, 35.10088 ], [ -90.017942, 35.100874 ], [ -90.017796, 35.100869 ], [ -90.017272, 35.100854 ], [ -90.0157, 35.10081 ], [ -90.015177, 35.100789 ], [ -90.014679, 35.100768 ], [ -90.014292, 35.100753 ], [ -90.013185, 35.100726 ], [ -90.013171, 35.100726 ], [ -90.012887, 35.100708 ], [ -90.01269, 35.100676 ], [ -90.012654, 35.100667 ], [ -90.012563, 35.100643 ], [ -90.012532, 35.100634 ], [ -90.012062, 35.100499 ], [ -90.011932, 35.100462 ], [ -90.011905, 35.100457 ], [ -90.011729, 35.100431 ], [ -90.011603, 35.100413 ], [ -90.011198, 35.100391 ], [ -90.011021, 35.100382 ], [ -90.010716, 35.100372 ], [ -90.00983, 35.100343 ], [ -90.009804, 35.100342 ], [ -90.0095, 35.100339 ], [ -90.009377, 35.100334 ], [ -90.00901, 35.100322 ], [ -90.008888, 35.100319 ], [ -90.008388, 35.100298 ], [ -90.007215, 35.100252 ], [ -90.006888, 35.100242 ], [ -90.006388, 35.100228 ], [ -90.00628, 35.100223 ], [ -90.005956, 35.100211 ], [ -90.005849, 35.100207 ], [ -90.005788, 35.100204 ], [ -90.005605, 35.100197 ], [ -90.005545, 35.100195 ], [ -90.005123, 35.10019 ], [ -90.004968, 35.100189 ], [ -90.003859, 35.100154 ], [ -90.003695, 35.100149 ], [ -90.003439, 35.10013 ], [ -90.003374, 35.100126 ], [ -90.00318, 35.100117 ], [ -90.003116, 35.100114 ], [ -90.003064, 35.100144 ], [ -90.002683, 35.100366 ], [ -90.002247, 35.100623 ], [ -90.001629, 35.100983 ], [ -90.001386, 35.101123 ], [ -90.000953, 35.101375 ], [ -90.000639, 35.101573 ], [ -90.000232, 35.101831 ], [ -89.999683, 35.102146 ], [ -89.999362, 35.102332 ], [ -89.998597, 35.101938 ], [ -89.998308, 35.10179 ], [ -89.997378, 35.101318 ], [ -89.996904, 35.101077 ], [ -89.996297, 35.100771 ], [ -89.995958, 35.100601 ], [ -89.995788, 35.100515 ], [ -89.995534, 35.100377 ], [ -89.995401, 35.100302 ], [ -89.995005, 35.100077 ], [ -89.994873, 35.100002 ], [ -89.994107, 35.099582 ], [ -89.993906, 35.09948 ], [ -89.991653, 35.098343 ], [ -89.990967, 35.097991 ], [ -89.98999, 35.09749 ], [ -89.989478, 35.097238 ], [ -89.987942, 35.096485 ], [ -89.987431, 35.096234 ], [ -89.987432, 35.096207 ], [ -89.987433, 35.096181 ], [ -89.987434, 35.096126 ], [ -89.987435, 35.0961 ], [ -89.987437, 35.096051 ], [ -89.98744, 35.09598 ], [ -89.987465, 35.095689 ], [ -89.987488, 35.095257 ], [ -89.987489, 35.094712 ], [ -89.987543, 35.09305 ], [ -89.98755, 35.09284 ], [ -89.987551, 35.092806 ], [ -89.987552, 35.092754 ], [ -89.987557, 35.0926 ], [ -89.987559, 35.092549 ], [ -89.987565, 35.092346 ], [ -89.987578, 35.091921 ], [ -89.987584, 35.091737 ], [ -89.987592, 35.091535 ], [ -89.987622, 35.090822 ], [ -89.987674, 35.089618 ], [ -89.987717, 35.088686 ], [ -89.987751, 35.087975 ], [ -89.987819, 35.086794 ], [ -89.987817, 35.08671 ], [ -89.987797, 35.08653 ], [ -89.987787, 35.086481 ], [ -89.987776, 35.086444 ], [ -89.987762, 35.086401 ], [ -89.987691, 35.086229 ], [ -89.987628, 35.086124 ], [ -89.986784, 35.084892 ], [ -89.986699, 35.084769 ], [ -89.98637, 35.084267 ], [ -89.98611, 35.083669 ], [ -89.985961, 35.083306 ], [ -89.985797, 35.082851 ], [ -89.985624, 35.082279 ], [ -89.98561, 35.082232 ], [ -89.985603, 35.08221 ], [ -89.985569, 35.0821 ], [ -89.985448, 35.081704 ], [ -89.985408, 35.081572 ], [ -89.985389, 35.081511 ], [ -89.985332, 35.081328 ], [ -89.985314, 35.081268 ], [ -89.985409, 35.081266 ], [ -89.985442, 35.081265 ], [ -89.985613, 35.081261 ], [ -89.985827, 35.081268 ], [ -89.985956, 35.081273 ], [ -89.986204, 35.081282 ], [ -89.986452, 35.081291 ], [ -89.986949, 35.081287 ], [ -89.987198, 35.081286 ], [ -89.987675, 35.081282 ], [ -89.987828, 35.081282 ], [ -89.988416, 35.081278 ], [ -89.989095, 35.081297 ], [ -89.989106, 35.081297 ], [ -89.989584, 35.081305 ], [ -89.989928, 35.081312 ], [ -89.990071, 35.081316 ], [ -89.990341, 35.081328 ], [ -89.990823, 35.081376 ], [ -89.990877, 35.081376 ], [ -89.990957, 35.081358 ], [ -89.990975, 35.081355 ], [ -89.991069, 35.081302 ], [ -89.991221, 35.081145 ], [ -89.991259, 35.081166 ], [ -89.991512, 35.081279 ], [ -89.991765, 35.081357 ], [ -89.991966, 35.081395 ], [ -89.992125, 35.081415 ], [ -89.992787, 35.081436 ], [ -89.994078, 35.081477 ], [ -89.994277, 35.081474 ], [ -89.995721, 35.081519 ], [ -89.996955, 35.081557 ], [ -89.998803, 35.081615 ], [ -89.999137, 35.081624 ], [ -90.000139, 35.081653 ], [ -90.000473, 35.081663 ], [ -90.004054, 35.081771 ], [ -90.005765, 35.081818 ], [ -90.006063, 35.081826 ], [ -90.00696, 35.08185 ], [ -90.007259, 35.081859 ], [ -90.007947, 35.081883 ], [ -90.008023, 35.081886 ], [ -90.009032, 35.08191 ], [ -90.010011, 35.081938 ], [ -90.01048, 35.081951 ], [ -90.0107, 35.081958 ], [ -90.010681, 35.08219 ], [ -90.010626, 35.082886 ], [ -90.010608, 35.083119 ], [ -90.010576, 35.083547 ], [ -90.010547, 35.083953 ], [ -90.01051, 35.084833 ], [ -90.010492, 35.085263 ], [ -90.010474, 35.085706 ], [ -90.010424, 35.087036 ], [ -90.010408, 35.08748 ], [ -90.010391, 35.087733 ], [ -90.010388, 35.087802 ], [ -90.010351, 35.088772 ], [ -90.010339, 35.089096 ], [ -90.010333, 35.089219 ], [ -90.010319, 35.089589 ], [ -90.010314, 35.089713 ], [ -90.010295, 35.090201 ], [ -90.010282, 35.090547 ], [ -90.010258, 35.091667 ], [ -90.010248, 35.092156 ], [ -90.010246, 35.092214 ], [ -90.010241, 35.092391 ], [ -90.01024, 35.09245 ], [ -90.010241, 35.092463 ], [ -90.010288, 35.092552 ], [ -90.010365, 35.092619 ], [ -90.010496, 35.092651 ], [ -90.010826, 35.092657 ], [ -90.011682, 35.092673 ], [ -90.012265, 35.092691 ], [ -90.012868, 35.092701 ], [ -90.013549, 35.092714 ], [ -90.013657, 35.092712 ], [ -90.013985, 35.092709 ], [ -90.014094, 35.092708 ], [ -90.014196, 35.092706 ], [ -90.014505, 35.092704 ], [ -90.014608, 35.092704 ], [ -90.01467, 35.092702 ], [ -90.01483, 35.092697 ], [ -90.014857, 35.09269 ], [ -90.014919, 35.092676 ], [ -90.015018, 35.092674 ], [ -90.015318, 35.092671 ], [ -90.015418, 35.09267 ], [ -90.015981, 35.092341 ], [ -90.017671, 35.091354 ], [ -90.01782, 35.091268 ], [ -90.018219, 35.091 ], [ -90.022113, 35.088704 ], [ -90.023236, 35.088037 ], [ -90.024007, 35.087567 ], [ -90.025014, 35.086975 ], [ -90.025147, 35.086902 ], [ -90.025446, 35.086741 ], [ -90.025521, 35.086681 ], [ -90.025618, 35.086606 ], [ -90.025617, 35.086674 ], [ -90.025615, 35.086881 ], [ -90.025615, 35.08695 ], [ -90.025601, 35.087652 ], [ -90.025583, 35.088676 ], [ -90.025574, 35.089386 ], [ -90.025584, 35.089761 ], [ -90.025589, 35.089918 ], [ -90.025615, 35.090444 ], [ -90.025617, 35.090464 ], [ -90.025663, 35.091022 ], [ -90.025667, 35.091067 ], [ -90.02575, 35.091809 ], [ -90.025901, 35.092684 ], [ -90.025916, 35.092767 ], [ -90.025994, 35.093127 ], [ -90.026022, 35.093231 ], [ -90.026069, 35.093409 ], [ -90.026211, 35.093945 ], [ -90.026259, 35.094124 ], [ -90.026467, 35.094822 ], [ -90.026642, 35.095316 ], [ -90.026722, 35.095526 ], [ -90.027056, 35.096366 ], [ -90.027393, 35.097094 ], [ -90.027971, 35.098244 ], [ -90.028493, 35.099275 ], [ -90.028609, 35.099502 ], [ -90.028994, 35.100252 ], [ -90.029109, 35.100497 ], [ -90.029237, 35.100831 ] ] ] } },
{ "type": "Feature", "properties": { "STATEFP": "47", "COUNTYFP": "157", "TRACTCE": "001300", "GEOID": "47157001300", "GEOIDFQ": "1400000US47157001300", "NAME": "13", "NAMELSAD": "Census Tract 13", "MTFCC": "G5020", "FUNCSTAT": "S", "ALAND": 1664589, "AWATER": 0, "INTPTLAT": "+35.1564325", "INTPTLON": "-089.9505138", "geoid": "47157001300" }, "geometry": { "type": "Polygon", "coordinates": [ [ [ -89.958954, 35.161352 ], [ -89.958327, 35.161574 ], [ -89.957985, 35.161696 ], [ -89.957507, 35.161884 ], [ -89.957158, 35.162038 ], [ -89.956806, 35.16221 ], [ -89.956502, 35.162375 ], [ -89.956345, 35.162462 ], [ -89.95593, 35.162714 ], [ -89.955494, 35.162991 ], [ -89.955451, 35.16302 ], [ -89.95419, 35.163827 ], [ -89.953818, 35.164066 ], [ -89.953755, 35.164105 ], [ -89.953199, 35.16446 ], [ -89.950963, 35.163179 ], [ -89.950822, 35.163119 ], [ -89.949555, 35.162862 ], [ -89.948105, 35.162576 ], [ -89.947885, 35.162533 ], [ -89.947225, 35.162404 ], [ -89.947006, 35.162362 ], [ -89.946655, 35.162293 ], [ -89.945602, 35.162086 ], [ -89.945252, 35.162017 ], [ -89.94501, 35.161964 ], [ -89.944287, 35.161808 ], [ -89.944046, 35.161756 ], [ -89.944059, 35.161618 ], [ -89.944063, 35.161282 ], [ -89.944067, 35.161055 ], [ -89.944112, 35.159862 ], [ -89.94413, 35.159389 ], [ -89.944134, 35.159273 ], [ -89.944149, 35.158929 ], [ -89.944154, 35.158814 ], [ -89.944156, 35.158746 ], [ -89.944166, 35.158545 ], [ -89.944169, 35.158478 ], [ -89.94417, 35.158439 ], [ -89.944175, 35.158323 ], [ -89.944177, 35.158285 ], [ -89.944183, 35.158137 ], [ -89.944187, 35.158022 ], [ -89.94422, 35.157236 ], [ -89.944232, 35.156975 ], [ -89.944234, 35.156913 ], [ -89.944243, 35.156728 ], [ -89.944246, 35.156667 ], [ -89.944254, 35.15648 ], [ -89.94428, 35.155921 ], [ -89.944289, 35.155735 ], [ -89.944296, 35.155485 ], [ -89.944321, 35.154735 ], [ -89.94433, 35.154486 ], [ -89.944338, 35.154239 ], [ -89.944365, 35.153501 ], [ -89.944374, 35.153256 ], [ -89.944381, 35.153007 ], [ -89.944405, 35.152261 ], [ -89.944414, 35.152013 ], [ -89.944423, 35.151766 ], [ -89.944451, 35.151028 ], [ -89.944461, 35.150783 ], [ -89.944471, 35.150519 ], [ -89.944502, 35.14973 ], [ -89.944513, 35.149467 ], [ -89.945181, 35.149452 ], [ -89.946088, 35.149433 ], [ -89.947185, 35.149417 ], [ -89.947822, 35.149408 ], [ -89.947948, 35.149408 ], [ -89.948463, 35.149395 ], [ -89.948561, 35.149394 ], [ -89.949152, 35.149392 ], [ -89.950682, 35.149369 ], [ -89.95139, 35.149359 ], [ -89.951619, 35.149355 ], [ -89.952112, 35.149347 ], [ -89.952308, 35.149344 ], [ -89.952538, 35.149341 ], [ -89.953674, 35.149339 ], [ -89.953748, 35.14934 ], [ -89.953972, 35.149345 ], [ -89.954047, 35.149347 ], [ -89.954203, 35.14935 ], [ -89.954671, 35.149361 ], [ -89.954827, 35.149365 ], [ -89.955058, 35.14937 ], [ -89.955753, 35.149388 ], [ -89.955985, 35.149394 ], [ -89.955977, 35.149602 ], [ -89.955953, 35.150228 ], [ -89.955946, 35.150437 ], [ -89.95594, 35.150614 ], [ -89.955923, 35.151144 ], [ -89.955918, 35.151322 ], [ -89.955914, 35.151426 ], [ -89.955901, 35.151741 ], [ -89.955898, 35.151846 ], [ -89.955896, 35.15191 ], [ -89.955889, 35.152105 ], [ -89.955888, 35.15217 ], [ -89.955884, 35.152306 ], [ -89.955874, 35.152715 ], [ -89.955871, 35.152852 ], [ -89.955867, 35.153048 ], [ -89.955855, 35.153638 ], [ -89.955852, 35.153835 ], [ -89.955847, 35.154027 ], [ -89.955832, 35.154604 ], [ -89.955828, 35.154797 ], [ -89.955824, 35.154988 ], [ -89.955813, 35.15556 ], [ -89.95581, 35.155752 ], [ -89.955805, 35.155933 ], [ -89.955792, 35.156479 ], [ -89.955788, 35.156661 ], [ -89.955784, 35.156827 ], [ -89.955773, 35.157327 ], [ -89.95577, 35.157494 ], [ -89.955769, 35.157789 ], [ -89.955773, 35.157848 ], [ -89.955812, 35.157951 ], [ -89.955887, 35.158052 ], [ -89.956104, 35.158287 ], [ -89.956166, 35.158354 ], [ -89.956352, 35.158555 ], [ -89.956415, 35.158622 ], [ -89.956568, 35.158787 ], [ -89.957029, 35.159285 ], [ -89.957183, 35.159451 ], [ -89.957366, 35.159649 ], [ -89.957918, 35.160246 ], [ -89.958103, 35.160445 ], [ -89.958273, 35.160626 ], [ -89.958783, 35.16117 ], [ -89.958954, 35.161352 ] ] ] } },
{ "type": "Feature", "properties": { "STATEFP": "47", "COUNTYFP": "157", "TRACTCE": "001400", "GEOID": "47157001400", "GEOIDFQ": "1400000US47157001400", "NAME": "14", "NAMELSAD": "Census Tract 14", "MTFCC": "G5020", "FUNCSTAT": "S", "ALAND": 1226143, "AWATER": 0, "INTPTLAT": "+35.1546958", "INTPTLON": "-089.9616026", "geoid": "47157001400" }, "geometry": { "type": "Polygon", "coordinates": [ [ [ -89.967967, 35.150193 ], [ -89.967863, 35.150988 ], [ -89.967836, 35.151236 ], [ -89.967789, 35.15168 ], [ -89.967736, 35.152177 ], [ -89.967716, 35.152346 ], [ -89.967656, 35.152856 ], [ -89.967637, 35.153026 ], [ -89.967626, 35.153179 ], [ -89.967592, 35.15364 ], [ -89.967582, 35.153794 ], [ -89.967507, 35.154397 ], [ -89.967327, 35.155861 ], [ -89.967297, 35.156209 ], [ -89.967245, 35.156816 ], [ -89.967199, 35.157259 ], [ -89.967116, 35.158061 ], [ -89.967068, 35.15859 ], [ -89.967029, 35.159034 ], [ -89.966642, 35.159127 ], [ -89.966411, 35.159178 ], [ -89.965852, 35.159305 ], [ -89.964556, 35.1596 ], [ -89.964035, 35.15972 ], [ -89.963937, 35.159738 ], [ -89.962697, 35.160032 ], [ -89.962362, 35.160132 ], [ -89.962118, 35.160218 ], [ -89.961376, 35.160483 ], [ -89.9604, 35.160832 ], [ -89.959828, 35.161037 ], [ -89.959653, 35.1611 ], [ -89.959128, 35.161288 ], [ -89.958954, 35.161352 ], [ -89.958783, 35.16117 ], [ -89.958273, 35.160626 ], [ -89.958103, 35.160445 ], [ -89.957918, 35.160246 ], [ -89.957366, 35.159649 ], [ -89.957183, 35.159451 ], [ -89.957029, 35.159285 ], [ -89.956568, 35.158787 ], [ -89.956415, 35.158622 ], [ -89.956352, 35.158555 ], [ -89.956166, 35.158354 ], [ -89.956104, 35.158287 ], [ -89.955887, 35.158052 ], [ -89.955812, 35.157951 ], [ -89.955773, 35.157848 ], [ -89.955769, 35.157789 ], [ -89.95577, 35.157494 ], [ -89.955773, 35.157327 ], [ -89.955784, 35.156827 ], [ -89.955788, 35.156661 ], [ -89.955792, 35.156479 ], [ -89.955805, 35.155933 ], [ -89.95581, 35.155752 ], [ -89.955813, 35.15556 ], [ -89.955824, 35.154988 ], [ -89.955828, 35.154797 ], [ -89.955832, 35.154604 ], [ -89.955847, 35.154027 ], [ -89.955852, 35.153835 ], [ -89.955855, 35.153638 ], [ -89.955867, 35.153048 ], [ -89.955871, 35.152852 ], [ -89.955874, 35.152715 ], [ -89.955884, 35.152306 ], [ -89.955888, 35.15217 ], [ -89.955889, 35.152105 ], [ -89.955896, 35.15191 ], [ -89.955898, 35.151846 ], [ -89.955901, 35.151741 ], [ -89.955914, 35.151426 ], [ -89.955918, 35.151322 ], [ -89.955923, 35.151144 ], [ -89.95594, 35.150614 ], [ -89.955946, 35.150437 ], [ -89.955953, 35.150228 ], [ -89.955977, 35.149602 ], [ -89.955985, 35.149394 ], [ -89.956124, 35.149396 ], [ -89.956543, 35.149405 ], [ -89.956683, 35.149408 ], [ -89.956922, 35.149413 ], [ -89.957642, 35.149428 ], [ -89.957882, 35.149434 ], [ -89.958255, 35.149442 ], [ -89.959038, 35.149461 ], [ -89.959151, 35.149464 ], [ -89.959345, 35.149468 ], [ -89.959375, 35.149468 ], [ -89.959661, 35.149473 ], [ -89.959749, 35.149475 ], [ -89.959917, 35.149477 ], [ -89.959947, 35.149478 ], [ -89.960421, 35.149489 ], [ -89.96059, 35.149494 ], [ -89.960728, 35.149496 ], [ -89.961144, 35.149503 ], [ -89.961283, 35.149506 ], [ -89.961324, 35.149506 ], [ -89.961447, 35.149508 ], [ -89.961489, 35.149509 ], [ -89.961669, 35.149511 ], [ -89.962212, 35.149519 ], [ -89.962393, 35.149522 ], [ -89.963297, 35.149535 ], [ -89.964257, 35.149551 ], [ -89.965187, 35.14957 ], [ -89.965375, 35.149573 ], [ -89.965939, 35.149584 ], [ -89.966127, 35.149588 ], [ -89.966316, 35.149597 ], [ -89.966612, 35.149612 ], [ -89.966885, 35.149626 ], [ -89.967075, 35.149637 ], [ -89.967266, 35.149649 ], [ -89.967841, 35.149685 ], [ -89.968033, 35.149698 ], [ -89.967967, 35.150193 ] ] ] } },
{ "type": "Feature", "properties": { "STATEFP": "47", "COUNTYFP": "157", "TRACTCE": "001500", "GEOID": "47157001500", "GEOIDFQ": "1400000US47157001500", "NAME": "15", "NAMELSAD": "Census Tract 15", "MTFCC": "G5020", "FUNCSTAT": "S", "ALAND": 1368539, "AWATER": 0, "INTPTLAT": "+35.1529954", "INTPTLON": "-089.9740928", "geoid": "47157001500" }, "geometry": { "type": "Polygon", "coordinates": [ [ [ -89.981748, 35.148777 ], [ -89.981681, 35.149246 ], [ -89.98166, 35.149403 ], [ -89.981621, 35.149565 ], [ -89.981505, 35.150051 ], [ -89.981467, 35.150214 ], [ -89.981431, 35.15036 ], [ -89.981397, 35.150503 ], [ -89.98133, 35.15089 ], [ -89.981329, 35.150904 ], [ -89.981283, 35.151062 ], [ -89.981263, 35.151197 ], [ -89.981251, 35.15125 ], [ -89.981121, 35.151819 ], [ -89.981094, 35.151944 ], [ -89.981082, 35.152011 ], [ -89.981073, 35.15207 ], [ -89.981052, 35.152245 ], [ -89.981044, 35.152305 ], [ -89.981012, 35.152541 ], [ -89.980964, 35.152604 ], [ -89.980952, 35.152699 ], [ -89.980807, 35.153837 ], [ -89.980792, 35.153959 ], [ -89.980764, 35.154218 ], [ -89.98076, 35.154237 ], [ -89.980753, 35.154295 ], [ -89.980747, 35.154317 ], [ -89.98073, 35.154414 ], [ -89.980701, 35.154616 ], [ -89.980573, 35.155514 ], [ -89.980545, 35.155715 ], [ -89.980528, 35.155814 ], [ -89.980474, 35.156201 ], [ -89.980313, 35.157363 ], [ -89.980299, 35.157466 ], [ -89.980283, 35.157585 ], [ -89.980258, 35.15775 ], [ -89.980251, 35.157796 ], [ -89.980229, 35.157934 ], [ -89.980223, 35.15798 ], [ -89.980095, 35.157959 ], [ -89.980006, 35.157945 ], [ -89.97995, 35.157938 ], [ -89.979733, 35.15791 ], [ -89.979711, 35.157908 ], [ -89.979583, 35.1579 ], [ -89.979483, 35.157893 ], [ -89.97945, 35.157891 ], [ -89.979183, 35.157888 ], [ -89.979083, 35.157888 ], [ -89.979052, 35.157888 ], [ -89.978962, 35.157888 ], [ -89.978599, 35.157888 ], [ -89.978479, 35.157889 ], [ -89.978393, 35.157889 ], [ -89.978136, 35.157891 ], [ -89.978051, 35.157892 ], [ -89.97793, 35.157892 ], [ -89.97757, 35.157893 ], [ -89.97745, 35.157894 ], [ -89.977369, 35.157894 ], [ -89.977126, 35.157895 ], [ -89.977046, 35.157896 ], [ -89.976922, 35.157896 ], [ -89.976551, 35.157898 ], [ -89.976428, 35.157899 ], [ -89.976341, 35.157899 ], [ -89.976083, 35.157899 ], [ -89.975997, 35.1579 ], [ -89.975798, 35.157901 ], [ -89.975204, 35.157904 ], [ -89.975006, 35.157906 ], [ -89.974802, 35.157906 ], [ -89.974191, 35.157908 ], [ -89.973988, 35.157909 ], [ -89.973723, 35.15791 ], [ -89.972928, 35.157916 ], [ -89.972664, 35.157919 ], [ -89.972376, 35.157923 ], [ -89.971914, 35.157933 ], [ -89.97165, 35.157962 ], [ -89.971555, 35.15798 ], [ -89.971355, 35.158026 ], [ -89.970782, 35.158164 ], [ -89.969446, 35.158476 ], [ -89.969402, 35.158486 ], [ -89.969051, 35.158567 ], [ -89.968875, 35.158607 ], [ -89.968429, 35.158709 ], [ -89.968348, 35.158727 ], [ -89.968173, 35.158767 ], [ -89.967944, 35.15882 ], [ -89.967257, 35.15898 ], [ -89.967029, 35.159034 ], [ -89.967068, 35.15859 ], [ -89.967116, 35.158061 ], [ -89.967199, 35.157259 ], [ -89.967245, 35.156816 ], [ -89.967297, 35.156209 ], [ -89.967327, 35.155861 ], [ -89.967507, 35.154397 ], [ -89.967582, 35.153794 ], [ -89.967592, 35.15364 ], [ -89.967626, 35.153179 ], [ -89.967637, 35.153026 ], [ -89.967656, 35.152856 ], [ -89.967716, 35.152346 ], [ -89.967736, 35.152177 ], [ -89.967789, 35.15168 ], [ -89.967836, 35.151236 ], [ -89.967863, 35.150988 ], [ -89.967967, 35.150193 ], [ -89.968033, 35.149698 ], [ -89.968329, 35.147473 ], [ -89.969005, 35.147481 ], [ -89.969176, 35.147484 ], [ -89.969279, 35.147486 ], [ -89.969588, 35.147494 ], [ -89.969692, 35.147497 ], [ -89.969892, 35.147504 ], [ -89.970077, 35.147512 ], [ -89.970494, 35.147545 ], [ -89.970695, 35.147561 ], [ -89.970951, 35.147585 ], [ -89.971719, 35.147659 ], [ -89.971975, 35.147684 ], [ -89.97216, 35.147702 ], [ -89.972716, 35.147759 ], [ -89.972902, 35.147778 ], [ -89.973061, 35.147792 ], [ -89.97354, 35.147834 ], [ -89.9737, 35.147849 ], [ -89.973866, 35.147861 ], [ -89.974055, 35.147878 ], [ -89.975121, 35.147979 ], [ -89.975477, 35.148013 ], [ -89.975788, 35.148045 ], [ -89.975819, 35.148048 ], [ -89.976845, 35.148165 ], [ -89.977187, 35.148204 ], [ -89.977206, 35.14816 ], [ -89.977527, 35.147619 ], [ -89.978536, 35.148053 ], [ -89.979109, 35.14827 ], [ -89.979481, 35.148393 ], [ -89.979806, 35.148471 ], [ -89.980256, 35.148567 ], [ -89.981597, 35.148694 ], [ -89.981758, 35.148707 ], [ -89.981748, 35.148777 ] ] ] } },
{ "type": "Feature", "properties": { "STATEFP": "47", "COUNTYFP": "157", "TRACTCE": "001700", "GEOID": "47157001700", "GEOIDFQ": "1400000US47157001700", "NAME": "17", "NAMELSAD": "Census Tract 17", "MTFCC": "G5020", "FUNCSTAT": "S", "ALAND": 1644290, "AWATER": 0, "INTPTLAT": "+35.1586332", "INTPTLON": "-090.0042688", "geoid": "47157001700" }, "geometry": { "type": "Polygon", "coordinates": [ [ [ -90.012518, 35.153666 ], [ -90.012494, 35.153787 ], [ -90.012477, 35.153867 ], [ -90.012463, 35.153934 ], [ -90.01242, 35.154137 ], [ -90.012292, 35.154747 ], [ -90.01225, 35.154951 ], [ -90.012218, 35.155161 ], [ -90.012186, 35.155375 ], [ -90.01217, 35.155476 ], [ -90.012124, 35.155793 ], [ -90.012093, 35.156004 ], [ -90.012078, 35.156111 ], [ -90.012061, 35.156228 ], [ -90.011964, 35.156903 ], [ -90.011932, 35.157128 ], [ -90.01186, 35.157634 ], [ -90.011852, 35.157688 ], [ -90.011801, 35.158035 ], [ -90.011776, 35.158109 ], [ -90.011747, 35.158155 ], [ -90.011855, 35.15816 ], [ -90.011851, 35.158188 ], [ -90.011833, 35.15831 ], [ -90.011627, 35.159779 ], [ -90.011526, 35.160391 ], [ -90.011382, 35.161353 ], [ -90.011216, 35.162555 ], [ -90.010895, 35.164765 ], [ -90.010507, 35.164727 ], [ -90.010359, 35.164713 ], [ -90.0102, 35.164698 ], [ -90.00935, 35.164602 ], [ -90.008928, 35.164557 ], [ -90.008314, 35.164492 ], [ -90.00731, 35.16439 ], [ -90.007243, 35.164384 ], [ -90.006259, 35.164283 ], [ -90.006081, 35.164265 ], [ -90.005904, 35.164246 ], [ -90.005785, 35.164234 ], [ -90.005373, 35.164192 ], [ -90.005196, 35.164174 ], [ -90.00501, 35.164155 ], [ -90.004454, 35.164099 ], [ -90.004269, 35.164081 ], [ -90.004221, 35.164076 ], [ -90.004079, 35.164061 ], [ -90.004032, 35.164057 ], [ -90.003788, 35.164032 ], [ -90.00306, 35.16396 ], [ -90.002817, 35.163936 ], [ -90.002591, 35.163913 ], [ -90.001913, 35.163844 ], [ -90.001687, 35.163821 ], [ -90.001481, 35.163803 ], [ -90.000865, 35.163749 ], [ -90.00066, 35.163732 ], [ -90.000432, 35.163705 ], [ -89.999998, 35.163656 ], [ -89.999749, 35.163627 ], [ -89.999522, 35.163601 ], [ -89.999285, 35.163576 ], [ -89.998574, 35.163504 ], [ -89.998337, 35.16348 ], [ -89.998104, 35.163456 ], [ -89.997406, 35.163385 ], [ -89.997174, 35.163362 ], [ -89.996931, 35.163337 ], [ -89.996732, 35.163318 ], [ -89.996369, 35.163296 ], [ -89.996201, 35.163278 ], [ -89.995959, 35.163253 ], [ -89.996006, 35.16281 ], [ -89.996026, 35.162679 ], [ -89.996107, 35.16217 ], [ -89.996211, 35.161401 ], [ -89.996271, 35.161049 ], [ -89.996284, 35.160965 ], [ -89.996358, 35.160495 ], [ -89.996366, 35.160443 ], [ -89.996373, 35.160394 ], [ -89.996399, 35.1602 ], [ -89.996481, 35.159621 ], [ -89.996509, 35.159428 ], [ -89.996513, 35.159396 ], [ -89.996527, 35.159303 ], [ -89.996532, 35.159272 ], [ -89.996552, 35.159131 ], [ -89.996616, 35.158711 ], [ -89.996637, 35.158571 ], [ -89.996652, 35.158458 ], [ -89.996701, 35.158122 ], [ -89.996718, 35.15801 ], [ -89.99672, 35.157997 ], [ -89.996727, 35.157958 ], [ -89.99673, 35.157946 ], [ -89.996739, 35.157893 ], [ -89.996753, 35.157813 ], [ -89.996762, 35.157758 ], [ -89.996771, 35.157712 ], [ -89.996794, 35.157573 ], [ -89.996802, 35.157533 ], [ -89.996859, 35.157158 ], [ -89.996881, 35.15702 ], [ -89.99691, 35.156822 ], [ -89.996954, 35.156523 ], [ -89.996997, 35.156228 ], [ -89.997027, 35.156031 ], [ -89.997171, 35.15503 ], [ -89.997176, 35.154995 ], [ -89.997181, 35.154948 ], [ -89.997184, 35.154925 ], [ -89.997192, 35.154854 ], [ -89.997208, 35.154735 ], [ -89.997295, 35.154098 ], [ -89.997324, 35.153886 ], [ -89.99736, 35.153635 ], [ -89.997392, 35.153416 ], [ -89.997436, 35.153002 ], [ -89.997453, 35.15288 ], [ -89.997489, 35.152629 ], [ -89.997894, 35.152665 ], [ -89.99805, 35.15268 ], [ -89.998782, 35.152762 ], [ -89.999109, 35.152793 ], [ -89.999515, 35.152832 ], [ -90.000006, 35.15288 ], [ -90.001481, 35.153025 ], [ -90.001973, 35.153074 ], [ -90.002339, 35.15311 ], [ -90.00344, 35.153218 ], [ -90.003807, 35.153255 ], [ -90.004159, 35.153291 ], [ -90.005218, 35.1534 ], [ -90.005571, 35.153437 ], [ -90.006243, 35.153503 ], [ -90.00746, 35.153624 ], [ -90.00795, 35.153661 ], [ -90.008263, 35.153668 ], [ -90.008445, 35.153661 ], [ -90.008934, 35.153593 ], [ -90.009225, 35.153545 ], [ -90.010102, 35.153404 ], [ -90.010394, 35.153357 ], [ -90.010526, 35.153336 ], [ -90.010542, 35.153334 ], [ -90.010813, 35.15331 ], [ -90.01099, 35.153309 ], [ -90.01114, 35.153309 ], [ -90.011251, 35.153312 ], [ -90.011309, 35.153317 ], [ -90.011506, 35.153353 ], [ -90.011656, 35.153385 ], [ -90.012089, 35.153486 ], [ -90.012532, 35.1536 ], [ -90.012518, 35.153666 ] ] ] } },
{ "type": "Feature", "properties": { "STATEFP": "47", "COUNTYFP": "157", "TRACTCE": "001900", "GEOID": "47157001900", "GEOIDFQ": "1400000US47157001900", "NAME": "19", "NAMELSAD": "Census Tract 19", "MTFCC": "G5020", "FUNCSTAT": "S", "ALAND": 926177, "AWATER": 0, "INTPTLAT": "+35.1632815", "INTPTLON": "-090.0233110", "geoid": "47157001900" }, "geometry": { "type": "Polygon", "coordinates": [ [ [ -90.028137, 35.158018 ], [ -90.02807, 35.158504 ], [ -90.028025, 35.158835 ], [ -90.027892, 35.159831 ], [ -90.027849, 35.160163 ], [ -90.027837, 35.160254 ], [ -90.0278, 35.160528 ], [ -90.027789, 35.16062 ], [ -90.027766, 35.160784 ], [ -90.027697, 35.161276 ], [ -90.027674, 35.16144 ], [ -90.027661, 35.161534 ], [ -90.027621, 35.161817 ], [ -90.027609, 35.161912 ], [ -90.027587, 35.162078 ], [ -90.027523, 35.162576 ], [ -90.027503, 35.162743 ], [ -90.027482, 35.162906 ], [ -90.027445, 35.163206 ], [ -90.027414, 35.163395 ], [ -90.027388, 35.163558 ], [ -90.027355, 35.163773 ], [ -90.027256, 35.16442 ], [ -90.027224, 35.164636 ], [ -90.027199, 35.164822 ], [ -90.027124, 35.16538 ], [ -90.027099, 35.165566 ], [ -90.026965, 35.166505 ], [ -90.026846, 35.167361 ], [ -90.026825, 35.167369 ], [ -90.026801, 35.167378 ], [ -90.025822, 35.167737 ], [ -90.02566, 35.167786 ], [ -90.025146, 35.167978 ], [ -90.024868, 35.16809 ], [ -90.024063, 35.1684 ], [ -90.02404, 35.168408 ], [ -90.023966, 35.168436 ], [ -90.022902, 35.168834 ], [ -90.022432, 35.169015 ], [ -90.022281, 35.169071 ], [ -90.021831, 35.16924 ], [ -90.021681, 35.169297 ], [ -90.021383, 35.16941 ], [ -90.02072, 35.169665 ], [ -90.020489, 35.169743 ], [ -90.020188, 35.169845 ], [ -90.020094, 35.169875 ], [ -90.020042, 35.169893 ], [ -90.019817, 35.169978 ], [ -90.019726, 35.170014 ], [ -90.019635, 35.170046 ], [ -90.019597, 35.17006 ], [ -90.019541, 35.170081 ], [ -90.019213, 35.170201 ], [ -90.019085, 35.170248 ], [ -90.018974, 35.170288 ], [ -90.018642, 35.170407 ], [ -90.018532, 35.170448 ], [ -90.018539, 35.170153 ], [ -90.018547, 35.169921 ], [ -90.018563, 35.169521 ], [ -90.018601, 35.168884 ], [ -90.018636, 35.168345 ], [ -90.018671, 35.16782 ], [ -90.018674, 35.167779 ], [ -90.018682, 35.167675 ], [ -90.018683, 35.167659 ], [ -90.018687, 35.167619 ], [ -90.0187, 35.167451 ], [ -90.018719, 35.167213 ], [ -90.018822, 35.165995 ], [ -90.01884, 35.165794 ], [ -90.018861, 35.16559 ], [ -90.018921, 35.164951 ], [ -90.018962, 35.164654 ], [ -90.019017, 35.164273 ], [ -90.019125, 35.163857 ], [ -90.019297, 35.163366 ], [ -90.019443, 35.162952 ], [ -90.019535, 35.162691 ], [ -90.019627, 35.162389 ], [ -90.019738, 35.162023 ], [ -90.019813, 35.161812 ], [ -90.019874, 35.161642 ], [ -90.019947, 35.161392 ], [ -90.020021, 35.161111 ], [ -90.020102, 35.160799 ], [ -90.02012, 35.160725 ], [ -90.020134, 35.160651 ], [ -90.020195, 35.160356 ], [ -90.020218, 35.160203 ], [ -90.020243, 35.160053 ], [ -90.02026, 35.159946 ], [ -90.020573, 35.158038 ], [ -90.020649, 35.158022 ], [ -90.020688, 35.158012 ], [ -90.020761, 35.157995 ], [ -90.020803, 35.157985 ], [ -90.020836, 35.157978 ], [ -90.020967, 35.157951 ], [ -90.021084, 35.157925 ], [ -90.021483, 35.157835 ], [ -90.021876, 35.157752 ], [ -90.021996, 35.157727 ], [ -90.02233, 35.157657 ], [ -90.022429, 35.157633 ], [ -90.022894, 35.157539 ], [ -90.023166, 35.157481 ], [ -90.024077, 35.157279 ], [ -90.024464, 35.157211 ], [ -90.024751, 35.157188 ], [ -90.024894, 35.157185 ], [ -90.025326, 35.157179 ], [ -90.02547, 35.157177 ], [ -90.025745, 35.157171 ], [ -90.026054, 35.157166 ], [ -90.026073, 35.157165 ], [ -90.02657, 35.157142 ], [ -90.026845, 35.15713 ], [ -90.027071, 35.157117 ], [ -90.02826, 35.157078 ], [ -90.028137, 35.158018 ] ] ] } },
{ "type": "Feature", "properties": { "STATEFP": "47", "COUNTYFP": "157", "TRACTCE": "002000", "GEOID": "47157002000", "GEOIDFQ": "1400000US47157002000", "NAME": "20", "NAMELSAD": "Census Tract 20", "MTFCC": "G5020", "FUNCSTAT": "S", "ALAND": 965698, "AWATER": 0, "INTPTLAT": "+35.1609412", "INTPTLON": "-090.0330286", "geoid": "47157002000" }, "geometry": { "type": "Polygon", "coordinates": [ [ [ -90.040437, 35.156001 ], [ -90.040377, 35.156105 ], [ -90.040159, 35.156487 ], [ -90.039937, 35.156857 ], [ -90.039789, 35.157107 ], [ -90.039734, 35.157208 ], [ -90.039596, 35.157468 ], [ -90.039583, 35.157517 ], [ -90.039555, 35.157629 ], [ -90.039536, 35.157729 ], [ -90.039481, 35.158032 ], [ -90.039464, 35.158133 ], [ -90.039424, 35.158343 ], [ -90.039371, 35.158633 ], [ -90.039319, 35.158849 ], [ -90.039278, 35.158966 ], [ -90.039267, 35.158999 ], [ -90.039203, 35.159166 ], [ -90.039133, 35.159364 ], [ -90.038924, 35.15996 ], [ -90.038855, 35.160159 ], [ -90.038782, 35.160364 ], [ -90.038565, 35.16098 ], [ -90.038493, 35.161186 ], [ -90.038434, 35.161368 ], [ -90.038337, 35.161716 ], [ -90.038337, 35.161911 ], [ -90.038363, 35.162196 ], [ -90.038365, 35.162229 ], [ -90.038368, 35.162251 ], [ -90.038435, 35.16312 ], [ -90.038435, 35.163225 ], [ -90.038234, 35.163228 ], [ -90.038043, 35.163261 ], [ -90.036811, 35.163703 ], [ -90.036741, 35.163723 ], [ -90.036713, 35.163731 ], [ -90.036625, 35.163756 ], [ -90.036388, 35.163837 ], [ -90.036306, 35.163866 ], [ -90.035425, 35.164192 ], [ -90.035105, 35.164311 ], [ -90.034794, 35.164425 ], [ -90.033862, 35.164768 ], [ -90.033552, 35.164883 ], [ -90.033372, 35.164949 ], [ -90.033034, 35.165074 ], [ -90.032832, 35.165147 ], [ -90.032653, 35.165214 ], [ -90.032604, 35.165232 ], [ -90.032514, 35.165268 ], [ -90.032102, 35.165436 ], [ -90.032071, 35.165449 ], [ -90.031963, 35.165487 ], [ -90.031766, 35.165554 ], [ -90.031178, 35.165758 ], [ -90.031119, 35.165779 ], [ -90.030982, 35.165826 ], [ -90.030737, 35.165916 ], [ -90.030004, 35.166187 ], [ -90.02976, 35.166278 ], [ -90.029494, 35.166377 ], [ -90.028696, 35.166674 ], [ -90.028431, 35.166774 ], [ -90.028022, 35.166926 ], [ -90.027693, 35.167048 ], [ -90.026846, 35.167361 ], [ -90.026965, 35.166505 ], [ -90.027099, 35.165566 ], [ -90.027124, 35.16538 ], [ -90.027199, 35.164822 ], [ -90.027224, 35.164636 ], [ -90.027256, 35.16442 ], [ -90.027355, 35.163773 ], [ -90.027388, 35.163558 ], [ -90.027414, 35.163395 ], [ -90.027445, 35.163206 ], [ -90.027482, 35.162906 ], [ -90.027503, 35.162743 ], [ -90.027523, 35.162576 ], [ -90.027587, 35.162078 ], [ -90.027609, 35.161912 ], [ -90.027621, 35.161817 ], [ -90.027661, 35.161534 ], [ -90.027674, 35.16144 ], [ -90.027697, 35.161276 ], [ -90.027766, 35.160784 ], [ -90.027789, 35.16062 ], [ -90.0278, 35.160528 ], [ -90.027837, 35.160254 ], [ -90.027849, 35.160163 ], [ -90.027892, 35.159831 ], [ -90.028025, 35.158835 ], [ -90.02807, 35.158504 ], [ -90.028137, 35.158018 ], [ -90.02826, 35.157078 ], [ -90.028399, 35.157073 ], [ -90.029525, 35.157049 ], [ -90.029847, 35.157048 ], [ -90.030722, 35.157015 ], [ -90.030756, 35.157012 ], [ -90.030944, 35.157006 ], [ -90.031629, 35.156977 ], [ -90.031809, 35.15697 ], [ -90.031975, 35.156964 ], [ -90.032089, 35.156966 ], [ -90.03243, 35.156972 ], [ -90.032545, 35.156975 ], [ -90.032687, 35.156977 ], [ -90.033113, 35.156984 ], [ -90.033256, 35.156987 ], [ -90.033543, 35.156977 ], [ -90.033745, 35.156971 ], [ -90.034391, 35.156833 ], [ -90.034673, 35.156774 ], [ -90.03482, 35.15674 ], [ -90.035261, 35.156642 ], [ -90.035409, 35.15661 ], [ -90.035501, 35.156586 ], [ -90.035778, 35.156517 ], [ -90.035871, 35.156494 ], [ -90.03606, 35.1565 ], [ -90.036341, 35.15651 ], [ -90.03684, 35.156555 ], [ -90.037089, 35.156584 ], [ -90.037325, 35.156615 ], [ -90.037422, 35.15614 ], [ -90.037472, 35.155663 ], [ -90.037666, 35.155666 ], [ -90.037961, 35.155673 ], [ -90.03914, 35.15579 ], [ -90.039418, 35.155804 ], [ -90.040253, 35.155846 ], [ -90.040532, 35.15586 ], [ -90.040437, 35.156001 ] ] ] } },
{ "type": "Feature", "properties": { "STATEFP": "47", "COUNTYFP": "157", "TRACTCE": "002100", "GEOID": "47157002100", "GEOIDFQ": "1400000US47157002100", "NAME": "21", "NAMELSAD": "Census Tract 21", "MTFCC": "G5020", "FUNCSTAT": "S", "ALAND": 771181, "AWATER": 20044, "INTPTLAT": "+35.1600207", "INTPTLON": "-090.0444429", "geoid": "47157002100" }, "geometry": { "type": "Polygon", "coordinates": [ [ [ -90.052475, 35.158311 ], [ -90.050863, 35.159589 ], [ -90.050048, 35.160418 ], [ -90.049564, 35.16172 ], [ -90.049359, 35.162618 ], [ -90.049305, 35.163624 ], [ -90.049295, 35.16382 ], [ -90.049066, 35.16375 ], [ -90.04839, 35.163889 ], [ -90.047744, 35.163713 ], [ -90.047651, 35.163697 ], [ -90.047489, 35.163642 ], [ -90.046884, 35.163474 ], [ -90.045637, 35.163114 ], [ -90.045384, 35.163046 ], [ -90.044626, 35.162844 ], [ -90.044374, 35.162777 ], [ -90.044296, 35.162967 ], [ -90.044065, 35.163537 ], [ -90.043988, 35.163728 ], [ -90.043867, 35.163699 ], [ -90.043506, 35.163612 ], [ -90.043386, 35.163584 ], [ -90.043255, 35.163558 ], [ -90.043125, 35.163532 ], [ -90.042861, 35.163502 ], [ -90.04273, 35.163487 ], [ -90.042522, 35.163475 ], [ -90.042456, 35.16347 ], [ -90.041635, 35.163418 ], [ -90.041431, 35.163406 ], [ -90.041362, 35.163402 ], [ -90.041257, 35.163395 ], [ -90.040943, 35.163374 ], [ -90.040839, 35.163368 ], [ -90.040808, 35.163366 ], [ -90.040717, 35.16336 ], [ -90.040687, 35.163359 ], [ -90.040338, 35.163337 ], [ -90.040143, 35.163325 ], [ -90.040034, 35.163318 ], [ -90.03999, 35.163315 ], [ -90.039933, 35.163311 ], [ -90.039376, 35.163276 ], [ -90.038682, 35.163231 ], [ -90.038435, 35.163225 ], [ -90.038435, 35.16312 ], [ -90.038368, 35.162251 ], [ -90.038365, 35.162229 ], [ -90.038363, 35.162196 ], [ -90.038337, 35.161911 ], [ -90.038337, 35.161716 ], [ -90.038434, 35.161368 ], [ -90.038493, 35.161186 ], [ -90.038565, 35.16098 ], [ -90.038782, 35.160364 ], [ -90.038855, 35.160159 ], [ -90.038924, 35.15996 ], [ -90.039133, 35.159364 ], [ -90.039203, 35.159166 ], [ -90.039267, 35.158999 ], [ -90.039278, 35.158966 ], [ -90.039319, 35.158849 ], [ -90.039371, 35.158633 ], [ -90.039424, 35.158343 ], [ -90.039464, 35.158133 ], [ -90.039481, 35.158032 ], [ -90.039536, 35.157729 ], [ -90.039555, 35.157629 ], [ -90.039583, 35.157517 ], [ -90.039596, 35.157468 ], [ -90.039734, 35.157208 ], [ -90.039789, 35.157107 ], [ -90.039937, 35.156857 ], [ -90.040159, 35.156487 ], [ -90.040377, 35.156105 ], [ -90.040437, 35.156001 ], [ -90.040532, 35.15586 ], [ -90.040747, 35.155864 ], [ -90.041395, 35.155879 ], [ -90.041611, 35.155885 ], [ -90.041736, 35.155887 ], [ -90.04211, 35.155896 ], [ -90.042236, 35.155899 ], [ -90.04238, 35.155902 ], [ -90.042814, 35.155911 ], [ -90.042959, 35.155915 ], [ -90.0431, 35.155918 ], [ -90.043449, 35.155926 ], [ -90.043524, 35.155936 ], [ -90.043665, 35.155956 ], [ -90.04379, 35.155989 ], [ -90.044165, 35.156088 ], [ -90.04429, 35.156122 ], [ -90.044537, 35.156188 ], [ -90.045281, 35.156386 ], [ -90.045529, 35.156453 ], [ -90.045654, 35.156488 ], [ -90.04603, 35.156594 ], [ -90.046156, 35.15663 ], [ -90.046279, 35.156662 ], [ -90.046648, 35.15676 ], [ -90.046771, 35.156793 ], [ -90.046903, 35.15683 ], [ -90.04695, 35.156844 ], [ -90.047302, 35.156933 ], [ -90.047436, 35.156968 ], [ -90.048039, 35.157123 ], [ -90.048685, 35.157294 ], [ -90.048813, 35.157324 ], [ -90.048908, 35.157347 ], [ -90.049199, 35.157417 ], [ -90.049328, 35.157448 ], [ -90.049593, 35.15752 ], [ -90.049687, 35.157545 ], [ -90.049851, 35.15759 ], [ -90.049971, 35.157623 ], [ -90.050066, 35.15765 ], [ -90.050151, 35.157673 ], [ -90.050648, 35.15781 ], [ -90.051076, 35.157928 ], [ -90.051321, 35.157995 ], [ -90.051766, 35.158117 ], [ -90.052119, 35.158213 ], [ -90.052475, 35.158311 ] ] ] } },
{ "type": "Feature", "properties": { "STATEFP": "47", "COUNTYFP": "157", "TRACTCE": "002400", "GEOID": "47157002400", "GEOIDFQ": "1400000US47157002400", "NAME": "24", "NAMELSAD": "Census Tract 24", "MTFCC": "G5020", "FUNCSTAT": "S", "ALAND": 1241871, "AWATER": 0, "INTPTLAT": "+35.1511855", "INTPTLON": "-090.0266203", "geoid": "47157002400" }, "geometry": { "type": "Polygon", "coordinates": [ [ [ -90.032636, 35.145993 ], [ -90.032483, 35.146714 ], [ -90.032382, 35.147394 ], [ -90.032313, 35.147864 ], [ -90.0323, 35.147951 ], [ -90.03226, 35.148215 ], [ -90.032248, 35.148303 ], [ -90.032184, 35.148727 ], [ -90.032009, 35.149907 ], [ -90.031986, 35.149998 ], [ -90.031924, 35.150244 ], [ -90.031885, 35.150415 ], [ -90.031853, 35.150594 ], [ -90.031758, 35.151132 ], [ -90.031727, 35.151312 ], [ -90.031684, 35.151551 ], [ -90.031558, 35.152267 ], [ -90.031516, 35.152507 ], [ -90.031472, 35.152754 ], [ -90.031399, 35.153176 ], [ -90.03136, 35.153498 ], [ -90.03133, 35.153748 ], [ -90.031288, 35.154075 ], [ -90.031165, 35.155059 ], [ -90.031152, 35.155171 ], [ -90.03114, 35.155288 ], [ -90.03113, 35.155388 ], [ -90.031019, 35.15631 ], [ -90.030975, 35.156692 ], [ -90.030945, 35.156957 ], [ -90.030944, 35.157006 ], [ -90.030756, 35.157012 ], [ -90.030722, 35.157015 ], [ -90.029847, 35.157048 ], [ -90.029525, 35.157049 ], [ -90.028399, 35.157073 ], [ -90.02826, 35.157078 ], [ -90.027071, 35.157117 ], [ -90.026845, 35.15713 ], [ -90.02657, 35.157142 ], [ -90.026073, 35.157165 ], [ -90.026054, 35.157166 ], [ -90.025745, 35.157171 ], [ -90.02547, 35.157177 ], [ -90.025326, 35.157179 ], [ -90.024894, 35.157185 ], [ -90.024751, 35.157188 ], [ -90.024464, 35.157211 ], [ -90.024077, 35.157279 ], [ -90.023166, 35.157481 ], [ -90.022894, 35.157539 ], [ -90.022429, 35.157633 ], [ -90.02233, 35.157657 ], [ -90.021996, 35.157727 ], [ -90.021876, 35.157752 ], [ -90.021483, 35.157835 ], [ -90.021084, 35.157925 ], [ -90.020967, 35.157951 ], [ -90.020836, 35.157978 ], [ -90.020803, 35.157985 ], [ -90.020761, 35.157995 ], [ -90.020688, 35.158012 ], [ -90.020649, 35.158022 ], [ -90.020573, 35.158038 ], [ -90.020582, 35.157984 ], [ -90.02059, 35.157938 ], [ -90.020606, 35.157835 ], [ -90.020632, 35.157674 ], [ -90.020691, 35.157308 ], [ -90.02074, 35.156999 ], [ -90.020965, 35.155595 ], [ -90.020988, 35.155432 ], [ -90.021019, 35.155237 ], [ -90.021115, 35.154653 ], [ -90.021147, 35.154459 ], [ -90.021155, 35.154392 ], [ -90.021167, 35.154324 ], [ -90.021188, 35.154188 ], [ -90.021251, 35.153796 ], [ -90.021317, 35.153369 ], [ -90.02136, 35.1531 ], [ -90.02145, 35.152701 ], [ -90.021505, 35.152464 ], [ -90.021568, 35.152244 ], [ -90.021634, 35.152054 ], [ -90.021741, 35.151805 ], [ -90.021764, 35.15165 ], [ -90.021776, 35.151596 ], [ -90.021813, 35.151438 ], [ -90.021826, 35.151386 ], [ -90.021859, 35.151244 ], [ -90.021872, 35.151189 ], [ -90.02196, 35.150822 ], [ -90.021994, 35.150681 ], [ -90.022029, 35.150534 ], [ -90.022139, 35.150094 ], [ -90.022176, 35.149948 ], [ -90.022185, 35.149448 ], [ -90.022196, 35.148955 ], [ -90.022199, 35.148622 ], [ -90.022202, 35.148477 ], [ -90.02221, 35.147943 ], [ -90.022383, 35.146335 ], [ -90.022441, 35.145827 ], [ -90.022461, 35.145671 ], [ -90.022573, 35.144798 ], [ -90.022577, 35.144755 ], [ -90.022593, 35.144626 ], [ -90.022599, 35.144584 ], [ -90.022789, 35.144602 ], [ -90.02297, 35.144619 ], [ -90.023636, 35.144682 ], [ -90.024039, 35.14472 ], [ -90.024519, 35.144767 ], [ -90.02496, 35.144811 ], [ -90.025057, 35.144821 ], [ -90.025248, 35.14484 ], [ -90.025652, 35.144882 ], [ -90.025821, 35.144901 ], [ -90.026329, 35.144961 ], [ -90.026499, 35.144981 ], [ -90.026811, 35.145013 ], [ -90.02686, 35.145017 ], [ -90.027943, 35.145121 ], [ -90.028305, 35.145156 ], [ -90.028651, 35.145189 ], [ -90.028923, 35.145215 ], [ -90.029692, 35.145273 ], [ -90.03004, 35.1453 ], [ -90.030257, 35.14532 ], [ -90.030908, 35.145381 ], [ -90.031126, 35.145402 ], [ -90.031328, 35.145422 ], [ -90.031447, 35.14543 ], [ -90.032414, 35.145495 ], [ -90.032432, 35.145497 ], [ -90.032736, 35.145529 ], [ -90.032636, 35.145993 ] ] ] } },
{ "type": "Feature", "properties": { "STATEFP": "47", "COUNTYFP": "157", "TRACTCE": "002500", "GEOID": "47157002500", "GEOIDFQ": "1400000US47157002500", "NAME": "25", "NAMELSAD": "Census Tract 25", "MTFCC": "G5020", "FUNCSTAT": "S", "ALAND": 1620794, "AWATER": 0, "INTPTLAT": "+35.1506700", "INTPTLON": "-090.0159795", "geoid": "47157002500" }, "geometry": { "type": "Polygon", "coordinates": [ [ [ -90.022593, 35.144626 ], [ -90.022577, 35.144755 ], [ -90.022573, 35.144798 ], [ -90.022461, 35.145671 ], [ -90.022441, 35.145827 ], [ -90.022383, 35.146335 ], [ -90.02221, 35.147943 ], [ -90.022202, 35.148477 ], [ -90.022199, 35.148622 ], [ -90.022196, 35.148955 ], [ -90.022185, 35.149448 ], [ -90.022176, 35.149948 ], [ -90.022139, 35.150094 ], [ -90.022029, 35.150534 ], [ -90.021994, 35.150681 ], [ -90.02196, 35.150822 ], [ -90.021872, 35.151189 ], [ -90.021859, 35.151244 ], [ -90.021826, 35.151386 ], [ -90.021813, 35.151438 ], [ -90.021776, 35.151596 ], [ -90.021764, 35.15165 ], [ -90.021741, 35.151805 ], [ -90.021634, 35.152054 ], [ -90.021568, 35.152244 ], [ -90.021505, 35.152464 ], [ -90.02145, 35.152701 ], [ -90.02136, 35.1531 ], [ -90.021317, 35.153369 ], [ -90.021251, 35.153796 ], [ -90.021188, 35.154188 ], [ -90.021167, 35.154324 ], [ -90.021155, 35.154392 ], [ -90.021147, 35.154459 ], [ -90.021115, 35.154653 ], [ -90.021019, 35.155237 ], [ -90.020988, 35.155432 ], [ -90.020965, 35.155595 ], [ -90.02074, 35.156999 ], [ -90.020691, 35.157308 ], [ -90.020632, 35.157674 ], [ -90.020606, 35.157835 ], [ -90.02059, 35.157938 ], [ -90.020582, 35.157984 ], [ -90.020573, 35.158038 ], [ -90.020538, 35.158046 ], [ -90.020449, 35.158065 ], [ -90.020387, 35.158079 ], [ -90.020287, 35.158102 ], [ -90.020251, 35.158109 ], [ -90.020112, 35.15814 ], [ -90.019992, 35.158165 ], [ -90.019089, 35.158362 ], [ -90.019036, 35.158374 ], [ -90.018204, 35.158541 ], [ -90.017922, 35.158577 ], [ -90.017855, 35.158578 ], [ -90.017775, 35.158574 ], [ -90.017437, 35.158557 ], [ -90.016646, 35.158497 ], [ -90.016488, 35.158484 ], [ -90.016016, 35.158447 ], [ -90.015859, 35.158435 ], [ -90.015699, 35.158422 ], [ -90.015221, 35.158384 ], [ -90.015062, 35.158372 ], [ -90.014902, 35.158359 ], [ -90.014422, 35.158323 ], [ -90.014263, 35.158311 ], [ -90.014101, 35.158301 ], [ -90.013618, 35.158271 ], [ -90.013457, 35.158261 ], [ -90.012652, 35.158206 ], [ -90.012033, 35.158167 ], [ -90.011855, 35.15816 ], [ -90.011747, 35.158155 ], [ -90.011776, 35.158109 ], [ -90.011801, 35.158035 ], [ -90.011852, 35.157688 ], [ -90.01186, 35.157634 ], [ -90.011932, 35.157128 ], [ -90.011964, 35.156903 ], [ -90.012061, 35.156228 ], [ -90.012078, 35.156111 ], [ -90.012093, 35.156004 ], [ -90.012124, 35.155793 ], [ -90.01217, 35.155476 ], [ -90.012186, 35.155375 ], [ -90.012218, 35.155161 ], [ -90.01225, 35.154951 ], [ -90.012292, 35.154747 ], [ -90.01242, 35.154137 ], [ -90.012463, 35.153934 ], [ -90.012477, 35.153867 ], [ -90.012494, 35.153787 ], [ -90.012518, 35.153666 ], [ -90.012532, 35.1536 ], [ -90.012089, 35.153486 ], [ -90.011656, 35.153385 ], [ -90.011506, 35.153353 ], [ -90.011309, 35.153317 ], [ -90.011251, 35.153312 ], [ -90.01114, 35.153309 ], [ -90.01099, 35.153309 ], [ -90.010813, 35.15331 ], [ -90.010542, 35.153334 ], [ -90.010526, 35.153336 ], [ -90.010394, 35.153357 ], [ -90.010102, 35.153404 ], [ -90.009225, 35.153545 ], [ -90.008934, 35.153593 ], [ -90.008945, 35.153495 ], [ -90.008957, 35.153432 ], [ -90.008981, 35.153253 ], [ -90.009057, 35.152718 ], [ -90.009083, 35.15254 ], [ -90.009112, 35.152339 ], [ -90.009203, 35.151737 ], [ -90.009234, 35.151537 ], [ -90.009629, 35.148946 ], [ -90.010377, 35.144052 ], [ -90.010475, 35.14348 ], [ -90.010516, 35.143481 ], [ -90.010623, 35.143492 ], [ -90.010691, 35.143499 ], [ -90.011174, 35.143544 ], [ -90.011263, 35.143553 ], [ -90.011335, 35.14356 ], [ -90.011434, 35.143569 ], [ -90.011733, 35.143596 ], [ -90.011833, 35.143605 ], [ -90.012058, 35.143625 ], [ -90.012424, 35.143658 ], [ -90.012734, 35.143686 ], [ -90.01296, 35.143707 ], [ -90.013084, 35.143718 ], [ -90.013459, 35.143751 ], [ -90.013584, 35.143762 ], [ -90.013667, 35.143769 ], [ -90.013916, 35.14379 ], [ -90.014, 35.143798 ], [ -90.014164, 35.143812 ], [ -90.01455, 35.143847 ], [ -90.014656, 35.143857 ], [ -90.014821, 35.143874 ], [ -90.014986, 35.14389 ], [ -90.015481, 35.143939 ], [ -90.015646, 35.143956 ], [ -90.015924, 35.143982 ], [ -90.016366, 35.144025 ], [ -90.016621, 35.144047 ], [ -90.01668, 35.144052 ], [ -90.016759, 35.144058 ], [ -90.017038, 35.144082 ], [ -90.017067, 35.144084 ], [ -90.017155, 35.144091 ], [ -90.017185, 35.144094 ], [ -90.017254, 35.1441 ], [ -90.017463, 35.144118 ], [ -90.017533, 35.144125 ], [ -90.017893, 35.144157 ], [ -90.018974, 35.144253 ], [ -90.019335, 35.144286 ], [ -90.019363, 35.144288 ], [ -90.01945, 35.144296 ], [ -90.019479, 35.144299 ], [ -90.019546, 35.144305 ], [ -90.019777, 35.144326 ], [ -90.019943, 35.144342 ], [ -90.0201, 35.144356 ], [ -90.020674, 35.144409 ], [ -90.020974, 35.144437 ], [ -90.021298, 35.144467 ], [ -90.021958, 35.144528 ], [ -90.022232, 35.144551 ], [ -90.022273, 35.144554 ], [ -90.022393, 35.144566 ], [ -90.022477, 35.144573 ], [ -90.022599, 35.144584 ], [ -90.022593, 35.144626 ] ] ] } },
{ "type": "Feature", "properties": { "STATEFP": "47", "COUNTYFP": "157", "TRACTCE": "011401", "GEOID": "47157011401", "GEOIDFQ": "1400000US47157011401", "NAME": "114.01", "NAMELSAD": "Census Tract 114.01", "MTFCC": "G5020", "FUNCSTAT": "S", "ALAND": 1216923, "AWATER": 0, "INTPTLAT": "+35.1364164", "INTPTLON": "-090.0407967", "geoid": "47157011401" }, "geometry": { "type": "Polygon", "coordinates": [ [ [ -90.047295, 35.131872 ], [ -90.04728, 35.131918 ], [ -90.047106, 35.132479 ], [ -90.047048, 35.132667 ], [ -90.04702, 35.132754 ], [ -90.046924, 35.133061 ], [ -90.046864, 35.133253 ], [ -90.046648, 35.133946 ], [ -90.046591, 35.13414 ], [ -90.046511, 35.134417 ], [ -90.046413, 35.134719 ], [ -90.046351, 35.134912 ], [ -90.046306, 35.13506 ], [ -90.046295, 35.135103 ], [ -90.046255, 35.135282 ], [ -90.046228, 35.135511 ], [ -90.046226, 35.135696 ], [ -90.046225, 35.135896 ], [ -90.046228, 35.136093 ], [ -90.04623, 35.136174 ], [ -90.046231, 35.136687 ], [ -90.046232, 35.136796 ], [ -90.046218, 35.136884 ], [ -90.046203, 35.136978 ], [ -90.046151, 35.137161 ], [ -90.046091, 35.137288 ], [ -90.046056, 35.137366 ], [ -90.045948, 35.137617 ], [ -90.045896, 35.137767 ], [ -90.045816, 35.138137 ], [ -90.045796, 35.138331 ], [ -90.045796, 35.138519 ], [ -90.045796, 35.138704 ], [ -90.045825, 35.138944 ], [ -90.045793, 35.139194 ], [ -90.04575, 35.13967 ], [ -90.045668, 35.140028 ], [ -90.045589, 35.140265 ], [ -90.045364, 35.14077 ], [ -90.045278, 35.140985 ], [ -90.045041, 35.141581 ], [ -90.044873, 35.14197 ], [ -90.044803, 35.142093 ], [ -90.044586, 35.142375 ], [ -90.044136, 35.142832 ], [ -90.043906, 35.143096 ], [ -90.043697, 35.143051 ], [ -90.043631, 35.143038 ], [ -90.043146, 35.142906 ], [ -90.042897, 35.142817 ], [ -90.042767, 35.142762 ], [ -90.042468, 35.142636 ], [ -90.042367, 35.142584 ], [ -90.042317, 35.142558 ], [ -90.042167, 35.142482 ], [ -90.042118, 35.142457 ], [ -90.041967, 35.142394 ], [ -90.041539, 35.142216 ], [ -90.041363, 35.14216 ], [ -90.041179, 35.142114 ], [ -90.041124, 35.142101 ], [ -90.040976, 35.142048 ], [ -90.038459, 35.14135 ], [ -90.038044, 35.141242 ], [ -90.037623, 35.14113 ], [ -90.037506, 35.141099 ], [ -90.036609, 35.14085 ], [ -90.036359, 35.140801 ], [ -90.035932, 35.140719 ], [ -90.035867, 35.140711 ], [ -90.035715, 35.140695 ], [ -90.035673, 35.140695 ], [ -90.035608, 35.140696 ], [ -90.035374, 35.140655 ], [ -90.035185, 35.140643 ], [ -90.035035, 35.140635 ], [ -90.033911, 35.140545 ], [ -90.03367, 35.140526 ], [ -90.033486, 35.14052 ], [ -90.033517, 35.140323 ], [ -90.033593, 35.139861 ], [ -90.03361, 35.139731 ], [ -90.033637, 35.139534 ], [ -90.033664, 35.139341 ], [ -90.033709, 35.139028 ], [ -90.033729, 35.138761 ], [ -90.033745, 35.138567 ], [ -90.033954, 35.138586 ], [ -90.034612, 35.138641 ], [ -90.034829, 35.13866 ], [ -90.034838, 35.138451 ], [ -90.034851, 35.138124 ], [ -90.034864, 35.137824 ], [ -90.034874, 35.137616 ], [ -90.035071, 35.137623 ], [ -90.035091, 35.137624 ], [ -90.035178, 35.13762 ], [ -90.03533, 35.137583 ], [ -90.035454, 35.137528 ], [ -90.035609, 35.137413 ], [ -90.035754, 35.137278 ], [ -90.035774, 35.137258 ], [ -90.035835, 35.137202 ], [ -90.035856, 35.137183 ], [ -90.035642, 35.137002 ], [ -90.035222, 35.136648 ], [ -90.035137, 35.136562 ], [ -90.035036, 35.136426 ], [ -90.034981, 35.136353 ], [ -90.034953, 35.136286 ], [ -90.034927, 35.136174 ], [ -90.034916, 35.136097 ], [ -90.034897, 35.13595 ], [ -90.034893, 35.135867 ], [ -90.034891, 35.13579 ], [ -90.034889, 35.135589 ], [ -90.034889, 35.135547 ], [ -90.0349, 35.135308 ], [ -90.03494, 35.13499 ], [ -90.034951, 35.13491 ], [ -90.034965, 35.134792 ], [ -90.034983, 35.134633 ], [ -90.034983, 35.134605 ], [ -90.034993, 35.134328 ], [ -90.034998, 35.134042 ], [ -90.035002, 35.133855 ], [ -90.035001, 35.133796 ], [ -90.034998, 35.133622 ], [ -90.034997, 35.133564 ], [ -90.035007, 35.133236 ], [ -90.035037, 35.132253 ], [ -90.035048, 35.131926 ], [ -90.035064, 35.131466 ], [ -90.036696, 35.131502 ], [ -90.036725, 35.131503 ], [ -90.037607, 35.131525 ], [ -90.038132, 35.131536 ], [ -90.039478, 35.131571 ], [ -90.040116, 35.131588 ], [ -90.040244, 35.131589 ], [ -90.040629, 35.131595 ], [ -90.040758, 35.131597 ], [ -90.04108, 35.131601 ], [ -90.042089, 35.131616 ], [ -90.042351, 35.131673 ], [ -90.042702, 35.131789 ], [ -90.042942, 35.131875 ], [ -90.042999, 35.131891 ], [ -90.043074, 35.131912 ], [ -90.043366, 35.131957 ], [ -90.043913, 35.13201 ], [ -90.044076, 35.132026 ], [ -90.044085, 35.131966 ], [ -90.04415, 35.131518 ], [ -90.044215, 35.131079 ], [ -90.044267, 35.130717 ], [ -90.044288, 35.130581 ], [ -90.044381, 35.129842 ], [ -90.044417, 35.129563 ], [ -90.044444, 35.129314 ], [ -90.044437, 35.129262 ], [ -90.044414, 35.12912 ], [ -90.04443, 35.128983 ], [ -90.044496, 35.128648 ], [ -90.044533, 35.128586 ], [ -90.044694, 35.128916 ], [ -90.044783, 35.129053 ], [ -90.044912, 35.129228 ], [ -90.045027, 35.129242 ], [ -90.0451, 35.129321 ], [ -90.04587, 35.130147 ], [ -90.046002, 35.13029 ], [ -90.046302, 35.130615 ], [ -90.04651, 35.130836 ], [ -90.046705, 35.131043 ], [ -90.04713, 35.131506 ], [ -90.047336, 35.13173 ], [ -90.047295, 35.131872 ] ] ] } },
{ "type": "Feature", "properties": { "STATEFP": "47", "COUNTYFP": "157", "TRACTCE": "010122", "GEOID": "47157010122", "GEOIDFQ": "1400000US47157010122", "NAME": "101.22", "NAMELSAD": "Census Tract 101.22", "MTFCC": "G5020", "FUNCSTAT": "S", "ALAND": 2057803, "AWATER": 0, "INTPTLAT": "+35.2129250", "INTPTLON": "-090.0147413", "geoid": "47157010122" }, "geometry": { "type": "Polygon", "coordinates": [ [ [ -90.02845, 35.210627 ], [ -90.025211, 35.21456 ], [ -90.02485, 35.214999 ], [ -90.023331, 35.216887 ], [ -90.023008, 35.216962 ], [ -90.022932, 35.21698 ], [ -90.022465, 35.217088 ], [ -90.022038, 35.217182 ], [ -90.021805, 35.217234 ], [ -90.021714, 35.217249 ], [ -90.021556, 35.217272 ], [ -90.021384, 35.217284 ], [ -90.021025, 35.217312 ], [ -90.02039, 35.217319 ], [ -90.020377, 35.21732 ], [ -90.020059, 35.217313 ], [ -90.019676, 35.217304 ], [ -90.018626, 35.21728 ], [ -90.018528, 35.217284 ], [ -90.018291, 35.217294 ], [ -90.018147, 35.217314 ], [ -90.017901, 35.217383 ], [ -90.017527, 35.217521 ], [ -90.016788, 35.217795 ], [ -90.016482, 35.217892 ], [ -90.016285, 35.217924 ], [ -90.015707, 35.217921 ], [ -90.015633, 35.217919 ], [ -90.01498, 35.217903 ], [ -90.01454, 35.217898 ], [ -90.013222, 35.217883 ], [ -90.012783, 35.217879 ], [ -90.01203, 35.217871 ], [ -90.00977, 35.217847 ], [ -90.009018, 35.217839 ], [ -90.008356, 35.21783 ], [ -90.008326, 35.21783 ], [ -90.007426, 35.217784 ], [ -90.006375, 35.217699 ], [ -90.005716, 35.217646 ], [ -90.005477, 35.217628 ], [ -90.005258, 35.217619 ], [ -90.004857, 35.217605 ], [ -90.003883, 35.217566 ], [ -90.003476, 35.21755 ], [ -90.003425, 35.217548 ], [ -90.003444, 35.217014 ], [ -90.003462, 35.216526 ], [ -90.003505, 35.215414 ], [ -90.003526, 35.214881 ], [ -90.003533, 35.214646 ], [ -90.003538, 35.214513 ], [ -90.003562, 35.213944 ], [ -90.003572, 35.213711 ], [ -90.003601, 35.213126 ], [ -90.003613, 35.212896 ], [ -90.003668, 35.211683 ], [ -90.003684, 35.211292 ], [ -90.003687, 35.211204 ], [ -90.003729, 35.210253 ], [ -90.003761, 35.209426 ], [ -90.003762, 35.209379 ], [ -90.003769, 35.209238 ], [ -90.003772, 35.209192 ], [ -90.003779, 35.209003 ], [ -90.003802, 35.208436 ], [ -90.003806, 35.208352 ], [ -90.003809, 35.208248 ], [ -90.004093, 35.208303 ], [ -90.00433, 35.208337 ], [ -90.004498, 35.208346 ], [ -90.004736, 35.208351 ], [ -90.00754, 35.208412 ], [ -90.007784, 35.208418 ], [ -90.008475, 35.208438 ], [ -90.008822, 35.208481 ], [ -90.009863, 35.208613 ], [ -90.01021, 35.208657 ], [ -90.010502, 35.208691 ], [ -90.011285, 35.208784 ], [ -90.011378, 35.208795 ], [ -90.011671, 35.208832 ], [ -90.012126, 35.208881 ], [ -90.01227, 35.208889 ], [ -90.01265, 35.208911 ], [ -90.013189, 35.208919 ], [ -90.013617, 35.20891 ], [ -90.014038, 35.208883 ], [ -90.014076, 35.208878 ], [ -90.014675, 35.208814 ], [ -90.01513, 35.20876 ], [ -90.015677, 35.208696 ], [ -90.016496, 35.208604 ], [ -90.016952, 35.208554 ], [ -90.017301, 35.20851 ], [ -90.018054, 35.208422 ], [ -90.018127, 35.208414 ], [ -90.021363, 35.208037 ], [ -90.021711, 35.207997 ], [ -90.021882, 35.207984 ], [ -90.022318, 35.207973 ], [ -90.022471, 35.207981 ], [ -90.022898, 35.208015 ], [ -90.023372, 35.20809 ], [ -90.023742, 35.208178 ], [ -90.024084, 35.208283 ], [ -90.024364, 35.208393 ], [ -90.024709, 35.208549 ], [ -90.025647, 35.209065 ], [ -90.026317, 35.209434 ], [ -90.028015, 35.210373 ], [ -90.028291, 35.210529 ], [ -90.028305, 35.210538 ], [ -90.028388, 35.210589 ], [ -90.02845, 35.210627 ] ] ] } },
{ "type": "Feature", "properties": { "STATEFP": "47", "COUNTYFP": "157", "TRACTCE": "010002", "GEOID": "47157010002", "GEOIDFQ": "1400000US47157010002", "NAME": "100.02", "NAMELSAD": "Census Tract 100.02", "MTFCC": "G5020", "FUNCSTAT": "S", "ALAND": 2974363, "AWATER": 0, "INTPTLAT": "+35.2339717", "INTPTLON": "-090.0014634", "geoid": "47157010002" }, "geometry": { "type": "Polygon", "coordinates": [ [ [ -90.014904, 35.225682 ], [ -90.0149, 35.225838 ], [ -90.01489, 35.22617 ], [ -90.014853, 35.226522 ], [ -90.014825, 35.226802 ], [ -90.014818, 35.226874 ], [ -90.014807, 35.227008 ], [ -90.014819, 35.227091 ], [ -90.014831, 35.227164 ], [ -90.013935, 35.22827 ], [ -90.013779, 35.228459 ], [ -90.011713, 35.23098 ], [ -90.011533, 35.231199 ], [ -90.01061, 35.232336 ], [ -90.010525, 35.232442 ], [ -90.009548, 35.233623 ], [ -90.008863, 35.234453 ], [ -90.008607, 35.234764 ], [ -90.006808, 35.236942 ], [ -90.006124, 35.237772 ], [ -90.004693, 35.239509 ], [ -90.004562, 35.239667 ], [ -90.002817, 35.24179 ], [ -90.001816, 35.243001 ], [ -90.00112, 35.243898 ], [ -90.000331, 35.244776 ], [ -89.999927, 35.245132 ], [ -89.999782, 35.245262 ], [ -89.99929, 35.245706 ], [ -89.999035, 35.245898 ], [ -89.998428, 35.246353 ], [ -89.997856, 35.246782 ], [ -89.997577, 35.246883 ], [ -89.997504, 35.246913 ], [ -89.997048, 35.247108 ], [ -89.996459, 35.247333 ], [ -89.996191, 35.247437 ], [ -89.996104, 35.247451 ], [ -89.996026, 35.247449 ], [ -89.995946, 35.247423 ], [ -89.995854, 35.247359 ], [ -89.995349, 35.246868 ], [ -89.995312, 35.246832 ], [ -89.994966, 35.246463 ], [ -89.994181, 35.245497 ], [ -89.993993, 35.245294 ], [ -89.993844, 35.245175 ], [ -89.993447, 35.244902 ], [ -89.993304, 35.244787 ], [ -89.99322, 35.244683 ], [ -89.993175, 35.244576 ], [ -89.993156, 35.244431 ], [ -89.993191, 35.24404 ], [ -89.993205, 35.243852 ], [ -89.993217, 35.243477 ], [ -89.99324, 35.242772 ], [ -89.993242, 35.242352 ], [ -89.993244, 35.241978 ], [ -89.993257, 35.241587 ], [ -89.993299, 35.240417 ], [ -89.993314, 35.240027 ], [ -89.993328, 35.239629 ], [ -89.993371, 35.238439 ], [ -89.993386, 35.238042 ], [ -89.993395, 35.237807 ], [ -89.993397, 35.237603 ], [ -89.993416, 35.236287 ], [ -89.993423, 35.235849 ], [ -89.993424, 35.235696 ], [ -89.993426, 35.23542 ], [ -89.993429, 35.23524 ], [ -89.993432, 35.235088 ], [ -89.993432, 35.23497 ], [ -89.993436, 35.234619 ], [ -89.993438, 35.234503 ], [ -89.993439, 35.234398 ], [ -89.99346, 35.234186 ], [ -89.993481, 35.234093 ], [ -89.993645, 35.233377 ], [ -89.993671, 35.233098 ], [ -89.993654, 35.232873 ], [ -89.993623, 35.232461 ], [ -89.993601, 35.232214 ], [ -89.993546, 35.23158 ], [ -89.993538, 35.231474 ], [ -89.99352, 35.231228 ], [ -89.993502, 35.231055 ], [ -89.993481, 35.230813 ], [ -89.993376, 35.229568 ], [ -89.993341, 35.229153 ], [ -89.993323, 35.22895 ], [ -89.993272, 35.228341 ], [ -89.993255, 35.228139 ], [ -89.993251, 35.228075 ], [ -89.993253, 35.227775 ], [ -89.993262, 35.226683 ], [ -89.993266, 35.22632 ], [ -89.993595, 35.226318 ], [ -89.994566, 35.226344 ], [ -89.994891, 35.226354 ], [ -89.995104, 35.226361 ], [ -89.995746, 35.226383 ], [ -89.99596, 35.226391 ], [ -89.996004, 35.226392 ], [ -89.996136, 35.226395 ], [ -89.996181, 35.226397 ], [ -89.996556, 35.226405 ], [ -89.99658, 35.226406 ], [ -89.996899, 35.226423 ], [ -89.997777, 35.226447 ], [ -89.998177, 35.226459 ], [ -89.998508, 35.22647 ], [ -89.998783, 35.22648 ], [ -89.999504, 35.226487 ], [ -89.999627, 35.226476 ], [ -89.999836, 35.226476 ], [ -89.999837, 35.226227 ], [ -89.999843, 35.225484 ], [ -89.999845, 35.225236 ], [ -90.000018, 35.225226 ], [ -90.000119, 35.225221 ], [ -90.000537, 35.225214 ], [ -90.000711, 35.225212 ], [ -90.000993, 35.225212 ], [ -90.001781, 35.225212 ], [ -90.001842, 35.225212 ], [ -90.002125, 35.225212 ], [ -90.002326, 35.225214 ], [ -90.002932, 35.225222 ], [ -90.003134, 35.225225 ], [ -90.0032, 35.225226 ], [ -90.003388, 35.225227 ], [ -90.004153, 35.225236 ], [ -90.004409, 35.225239 ], [ -90.004494, 35.225239 ], [ -90.004749, 35.225242 ], [ -90.004834, 35.225243 ], [ -90.005501, 35.225252 ], [ -90.007503, 35.225279 ], [ -90.008171, 35.225288 ], [ -90.008584, 35.225295 ], [ -90.008711, 35.225293 ], [ -90.008903, 35.22529 ], [ -90.009507, 35.225301 ], [ -90.010331, 35.22531 ], [ -90.010872, 35.225316 ], [ -90.011101, 35.225314 ], [ -90.011233, 35.225314 ], [ -90.012319, 35.225322 ], [ -90.012681, 35.225325 ], [ -90.012885, 35.225328 ], [ -90.013498, 35.225338 ], [ -90.013703, 35.225342 ], [ -90.013945, 35.225349 ], [ -90.014069, 35.225354 ], [ -90.014623, 35.225359 ], [ -90.014674, 35.225362 ], [ -90.014814, 35.225371 ], [ -90.014912, 35.225402 ], [ -90.014904, 35.225682 ] ] ] } },
{ "type": "Feature", "properties": { "STATEFP": "47", "COUNTYFP": "157", "TRACTCE": "010121", "GEOID": "47157010121", "GEOIDFQ": "1400000US47157010121", "NAME": "101.21", "NAMELSAD": "Census Tract 101.21", "MTFCC": "G5020", "FUNCSTAT": "S", "ALAND": 2139335, "AWATER": 0, "INTPTLAT": "+35.2214488", "INTPTLON": "-090.0061660", "geoid": "47157010121" }, "geometry": { "type": "Polygon", "coordinates": [ [ [ -90.023331, 35.216887 ], [ -90.022661, 35.217678 ], [ -90.022249, 35.218168 ], [ -90.021629, 35.218908 ], [ -90.020572, 35.220224 ], [ -90.019224, 35.221863 ], [ -90.01906, 35.222058 ], [ -90.017984, 35.223344 ], [ -90.01757, 35.223846 ], [ -90.017114, 35.224399 ], [ -90.016328, 35.225354 ], [ -90.015929, 35.225867 ], [ -90.015775, 35.226034 ], [ -90.015698, 35.226117 ], [ -90.015568, 35.226259 ], [ -90.015045, 35.2269 ], [ -90.014831, 35.227164 ], [ -90.014819, 35.227091 ], [ -90.014807, 35.227008 ], [ -90.014818, 35.226874 ], [ -90.014825, 35.226802 ], [ -90.014853, 35.226522 ], [ -90.01489, 35.22617 ], [ -90.0149, 35.225838 ], [ -90.014904, 35.225682 ], [ -90.014912, 35.225402 ], [ -90.014814, 35.225371 ], [ -90.014674, 35.225362 ], [ -90.014623, 35.225359 ], [ -90.014069, 35.225354 ], [ -90.013945, 35.225349 ], [ -90.013703, 35.225342 ], [ -90.013498, 35.225338 ], [ -90.012885, 35.225328 ], [ -90.012681, 35.225325 ], [ -90.012319, 35.225322 ], [ -90.011233, 35.225314 ], [ -90.011101, 35.225314 ], [ -90.010872, 35.225316 ], [ -90.010331, 35.22531 ], [ -90.009507, 35.225301 ], [ -90.008903, 35.22529 ], [ -90.008711, 35.225293 ], [ -90.008584, 35.225295 ], [ -90.008171, 35.225288 ], [ -90.007503, 35.225279 ], [ -90.005501, 35.225252 ], [ -90.004834, 35.225243 ], [ -90.004749, 35.225242 ], [ -90.004494, 35.225239 ], [ -90.004409, 35.225239 ], [ -90.004153, 35.225236 ], [ -90.003388, 35.225227 ], [ -90.0032, 35.225226 ], [ -90.003134, 35.225225 ], [ -90.002932, 35.225222 ], [ -90.002326, 35.225214 ], [ -90.002125, 35.225212 ], [ -90.001842, 35.225212 ], [ -90.001781, 35.225212 ], [ -90.000993, 35.225212 ], [ -90.000711, 35.225212 ], [ -90.000537, 35.225214 ], [ -90.000119, 35.225221 ], [ -90.000018, 35.225226 ], [ -89.999845, 35.225236 ], [ -89.999843, 35.225484 ], [ -89.999837, 35.226227 ], [ -89.999836, 35.226476 ], [ -89.999627, 35.226476 ], [ -89.999504, 35.226487 ], [ -89.998783, 35.22648 ], [ -89.998508, 35.22647 ], [ -89.998177, 35.226459 ], [ -89.997777, 35.226447 ], [ -89.996899, 35.226423 ], [ -89.99658, 35.226406 ], [ -89.996556, 35.226405 ], [ -89.996181, 35.226397 ], [ -89.996136, 35.226395 ], [ -89.996004, 35.226392 ], [ -89.99596, 35.226391 ], [ -89.995746, 35.226383 ], [ -89.995104, 35.226361 ], [ -89.994891, 35.226354 ], [ -89.994566, 35.226344 ], [ -89.993595, 35.226318 ], [ -89.993266, 35.22632 ], [ -89.993267, 35.226117 ], [ -89.993274, 35.22551 ], [ -89.993277, 35.225308 ], [ -89.99328, 35.224816 ], [ -89.993282, 35.224658 ], [ -89.993278, 35.223343 ], [ -89.993277, 35.222852 ], [ -89.993277, 35.222602 ], [ -89.993277, 35.221854 ], [ -89.993277, 35.221605 ], [ -89.993273, 35.221274 ], [ -89.993273, 35.221248 ], [ -89.993277, 35.220284 ], [ -89.993279, 35.219954 ], [ -89.993279, 35.219838 ], [ -89.993282, 35.21949 ], [ -89.993283, 35.219375 ], [ -89.993269, 35.218912 ], [ -89.993244, 35.218037 ], [ -89.99324, 35.217631 ], [ -89.993274, 35.217535 ], [ -89.993338, 35.217439 ], [ -89.993483, 35.2173 ], [ -89.993565, 35.217237 ], [ -89.994057, 35.217251 ], [ -89.994126, 35.217254 ], [ -89.995446, 35.2173 ], [ -89.995533, 35.217303 ], [ -89.996025, 35.21732 ], [ -89.996207, 35.217324 ], [ -89.996755, 35.217338 ], [ -89.996803, 35.21734 ], [ -89.996938, 35.217344 ], [ -89.997179, 35.217352 ], [ -89.997902, 35.217377 ], [ -89.998143, 35.217386 ], [ -89.998364, 35.217392 ], [ -89.999027, 35.21741 ], [ -89.999249, 35.217416 ], [ -89.999456, 35.217424 ], [ -89.999623, 35.217431 ], [ -90.000078, 35.217445 ], [ -90.000286, 35.217452 ], [ -90.00041, 35.217455 ], [ -90.000782, 35.217466 ], [ -90.000907, 35.21747 ], [ -90.000988, 35.217472 ], [ -90.001233, 35.217478 ], [ -90.001315, 35.21748 ], [ -90.001499, 35.217486 ], [ -90.002053, 35.217505 ], [ -90.002238, 35.217512 ], [ -90.002257, 35.217512 ], [ -90.002316, 35.217514 ], [ -90.002336, 35.217515 ], [ -90.002553, 35.217521 ], [ -90.002644, 35.217524 ], [ -90.003207, 35.217541 ], [ -90.003425, 35.217548 ], [ -90.003476, 35.21755 ], [ -90.003883, 35.217566 ], [ -90.004857, 35.217605 ], [ -90.005258, 35.217619 ], [ -90.005477, 35.217628 ], [ -90.005716, 35.217646 ], [ -90.006375, 35.217699 ], [ -90.007426, 35.217784 ], [ -90.008326, 35.21783 ], [ -90.008356, 35.21783 ], [ -90.009018, 35.217839 ], [ -90.00977, 35.217847 ], [ -90.01203, 35.217871 ], [ -90.012783, 35.217879 ], [ -90.013222, 35.217883 ], [ -90.01454, 35.217898 ], [ -90.01498, 35.217903 ], [ -90.015633, 35.217919 ], [ -90.015707, 35.217921 ], [ -90.016285, 35.217924 ], [ -90.016482, 35.217892 ], [ -90.016788, 35.217795 ], [ -90.017527, 35.217521 ], [ -90.017901, 35.217383 ], [ -90.018147, 35.217314 ], [ -90.018291, 35.217294 ], [ -90.018528, 35.217284 ], [ -90.018626, 35.21728 ], [ -90.019676, 35.217304 ], [ -90.020059, 35.217313 ], [ -90.020377, 35.21732 ], [ -90.02039, 35.217319 ], [ -90.021025, 35.217312 ], [ -90.021384, 35.217284 ], [ -90.021556, 35.217272 ], [ -90.021714, 35.217249 ], [ -90.021805, 35.217234 ], [ -90.022038, 35.217182 ], [ -90.022465, 35.217088 ], [ -90.022932, 35.21698 ], [ -90.023008, 35.216962 ], [ -90.023331, 35.216887 ] ] ] } },
{ "type": "Feature", "properties": { "STATEFP": "47", "COUNTYFP": "157", "TRACTCE": "010001", "GEOID": "47157010001", "GEOIDFQ": "1400000US47157010001", "NAME": "100.01", "NAMELSAD": "Census Tract 100.01", "MTFCC": "G5020", "FUNCSTAT": "S", "ALAND": 2544452, "AWATER": 0, "INTPTLAT": "+35.2367198", "INTPTLON": "-089.9850661", "geoid": "47157010001" }, "geometry": { "type": "Polygon", "coordinates": [ [ [ -89.993671, 35.233098 ], [ -89.993645, 35.233377 ], [ -89.993481, 35.234093 ], [ -89.99346, 35.234186 ], [ -89.993439, 35.234398 ], [ -89.993438, 35.234503 ], [ -89.993436, 35.234619 ], [ -89.993432, 35.23497 ], [ -89.993432, 35.235088 ], [ -89.993429, 35.23524 ], [ -89.993426, 35.23542 ], [ -89.993424, 35.235696 ], [ -89.993423, 35.235849 ], [ -89.993416, 35.236287 ], [ -89.993397, 35.237603 ], [ -89.993395, 35.237807 ], [ -89.993386, 35.238042 ], [ -89.993371, 35.238439 ], [ -89.993328, 35.239629 ], [ -89.993314, 35.240027 ], [ -89.993299, 35.240417 ], [ -89.993257, 35.241587 ], [ -89.993244, 35.241978 ], [ -89.992958, 35.242087 ], [ -89.992265, 35.242353 ], [ -89.992097, 35.242406 ], [ -89.991913, 35.242465 ], [ -89.991803, 35.242485 ], [ -89.991144, 35.242633 ], [ -89.99104, 35.242662 ], [ -89.99098, 35.24268 ], [ -89.990556, 35.242845 ], [ -89.990096, 35.243043 ], [ -89.989181, 35.243556 ], [ -89.988923, 35.24367 ], [ -89.988464, 35.243875 ], [ -89.988226, 35.244022 ], [ -89.988042, 35.244164 ], [ -89.987789, 35.244386 ], [ -89.987618, 35.244537 ], [ -89.987332, 35.244791 ], [ -89.987206, 35.244875 ], [ -89.987142, 35.244906 ], [ -89.986931, 35.244972 ], [ -89.986648, 35.245002 ], [ -89.986319, 35.244997 ], [ -89.98598, 35.244977 ], [ -89.985779, 35.244975 ], [ -89.985368, 35.244971 ], [ -89.984572, 35.244966 ], [ -89.984512, 35.244966 ], [ -89.984229, 35.244964 ], [ -89.983236, 35.244961 ], [ -89.9832, 35.24496 ], [ -89.982858, 35.244956 ], [ -89.982664, 35.244965 ], [ -89.982085, 35.244993 ], [ -89.981892, 35.245003 ], [ -89.981725, 35.245002 ], [ -89.981499, 35.244978 ], [ -89.981433, 35.24496 ], [ -89.98112, 35.244878 ], [ -89.980101, 35.244581 ], [ -89.97979, 35.24449 ], [ -89.979729, 35.244473 ], [ -89.979659, 35.244451 ], [ -89.979275, 35.244324 ], [ -89.979134, 35.244256 ], [ -89.979124, 35.244249 ], [ -89.978987, 35.244143 ], [ -89.978811, 35.24394 ], [ -89.978321, 35.243255 ], [ -89.978079, 35.242915 ], [ -89.978069, 35.242903 ], [ -89.977934, 35.242737 ], [ -89.977777, 35.24259 ], [ -89.977657, 35.242513 ], [ -89.977474, 35.24241 ], [ -89.977254, 35.242325 ], [ -89.977227, 35.242317 ], [ -89.977048, 35.242275 ], [ -89.976822, 35.242261 ], [ -89.976569, 35.242267 ], [ -89.975875, 35.242307 ], [ -89.975229, 35.242229 ], [ -89.975232, 35.241357 ], [ -89.975263, 35.239709 ], [ -89.975268, 35.239184 ], [ -89.97534, 35.236992 ], [ -89.975369, 35.23637 ], [ -89.975375, 35.236268 ], [ -89.975403, 35.235798 ], [ -89.975463, 35.23432 ], [ -89.975444, 35.234099 ], [ -89.97543, 35.23393 ], [ -89.975403, 35.233377 ], [ -89.975655, 35.233338 ], [ -89.975715, 35.233329 ], [ -89.975989, 35.233251 ], [ -89.976396, 35.233143 ], [ -89.976644, 35.233079 ], [ -89.976835, 35.23303 ], [ -89.977005, 35.232987 ], [ -89.977413, 35.232895 ], [ -89.977607, 35.232853 ], [ -89.977662, 35.232839 ], [ -89.97783, 35.232799 ], [ -89.977886, 35.232786 ], [ -89.978099, 35.232737 ], [ -89.978742, 35.232592 ], [ -89.978956, 35.232544 ], [ -89.979143, 35.232496 ], [ -89.979315, 35.232453 ], [ -89.979706, 35.232354 ], [ -89.979894, 35.232307 ], [ -89.979977, 35.232287 ], [ -89.980228, 35.23223 ], [ -89.980312, 35.232211 ], [ -89.980366, 35.232197 ], [ -89.98053, 35.232157 ], [ -89.980585, 35.232144 ], [ -89.980825, 35.23209 ], [ -89.980924, 35.232067 ], [ -89.981149, 35.232018 ], [ -89.981438, 35.231978 ], [ -89.981757, 35.23197 ], [ -89.981957, 35.231989 ], [ -89.982303, 35.232022 ], [ -89.982358, 35.23176 ], [ -89.982364, 35.231734 ], [ -89.98249, 35.231136 ], [ -89.982713, 35.230088 ], [ -89.982877, 35.229317 ], [ -89.982913, 35.229146 ], [ -89.982967, 35.228956 ], [ -89.983078, 35.228726 ], [ -89.983206, 35.228537 ], [ -89.983328, 35.228401 ], [ -89.98375, 35.228026 ], [ -89.983846, 35.2279 ], [ -89.984284, 35.22793 ], [ -89.984595, 35.227952 ], [ -89.98479, 35.227954 ], [ -89.985601, 35.227948 ], [ -89.986041, 35.227946 ], [ -89.986819, 35.227952 ], [ -89.98684, 35.227953 ], [ -89.987158, 35.227978 ], [ -89.987588, 35.228037 ], [ -89.987763, 35.228049 ], [ -89.988506, 35.227991 ], [ -89.988721, 35.227989 ], [ -89.989147, 35.22801 ], [ -89.989228, 35.228014 ], [ -89.989616, 35.228064 ], [ -89.989922, 35.228082 ], [ -89.990588, 35.228099 ], [ -89.99069, 35.228102 ], [ -89.992345, 35.228105 ], [ -89.992588, 35.228114 ], [ -89.993255, 35.228139 ], [ -89.993272, 35.228341 ], [ -89.993323, 35.22895 ], [ -89.993341, 35.229153 ], [ -89.993376, 35.229568 ], [ -89.993481, 35.230813 ], [ -89.993502, 35.231055 ], [ -89.99352, 35.231228 ], [ -89.993538, 35.231474 ], [ -89.993546, 35.23158 ], [ -89.993601, 35.232214 ], [ -89.993623, 35.232461 ], [ -89.993654, 35.232873 ], [ -89.993671, 35.233098 ] ] ] } },
{ "type": "Feature", "properties": { "STATEFP": "47", "COUNTYFP": "157", "TRACTCE": "011402", "GEOID": "47157011402", "GEOIDFQ": "1400000US47157011402", "NAME": "114.02", "NAMELSAD": "Census Tract 114.02", "MTFCC": "G5020", "FUNCSTAT": "S", "ALAND": 1660302, "AWATER": 0, "INTPTLAT": "+35.1364743", "INTPTLON": "-090.0491579", "geoid": "47157011402" }, "geometry": { "type": "Polygon", "coordinates": [ [ [ -90.055079, 35.134228 ], [ -90.055061, 35.134434 ], [ -90.054995, 35.134674 ], [ -90.054925, 35.134826 ], [ -90.054757, 35.135137 ], [ -90.054418, 35.135773 ], [ -90.054339, 35.13589 ], [ -90.053698, 35.136729 ], [ -90.053568, 35.136886 ], [ -90.053338, 35.137168 ], [ -90.053187, 35.137366 ], [ -90.053064, 35.137529 ], [ -90.052901, 35.137758 ], [ -90.052427, 35.138425 ], [ -90.052413, 35.138446 ], [ -90.052262, 35.138683 ], [ -90.052171, 35.13885 ], [ -90.052033, 35.139106 ], [ -90.051986, 35.139189 ], [ -90.051912, 35.139356 ], [ -90.051862, 35.13954 ], [ -90.051826, 35.139671 ], [ -90.051821, 35.1397 ], [ -90.051744, 35.14019 ], [ -90.051719, 35.140354 ], [ -90.05169, 35.140544 ], [ -90.051639, 35.140883 ], [ -90.051596, 35.141115 ], [ -90.051562, 35.141305 ], [ -90.051529, 35.141421 ], [ -90.051508, 35.141501 ], [ -90.051412, 35.141764 ], [ -90.051371, 35.141878 ], [ -90.051319, 35.142009 ], [ -90.051167, 35.142403 ], [ -90.051117, 35.142535 ], [ -90.05108, 35.142622 ], [ -90.050972, 35.142886 ], [ -90.050936, 35.142974 ], [ -90.050892, 35.14308 ], [ -90.050763, 35.143398 ], [ -90.05072, 35.143505 ], [ -90.05068, 35.143601 ], [ -90.050562, 35.143891 ], [ -90.050544, 35.143937 ], [ -90.050524, 35.143988 ], [ -90.050481, 35.144094 ], [ -90.050354, 35.144414 ], [ -90.050312, 35.144521 ], [ -90.050271, 35.144623 ], [ -90.050148, 35.144932 ], [ -90.050108, 35.145035 ], [ -90.050069, 35.145132 ], [ -90.049951, 35.145425 ], [ -90.049913, 35.145523 ], [ -90.049878, 35.145608 ], [ -90.049776, 35.145866 ], [ -90.049743, 35.145952 ], [ -90.049721, 35.146007 ], [ -90.049697, 35.146064 ], [ -90.049558, 35.146403 ], [ -90.049513, 35.146516 ], [ -90.049433, 35.146714 ], [ -90.049195, 35.147311 ], [ -90.049116, 35.14751 ], [ -90.049036, 35.14771 ], [ -90.048796, 35.148309 ], [ -90.048717, 35.14851 ], [ -90.048636, 35.148706 ], [ -90.048523, 35.148985 ], [ -90.048399, 35.149297 ], [ -90.048321, 35.149495 ], [ -90.047766, 35.14934 ], [ -90.047058, 35.149143 ], [ -90.0461, 35.148887 ], [ -90.045544, 35.148739 ], [ -90.045319, 35.148683 ], [ -90.044646, 35.148518 ], [ -90.044422, 35.148463 ], [ -90.044431, 35.14824 ], [ -90.044439, 35.14807 ], [ -90.044434, 35.147999 ], [ -90.044379, 35.147736 ], [ -90.044391, 35.147662 ], [ -90.044417, 35.147585 ], [ -90.044491, 35.147375 ], [ -90.044017, 35.147254 ], [ -90.04394, 35.147235 ], [ -90.043867, 35.147215 ], [ -90.044081, 35.146687 ], [ -90.044142, 35.146494 ], [ -90.044171, 35.146365 ], [ -90.044186, 35.146198 ], [ -90.044175, 35.14604 ], [ -90.044129, 35.145869 ], [ -90.044024, 35.145627 ], [ -90.04401, 35.145598 ], [ -90.043847, 35.145275 ], [ -90.043823, 35.145227 ], [ -90.043736, 35.145039 ], [ -90.043644, 35.144802 ], [ -90.043573, 35.144617 ], [ -90.043526, 35.144441 ], [ -90.043504, 35.144208 ], [ -90.043508, 35.144063 ], [ -90.04351, 35.144028 ], [ -90.043553, 35.143815 ], [ -90.043594, 35.143691 ], [ -90.04361, 35.143654 ], [ -90.043682, 35.143503 ], [ -90.043694, 35.143367 ], [ -90.043729, 35.1433 ], [ -90.043906, 35.143096 ], [ -90.044136, 35.142832 ], [ -90.044586, 35.142375 ], [ -90.044803, 35.142093 ], [ -90.044873, 35.14197 ], [ -90.045041, 35.141581 ], [ -90.045278, 35.140985 ], [ -90.045364, 35.14077 ], [ -90.045589, 35.140265 ], [ -90.045668, 35.140028 ], [ -90.04575, 35.13967 ], [ -90.045793, 35.139194 ], [ -90.045825, 35.138944 ], [ -90.045796, 35.138704 ], [ -90.045796, 35.138519 ], [ -90.045796, 35.138331 ], [ -90.045816, 35.138137 ], [ -90.045896, 35.137767 ], [ -90.045948, 35.137617 ], [ -90.046056, 35.137366 ], [ -90.046091, 35.137288 ], [ -90.046151, 35.137161 ], [ -90.046203, 35.136978 ], [ -90.046218, 35.136884 ], [ -90.046232, 35.136796 ], [ -90.046231, 35.136687 ], [ -90.04623, 35.136174 ], [ -90.046228, 35.136093 ], [ -90.046225, 35.135896 ], [ -90.046226, 35.135696 ], [ -90.046228, 35.135511 ], [ -90.046255, 35.135282 ], [ -90.046295, 35.135103 ], [ -90.046306, 35.13506 ], [ -90.046351, 35.134912 ], [ -90.046413, 35.134719 ], [ -90.046511, 35.134417 ], [ -90.046591, 35.13414 ], [ -90.046648, 35.133946 ], [ -90.046864, 35.133253 ], [ -90.046924, 35.133061 ], [ -90.04702, 35.132754 ], [ -90.047048, 35.132667 ], [ -90.047106, 35.132479 ], [ -90.04728, 35.131918 ], [ -90.047295, 35.131872 ], [ -90.047336, 35.13173 ], [ -90.04713, 35.131506 ], [ -90.046705, 35.131043 ], [ -90.04651, 35.130836 ], [ -90.046302, 35.130615 ], [ -90.046002, 35.13029 ], [ -90.04587, 35.130147 ], [ -90.0451, 35.129321 ], [ -90.045027, 35.129242 ], [ -90.044912, 35.129228 ], [ -90.044783, 35.129053 ], [ -90.044694, 35.128916 ], [ -90.044533, 35.128586 ], [ -90.044479, 35.12844 ], [ -90.044429, 35.128298 ], [ -90.044345, 35.128068 ], [ -90.04426, 35.127892 ], [ -90.044197, 35.127796 ], [ -90.043841, 35.127315 ], [ -90.043276, 35.126562 ], [ -90.043247, 35.126524 ], [ -90.043434, 35.126529 ], [ -90.043995, 35.126547 ], [ -90.044182, 35.126553 ], [ -90.044255, 35.126555 ], [ -90.044475, 35.126564 ], [ -90.044549, 35.126567 ], [ -90.045424, 35.126568 ], [ -90.046807, 35.126573 ], [ -90.046947, 35.126579 ], [ -90.047073, 35.126584 ], [ -90.047241, 35.126592 ], [ -90.04771, 35.126602 ], [ -90.047872, 35.126605 ], [ -90.048139, 35.126612 ], [ -90.048484, 35.126622 ], [ -90.048715, 35.126625 ], [ -90.049115, 35.126631 ], [ -90.05011, 35.126661 ], [ -90.050443, 35.126671 ], [ -90.05102, 35.12669 ], [ -90.051465, 35.126705 ], [ -90.051784, 35.12671 ], [ -90.052214, 35.126719 ], [ -90.053078, 35.126747 ], [ -90.054079, 35.126764 ], [ -90.054844, 35.126778 ], [ -90.054842, 35.126825 ], [ -90.054841, 35.126867 ], [ -90.054838, 35.126932 ], [ -90.054836, 35.126966 ], [ -90.054835, 35.127014 ], [ -90.054826, 35.127224 ], [ -90.054802, 35.127855 ], [ -90.054794, 35.128066 ], [ -90.054786, 35.128286 ], [ -90.054764, 35.128949 ], [ -90.054757, 35.12917 ], [ -90.054749, 35.129405 ], [ -90.054726, 35.130112 ], [ -90.054719, 35.130348 ], [ -90.054709, 35.130586 ], [ -90.054682, 35.131302 ], [ -90.054673, 35.131541 ], [ -90.054665, 35.13178 ], [ -90.05466, 35.131937 ], [ -90.054631, 35.132499 ], [ -90.05462, 35.132739 ], [ -90.054626, 35.132873 ], [ -90.05466, 35.133044 ], [ -90.054724, 35.133207 ], [ -90.054803, 35.133341 ], [ -90.054981, 35.133608 ], [ -90.055027, 35.133698 ], [ -90.055075, 35.133871 ], [ -90.055085, 35.134012 ], [ -90.055079, 35.134228 ] ] ] } },
{ "type": "Feature", "properties": { "STATEFP": "47", "COUNTYFP": "157", "TRACTCE": "020543", "GEOID": "47157020543", "GEOIDFQ": "1400000US47157020543", "NAME": "205.43", "NAMELSAD": "Census Tract 205.43", "MTFCC": "G5020", "FUNCSTAT": "S", "ALAND": 4013614, "AWATER": 225517, "INTPTLAT": "+35.1940585", "INTPTLON": "-089.9495065", "geoid": "47157020543" }, "geometry": { "type": "Polygon", "coordinates": [ [ [ -89.958745, 35.20086 ], [ -89.958735, 35.200988 ], [ -89.958678, 35.201284 ], [ -89.958592, 35.201529 ], [ -89.9585, 35.201712 ], [ -89.958394, 35.20187 ], [ -89.958318, 35.20197 ], [ -89.958102, 35.202197 ], [ -89.957837, 35.202437 ], [ -89.957658, 35.202581 ], [ -89.957015, 35.203048 ], [ -89.956233, 35.203618 ], [ -89.955997, 35.203808 ], [ -89.955868, 35.203913 ], [ -89.95569, 35.204104 ], [ -89.95562, 35.204192 ], [ -89.955439, 35.204439 ], [ -89.955407, 35.20449 ], [ -89.955248, 35.204747 ], [ -89.95522, 35.204748 ], [ -89.955139, 35.204751 ], [ -89.955112, 35.204753 ], [ -89.95485, 35.204743 ], [ -89.954712, 35.204738 ], [ -89.954066, 35.204683 ], [ -89.953805, 35.204662 ], [ -89.95312, 35.204598 ], [ -89.951529, 35.204452 ], [ -89.951068, 35.204408 ], [ -89.950385, 35.204344 ], [ -89.950141, 35.204321 ], [ -89.949411, 35.204253 ], [ -89.949168, 35.204231 ], [ -89.948661, 35.204181 ], [ -89.94714, 35.204034 ], [ -89.946633, 35.203986 ], [ -89.945902, 35.203925 ], [ -89.945795, 35.203915 ], [ -89.944661, 35.203814 ], [ -89.944376, 35.203811 ], [ -89.944058, 35.203825 ], [ -89.943901, 35.203843 ], [ -89.943535, 35.203902 ], [ -89.943177, 35.203986 ], [ -89.94289, 35.20408 ], [ -89.942317, 35.204307 ], [ -89.94177, 35.204549 ], [ -89.941633, 35.204611 ], [ -89.941372, 35.204732 ], [ -89.941218, 35.204788 ], [ -89.941078, 35.204841 ], [ -89.940993, 35.20487 ], [ -89.940924, 35.204893 ], [ -89.940415, 35.205045 ], [ -89.940133, 35.205114 ], [ -89.939871, 35.20518 ], [ -89.93955, 35.205252 ], [ -89.938813, 35.205412 ], [ -89.938419, 35.205472 ], [ -89.938104, 35.205486 ], [ -89.937741, 35.205467 ], [ -89.937225, 35.205405 ], [ -89.93715, 35.205397 ], [ -89.936755, 35.205323 ], [ -89.936264, 35.205204 ], [ -89.935765, 35.205074 ], [ -89.935431, 35.204987 ], [ -89.935121, 35.20489 ], [ -89.934948, 35.204819 ], [ -89.934748, 35.204683 ], [ -89.934626, 35.204574 ], [ -89.934529, 35.204453 ], [ -89.934461, 35.204346 ], [ -89.934244, 35.203999 ], [ -89.93419, 35.203909 ], [ -89.933582, 35.204157 ], [ -89.93346, 35.204208 ], [ -89.932999, 35.204396 ], [ -89.932564, 35.204534 ], [ -89.932152, 35.204627 ], [ -89.931725, 35.204695 ], [ -89.931698, 35.204696 ], [ -89.931545, 35.204707 ], [ -89.931341, 35.204722 ], [ -89.931292, 35.204726 ], [ -89.931043, 35.20473 ], [ -89.930608, 35.204713 ], [ -89.930484, 35.2047 ], [ -89.930156, 35.204664 ], [ -89.929915, 35.204638 ], [ -89.929631, 35.204607 ], [ -89.929565, 35.2046 ], [ -89.929494, 35.204592 ], [ -89.92931, 35.204572 ], [ -89.92913, 35.204553 ], [ -89.928709, 35.204537 ], [ -89.928345, 35.204551 ], [ -89.928265, 35.204555 ], [ -89.928024, 35.20458 ], [ -89.927822, 35.204608 ], [ -89.927394, 35.204694 ], [ -89.926997, 35.204808 ], [ -89.926151, 35.205088 ], [ -89.925731, 35.205187 ], [ -89.925266, 35.205242 ], [ -89.924605, 35.205283 ], [ -89.924188, 35.205309 ], [ -89.924073, 35.205314 ], [ -89.924025, 35.205312 ], [ -89.923586, 35.205301 ], [ -89.923545, 35.2053 ], [ -89.923478, 35.205299 ], [ -89.923385, 35.205297 ], [ -89.923014, 35.205287 ], [ -89.922932, 35.205285 ], [ -89.922495, 35.205276 ], [ -89.921904, 35.205265 ], [ -89.921811, 35.205264 ], [ -89.921716, 35.205312 ], [ -89.921609, 35.20531 ], [ -89.921546, 35.20531 ], [ -89.921547, 35.205259 ], [ -89.921547, 35.205181 ], [ -89.921547, 35.205171 ], [ -89.921553, 35.20484 ], [ -89.921557, 35.204754 ], [ -89.921564, 35.204616 ], [ -89.921578, 35.204469 ], [ -89.921611, 35.204296 ], [ -89.921654, 35.204072 ], [ -89.921789, 35.203668 ], [ -89.92192, 35.203379 ], [ -89.922054, 35.203085 ], [ -89.922175, 35.202827 ], [ -89.92254, 35.202055 ], [ -89.922575, 35.201983 ], [ -89.922635, 35.201856 ], [ -89.922662, 35.201798 ], [ -89.92293, 35.201916 ], [ -89.923678, 35.202247 ], [ -89.92374, 35.202265 ], [ -89.923898, 35.202313 ], [ -89.923968, 35.202335 ], [ -89.924021, 35.202354 ], [ -89.924161, 35.20242 ], [ -89.924241, 35.202413 ], [ -89.924823, 35.202369 ], [ -89.925875, 35.202552 ], [ -89.928046, 35.202471 ], [ -89.930082, 35.201928 ], [ -89.931207, 35.201723 ], [ -89.931575, 35.201657 ], [ -89.932356, 35.201182 ], [ -89.933034, 35.200028 ], [ -89.933238, 35.199485 ], [ -89.932763, 35.197415 ], [ -89.932121, 35.196412 ], [ -89.931647, 35.196116 ], [ -89.931324, 35.195739 ], [ -89.931091, 35.195213 ], [ -89.930929, 35.194484 ], [ -89.931007, 35.194065 ], [ -89.931348, 35.193515 ], [ -89.931671, 35.193324 ], [ -89.932089, 35.193216 ], [ -89.932776, 35.19324 ], [ -89.933506, 35.193348 ], [ -89.933882, 35.193533 ], [ -89.933978, 35.193778 ], [ -89.93393, 35.194149 ], [ -89.933918, 35.194502 ], [ -89.933996, 35.194836 ], [ -89.934247, 35.195087 ], [ -89.934454, 35.195146 ], [ -89.934499, 35.195156 ], [ -89.934685, 35.195196 ], [ -89.934881, 35.195273 ], [ -89.935389, 35.195207 ], [ -89.935813, 35.195022 ], [ -89.936052, 35.194824 ], [ -89.936232, 35.194436 ], [ -89.936268, 35.194091 ], [ -89.936316, 35.193847 ], [ -89.936595, 35.193646 ], [ -89.937181, 35.193291 ], [ -89.93778, 35.192928 ], [ -89.939462, 35.19186 ], [ -89.939635, 35.191814 ], [ -89.939991, 35.191664 ], [ -89.940235, 35.191536 ], [ -89.940416, 35.191436 ], [ -89.940501, 35.191381 ], [ -89.94057, 35.191319 ], [ -89.940732, 35.191056 ], [ -89.940822, 35.190862 ], [ -89.940868, 35.19075 ], [ -89.940976, 35.190563 ], [ -89.941167, 35.190335 ], [ -89.941187, 35.190311 ], [ -89.941225, 35.190261 ], [ -89.941259, 35.190195 ], [ -89.941304, 35.19009 ], [ -89.941329, 35.190033 ], [ -89.941359, 35.189803 ], [ -89.941368, 35.189788 ], [ -89.941593, 35.189624 ], [ -89.942022, 35.189153 ], [ -89.942731, 35.188438 ], [ -89.942939, 35.188192 ], [ -89.942964, 35.188112 ], [ -89.944149, 35.186608 ], [ -89.944349, 35.18661 ], [ -89.944615, 35.186616 ], [ -89.944689, 35.1866 ], [ -89.944792, 35.186578 ], [ -89.944821, 35.186564 ], [ -89.945355, 35.186312 ], [ -89.946097, 35.186043 ], [ -89.946471, 35.186034 ], [ -89.946562, 35.186047 ], [ -89.946536, 35.186032 ], [ -89.94829, 35.185934 ], [ -89.948462, 35.185984 ], [ -89.948694, 35.185994 ], [ -89.948991, 35.186052 ], [ -89.949189, 35.18614 ], [ -89.949325, 35.186178 ], [ -89.949597, 35.186185 ], [ -89.950055, 35.186218 ], [ -89.950286, 35.186214 ], [ -89.9504, 35.186196 ], [ -89.950465, 35.186166 ], [ -89.950582, 35.186085 ], [ -89.950613, 35.186068 ], [ -89.950648, 35.186055 ], [ -89.950904, 35.185989 ], [ -89.951282, 35.185937 ], [ -89.951499, 35.185894 ], [ -89.951984, 35.185841 ], [ -89.952351, 35.185842 ], [ -89.952868, 35.185848 ], [ -89.953527, 35.18579 ], [ -89.954422, 35.18567 ], [ -89.955033, 35.185577 ], [ -89.955261, 35.185572 ], [ -89.955543, 35.185525 ], [ -89.955559, 35.185523 ], [ -89.955572, 35.18552 ], [ -89.955936, 35.185469 ], [ -89.956088, 35.185415 ], [ -89.956489, 35.185389 ], [ -89.956609, 35.185368 ], [ -89.957484, 35.185213 ], [ -89.957606, 35.185146 ], [ -89.95755, 35.185296 ], [ -89.957494, 35.185445 ], [ -89.957488, 35.185462 ], [ -89.95686, 35.187143 ], [ -89.956783, 35.187375 ], [ -89.956759, 35.187445 ], [ -89.956689, 35.187657 ], [ -89.956666, 35.187728 ], [ -89.956614, 35.187949 ], [ -89.956579, 35.18814 ], [ -89.956535, 35.188391 ], [ -89.956493, 35.188738 ], [ -89.956477, 35.18893 ], [ -89.95646, 35.189397 ], [ -89.95646, 35.189409 ], [ -89.956443, 35.189819 ], [ -89.956435, 35.189989 ], [ -89.95642, 35.190372 ], [ -89.956419, 35.190409 ], [ -89.956415, 35.190502 ], [ -89.956414, 35.190547 ], [ -89.95641, 35.190673 ], [ -89.956409, 35.190692 ], [ -89.956406, 35.190771 ], [ -89.956396, 35.191068 ], [ -89.956393, 35.191167 ], [ -89.956389, 35.19135 ], [ -89.956381, 35.191776 ], [ -89.956376, 35.191902 ], [ -89.956369, 35.192086 ], [ -89.956368, 35.192101 ], [ -89.956362, 35.192287 ], [ -89.95634, 35.192893 ], [ -89.956334, 35.193095 ], [ -89.956328, 35.193254 ], [ -89.956312, 35.193733 ], [ -89.956307, 35.193893 ], [ -89.956294, 35.194291 ], [ -89.956319, 35.194571 ], [ -89.956325, 35.194629 ], [ -89.956381, 35.194907 ], [ -89.95647, 35.195214 ], [ -89.956593, 35.195515 ], [ -89.95677, 35.195836 ], [ -89.956918, 35.196051 ], [ -89.957179, 35.196386 ], [ -89.957422, 35.196696 ], [ -89.957602, 35.196919 ], [ -89.958004, 35.197435 ], [ -89.95801, 35.197443 ], [ -89.95823, 35.197765 ], [ -89.958415, 35.198115 ], [ -89.958562, 35.19849 ], [ -89.958663, 35.198896 ], [ -89.958698, 35.199161 ], [ -89.958702, 35.19924 ], [ -89.95874, 35.199894 ], [ -89.958744, 35.19996 ], [ -89.958766, 35.200624 ], [ -89.958745, 35.20086 ] ] ] } },
{ "type": "Feature", "properties": { "STATEFP": "47", "COUNTYFP": "157", "TRACTCE": "001100", "GEOID": "47157001100", "GEOIDFQ": "1400000US47157001100", "NAME": "11", "NAMELSAD": "Census Tract 11", "MTFCC": "G5020", "FUNCSTAT": "S", "ALAND": 1751408, "AWATER": 0, "INTPTLAT": "+35.1674040", "INTPTLON": "-089.9411009", "geoid": "47157001100" }, "geometry": { "type": "Polygon", "coordinates": [ [ [ -89.95303, 35.164571 ], [ -89.952598, 35.164858 ], [ -89.952528, 35.164908 ], [ -89.952365, 35.165027 ], [ -89.952157, 35.165177 ], [ -89.952061, 35.165247 ], [ -89.951552, 35.16565 ], [ -89.951352, 35.16581 ], [ -89.951203, 35.165935 ], [ -89.950757, 35.166309 ], [ -89.950609, 35.166435 ], [ -89.950564, 35.166472 ], [ -89.950482, 35.166539 ], [ -89.949983, 35.166959 ], [ -89.949219, 35.167594 ], [ -89.94904, 35.167736 ], [ -89.948847, 35.167891 ], [ -89.948494, 35.168153 ], [ -89.948311, 35.16829 ], [ -89.948115, 35.168426 ], [ -89.947526, 35.168837 ], [ -89.947331, 35.168974 ], [ -89.947136, 35.169111 ], [ -89.94655, 35.169523 ], [ -89.946356, 35.169661 ], [ -89.94616, 35.169797 ], [ -89.945574, 35.170205 ], [ -89.945379, 35.170342 ], [ -89.945129, 35.170517 ], [ -89.944382, 35.171044 ], [ -89.944134, 35.17122 ], [ -89.943811, 35.171453 ], [ -89.943789, 35.17147 ], [ -89.943495, 35.171697 ], [ -89.943398, 35.171772 ], [ -89.942883, 35.172208 ], [ -89.94258, 35.172466 ], [ -89.94242, 35.172604 ], [ -89.942066, 35.17296 ], [ -89.941743, 35.173342 ], [ -89.941338, 35.173882 ], [ -89.941307, 35.173917 ], [ -89.939941, 35.175355 ], [ -89.939634, 35.175445 ], [ -89.938715, 35.175717 ], [ -89.938409, 35.175808 ], [ -89.938396, 35.175789 ], [ -89.938359, 35.175734 ], [ -89.938347, 35.175716 ], [ -89.938265, 35.175623 ], [ -89.938016, 35.175465 ], [ -89.936955, 35.174792 ], [ -89.936799, 35.174693 ], [ -89.936599, 35.174572 ], [ -89.936352, 35.174409 ], [ -89.935613, 35.173921 ], [ -89.935364, 35.173763 ], [ -89.935108, 35.173599 ], [ -89.934344, 35.17311 ], [ -89.934169, 35.173025 ], [ -89.934067, 35.172985 ], [ -89.93389, 35.172953 ], [ -89.933565, 35.172942 ], [ -89.933575, 35.172408 ], [ -89.933586, 35.171917 ], [ -89.933592, 35.171476 ], [ -89.933601, 35.170965 ], [ -89.933606, 35.170153 ], [ -89.933609, 35.169712 ], [ -89.933572, 35.169712 ], [ -89.933463, 35.169712 ], [ -89.933427, 35.169712 ], [ -89.933427, 35.169677 ], [ -89.933429, 35.169575 ], [ -89.93343, 35.169541 ], [ -89.933441, 35.169171 ], [ -89.933475, 35.168062 ], [ -89.933487, 35.167693 ], [ -89.933489, 35.167629 ], [ -89.933496, 35.16744 ], [ -89.933499, 35.167377 ], [ -89.933504, 35.167176 ], [ -89.933522, 35.166576 ], [ -89.933528, 35.166376 ], [ -89.933532, 35.166216 ], [ -89.933547, 35.165737 ], [ -89.933552, 35.165578 ], [ -89.933556, 35.165419 ], [ -89.93357, 35.164943 ], [ -89.933575, 35.164785 ], [ -89.933579, 35.164625 ], [ -89.933595, 35.164148 ], [ -89.9336, 35.16399 ], [ -89.93361, 35.16367 ], [ -89.933643, 35.16271 ], [ -89.933646, 35.162651 ], [ -89.933642, 35.16239 ], [ -89.933885, 35.162394 ], [ -89.934614, 35.162406 ], [ -89.934857, 35.16241 ], [ -89.935371, 35.162421 ], [ -89.936914, 35.162454 ], [ -89.937429, 35.162465 ], [ -89.937702, 35.16247 ], [ -89.938524, 35.162486 ], [ -89.938798, 35.162492 ], [ -89.938935, 35.162495 ], [ -89.939353, 35.162505 ], [ -89.939484, 35.162492 ], [ -89.93951, 35.162181 ], [ -89.939569, 35.161489 ], [ -89.939588, 35.161248 ], [ -89.939613, 35.160938 ], [ -89.940385, 35.161073 ], [ -89.940661, 35.161131 ], [ -89.941333, 35.16125 ], [ -89.94143, 35.161268 ], [ -89.941721, 35.161322 ], [ -89.941818, 35.16134 ], [ -89.941935, 35.161361 ], [ -89.942286, 35.161426 ], [ -89.942403, 35.161448 ], [ -89.9425, 35.161465 ], [ -89.942793, 35.161519 ], [ -89.942891, 35.161538 ], [ -89.943122, 35.161581 ], [ -89.943814, 35.161712 ], [ -89.944046, 35.161756 ], [ -89.944287, 35.161808 ], [ -89.94501, 35.161964 ], [ -89.945252, 35.162017 ], [ -89.945602, 35.162086 ], [ -89.946655, 35.162293 ], [ -89.947006, 35.162362 ], [ -89.947225, 35.162404 ], [ -89.947885, 35.162533 ], [ -89.948105, 35.162576 ], [ -89.949555, 35.162862 ], [ -89.950822, 35.163119 ], [ -89.950963, 35.163179 ], [ -89.953199, 35.16446 ], [ -89.95303, 35.164571 ] ] ] } },
{ "type": "Feature", "properties": { "STATEFP": "47", "COUNTYFP": "157", "TRACTCE": "000700", "GEOID": "47157000700", "GEOIDFQ": "1400000US47157000700", "NAME": "7", "NAMELSAD": "Census Tract 7", "MTFCC": "G5020", "FUNCSTAT": "S", "ALAND": 2497535, "AWATER": 0, "INTPTLAT": "+35.1673199", "INTPTLON": "-089.9957721", "geoid": "47157000700" }, "geometry": { "type": "Polygon", "coordinates": [ [ [ -90.010337, 35.165163 ], [ -90.010338, 35.165238 ], [ -90.010344, 35.165539 ], [ -90.010309, 35.166816 ], [ -90.010296, 35.167342 ], [ -90.010273, 35.16773 ], [ -90.010222, 35.168035 ], [ -90.010195, 35.168159 ], [ -90.010134, 35.168374 ], [ -90.010039, 35.168629 ], [ -90.009896, 35.168936 ], [ -90.009337, 35.170029 ], [ -90.009259, 35.170181 ], [ -90.009024, 35.17065 ], [ -90.008982, 35.170733 ], [ -90.008794, 35.171104 ], [ -90.008676, 35.171384 ], [ -90.008558, 35.171766 ], [ -90.008501, 35.172052 ], [ -90.008489, 35.172304 ], [ -90.008474, 35.172663 ], [ -90.008471, 35.17272 ], [ -90.007546, 35.172684 ], [ -90.004773, 35.172578 ], [ -90.003849, 35.172543 ], [ -90.003114, 35.172513 ], [ -90.002148, 35.172475 ], [ -90.000909, 35.172428 ], [ -90.000174, 35.172401 ], [ -89.999283, 35.172373 ], [ -89.999031, 35.172366 ], [ -89.996612, 35.172305 ], [ -89.995722, 35.172283 ], [ -89.995685, 35.172282 ], [ -89.995577, 35.17228 ], [ -89.995541, 35.17228 ], [ -89.99528, 35.172275 ], [ -89.994571, 35.172245 ], [ -89.993375, 35.172195 ], [ -89.99166, 35.172175 ], [ -89.991433, 35.172172 ], [ -89.99069, 35.172165 ], [ -89.989902, 35.172129 ], [ -89.987539, 35.172024 ], [ -89.986752, 35.171989 ], [ -89.986532, 35.17198 ], [ -89.985875, 35.171953 ], [ -89.985656, 35.171945 ], [ -89.985456, 35.171938 ], [ -89.984857, 35.17192 ], [ -89.984658, 35.171914 ], [ -89.984452, 35.171909 ], [ -89.983834, 35.171894 ], [ -89.983629, 35.171889 ], [ -89.983635, 35.171846 ], [ -89.983654, 35.171721 ], [ -89.983661, 35.171679 ], [ -89.983663, 35.171606 ], [ -89.983673, 35.171388 ], [ -89.983677, 35.171316 ], [ -89.98368, 35.171227 ], [ -89.983691, 35.170962 ], [ -89.983695, 35.170874 ], [ -89.983697, 35.170804 ], [ -89.983707, 35.170595 ], [ -89.983711, 35.170526 ], [ -89.983714, 35.170435 ], [ -89.983726, 35.170165 ], [ -89.98373, 35.170075 ], [ -89.983732, 35.170014 ], [ -89.98374, 35.169831 ], [ -89.983743, 35.169771 ], [ -89.983747, 35.169652 ], [ -89.983762, 35.169296 ], [ -89.983766, 35.169197 ], [ -89.983767, 35.169178 ], [ -89.98377, 35.169078 ], [ -89.983783, 35.168778 ], [ -89.983788, 35.168679 ], [ -89.983814, 35.167994 ], [ -89.983811, 35.167913 ], [ -89.983828, 35.167267 ], [ -89.983831, 35.167186 ], [ -89.983861, 35.166503 ], [ -89.983894, 35.165718 ], [ -89.983899, 35.165619 ], [ -89.983916, 35.165325 ], [ -89.983922, 35.165227 ], [ -89.983926, 35.165148 ], [ -89.983942, 35.164913 ], [ -89.983948, 35.164835 ], [ -89.983959, 35.164664 ], [ -89.983969, 35.164515 ], [ -89.983979, 35.164152 ], [ -89.983985, 35.163982 ], [ -89.983987, 35.163918 ], [ -89.983997, 35.163726 ], [ -89.984001, 35.163663 ], [ -89.984005, 35.16356 ], [ -89.984019, 35.163255 ], [ -89.984024, 35.163153 ], [ -89.98403, 35.162986 ], [ -89.98405, 35.162489 ], [ -89.984057, 35.162323 ], [ -89.984063, 35.162209 ], [ -89.984084, 35.161867 ], [ -89.984085, 35.161857 ], [ -89.984087, 35.161812 ], [ -89.984089, 35.161753 ], [ -89.984092, 35.161664 ], [ -89.984101, 35.161401 ], [ -89.984105, 35.161313 ], [ -89.984112, 35.1611 ], [ -89.984136, 35.160465 ], [ -89.984144, 35.160253 ], [ -89.984148, 35.160135 ], [ -89.984161, 35.159782 ], [ -89.984166, 35.159665 ], [ -89.984167, 35.15965 ], [ -89.984174, 35.159506 ], [ -89.9842, 35.159032 ], [ -89.984203, 35.15899 ], [ -89.984207, 35.158932 ], [ -89.984216, 35.158875 ], [ -89.984397, 35.158915 ], [ -89.98494, 35.159038 ], [ -89.985122, 35.159079 ], [ -89.985243, 35.159106 ], [ -89.985576, 35.159182 ], [ -89.985609, 35.159187 ], [ -89.985732, 35.159209 ], [ -89.985848, 35.15923 ], [ -89.985874, 35.159232 ], [ -89.986314, 35.159279 ], [ -89.98645, 35.159293 ], [ -89.987275, 35.159371 ], [ -89.988349, 35.159472 ], [ -89.990118, 35.159634 ], [ -89.99072, 35.159668 ], [ -89.990826, 35.159676 ], [ -89.990918, 35.159682 ], [ -89.991009, 35.159688 ], [ -89.991038, 35.159712 ], [ -89.991077, 35.159774 ], [ -89.991112, 35.159836 ], [ -89.991202, 35.160018 ], [ -89.991028, 35.160111 ], [ -89.990822, 35.160178 ], [ -89.990766, 35.160216 ], [ -89.99055, 35.160288 ], [ -89.990376, 35.160375 ], [ -89.990138, 35.16054 ], [ -89.98999, 35.160672 ], [ -89.989829, 35.160798 ], [ -89.989609, 35.160928 ], [ -89.989453, 35.160999 ], [ -89.989141, 35.161104 ], [ -89.988925, 35.161148 ], [ -89.988754, 35.16117 ], [ -89.988371, 35.161199 ], [ -89.988087, 35.161261 ], [ -89.987904, 35.161325 ], [ -89.987691, 35.161442 ], [ -89.987538, 35.161551 ], [ -89.987378, 35.161705 ], [ -89.987281, 35.161823 ], [ -89.98717, 35.162026 ], [ -89.987111, 35.162173 ], [ -89.98708, 35.162339 ], [ -89.987163, 35.162337 ], [ -89.989588, 35.162589 ], [ -89.989687, 35.162582 ], [ -89.990933, 35.162724 ], [ -89.992094, 35.162843 ], [ -89.992185, 35.162852 ], [ -89.993208, 35.162957 ], [ -89.993437, 35.162981 ], [ -89.993691, 35.163007 ], [ -89.994454, 35.163085 ], [ -89.994709, 35.163112 ], [ -89.994958, 35.163142 ], [ -89.99534, 35.163189 ], [ -89.995708, 35.163227 ], [ -89.995959, 35.163253 ], [ -89.996201, 35.163278 ], [ -89.996369, 35.163296 ], [ -89.996732, 35.163318 ], [ -89.996931, 35.163337 ], [ -89.997174, 35.163362 ], [ -89.997406, 35.163385 ], [ -89.998104, 35.163456 ], [ -89.998337, 35.16348 ], [ -89.998574, 35.163504 ], [ -89.999285, 35.163576 ], [ -89.999522, 35.163601 ], [ -89.999749, 35.163627 ], [ -89.999998, 35.163656 ], [ -90.000432, 35.163705 ], [ -90.00066, 35.163732 ], [ -90.000865, 35.163749 ], [ -90.001481, 35.163803 ], [ -90.001687, 35.163821 ], [ -90.001913, 35.163844 ], [ -90.002591, 35.163913 ], [ -90.002817, 35.163936 ], [ -90.00306, 35.16396 ], [ -90.003788, 35.164032 ], [ -90.004032, 35.164057 ], [ -90.004079, 35.164061 ], [ -90.004221, 35.164076 ], [ -90.004269, 35.164081 ], [ -90.004454, 35.164099 ], [ -90.00501, 35.164155 ], [ -90.005196, 35.164174 ], [ -90.005373, 35.164192 ], [ -90.005785, 35.164234 ], [ -90.005904, 35.164246 ], [ -90.006081, 35.164265 ], [ -90.006259, 35.164283 ], [ -90.007243, 35.164384 ], [ -90.00731, 35.16439 ], [ -90.008314, 35.164492 ], [ -90.008928, 35.164557 ], [ -90.00935, 35.164602 ], [ -90.0102, 35.164698 ], [ -90.010359, 35.164713 ], [ -90.010337, 35.165163 ] ] ] } },
{ "type": "Feature", "properties": { "STATEFP": "47", "COUNTYFP": "157", "TRACTCE": "000800", "GEOID": "47157000800", "GEOIDFQ": "1400000US47157000800", "NAME": "8", "NAMELSAD": "Census Tract 8", "MTFCC": "G5020", "FUNCSTAT": "S", "ALAND": 2037629, "AWATER": 154343, "INTPTLAT": "+35.1784196", "INTPTLON": "-089.9722247", "geoid": "47157000800" }, "geometry": { "type": "Polygon", "coordinates": [ [ [ -89.983624, 35.171917 ], [ -89.983611, 35.172001 ], [ -89.983608, 35.17203 ], [ -89.983591, 35.17253 ], [ -89.983543, 35.174031 ], [ -89.983533, 35.174346 ], [ -89.983543, 35.174403 ], [ -89.983571, 35.174456 ], [ -89.983625, 35.174497 ], [ -89.983575, 35.174505 ], [ -89.983424, 35.174529 ], [ -89.983375, 35.174538 ], [ -89.983217, 35.174562 ], [ -89.982745, 35.174636 ], [ -89.982588, 35.174661 ], [ -89.982552, 35.174666 ], [ -89.982443, 35.174681 ], [ -89.982408, 35.174687 ], [ -89.982262, 35.174707 ], [ -89.981823, 35.174768 ], [ -89.981678, 35.174789 ], [ -89.981641, 35.174792 ], [ -89.981529, 35.174803 ], [ -89.981493, 35.174807 ], [ -89.981492, 35.174843 ], [ -89.981491, 35.174904 ], [ -89.981489, 35.174953 ], [ -89.981488, 35.17499 ], [ -89.981479, 35.175206 ], [ -89.981453, 35.175857 ], [ -89.981448, 35.176011 ], [ -89.981445, 35.176074 ], [ -89.98143, 35.176386 ], [ -89.981411, 35.176832 ], [ -89.981393, 35.177322 ], [ -89.981383, 35.177635 ], [ -89.98138, 35.177687 ], [ -89.981373, 35.177846 ], [ -89.981371, 35.177899 ], [ -89.981366, 35.178 ], [ -89.981352, 35.178303 ], [ -89.981348, 35.178405 ], [ -89.981345, 35.178461 ], [ -89.981338, 35.178631 ], [ -89.981337, 35.178688 ], [ -89.981333, 35.178785 ], [ -89.981322, 35.179076 ], [ -89.981319, 35.179174 ], [ -89.981313, 35.179327 ], [ -89.981297, 35.179788 ], [ -89.981292, 35.179942 ], [ -89.981287, 35.180112 ], [ -89.981272, 35.180622 ], [ -89.981267, 35.180792 ], [ -89.981145, 35.18079 ], [ -89.980779, 35.180787 ], [ -89.980657, 35.180786 ], [ -89.980643, 35.180786 ], [ -89.980511, 35.180802 ], [ -89.980464, 35.180809 ], [ -89.980328, 35.180833 ], [ -89.979899, 35.18095 ], [ -89.979762, 35.180988 ], [ -89.979711, 35.180997 ], [ -89.979571, 35.181019 ], [ -89.979519, 35.181018 ], [ -89.978939, 35.18101 ], [ -89.978746, 35.181008 ], [ -89.978511, 35.181004 ], [ -89.977808, 35.180993 ], [ -89.977574, 35.18099 ], [ -89.977338, 35.180986 ], [ -89.976632, 35.180974 ], [ -89.976397, 35.180971 ], [ -89.976153, 35.180965 ], [ -89.975421, 35.180948 ], [ -89.975271, 35.180945 ], [ -89.975177, 35.180944 ], [ -89.975171, 35.181142 ], [ -89.975155, 35.181736 ], [ -89.97515, 35.181935 ], [ -89.975135, 35.182339 ], [ -89.975134, 35.182359 ], [ -89.975096, 35.183633 ], [ -89.975095, 35.183698 ], [ -89.975127, 35.184057 ], [ -89.975185, 35.184343 ], [ -89.975288, 35.184656 ], [ -89.975441, 35.184993 ], [ -89.975602, 35.185421 ], [ -89.975697, 35.185947 ], [ -89.975794, 35.186078 ], [ -89.9758, 35.186476 ], [ -89.975802, 35.186563 ], [ -89.975802, 35.187313 ], [ -89.975863, 35.187399 ], [ -89.975862, 35.187653 ], [ -89.975862, 35.18782 ], [ -89.975862, 35.187936 ], [ -89.975862, 35.188052 ], [ -89.975795, 35.188036 ], [ -89.97574, 35.18803 ], [ -89.975708, 35.188026 ], [ -89.975177, 35.188037 ], [ -89.97451, 35.188113 ], [ -89.974432, 35.188123 ], [ -89.974344, 35.18813 ], [ -89.974212, 35.188131 ], [ -89.973858, 35.188145 ], [ -89.973593, 35.188139 ], [ -89.972904, 35.188081 ], [ -89.972773, 35.188064 ], [ -89.972644, 35.188038 ], [ -89.972389, 35.187963 ], [ -89.971942, 35.187807 ], [ -89.971722, 35.187756 ], [ -89.971681, 35.187743 ], [ -89.971404, 35.187631 ], [ -89.971102, 35.187481 ], [ -89.970882, 35.187363 ], [ -89.970639, 35.187208 ], [ -89.970622, 35.187199 ], [ -89.970529, 35.187148 ], [ -89.970428, 35.187078 ], [ -89.970301, 35.186979 ], [ -89.970094, 35.186845 ], [ -89.969936, 35.18672 ], [ -89.969849, 35.186639 ], [ -89.969539, 35.186385 ], [ -89.969481, 35.186333 ], [ -89.969403, 35.186246 ], [ -89.96926, 35.18611 ], [ -89.969195, 35.186062 ], [ -89.968879, 35.185875 ], [ -89.96874, 35.185778 ], [ -89.96868, 35.185726 ], [ -89.968629, 35.185668 ], [ -89.96856, 35.185576 ], [ -89.968449, 35.185465 ], [ -89.968362, 35.185341 ], [ -89.968248, 35.185231 ], [ -89.968154, 35.185155 ], [ -89.968033, 35.185006 ], [ -89.967923, 35.184894 ], [ -89.967903, 35.184862 ], [ -89.96778, 35.184713 ], [ -89.967725, 35.184657 ], [ -89.967607, 35.184551 ], [ -89.96744, 35.184384 ], [ -89.967346, 35.184308 ], [ -89.967178, 35.184192 ], [ -89.967105, 35.184152 ], [ -89.967081, 35.184141 ], [ -89.966912, 35.184064 ], [ -89.966885, 35.184039 ], [ -89.966847, 35.183974 ], [ -89.966804, 35.183911 ], [ -89.966777, 35.183843 ], [ -89.966691, 35.183679 ], [ -89.966646, 35.183617 ], [ -89.966562, 35.183518 ], [ -89.966521, 35.18347 ], [ -89.966492, 35.183443 ], [ -89.966391, 35.183373 ], [ -89.966204, 35.183278 ], [ -89.966181, 35.183271 ], [ -89.96558, 35.183095 ], [ -89.965412, 35.183052 ], [ -89.965329, 35.183026 ], [ -89.965244, 35.183006 ], [ -89.96507, 35.182983 ], [ -89.964844, 35.182967 ], [ -89.964673, 35.182955 ], [ -89.964496, 35.182961 ], [ -89.964408, 35.18297 ], [ -89.964388, 35.182964 ], [ -89.96439, 35.182878 ], [ -89.964392, 35.182793 ], [ -89.964395, 35.182632 ], [ -89.964446, 35.182139 ], [ -89.964575, 35.180895 ], [ -89.964729, 35.179672 ], [ -89.964833, 35.178852 ], [ -89.964844, 35.17875 ], [ -89.964877, 35.178448 ], [ -89.964889, 35.178347 ], [ -89.96493, 35.17801 ], [ -89.965055, 35.177 ], [ -89.965097, 35.176664 ], [ -89.965146, 35.176185 ], [ -89.965295, 35.174751 ], [ -89.965345, 35.174273 ], [ -89.96541, 35.173681 ], [ -89.965566, 35.172266 ], [ -89.965607, 35.171905 ], [ -89.965673, 35.171314 ], [ -89.965717, 35.171303 ], [ -89.965851, 35.171273 ], [ -89.965896, 35.171263 ], [ -89.966642, 35.171285 ], [ -89.968661, 35.171347 ], [ -89.968881, 35.171351 ], [ -89.969628, 35.171366 ], [ -89.969781, 35.171391 ], [ -89.969884, 35.171394 ], [ -89.970658, 35.17142 ], [ -89.970917, 35.171429 ], [ -89.971129, 35.171429 ], [ -89.971168, 35.171429 ], [ -89.971766, 35.171454 ], [ -89.971811, 35.171456 ], [ -89.971979, 35.171462 ], [ -89.972212, 35.171469 ], [ -89.972913, 35.171493 ], [ -89.973147, 35.171501 ], [ -89.973381, 35.171508 ], [ -89.974084, 35.171531 ], [ -89.974319, 35.171539 ], [ -89.974554, 35.171546 ], [ -89.975258, 35.171569 ], [ -89.975422, 35.171575 ], [ -89.975494, 35.171577 ], [ -89.975497, 35.171434 ], [ -89.975509, 35.171007 ], [ -89.975513, 35.170865 ], [ -89.976156, 35.17108 ], [ -89.976936, 35.171315 ], [ -89.977084, 35.17135 ], [ -89.977802, 35.171521 ], [ -89.978731, 35.171665 ], [ -89.979437, 35.171741 ], [ -89.981984, 35.17183 ], [ -89.983629, 35.171889 ], [ -89.983624, 35.171917 ] ] ] } },
{ "type": "Feature", "properties": { "STATEFP": "47", "COUNTYFP": "157", "TRACTCE": "000900", "GEOID": "47157000900", "GEOIDFQ": "1400000US47157000900", "NAME": "9", "NAMELSAD": "Census Tract 9", "MTFCC": "G5020", "FUNCSTAT": "S", "ALAND": 2365336, "AWATER": 0, "INTPTLAT": "+35.1648970", "INTPTLON": "-089.9752408", "geoid": "47157000900" }, "geometry": { "type": "Polygon", "coordinates": [ [ [ -89.984207, 35.158932 ], [ -89.984203, 35.15899 ], [ -89.9842, 35.159032 ], [ -89.984174, 35.159506 ], [ -89.984167, 35.15965 ], [ -89.984166, 35.159665 ], [ -89.984161, 35.159782 ], [ -89.984148, 35.160135 ], [ -89.984144, 35.160253 ], [ -89.984136, 35.160465 ], [ -89.984112, 35.1611 ], [ -89.984105, 35.161313 ], [ -89.984101, 35.161401 ], [ -89.984092, 35.161664 ], [ -89.984089, 35.161753 ], [ -89.984087, 35.161812 ], [ -89.984085, 35.161857 ], [ -89.984084, 35.161867 ], [ -89.984063, 35.162209 ], [ -89.984057, 35.162323 ], [ -89.98405, 35.162489 ], [ -89.98403, 35.162986 ], [ -89.984024, 35.163153 ], [ -89.984019, 35.163255 ], [ -89.984005, 35.16356 ], [ -89.984001, 35.163663 ], [ -89.983997, 35.163726 ], [ -89.983987, 35.163918 ], [ -89.983985, 35.163982 ], [ -89.983979, 35.164152 ], [ -89.983969, 35.164515 ], [ -89.983959, 35.164664 ], [ -89.983948, 35.164835 ], [ -89.983942, 35.164913 ], [ -89.983926, 35.165148 ], [ -89.983922, 35.165227 ], [ -89.983916, 35.165325 ], [ -89.983899, 35.165619 ], [ -89.983894, 35.165718 ], [ -89.983861, 35.166503 ], [ -89.983831, 35.167186 ], [ -89.983828, 35.167267 ], [ -89.983811, 35.167913 ], [ -89.983814, 35.167994 ], [ -89.983788, 35.168679 ], [ -89.983783, 35.168778 ], [ -89.98377, 35.169078 ], [ -89.983767, 35.169178 ], [ -89.983766, 35.169197 ], [ -89.983762, 35.169296 ], [ -89.983747, 35.169652 ], [ -89.983743, 35.169771 ], [ -89.98374, 35.169831 ], [ -89.983732, 35.170014 ], [ -89.98373, 35.170075 ], [ -89.983726, 35.170165 ], [ -89.983714, 35.170435 ], [ -89.983711, 35.170526 ], [ -89.983707, 35.170595 ], [ -89.983697, 35.170804 ], [ -89.983695, 35.170874 ], [ -89.983691, 35.170962 ], [ -89.98368, 35.171227 ], [ -89.983677, 35.171316 ], [ -89.983673, 35.171388 ], [ -89.983663, 35.171606 ], [ -89.983661, 35.171679 ], [ -89.983654, 35.171721 ], [ -89.983635, 35.171846 ], [ -89.983629, 35.171889 ], [ -89.981984, 35.17183 ], [ -89.979437, 35.171741 ], [ -89.978731, 35.171665 ], [ -89.977802, 35.171521 ], [ -89.977084, 35.17135 ], [ -89.976936, 35.171315 ], [ -89.976156, 35.17108 ], [ -89.975513, 35.170865 ], [ -89.975509, 35.171007 ], [ -89.975497, 35.171434 ], [ -89.975494, 35.171577 ], [ -89.975422, 35.171575 ], [ -89.975258, 35.171569 ], [ -89.974554, 35.171546 ], [ -89.974319, 35.171539 ], [ -89.974084, 35.171531 ], [ -89.973381, 35.171508 ], [ -89.973147, 35.171501 ], [ -89.972913, 35.171493 ], [ -89.972212, 35.171469 ], [ -89.971979, 35.171462 ], [ -89.971811, 35.171456 ], [ -89.971766, 35.171454 ], [ -89.971168, 35.171429 ], [ -89.971129, 35.171429 ], [ -89.970917, 35.171429 ], [ -89.970658, 35.17142 ], [ -89.969884, 35.171394 ], [ -89.969781, 35.171391 ], [ -89.969628, 35.171366 ], [ -89.968881, 35.171351 ], [ -89.968661, 35.171347 ], [ -89.966642, 35.171285 ], [ -89.965896, 35.171263 ], [ -89.965851, 35.171273 ], [ -89.965717, 35.171303 ], [ -89.965673, 35.171314 ], [ -89.965765, 35.170512 ], [ -89.96584, 35.169868 ], [ -89.965923, 35.169137 ], [ -89.966034, 35.168107 ], [ -89.966122, 35.167306 ], [ -89.966154, 35.16693 ], [ -89.966251, 35.165805 ], [ -89.966284, 35.16543 ], [ -89.966338, 35.164959 ], [ -89.966432, 35.16415 ], [ -89.96688, 35.160313 ], [ -89.967013, 35.159172 ], [ -89.967022, 35.159101 ], [ -89.967029, 35.159034 ], [ -89.967257, 35.15898 ], [ -89.967944, 35.15882 ], [ -89.968173, 35.158767 ], [ -89.968348, 35.158727 ], [ -89.968429, 35.158709 ], [ -89.968875, 35.158607 ], [ -89.969051, 35.158567 ], [ -89.969402, 35.158486 ], [ -89.969446, 35.158476 ], [ -89.970782, 35.158164 ], [ -89.971355, 35.158026 ], [ -89.971555, 35.15798 ], [ -89.97165, 35.157962 ], [ -89.971914, 35.157933 ], [ -89.972376, 35.157923 ], [ -89.972664, 35.157919 ], [ -89.972928, 35.157916 ], [ -89.973723, 35.15791 ], [ -89.973988, 35.157909 ], [ -89.974191, 35.157908 ], [ -89.974802, 35.157906 ], [ -89.975006, 35.157906 ], [ -89.975204, 35.157904 ], [ -89.975798, 35.157901 ], [ -89.975997, 35.1579 ], [ -89.976083, 35.157899 ], [ -89.976341, 35.157899 ], [ -89.976428, 35.157899 ], [ -89.976551, 35.157898 ], [ -89.976922, 35.157896 ], [ -89.977046, 35.157896 ], [ -89.977126, 35.157895 ], [ -89.977369, 35.157894 ], [ -89.97745, 35.157894 ], [ -89.97757, 35.157893 ], [ -89.97793, 35.157892 ], [ -89.978051, 35.157892 ], [ -89.978136, 35.157891 ], [ -89.978393, 35.157889 ], [ -89.978479, 35.157889 ], [ -89.978599, 35.157888 ], [ -89.978962, 35.157888 ], [ -89.979052, 35.157888 ], [ -89.979083, 35.157888 ], [ -89.979183, 35.157888 ], [ -89.97945, 35.157891 ], [ -89.979483, 35.157893 ], [ -89.979583, 35.1579 ], [ -89.979711, 35.157908 ], [ -89.979733, 35.15791 ], [ -89.97995, 35.157938 ], [ -89.980006, 35.157945 ], [ -89.980095, 35.157959 ], [ -89.980223, 35.15798 ], [ -89.980295, 35.157996 ], [ -89.980511, 35.158045 ], [ -89.980583, 35.158062 ], [ -89.980776, 35.158109 ], [ -89.981068, 35.158181 ], [ -89.98136, 35.158239 ], [ -89.981556, 35.158279 ], [ -89.981783, 35.158323 ], [ -89.981873, 35.158343 ], [ -89.982822, 35.158557 ], [ -89.982984, 35.158594 ], [ -89.983139, 35.15863 ], [ -89.983164, 35.158635 ], [ -89.983239, 35.158653 ], [ -89.983265, 35.158659 ], [ -89.983289, 35.158664 ], [ -89.983363, 35.158681 ], [ -89.983388, 35.158687 ], [ -89.983502, 35.158712 ], [ -89.983553, 35.158723 ], [ -89.983571, 35.158728 ], [ -89.983741, 35.158767 ], [ -89.983842, 35.158789 ], [ -89.98405, 35.158836 ], [ -89.984216, 35.158875 ], [ -89.984207, 35.158932 ] ] ] } },
{ "type": "Feature", "properties": { "STATEFP": "47", "COUNTYFP": "157", "TRACTCE": "005500", "GEOID": "47157005500", "GEOIDFQ": "1400000US47157005500", "NAME": "55", "NAMELSAD": "Census Tract 55", "MTFCC": "G5020", "FUNCSTAT": "S", "ALAND": 3355152, "AWATER": 0, "INTPTLAT": "+35.0939257", "INTPTLON": "-090.0593626", "geoid": "47157005500" }, "geometry": { "type": "Polygon", "coordinates": [ [ [ -90.06751, 35.093335 ], [ -90.067501, 35.093443 ], [ -90.067477, 35.093778 ], [ -90.067453, 35.094046 ], [ -90.067451, 35.094057 ], [ -90.067444, 35.094143 ], [ -90.067432, 35.094262 ], [ -90.067413, 35.094457 ], [ -90.067391, 35.094694 ], [ -90.067346, 35.094934 ], [ -90.067311, 35.095036 ], [ -90.067248, 35.095222 ], [ -90.067145, 35.095431 ], [ -90.067117, 35.095489 ], [ -90.067026, 35.095626 ], [ -90.066731, 35.095995 ], [ -90.066586, 35.096178 ], [ -90.066543, 35.096232 ], [ -90.066475, 35.096325 ], [ -90.066151, 35.096775 ], [ -90.066044, 35.096925 ], [ -90.065948, 35.097056 ], [ -90.065663, 35.097449 ], [ -90.065568, 35.097581 ], [ -90.065511, 35.09766 ], [ -90.06549, 35.097698 ], [ -90.065438, 35.097799 ], [ -90.065395, 35.098002 ], [ -90.065384, 35.098104 ], [ -90.065371, 35.098245 ], [ -90.065355, 35.098376 ], [ -90.065311, 35.09877 ], [ -90.065296, 35.098902 ], [ -90.06528, 35.099043 ], [ -90.065233, 35.099469 ], [ -90.065218, 35.099611 ], [ -90.065202, 35.099749 ], [ -90.065155, 35.100166 ], [ -90.06514, 35.100305 ], [ -90.065123, 35.100445 ], [ -90.065076, 35.100867 ], [ -90.065061, 35.101008 ], [ -90.065045, 35.101148 ], [ -90.064998, 35.101568 ], [ -90.064983, 35.101709 ], [ -90.064979, 35.1018 ], [ -90.064969, 35.102075 ], [ -90.064966, 35.102167 ], [ -90.064959, 35.10232 ], [ -90.064941, 35.102782 ], [ -90.064935, 35.102937 ], [ -90.064927, 35.103131 ], [ -90.064906, 35.103713 ], [ -90.0649, 35.103908 ], [ -90.064893, 35.104076 ], [ -90.064876, 35.104581 ], [ -90.06487, 35.10475 ], [ -90.064865, 35.104861 ], [ -90.064852, 35.105195 ], [ -90.064848, 35.105307 ], [ -90.06484, 35.105502 ], [ -90.06482, 35.106089 ], [ -90.064813, 35.106285 ], [ -90.064808, 35.106386 ], [ -90.064797, 35.10669 ], [ -90.064794, 35.106792 ], [ -90.064787, 35.106991 ], [ -90.064768, 35.107588 ], [ -90.064762, 35.107788 ], [ -90.064648, 35.107785 ], [ -90.064306, 35.107779 ], [ -90.064193, 35.107777 ], [ -90.064043, 35.107774 ], [ -90.063596, 35.107765 ], [ -90.063447, 35.107762 ], [ -90.063235, 35.107757 ], [ -90.062602, 35.107744 ], [ -90.062391, 35.10774 ], [ -90.062181, 35.107737 ], [ -90.062151, 35.107736 ], [ -90.061434, 35.107721 ], [ -90.061195, 35.107716 ], [ -90.061119, 35.107714 ], [ -90.060891, 35.107709 ], [ -90.060816, 35.107708 ], [ -90.060676, 35.107704 ], [ -90.060256, 35.107695 ], [ -90.060116, 35.107692 ], [ -90.059977, 35.107689 ], [ -90.059561, 35.107681 ], [ -90.059423, 35.107679 ], [ -90.059258, 35.107675 ], [ -90.058763, 35.107665 ], [ -90.058599, 35.107662 ], [ -90.058436, 35.107658 ], [ -90.058061, 35.10765 ], [ -90.057948, 35.107647 ], [ -90.057786, 35.107645 ], [ -90.057616, 35.107642 ], [ -90.057486, 35.107638 ], [ -90.057215, 35.107632 ], [ -90.056588, 35.107619 ], [ -90.056289, 35.107613 ], [ -90.056097, 35.107609 ], [ -90.056074, 35.107609 ], [ -90.055522, 35.107597 ], [ -90.055387, 35.107595 ], [ -90.055331, 35.107593 ], [ -90.055273, 35.107592 ], [ -90.055172, 35.107588 ], [ -90.055136, 35.107587 ], [ -90.054697, 35.107582 ], [ -90.054539, 35.107581 ], [ -90.054393, 35.107579 ], [ -90.053957, 35.107575 ], [ -90.053812, 35.107574 ], [ -90.053728, 35.107572 ], [ -90.053681, 35.107572 ], [ -90.053479, 35.107568 ], [ -90.053396, 35.107567 ], [ -90.053345, 35.107449 ], [ -90.053286, 35.10731 ], [ -90.053102, 35.106877 ], [ -90.052969, 35.106535 ], [ -90.052868, 35.106275 ], [ -90.052836, 35.106157 ], [ -90.052781, 35.105952 ], [ -90.052752, 35.105802 ], [ -90.052729, 35.105683 ], [ -90.052722, 35.105647 ], [ -90.052701, 35.10554 ], [ -90.052695, 35.105505 ], [ -90.052677, 35.105419 ], [ -90.052657, 35.105318 ], [ -90.052641, 35.105161 ], [ -90.052633, 35.105075 ], [ -90.052628, 35.104954 ], [ -90.052622, 35.1048 ], [ -90.052626, 35.104592 ], [ -90.052629, 35.104472 ], [ -90.052636, 35.104356 ], [ -90.05265, 35.104155 ], [ -90.052669, 35.104011 ], [ -90.052685, 35.103897 ], [ -90.052695, 35.103817 ], [ -90.052725, 35.103577 ], [ -90.052736, 35.103498 ], [ -90.052741, 35.103455 ], [ -90.052758, 35.103325 ], [ -90.052764, 35.103283 ], [ -90.052779, 35.103169 ], [ -90.052824, 35.10283 ], [ -90.05284, 35.102717 ], [ -90.052853, 35.102596 ], [ -90.052894, 35.102236 ], [ -90.052909, 35.102117 ], [ -90.052924, 35.102 ], [ -90.052972, 35.101652 ], [ -90.052989, 35.101536 ], [ -90.05315, 35.100348 ], [ -90.053395, 35.098545 ], [ -90.053572, 35.097227 ], [ -90.053637, 35.096788 ], [ -90.053813, 35.095603 ], [ -90.053948, 35.094616 ], [ -90.053968, 35.094465 ], [ -90.054152, 35.093125 ], [ -90.054393, 35.091478 ], [ -90.054436, 35.091053 ], [ -90.054484, 35.090581 ], [ -90.054495, 35.089908 ], [ -90.05448, 35.089482 ], [ -90.054476, 35.089368 ], [ -90.054412, 35.088722 ], [ -90.054335, 35.088214 ], [ -90.0543, 35.087984 ], [ -90.054271, 35.087794 ], [ -90.054002, 35.086477 ], [ -90.053775, 35.085238 ], [ -90.053759, 35.08515 ], [ -90.053542, 35.084012 ], [ -90.053477, 35.083647 ], [ -90.053282, 35.082554 ], [ -90.053218, 35.08219 ], [ -90.053174, 35.082034 ], [ -90.053044, 35.081569 ], [ -90.053001, 35.081414 ], [ -90.052885, 35.080784 ], [ -90.052848, 35.080582 ], [ -90.052633, 35.079322 ], [ -90.052563, 35.078893 ], [ -90.052537, 35.078732 ], [ -90.052462, 35.078262 ], [ -90.052437, 35.078121 ], [ -90.052832, 35.078151 ], [ -90.052976, 35.078163 ], [ -90.053924, 35.078225 ], [ -90.054273, 35.078309 ], [ -90.054891, 35.078442 ], [ -90.055389, 35.07858 ], [ -90.055828, 35.07873 ], [ -90.056704, 35.079069 ], [ -90.057254, 35.079285 ], [ -90.057376, 35.079333 ], [ -90.057427, 35.079353 ], [ -90.058165, 35.079623 ], [ -90.058199, 35.079636 ], [ -90.058384, 35.079694 ], [ -90.058977, 35.079881 ], [ -90.059083, 35.079907 ], [ -90.059519, 35.080012 ], [ -90.060071, 35.080106 ], [ -90.060414, 35.08015 ], [ -90.060897, 35.080171 ], [ -90.061304, 35.080183 ], [ -90.061901, 35.080177 ], [ -90.0625, 35.080128 ], [ -90.063046, 35.080063 ], [ -90.063048, 35.080103 ], [ -90.063049, 35.080119 ], [ -90.063053, 35.080204 ], [ -90.063055, 35.080273 ], [ -90.063063, 35.080483 ], [ -90.063066, 35.080553 ], [ -90.063067, 35.080591 ], [ -90.063071, 35.080708 ], [ -90.063073, 35.080747 ], [ -90.063076, 35.080828 ], [ -90.063078, 35.08087 ], [ -90.063082, 35.080932 ], [ -90.063104, 35.08119 ], [ -90.063114, 35.081237 ], [ -90.06314, 35.081358 ], [ -90.063203, 35.081562 ], [ -90.063337, 35.081987 ], [ -90.063344, 35.082038 ], [ -90.063393, 35.082175 ], [ -90.063465, 35.082377 ], [ -90.063469, 35.08239 ], [ -90.063483, 35.082429 ], [ -90.063488, 35.082443 ], [ -90.063516, 35.082523 ], [ -90.063596, 35.082751 ], [ -90.06372, 35.083078 ], [ -90.063865, 35.08346 ], [ -90.06435, 35.085009 ], [ -90.064445, 35.085309 ], [ -90.064511, 35.085666 ], [ -90.064526, 35.085744 ], [ -90.064562, 35.085869 ], [ -90.064739, 35.086473 ], [ -90.064799, 35.086675 ], [ -90.064873, 35.086945 ], [ -90.064904, 35.087107 ], [ -90.064968, 35.087335 ], [ -90.065033, 35.087515 ], [ -90.06511, 35.087669 ], [ -90.065262, 35.087866 ], [ -90.065428, 35.088036 ], [ -90.065613, 35.088219 ], [ -90.065775, 35.088438 ], [ -90.06589, 35.088661 ], [ -90.065945, 35.088821 ], [ -90.065976, 35.088969 ], [ -90.066019, 35.089474 ], [ -90.066025, 35.089533 ], [ -90.066041, 35.08961 ], [ -90.066128, 35.090016 ], [ -90.066157, 35.090152 ], [ -90.066186, 35.090287 ], [ -90.066273, 35.090694 ], [ -90.066303, 35.09083 ], [ -90.066338, 35.090975 ], [ -90.066423, 35.091326 ], [ -90.066458, 35.091407 ], [ -90.066518, 35.091545 ], [ -90.066593, 35.091672 ], [ -90.066637, 35.09173 ], [ -90.067038, 35.092258 ], [ -90.067172, 35.092435 ], [ -90.067184, 35.092452 ], [ -90.06722, 35.092506 ], [ -90.067232, 35.092524 ], [ -90.06725, 35.092551 ], [ -90.067258, 35.092565 ], [ -90.067335, 35.092692 ], [ -90.067361, 35.092735 ], [ -90.067402, 35.092832 ], [ -90.067431, 35.0929 ], [ -90.067448, 35.092958 ], [ -90.067499, 35.093134 ], [ -90.067505, 35.093239 ], [ -90.067506, 35.093271 ], [ -90.06751, 35.093335 ] ] ] } },
{ "type": "Feature", "properties": { "STATEFP": "47", "COUNTYFP": "157", "TRACTCE": "010220", "GEOID": "47157010220", "GEOIDFQ": "1400000US47157010220", "NAME": "102.20", "NAMELSAD": "Census Tract 102.20", "MTFCC": "G5020", "FUNCSTAT": "S", "ALAND": 10486450, "AWATER": 167930, "INTPTLAT": "+35.1998545", "INTPTLON": "-089.9828738", "geoid": "47157010220" }, "geometry": { "type": "Polygon", "coordinates": [ [ [ -90.008106, 35.189569 ], [ -90.008081, 35.190137 ], [ -90.008045, 35.191455 ], [ -90.008041, 35.191642 ], [ -90.008038, 35.191712 ], [ -90.008031, 35.191922 ], [ -90.00803, 35.191994 ], [ -90.008029, 35.192028 ], [ -90.008027, 35.192152 ], [ -90.008027, 35.192169 ], [ -90.008014, 35.192471 ], [ -90.008014, 35.192485 ], [ -90.008009, 35.192633 ], [ -90.008005, 35.192792 ], [ -90.008005, 35.192887 ], [ -90.008, 35.193307 ], [ -90.007938, 35.193361 ], [ -90.007845, 35.193438 ], [ -90.00777, 35.193503 ], [ -90.007737, 35.19353 ], [ -90.007651, 35.193603 ], [ -90.007199, 35.194044 ], [ -90.007167, 35.194074 ], [ -90.007084, 35.194154 ], [ -90.006979, 35.194257 ], [ -90.006546, 35.194669 ], [ -90.006511, 35.194704 ], [ -90.006116, 35.195109 ], [ -90.005642, 35.195631 ], [ -90.005422, 35.195873 ], [ -90.005325, 35.195982 ], [ -90.005163, 35.196166 ], [ -90.00493, 35.196431 ], [ -90.00472, 35.196707 ], [ -90.0047, 35.196735 ], [ -90.004644, 35.196818 ], [ -90.004138, 35.197568 ], [ -90.0041, 35.197625 ], [ -90.003988, 35.197799 ], [ -90.003952, 35.197861 ], [ -90.003514, 35.198309 ], [ -90.003326, 35.198472 ], [ -90.003075, 35.198647 ], [ -90.002913, 35.198745 ], [ -90.002891, 35.198756 ], [ -90.002322, 35.199051 ], [ -90.002291, 35.199068 ], [ -90.002136, 35.199157 ], [ -90.00197, 35.199253 ], [ -90.001936, 35.199281 ], [ -90.001806, 35.199391 ], [ -90.001671, 35.199545 ], [ -90.001592, 35.19967 ], [ -90.001535, 35.199787 ], [ -90.001519, 35.199834 ], [ -90.001444, 35.200057 ], [ -90.001386, 35.200242 ], [ -90.001247, 35.200694 ], [ -90.001203, 35.200797 ], [ -90.001129, 35.200977 ], [ -90.001102, 35.201022 ], [ -90.001025, 35.201156 ], [ -90.000909, 35.201369 ], [ -90.000737, 35.201637 ], [ -90.000348, 35.202258 ], [ -90.000108, 35.202863 ], [ -90.000028, 35.203084 ], [ -89.999879, 35.203392 ], [ -89.99978, 35.203568 ], [ -89.999611, 35.20378 ], [ -89.999409, 35.203982 ], [ -89.999131, 35.204214 ], [ -89.998869, 35.204412 ], [ -89.998644, 35.204575 ], [ -89.998336, 35.20474 ], [ -89.997992, 35.204873 ], [ -89.99772, 35.204952 ], [ -89.997429, 35.205022 ], [ -89.997225, 35.205075 ], [ -89.996965, 35.205134 ], [ -89.996733, 35.205204 ], [ -89.996515, 35.205283 ], [ -89.996326, 35.205373 ], [ -89.996009, 35.205562 ], [ -89.995904, 35.205636 ], [ -89.995487, 35.20594 ], [ -89.995149, 35.206189 ], [ -89.994921, 35.206387 ], [ -89.994722, 35.206593 ], [ -89.994513, 35.20693 ], [ -89.994407, 35.207179 ], [ -89.994331, 35.207427 ], [ -89.994305, 35.207593 ], [ -89.994281, 35.207774 ], [ -89.99425, 35.2085 ], [ -89.994272, 35.208947 ], [ -89.994279, 35.209067 ], [ -89.994303, 35.209428 ], [ -89.994311, 35.209549 ], [ -89.99431, 35.209618 ], [ -89.994309, 35.209826 ], [ -89.994309, 35.209896 ], [ -89.9943, 35.210065 ], [ -89.994274, 35.210574 ], [ -89.994266, 35.210744 ], [ -89.994258, 35.210915 ], [ -89.994234, 35.211429 ], [ -89.994227, 35.211601 ], [ -89.994218, 35.211783 ], [ -89.994194, 35.212328 ], [ -89.994187, 35.212511 ], [ -89.994143, 35.213485 ], [ -89.994037, 35.215891 ], [ -89.994008, 35.216408 ], [ -89.993998, 35.216591 ], [ -89.993941, 35.216772 ], [ -89.993913, 35.216832 ], [ -89.993907, 35.216846 ], [ -89.993817, 35.21698 ], [ -89.993565, 35.217237 ], [ -89.993308, 35.217229 ], [ -89.993016, 35.21722 ], [ -89.992538, 35.217206 ], [ -89.992282, 35.2172 ], [ -89.991785, 35.217187 ], [ -89.990294, 35.217148 ], [ -89.989798, 35.217136 ], [ -89.989152, 35.217124 ], [ -89.987215, 35.217088 ], [ -89.98657, 35.217076 ], [ -89.986512, 35.217074 ], [ -89.986339, 35.217069 ], [ -89.986282, 35.217068 ], [ -89.985919, 35.217062 ], [ -89.985044, 35.217049 ], [ -89.98488, 35.217067 ], [ -89.984834, 35.217074 ], [ -89.984657, 35.217104 ], [ -89.984483, 35.21716 ], [ -89.984318, 35.217219 ], [ -89.984082, 35.217345 ], [ -89.983906, 35.217477 ], [ -89.982952, 35.2182 ], [ -89.982717, 35.218325 ], [ -89.982228, 35.218518 ], [ -89.981612, 35.218762 ], [ -89.981329, 35.218873 ], [ -89.980482, 35.219207 ], [ -89.9802, 35.219319 ], [ -89.9799, 35.219435 ], [ -89.979761, 35.21949 ], [ -89.979003, 35.219788 ], [ -89.978705, 35.219907 ], [ -89.978076, 35.220152 ], [ -89.97619, 35.220889 ], [ -89.975941, 35.220987 ], [ -89.975647, 35.221083 ], [ -89.975553, 35.221108 ], [ -89.975315, 35.221149 ], [ -89.974945, 35.221172 ], [ -89.9748, 35.221182 ], [ -89.973495, 35.221243 ], [ -89.973113, 35.221255 ], [ -89.972502, 35.221275 ], [ -89.972166, 35.221285 ], [ -89.971965, 35.221291 ], [ -89.970693, 35.221332 ], [ -89.970357, 35.221318 ], [ -89.970214, 35.221313 ], [ -89.969825, 35.221262 ], [ -89.969568, 35.221228 ], [ -89.968962, 35.221148 ], [ -89.968798, 35.221132 ], [ -89.96866, 35.22112 ], [ -89.968541, 35.221114 ], [ -89.968446, 35.22111 ], [ -89.968322, 35.221106 ], [ -89.968161, 35.221108 ], [ -89.968066, 35.22111 ], [ -89.967912, 35.221113 ], [ -89.967814, 35.221076 ], [ -89.967526, 35.221086 ], [ -89.967357, 35.221093 ], [ -89.966534, 35.221097 ], [ -89.965887, 35.221069 ], [ -89.965725, 35.221062 ], [ -89.965379, 35.221043 ], [ -89.965342, 35.22104 ], [ -89.965623, 35.220156 ], [ -89.965862, 35.219408 ], [ -89.966141, 35.218536 ], [ -89.966438, 35.21768 ], [ -89.966486, 35.21751 ], [ -89.966627, 35.217022 ], [ -89.966699, 35.216609 ], [ -89.966753, 35.216313 ], [ -89.966802, 35.215802 ], [ -89.966807, 35.21576 ], [ -89.966753, 35.214623 ], [ -89.966616, 35.213371 ], [ -89.966528, 35.212563 ], [ -89.966258, 35.210085 ], [ -89.966249, 35.210001 ], [ -89.965852, 35.206229 ], [ -89.965663, 35.204585 ], [ -89.965636, 35.204354 ], [ -89.965459, 35.20265 ], [ -89.965348, 35.201578 ], [ -89.96519, 35.200172 ], [ -89.965135, 35.199653 ], [ -89.964972, 35.198099 ], [ -89.964918, 35.197581 ], [ -89.96477, 35.196292 ], [ -89.964512, 35.194021 ], [ -89.964357, 35.192422 ], [ -89.964304, 35.191869 ], [ -89.964271, 35.191531 ], [ -89.964235, 35.191165 ], [ -89.964232, 35.191131 ], [ -89.964206, 35.190887 ], [ -89.964202, 35.190854 ], [ -89.964125, 35.190178 ], [ -89.964081, 35.189791 ], [ -89.964045, 35.189498 ], [ -89.963968, 35.188865 ], [ -89.963874, 35.187849 ], [ -89.963874, 35.187224 ], [ -89.963959, 35.186434 ], [ -89.964066, 35.18554 ], [ -89.964178, 35.184593 ], [ -89.964257, 35.183934 ], [ -89.9643, 35.183509 ], [ -89.964358, 35.183147 ], [ -89.964373, 35.183055 ], [ -89.964388, 35.182964 ], [ -89.964408, 35.18297 ], [ -89.964496, 35.182961 ], [ -89.964673, 35.182955 ], [ -89.964844, 35.182967 ], [ -89.96507, 35.182983 ], [ -89.965244, 35.183006 ], [ -89.965329, 35.183026 ], [ -89.965412, 35.183052 ], [ -89.96558, 35.183095 ], [ -89.966181, 35.183271 ], [ -89.966204, 35.183278 ], [ -89.966391, 35.183373 ], [ -89.966492, 35.183443 ], [ -89.966521, 35.18347 ], [ -89.966562, 35.183518 ], [ -89.966646, 35.183617 ], [ -89.966691, 35.183679 ], [ -89.966777, 35.183843 ], [ -89.966804, 35.183911 ], [ -89.966847, 35.183974 ], [ -89.966885, 35.184039 ], [ -89.966912, 35.184064 ], [ -89.967081, 35.184141 ], [ -89.967105, 35.184152 ], [ -89.967178, 35.184192 ], [ -89.967346, 35.184308 ], [ -89.96744, 35.184384 ], [ -89.967607, 35.184551 ], [ -89.967725, 35.184657 ], [ -89.96778, 35.184713 ], [ -89.967903, 35.184862 ], [ -89.967923, 35.184894 ], [ -89.968033, 35.185006 ], [ -89.968154, 35.185155 ], [ -89.968248, 35.185231 ], [ -89.968362, 35.185341 ], [ -89.968449, 35.185465 ], [ -89.96856, 35.185576 ], [ -89.968629, 35.185668 ], [ -89.96868, 35.185726 ], [ -89.96874, 35.185778 ], [ -89.968879, 35.185875 ], [ -89.969195, 35.186062 ], [ -89.96926, 35.18611 ], [ -89.969403, 35.186246 ], [ -89.969481, 35.186333 ], [ -89.969539, 35.186385 ], [ -89.969849, 35.186639 ], [ -89.969936, 35.18672 ], [ -89.970094, 35.186845 ], [ -89.970301, 35.186979 ], [ -89.970428, 35.187078 ], [ -89.970529, 35.187148 ], [ -89.970622, 35.187199 ], [ -89.970639, 35.187208 ], [ -89.970882, 35.187363 ], [ -89.971102, 35.187481 ], [ -89.971404, 35.187631 ], [ -89.971681, 35.187743 ], [ -89.971722, 35.187756 ], [ -89.971942, 35.187807 ], [ -89.972389, 35.187963 ], [ -89.972644, 35.188038 ], [ -89.972773, 35.188064 ], [ -89.972904, 35.188081 ], [ -89.973593, 35.188139 ], [ -89.973858, 35.188145 ], [ -89.974212, 35.188131 ], [ -89.974344, 35.18813 ], [ -89.974432, 35.188123 ], [ -89.97451, 35.188113 ], [ -89.975177, 35.188037 ], [ -89.975708, 35.188026 ], [ -89.97574, 35.18803 ], [ -89.975795, 35.188036 ], [ -89.975862, 35.188052 ], [ -89.976008, 35.188086 ], [ -89.976048, 35.188101 ], [ -89.976472, 35.188294 ], [ -89.976583, 35.188352 ], [ -89.976663, 35.188385 ], [ -89.976702, 35.188401 ], [ -89.976891, 35.188493 ], [ -89.977439, 35.188726 ], [ -89.977809, 35.188845 ], [ -89.977893, 35.188868 ], [ -89.977937, 35.188873 ], [ -89.978114, 35.188873 ], [ -89.978246, 35.188865 ], [ -89.978334, 35.188855 ], [ -89.978378, 35.188854 ], [ -89.97851, 35.188864 ], [ -89.978643, 35.188865 ], [ -89.978687, 35.188869 ], [ -89.978762, 35.188882 ], [ -89.979019, 35.188827 ], [ -89.979173, 35.188806 ], [ -89.979456, 35.188769 ], [ -89.979542, 35.188751 ], [ -89.979706, 35.188698 ], [ -89.979874, 35.188654 ], [ -89.980019, 35.188607 ], [ -89.980444, 35.18863 ], [ -89.980712, 35.188523 ], [ -89.981085, 35.188375 ], [ -89.981593, 35.188012 ], [ -89.982579, 35.187985 ], [ -89.982708, 35.188013 ], [ -89.983406, 35.188168 ], [ -89.983972, 35.188436 ], [ -89.984421, 35.188976 ], [ -89.984671, 35.189541 ], [ -89.984937, 35.190589 ], [ -89.985144, 35.191064 ], [ -89.985303, 35.191429 ], [ -89.985718, 35.191578 ], [ -89.986782, 35.191578 ], [ -89.987281, 35.191495 ], [ -89.987921, 35.191179 ], [ -89.988354, 35.190755 ], [ -89.988578, 35.190439 ], [ -89.988908, 35.190084 ], [ -89.989103, 35.190049 ], [ -89.989235, 35.190045 ], [ -89.989455, 35.190027 ], [ -89.989541, 35.190008 ], [ -89.989664, 35.189968 ], [ -89.989753, 35.18997 ], [ -89.989884, 35.189987 ], [ -89.990401, 35.190086 ], [ -89.990484, 35.19011 ], [ -89.990542, 35.19013 ], [ -89.990565, 35.190139 ], [ -89.9909, 35.190232 ], [ -89.991157, 35.190284 ], [ -89.991291, 35.19032 ], [ -89.992712, 35.190473 ], [ -89.992784, 35.190481 ], [ -89.993192, 35.190562 ], [ -89.993405, 35.190529 ], [ -89.99353, 35.190502 ], [ -89.993642, 35.190451 ], [ -89.993721, 35.19042 ], [ -89.993926, 35.190363 ], [ -89.994138, 35.19033 ], [ -89.994265, 35.190306 ], [ -89.994301, 35.190287 ], [ -89.99443, 35.190195 ], [ -89.994501, 35.190154 ], [ -89.994578, 35.190122 ], [ -89.99482, 35.190045 ], [ -89.994861, 35.190036 ], [ -89.995074, 35.190003 ], [ -89.995284, 35.189962 ], [ -89.995715, 35.189927 ], [ -89.995885, 35.189907 ], [ -89.996097, 35.189869 ], [ -89.996153, 35.189856 ], [ -89.996963, 35.189442 ], [ -89.99783, 35.18929 ], [ -89.998053, 35.189421 ], [ -90.0003, 35.189055 ], [ -90.001388, 35.18877 ], [ -90.002778, 35.188478 ], [ -90.004, 35.188179 ], [ -90.005346, 35.187974 ], [ -90.006071, 35.187813 ], [ -90.006414, 35.187844 ], [ -90.006668, 35.187867 ], [ -90.006921, 35.18789 ], [ -90.007194, 35.18781 ], [ -90.007373, 35.18779 ], [ -90.007602, 35.187766 ], [ -90.007829, 35.18775 ], [ -90.007911, 35.187741 ], [ -90.00796, 35.187736 ], [ -90.008091, 35.187723 ], [ -90.008089, 35.18775 ], [ -90.008085, 35.187833 ], [ -90.008085, 35.187861 ], [ -90.008079, 35.188 ], [ -90.008076, 35.188253 ], [ -90.008091, 35.1889 ], [ -90.008106, 35.189569 ] ] ] } },
{ "type": "Feature", "properties": { "STATEFP": "47", "COUNTYFP": "157", "TRACTCE": "020221", "GEOID": "47157020221", "GEOIDFQ": "1400000US47157020221", "NAME": "202.21", "NAMELSAD": "Census Tract 202.21", "MTFCC": "G5020", "FUNCSTAT": "S", "ALAND": 52087379, "AWATER": 0, "INTPTLAT": "+35.2937778", "INTPTLON": "-089.9561638", "geoid": "47157020221" }, "geometry": { "type": "Polygon", "coordinates": [ [ [ -90.010002, 35.283854 ], [ -90.009969, 35.284066 ], [ -90.009951, 35.284135 ], [ -90.009924, 35.284203 ], [ -90.009892, 35.284269 ], [ -90.009882, 35.284304 ], [ -90.009836, 35.284404 ], [ -90.009545, 35.284783 ], [ -90.009512, 35.284828 ], [ -90.009232, 35.285105 ], [ -90.008768, 35.285487 ], [ -90.008326, 35.285836 ], [ -90.008173, 35.285965 ], [ -90.007978, 35.286109 ], [ -90.007886, 35.28619 ], [ -90.007799, 35.286267 ], [ -90.007601, 35.286459 ], [ -90.007391, 35.286642 ], [ -90.007294, 35.286715 ], [ -90.007019, 35.286895 ], [ -90.006663, 35.287163 ], [ -90.006132, 35.287642 ], [ -90.006047, 35.287724 ], [ -90.005888, 35.287848 ], [ -90.005754, 35.287941 ], [ -90.00568, 35.287981 ], [ -90.005587, 35.288014 ], [ -90.005562, 35.288059 ], [ -90.005539, 35.288089 ], [ -90.00543, 35.288202 ], [ -90.005364, 35.288249 ], [ -90.005049, 35.288445 ], [ -90.004768, 35.288673 ], [ -90.004672, 35.288746 ], [ -90.004309, 35.289006 ], [ -90.004278, 35.289032 ], [ -90.004202, 35.289119 ], [ -90.004111, 35.289241 ], [ -90.00406, 35.289299 ], [ -90.003966, 35.289419 ], [ -90.003885, 35.289503 ], [ -90.003504, 35.289852 ], [ -90.003413, 35.28993 ], [ -90.003097, 35.290178 ], [ -90.002902, 35.290323 ], [ -90.002566, 35.290608 ], [ -90.002373, 35.290754 ], [ -90.001908, 35.291082 ], [ -90.001732, 35.291242 ], [ -90.001572, 35.29134 ], [ -90.001216, 35.291605 ], [ -90.001182, 35.291627 ], [ -90.001119, 35.291677 ], [ -90.000809, 35.29198 ], [ -90.000745, 35.292029 ], [ -90.000511, 35.292242 ], [ -90.000407, 35.292356 ], [ -90.000337, 35.2924 ], [ -90.000305, 35.292425 ], [ -90.000197, 35.292537 ], [ -90.000007, 35.292777 ], [ -89.999955, 35.292834 ], [ -89.999814, 35.29297 ], [ -89.999521, 35.293281 ], [ -89.999457, 35.29333 ], [ -89.999398, 35.293383 ], [ -89.999376, 35.293414 ], [ -89.999278, 35.293485 ], [ -89.999251, 35.293513 ], [ -89.999229, 35.293544 ], [ -89.998918, 35.293795 ], [ -89.998865, 35.293852 ], [ -89.998794, 35.293894 ], [ -89.99874, 35.29395 ], [ -89.998669, 35.293993 ], [ -89.998638, 35.294018 ], [ -89.998612, 35.294047 ], [ -89.998541, 35.294089 ], [ -89.998349, 35.294285 ], [ -89.998281, 35.294331 ], [ -89.99822, 35.294382 ], [ -89.998124, 35.294454 ], [ -89.997938, 35.294606 ], [ -89.997838, 35.294675 ], [ -89.997699, 35.294764 ], [ -89.997635, 35.294812 ], [ -89.997528, 35.294876 ], [ -89.997464, 35.294924 ], [ -89.997435, 35.294951 ], [ -89.997412, 35.294982 ], [ -89.997289, 35.295083 ], [ -89.997252, 35.295103 ], [ -89.99722, 35.295128 ], [ -89.997045, 35.295287 ], [ -89.996907, 35.295374 ], [ -89.996841, 35.29542 ], [ -89.996817, 35.295447 ], [ -89.996785, 35.295514 ], [ -89.99672, 35.295562 ], [ -89.996691, 35.295589 ], [ -89.996668, 35.295619 ], [ -89.996513, 35.295745 ], [ -89.996488, 35.295775 ], [ -89.996457, 35.2958 ], [ -89.996418, 35.295816 ], [ -89.996384, 35.295839 ], [ -89.996297, 35.295919 ], [ -89.996192, 35.295985 ], [ -89.996073, 35.296091 ], [ -89.996019, 35.296147 ], [ -89.996009, 35.296154 ], [ -89.995957, 35.296197 ], [ -89.995783, 35.296306 ], [ -89.995719, 35.296354 ], [ -89.995683, 35.296374 ], [ -89.995621, 35.296424 ], [ -89.995597, 35.296454 ], [ -89.995507, 35.296533 ], [ -89.995456, 35.296591 ], [ -89.995443, 35.296626 ], [ -89.995275, 35.29674 ], [ -89.995029, 35.296943 ], [ -89.994974, 35.296999 ], [ -89.994912, 35.29705 ], [ -89.994833, 35.297135 ], [ -89.994816, 35.297168 ], [ -89.994735, 35.297251 ], [ -89.994673, 35.297302 ], [ -89.994637, 35.297323 ], [ -89.994586, 35.29738 ], [ -89.994516, 35.297423 ], [ -89.994491, 35.297452 ], [ -89.994459, 35.297477 ], [ -89.99442, 35.297494 ], [ -89.994389, 35.297519 ], [ -89.994365, 35.297549 ], [ -89.99427, 35.297621 ], [ -89.994234, 35.297642 ], [ -89.994176, 35.297696 ], [ -89.994156, 35.297728 ], [ -89.994129, 35.297756 ], [ -89.994017, 35.297814 ], [ -89.993984, 35.297838 ], [ -89.993928, 35.297892 ], [ -89.993766, 35.298014 ], [ -89.993739, 35.298043 ], [ -89.993706, 35.298065 ], [ -89.993666, 35.298079 ], [ -89.993628, 35.298098 ], [ -89.993562, 35.298146 ], [ -89.993483, 35.298177 ], [ -89.993448, 35.298198 ], [ -89.993384, 35.298247 ], [ -89.993325, 35.2983 ], [ -89.993257, 35.298345 ], [ -89.993183, 35.298384 ], [ -89.993079, 35.29845 ], [ -89.993023, 35.298505 ], [ -89.992912, 35.298564 ], [ -89.992872, 35.298578 ], [ -89.992759, 35.298635 ], [ -89.992719, 35.29865 ], [ -89.992606, 35.298705 ], [ -89.992533, 35.298746 ], [ -89.99237, 35.298866 ], [ -89.992237, 35.298893 ], [ -89.992156, 35.298922 ], [ -89.992009, 35.299001 ], [ -89.991866, 35.299085 ], [ -89.991696, 35.299198 ], [ -89.991512, 35.299298 ], [ -89.991448, 35.299347 ], [ -89.991267, 35.299448 ], [ -89.991195, 35.299479 ], [ -89.991114, 35.29952 ], [ -89.99105, 35.299569 ], [ -89.990974, 35.299607 ], [ -89.990934, 35.299622 ], [ -89.990747, 35.299716 ], [ -89.990669, 35.299749 ], [ -89.990548, 35.299792 ], [ -89.990421, 35.299824 ], [ -89.990207, 35.299868 ], [ -89.990045, 35.299925 ], [ -89.98997, 35.299963 ], [ -89.989808, 35.30002 ], [ -89.98961, 35.300098 ], [ -89.989538, 35.300141 ], [ -89.989382, 35.300207 ], [ -89.989308, 35.300245 ], [ -89.989187, 35.300286 ], [ -89.989108, 35.300317 ], [ -89.988994, 35.30037 ], [ -89.988873, 35.300414 ], [ -89.988569, 35.300549 ], [ -89.988491, 35.300589 ], [ -89.988456, 35.300612 ], [ -89.98814, 35.300737 ], [ -89.988071, 35.300781 ], [ -89.988033, 35.3008 ], [ -89.987914, 35.300844 ], [ -89.987799, 35.300898 ], [ -89.987618, 35.301 ], [ -89.987536, 35.301027 ], [ -89.987421, 35.301081 ], [ -89.987387, 35.301103 ], [ -89.987305, 35.301129 ], [ -89.987239, 35.301177 ], [ -89.987126, 35.301232 ], [ -89.986943, 35.301332 ], [ -89.986877, 35.301369 ], [ -89.986797, 35.301399 ], [ -89.98627, 35.301661 ], [ -89.986188, 35.301688 ], [ -89.986111, 35.301723 ], [ -89.985743, 35.301845 ], [ -89.985627, 35.301897 ], [ -89.98543, 35.301977 ], [ -89.985268, 35.302035 ], [ -89.985113, 35.302104 ], [ -89.984992, 35.302147 ], [ -89.98484, 35.30222 ], [ -89.984642, 35.302301 ], [ -89.984489, 35.302371 ], [ -89.984404, 35.302392 ], [ -89.984189, 35.302436 ], [ -89.983884, 35.302477 ], [ -89.983844, 35.302492 ], [ -89.983732, 35.30255 ], [ -89.983661, 35.302592 ], [ -89.983621, 35.302608 ], [ -89.983584, 35.30266 ], [ -89.983527, 35.302715 ], [ -89.983431, 35.302789 ], [ -89.983332, 35.302859 ], [ -89.983244, 35.30294 ], [ -89.983225, 35.302972 ], [ -89.983083, 35.303107 ], [ -89.982994, 35.303186 ], [ -89.982857, 35.303326 ], [ -89.982735, 35.303474 ], [ -89.982678, 35.30357 ], [ -89.982629, 35.30367 ], [ -89.98261, 35.303739 ], [ -89.982593, 35.303772 ], [ -89.98253, 35.303866 ], [ -89.982508, 35.303935 ], [ -89.982502, 35.303971 ], [ -89.982467, 35.304073 ], [ -89.982444, 35.304178 ], [ -89.982366, 35.304455 ], [ -89.982334, 35.304595 ], [ -89.982247, 35.304834 ], [ -89.982146, 35.305143 ], [ -89.982136, 35.305213 ], [ -89.982124, 35.305268 ], [ -89.982093, 35.305421 ], [ -89.982012, 35.305661 ], [ -89.981966, 35.30587 ], [ -89.981933, 35.30619 ], [ -89.981892, 35.306473 ], [ -89.981856, 35.307008 ], [ -89.981859, 35.307257 ], [ -89.981836, 35.307578 ], [ -89.981808, 35.307646 ], [ -89.981715, 35.307995 ], [ -89.981703, 35.308069 ], [ -89.981686, 35.308171 ], [ -89.981651, 35.308991 ], [ -89.981656, 35.309276 ], [ -89.981645, 35.309632 ], [ -89.981614, 35.309735 ], [ -89.981586, 35.309803 ], [ -89.98154, 35.309941 ], [ -89.981449, 35.31014 ], [ -89.981422, 35.310208 ], [ -89.981404, 35.31024 ], [ -89.981378, 35.310322 ], [ -89.981339, 35.310448 ], [ -89.981267, 35.310578 ], [ -89.981205, 35.310629 ], [ -89.981132, 35.310718 ], [ -89.981093, 35.310819 ], [ -89.981086, 35.310891 ], [ -89.981087, 35.310926 ], [ -89.981058, 35.310971 ], [ -89.980977, 35.311055 ], [ -89.98093, 35.311116 ], [ -89.980891, 35.31118 ], [ -89.980867, 35.31121 ], [ -89.980806, 35.311262 ], [ -89.98078, 35.311291 ], [ -89.98074, 35.311354 ], [ -89.980688, 35.311412 ], [ -89.98063, 35.311508 ], [ -89.980534, 35.311628 ], [ -89.980505, 35.311655 ], [ -89.980373, 35.31175 ], [ -89.980372, 35.311857 ], [ -89.980341, 35.312033 ], [ -89.980267, 35.312238 ], [ -89.980191, 35.312366 ], [ -89.980165, 35.312394 ], [ -89.98013, 35.312417 ], [ -89.980101, 35.312443 ], [ -89.980031, 35.312533 ], [ -89.97992, 35.312644 ], [ -89.979827, 35.31272 ], [ -89.979789, 35.312738 ], [ -89.979758, 35.312762 ], [ -89.979731, 35.312791 ], [ -89.979698, 35.312813 ], [ -89.979584, 35.312868 ], [ -89.979493, 35.312946 ], [ -89.979456, 35.312965 ], [ -89.979362, 35.31304 ], [ -89.979323, 35.313057 ], [ -89.979289, 35.31308 ], [ -89.979228, 35.313131 ], [ -89.979158, 35.313175 ], [ -89.979126, 35.3132 ], [ -89.979017, 35.31326 ], [ -89.978937, 35.313291 ], [ -89.978843, 35.313366 ], [ -89.978762, 35.31345 ], [ -89.9787, 35.313479 ], [ -89.978618, 35.313506 ], [ -89.978542, 35.31354 ], [ -89.978398, 35.313622 ], [ -89.978375, 35.313653 ], [ -89.978169, 35.313786 ], [ -89.978076, 35.313862 ], [ -89.977911, 35.31398 ], [ -89.977838, 35.314069 ], [ -89.977806, 35.314093 ], [ -89.977753, 35.314151 ], [ -89.977723, 35.314176 ], [ -89.977683, 35.314193 ], [ -89.977633, 35.314252 ], [ -89.977599, 35.314275 ], [ -89.977522, 35.314309 ], [ -89.977451, 35.314351 ], [ -89.977335, 35.314403 ], [ -89.977129, 35.314467 ], [ -89.976893, 35.314563 ], [ -89.976812, 35.314591 ], [ -89.976684, 35.314689 ], [ -89.976645, 35.314705 ], [ -89.976602, 35.314716 ], [ -89.976565, 35.314735 ], [ -89.9765, 35.314779 ], [ -89.976465, 35.314805 ], [ -89.976353, 35.314863 ], [ -89.976123, 35.314968 ], [ -89.975949, 35.315077 ], [ -89.97592, 35.315104 ], [ -89.975887, 35.315127 ], [ -89.975704, 35.315228 ], [ -89.975682, 35.315259 ], [ -89.97565, 35.315283 ], [ -89.975572, 35.315315 ], [ -89.975537, 35.315337 ], [ -89.975475, 35.315387 ], [ -89.975436, 35.315405 ], [ -89.97531, 35.315502 ], [ -89.975256, 35.315559 ], [ -89.97522, 35.315579 ], [ -89.975095, 35.31568 ], [ -89.975023, 35.315721 ], [ -89.974926, 35.315794 ], [ -89.97487, 35.315848 ], [ -89.974748, 35.315951 ], [ -89.97471, 35.315969 ], [ -89.974642, 35.316015 ], [ -89.974599, 35.316054 ], [ -89.974584, 35.316068 ], [ -89.97455, 35.316091 ], [ -89.974397, 35.316163 ], [ -89.974323, 35.316202 ], [ -89.974203, 35.316248 ], [ -89.974069, 35.316332 ], [ -89.974037, 35.316356 ], [ -89.973854, 35.316454 ], [ -89.973737, 35.316504 ], [ -89.973656, 35.316532 ], [ -89.973619, 35.31655 ], [ -89.973549, 35.316594 ], [ -89.973453, 35.316666 ], [ -89.973414, 35.316683 ], [ -89.973304, 35.316742 ], [ -89.973199, 35.316807 ], [ -89.97316, 35.316824 ], [ -89.973054, 35.316889 ], [ -89.972972, 35.316915 ], [ -89.972938, 35.316937 ], [ -89.972907, 35.316963 ], [ -89.972714, 35.317048 ], [ -89.972642, 35.317089 ], [ -89.972609, 35.317113 ], [ -89.972456, 35.317184 ], [ -89.972337, 35.317231 ], [ -89.972255, 35.317257 ], [ -89.972142, 35.317313 ], [ -89.972032, 35.317373 ], [ -89.971969, 35.317422 ], [ -89.971892, 35.317458 ], [ -89.97184, 35.317514 ], [ -89.971743, 35.317587 ], [ -89.971704, 35.317603 ], [ -89.971632, 35.317645 ], [ -89.971549, 35.317672 ], [ -89.971416, 35.317763 ], [ -89.971285, 35.317859 ], [ -89.971183, 35.317927 ], [ -89.971078, 35.317991 ], [ -89.97104, 35.318009 ], [ -89.970938, 35.318042 ], [ -89.970917, 35.31805 ], [ -89.970852, 35.318098 ], [ -89.97077, 35.318124 ], [ -89.970666, 35.31819 ], [ -89.97052, 35.318269 ], [ -89.97045, 35.318312 ], [ -89.970335, 35.318365 ], [ -89.970159, 35.318472 ], [ -89.970081, 35.318506 ], [ -89.970008, 35.318546 ], [ -89.969976, 35.318571 ], [ -89.969871, 35.318634 ], [ -89.969841, 35.318661 ], [ -89.96974, 35.31873 ], [ -89.969701, 35.318746 ], [ -89.969639, 35.318797 ], [ -89.969602, 35.318817 ], [ -89.969562, 35.318832 ], [ -89.969491, 35.318875 ], [ -89.969427, 35.318925 ], [ -89.96935, 35.31896 ], [ -89.96927, 35.318991 ], [ -89.96916, 35.319049 ], [ -89.969132, 35.319077 ], [ -89.969094, 35.319096 ], [ -89.969054, 35.31911 ], [ -89.968844, 35.31924 ], [ -89.968781, 35.31929 ], [ -89.968743, 35.319308 ], [ -89.96871, 35.319332 ], [ -89.968653, 35.319386 ], [ -89.968579, 35.319425 ], [ -89.96845, 35.319521 ], [ -89.968344, 35.319585 ], [ -89.968268, 35.319622 ], [ -89.968225, 35.31963 ], [ -89.968183, 35.319643 ], [ -89.96815, 35.319665 ], [ -89.96811, 35.319681 ], [ -89.967985, 35.319718 ], [ -89.967924, 35.319769 ], [ -89.967888, 35.31979 ], [ -89.96781, 35.319822 ], [ -89.967673, 35.319912 ], [ -89.967632, 35.319926 ], [ -89.967603, 35.319952 ], [ -89.967567, 35.319974 ], [ -89.967528, 35.319989 ], [ -89.967499, 35.320017 ], [ -89.967467, 35.320041 ], [ -89.96739, 35.320075 ], [ -89.967365, 35.320104 ], [ -89.967335, 35.32013 ], [ -89.967229, 35.320194 ], [ -89.967134, 35.320267 ], [ -89.967058, 35.320303 ], [ -89.966998, 35.320354 ], [ -89.966963, 35.320376 ], [ -89.966922, 35.320388 ], [ -89.966877, 35.320392 ], [ -89.966796, 35.320419 ], [ -89.966736, 35.320471 ], [ -89.966703, 35.320494 ], [ -89.966626, 35.320528 ], [ -89.966522, 35.320595 ], [ -89.966447, 35.320633 ], [ -89.966412, 35.320655 ], [ -89.966382, 35.32068 ], [ -89.966356, 35.320709 ], [ -89.966276, 35.320736 ], [ -89.966239, 35.320755 ], [ -89.966116, 35.320795 ], [ -89.965849, 35.320981 ], [ -89.96581, 35.320997 ], [ -89.965774, 35.321017 ], [ -89.965707, 35.321064 ], [ -89.965594, 35.321118 ], [ -89.965433, 35.321241 ], [ -89.965299, 35.321334 ], [ -89.965269, 35.32136 ], [ -89.965233, 35.321381 ], [ -89.965078, 35.321449 ], [ -89.965015, 35.321498 ], [ -89.964978, 35.321518 ], [ -89.964937, 35.321531 ], [ -89.964899, 35.321549 ], [ -89.964867, 35.321574 ], [ -89.964794, 35.321614 ], [ -89.964692, 35.321681 ], [ -89.964652, 35.321696 ], [ -89.964579, 35.321736 ], [ -89.964474, 35.321801 ], [ -89.964434, 35.321816 ], [ -89.96436, 35.321854 ], [ -89.964298, 35.321905 ], [ -89.964264, 35.321928 ], [ -89.964223, 35.32194 ], [ -89.964157, 35.321985 ], [ -89.964117, 35.322001 ], [ -89.964088, 35.322028 ], [ -89.964054, 35.322051 ], [ -89.964015, 35.322068 ], [ -89.96395, 35.322116 ], [ -89.963832, 35.322163 ], [ -89.963749, 35.322188 ], [ -89.963705, 35.322193 ], [ -89.96366, 35.322193 ], [ -89.963624, 35.322209 ], [ -89.963411, 35.322337 ], [ -89.963382, 35.322363 ], [ -89.963276, 35.322427 ], [ -89.963228, 35.322486 ], [ -89.963197, 35.322512 ], [ -89.963163, 35.322534 ], [ -89.963086, 35.322568 ], [ -89.963051, 35.322591 ], [ -89.963025, 35.32262 ], [ -89.962986, 35.322636 ], [ -89.962915, 35.322678 ], [ -89.962894, 35.32271 ], [ -89.962861, 35.322733 ], [ -89.962803, 35.322787 ], [ -89.962769, 35.32281 ], [ -89.962697, 35.32285 ], [ -89.962639, 35.322903 ], [ -89.9626, 35.322921 ], [ -89.962504, 35.322995 ], [ -89.962468, 35.323015 ], [ -89.962389, 35.323047 ], [ -89.962291, 35.323119 ], [ -89.962143, 35.323197 ], [ -89.962108, 35.323219 ], [ -89.962027, 35.323246 ], [ -89.96199, 35.323266 ], [ -89.961957, 35.32329 ], [ -89.961802, 35.323358 ], [ -89.961643, 35.323419 ], [ -89.961343, 35.32357 ], [ -89.961303, 35.323584 ], [ -89.96126, 35.323591 ], [ -89.961222, 35.323609 ], [ -89.961158, 35.323658 ], [ -89.961135, 35.323689 ], [ -89.961078, 35.323743 ], [ -89.96092, 35.323805 ], [ -89.960816, 35.323871 ], [ -89.960777, 35.323887 ], [ -89.960734, 35.323897 ], [ -89.960696, 35.323914 ], [ -89.960665, 35.32394 ], [ -89.96051, 35.324008 ], [ -89.960437, 35.324049 ], [ -89.960322, 35.324101 ], [ -89.960138, 35.324199 ], [ -89.96012, 35.324211 ], [ -89.959972, 35.324317 ], [ -89.959942, 35.324343 ], [ -89.959773, 35.324459 ], [ -89.959684, 35.324538 ], [ -89.959633, 35.324597 ], [ -89.959604, 35.324624 ], [ -89.959567, 35.324643 ], [ -89.959436, 35.324738 ], [ -89.959345, 35.324817 ], [ -89.959214, 35.324912 ], [ -89.959021, 35.325 ], [ -89.958979, 35.32501 ], [ -89.958585, 35.325048 ], [ -89.958324, 35.325092 ], [ -89.958203, 35.325136 ], [ -89.958167, 35.325157 ], [ -89.958076, 35.325234 ], [ -89.957975, 35.325351 ], [ -89.957838, 35.325534 ], [ -89.957781, 35.32559 ], [ -89.957776, 35.325695 ], [ -89.95776, 35.325728 ], [ -89.957725, 35.325832 ], [ -89.957706, 35.325864 ], [ -89.957678, 35.325891 ], [ -89.957613, 35.32594 ], [ -89.957588, 35.325968 ], [ -89.957547, 35.32607 ], [ -89.957477, 35.326201 ], [ -89.957432, 35.326262 ], [ -89.957402, 35.326329 ], [ -89.957383, 35.326361 ], [ -89.957359, 35.326391 ], [ -89.957329, 35.326458 ], [ -89.957288, 35.326521 ], [ -89.957198, 35.326684 ], [ -89.957149, 35.326783 ], [ -89.957128, 35.326884 ], [ -89.957114, 35.326918 ], [ -89.956981, 35.327143 ], [ -89.956951, 35.32717 ], [ -89.956927, 35.327199 ], [ -89.956841, 35.327324 ], [ -89.956755, 35.327405 ], [ -89.956694, 35.3275 ], [ -89.956574, 35.327649 ], [ -89.956479, 35.327783 ], [ -89.956427, 35.327841 ], [ -89.956363, 35.327973 ], [ -89.956334, 35.328 ], [ -89.956312, 35.328031 ], [ -89.956298, 35.328064 ], [ -89.956276, 35.328095 ], [ -89.956245, 35.32812 ], [ -89.956193, 35.328177 ], [ -89.956173, 35.328209 ], [ -89.956099, 35.328296 ], [ -89.956043, 35.328351 ], [ -89.956022, 35.328382 ], [ -89.955972, 35.328441 ], [ -89.9558, 35.32855 ], [ -89.955738, 35.32857 ], [ -89.955701, 35.328589 ], [ -89.95567, 35.328615 ], [ -89.955632, 35.328633 ], [ -89.955482, 35.328687 ], [ -89.955351, 35.328735 ], [ -89.955301, 35.328763 ], [ -89.955279, 35.328777 ], [ -89.955116, 35.328833 ], [ -89.955037, 35.328864 ], [ -89.954896, 35.328951 ], [ -89.954787, 35.329063 ], [ -89.954671, 35.329213 ], [ -89.954632, 35.329277 ], [ -89.954556, 35.329445 ], [ -89.954507, 35.329582 ], [ -89.954468, 35.329739 ], [ -89.954438, 35.329861 ], [ -89.954346, 35.330173 ], [ -89.954229, 35.330364 ], [ -89.954184, 35.330426 ], [ -89.954084, 35.330543 ], [ -89.953991, 35.330619 ], [ -89.953851, 35.330706 ], [ -89.953718, 35.330813 ], [ -89.953634, 35.331027 ], [ -89.953531, 35.331293 ], [ -89.953403, 35.331627 ], [ -89.9532, 35.332161 ], [ -89.9531, 35.332428 ], [ -89.952952, 35.332829 ], [ -89.952781, 35.333298 ], [ -89.95266, 35.333634 ], [ -89.952518, 35.334036 ], [ -89.952423, 35.334305 ], [ -89.952307, 35.334642 ], [ -89.952215, 35.334911 ], [ -89.952078, 35.335315 ], [ -89.951988, 35.335585 ], [ -89.95188, 35.335906 ], [ -89.951792, 35.33612 ], [ -89.951693, 35.336313 ], [ -89.951577, 35.3365 ], [ -89.951445, 35.33668 ], [ -89.951349, 35.336795 ], [ -89.951245, 35.336907 ], [ -89.951136, 35.337014 ], [ -89.95102, 35.337117 ], [ -89.950876, 35.337231 ], [ -89.950836, 35.337262 ], [ -89.950706, 35.337353 ], [ -89.95064, 35.337397 ], [ -89.950591, 35.337422 ], [ -89.950519, 35.33769 ], [ -89.950514, 35.337725 ], [ -89.950516, 35.337832 ], [ -89.950587, 35.337875 ], [ -89.950631, 35.337878 ], [ -89.950649, 35.337908 ], [ -89.950658, 35.337937 ], [ -89.950671, 35.337979 ], [ -89.950946, 35.338139 ], [ -89.950839, 35.338223 ], [ -89.950358, 35.338218 ], [ -89.950015, 35.338106 ], [ -89.949928, 35.338117 ], [ -89.949707, 35.338121 ], [ -89.949575, 35.338115 ], [ -89.949532, 35.338108 ], [ -89.94905, 35.338073 ], [ -89.948088, 35.337985 ], [ -89.947373, 35.337911 ], [ -89.94733, 35.337904 ], [ -89.947076, 35.337841 ], [ -89.947024, 35.337831 ], [ -89.94686, 35.337802 ], [ -89.94647, 35.337744 ], [ -89.946121, 35.337699 ], [ -89.945692, 35.337617 ], [ -89.945563, 35.337596 ], [ -89.944604, 35.337492 ], [ -89.943521, 35.337335 ], [ -89.943477, 35.337332 ], [ -89.942887, 35.337256 ], [ -89.942628, 35.337209 ], [ -89.94241, 35.337181 ], [ -89.942282, 35.337152 ], [ -89.941633, 35.337047 ], [ -89.941329, 35.33701 ], [ -89.940724, 35.336907 ], [ -89.940682, 35.336897 ], [ -89.940642, 35.336881 ], [ -89.940472, 35.336842 ], [ -89.940207, 35.336823 ], [ -89.940118, 35.336824 ], [ -89.939809, 35.336838 ], [ -89.939676, 35.33684 ], [ -89.939455, 35.336831 ], [ -89.939106, 35.336787 ], [ -89.938979, 35.336757 ], [ -89.938857, 35.336716 ], [ -89.938773, 35.336695 ], [ -89.938693, 35.336666 ], [ -89.938524, 35.336624 ], [ -89.938436, 35.336615 ], [ -89.938216, 35.336607 ], [ -89.937926, 35.336577 ], [ -89.937821, 35.336567 ], [ -89.937777, 35.336567 ], [ -89.937689, 35.336558 ], [ -89.937469, 35.336549 ], [ -89.93716, 35.336578 ], [ -89.937038, 35.336537 ], [ -89.936698, 35.336459 ], [ -89.936612, 35.336443 ], [ -89.936529, 35.336425 ], [ -89.936177, 35.336406 ], [ -89.936133, 35.336408 ], [ -89.93583, 35.336445 ], [ -89.935785, 35.336447 ], [ -89.935344, 35.336432 ], [ -89.93517, 35.336412 ], [ -89.935082, 35.336406 ], [ -89.934887, 35.336371 ], [ -89.934652, 35.336329 ], [ -89.934434, 35.336304 ], [ -89.934088, 35.336256 ], [ -89.934045, 35.336246 ], [ -89.933963, 35.33622 ], [ -89.933708, 35.336162 ], [ -89.933499, 35.336105 ], [ -89.93337, 35.33608 ], [ -89.932719, 35.335968 ], [ -89.932369, 35.335934 ], [ -89.93215, 35.335918 ], [ -89.931931, 35.335909 ], [ -89.931801, 35.335893 ], [ -89.931753, 35.335881 ], [ -89.931709, 35.335876 ], [ -89.931498, 35.335825 ], [ -89.93137, 35.335799 ], [ -89.931283, 35.335786 ], [ -89.931069, 35.335746 ], [ -89.930507, 35.335655 ], [ -89.930211, 35.335585 ], [ -89.92983, 35.335503 ], [ -89.9297, 35.335488 ], [ -89.929655, 35.335489 ], [ -89.929438, 35.335477 ], [ -89.929394, 35.335479 ], [ -89.929177, 35.335469 ], [ -89.929005, 35.335451 ], [ -89.928963, 35.33544 ], [ -89.92892, 35.335434 ], [ -89.928809, 35.335405 ], [ -89.928545, 35.335392 ], [ -89.928238, 35.335392 ], [ -89.927972, 35.335384 ], [ -89.92784, 35.335384 ], [ -89.927667, 35.335358 ], [ -89.92745, 35.335337 ], [ -89.927407, 35.335328 ], [ -89.927101, 35.335304 ], [ -89.926801, 35.33525 ], [ -89.926715, 35.335238 ], [ -89.926544, 35.335203 ], [ -89.926328, 35.335173 ], [ -89.926156, 35.335143 ], [ -89.92598, 35.335129 ], [ -89.925848, 35.335124 ], [ -89.925321, 35.335139 ], [ -89.924398, 35.335174 ], [ -89.924106, 35.335094 ], [ -89.924026, 35.335064 ], [ -89.923984, 35.335053 ], [ -89.923898, 35.335038 ], [ -89.923734, 35.334985 ], [ -89.923522, 35.334936 ], [ -89.923259, 35.33491 ], [ -89.923129, 35.334893 ], [ -89.923001, 35.334891 ], [ -89.922072, 35.334877 ], [ -89.921856, 35.334845 ], [ -89.921647, 35.33479 ], [ -89.921187, 35.334682 ], [ -89.921102, 35.334674 ], [ -89.920932, 35.334648 ], [ -89.920845, 35.334643 ], [ -89.920803, 35.334633 ], [ -89.920673, 35.334623 ], [ -89.920542, 35.334623 ], [ -89.920188, 35.334639 ], [ -89.920148, 35.334653 ], [ -89.920064, 35.334666 ], [ -89.920027, 35.334684 ], [ -89.919948, 35.334674 ], [ -89.919835, 35.334641 ], [ -89.919731, 35.334634 ], [ -89.919647, 35.33463 ], [ -89.918943, 35.334652 ], [ -89.918828, 35.334658 ], [ -89.918528, 35.334674 ], [ -89.918336, 35.334684 ], [ -89.917857, 35.334636 ], [ -89.917762, 35.334628 ], [ -89.917571, 35.334614 ], [ -89.917632, 35.334557 ], [ -89.9181, 35.334118 ], [ -89.919583, 35.332731 ], [ -89.919688, 35.33263 ], [ -89.920214, 35.332131 ], [ -89.920508, 35.331854 ], [ -89.920575, 35.331792 ], [ -89.921343, 35.331072 ], [ -89.921561, 35.330868 ], [ -89.921658, 35.330775 ], [ -89.92202, 35.330437 ], [ -89.92216, 35.330304 ], [ -89.922584, 35.329907 ], [ -89.922725, 35.329775 ], [ -89.922984, 35.329531 ], [ -89.923039, 35.32948 ], [ -89.923463, 35.329082 ], [ -89.923683, 35.328877 ], [ -89.924741, 35.327886 ], [ -89.924872, 35.327764 ], [ -89.925681, 35.327005 ], [ -89.926421, 35.326313 ], [ -89.926335, 35.326257 ], [ -89.926226, 35.326185 ], [ -89.926106, 35.326127 ], [ -89.926028, 35.326105 ], [ -89.92572, 35.326022 ], [ -89.924872, 35.325843 ], [ -89.924719, 35.325814 ], [ -89.924611, 35.325794 ], [ -89.92428, 35.325731 ], [ -89.922867, 35.325444 ], [ -89.921151, 35.325107 ], [ -89.920656, 35.32501 ], [ -89.919728, 35.324823 ], [ -89.919467, 35.32477 ], [ -89.915968, 35.324071 ], [ -89.911767, 35.323232 ], [ -89.911539, 35.323187 ], [ -89.911096, 35.323103 ], [ -89.908633, 35.322643 ], [ -89.908025, 35.322531 ], [ -89.907772, 35.322485 ], [ -89.906206, 35.32218 ], [ -89.9056, 35.322063 ], [ -89.905831, 35.32157 ], [ -89.905878, 35.321472 ], [ -89.905932, 35.321334 ], [ -89.905989, 35.321129 ], [ -89.906292, 35.320656 ], [ -89.906651, 35.320197 ], [ -89.906663, 35.320181 ], [ -89.907009, 35.319761 ], [ -89.907076, 35.319679 ], [ -89.907278, 35.319435 ], [ -89.907302, 35.319407 ], [ -89.907346, 35.319354 ], [ -89.907647, 35.318989 ], [ -89.907766, 35.318844 ], [ -89.908062, 35.318485 ], [ -89.908537, 35.317909 ], [ -89.908813, 35.317559 ], [ -89.908992, 35.317287 ], [ -89.909096, 35.317131 ], [ -89.909186, 35.316961 ], [ -89.909303, 35.316706 ], [ -89.909368, 35.316541 ], [ -89.909374, 35.316523 ], [ -89.909562, 35.315965 ], [ -89.909625, 35.315779 ], [ -89.909701, 35.315538 ], [ -89.909813, 35.315186 ], [ -89.909932, 35.314817 ], [ -89.910011, 35.314578 ], [ -89.910139, 35.31418 ], [ -89.910524, 35.31299 ], [ -89.910653, 35.312593 ], [ -89.910743, 35.312316 ], [ -89.910929, 35.311752 ], [ -89.911008, 35.311482 ], [ -89.911091, 35.311203 ], [ -89.911234, 35.310574 ], [ -89.911456, 35.309601 ], [ -89.911494, 35.309432 ], [ -89.911636, 35.308808 ], [ -89.911662, 35.308688 ], [ -89.911804, 35.308059 ], [ -89.911965, 35.307343 ], [ -89.912436, 35.305253 ], [ -89.912448, 35.305197 ], [ -89.912612, 35.304482 ], [ -89.912671, 35.304221 ], [ -89.912726, 35.304021 ], [ -89.912751, 35.303933 ], [ -89.912853, 35.303639 ], [ -89.913055, 35.303247 ], [ -89.913264, 35.302958 ], [ -89.913405, 35.302785 ], [ -89.913707, 35.302418 ], [ -89.914454, 35.301544 ], [ -89.914483, 35.301511 ], [ -89.914595, 35.30137 ], [ -89.915034, 35.300826 ], [ -89.915324, 35.300447 ], [ -89.915621, 35.300059 ], [ -89.915843, 35.299749 ], [ -89.91638, 35.298965 ], [ -89.91651, 35.298775 ], [ -89.916548, 35.29872 ], [ -89.916993, 35.298014 ], [ -89.917103, 35.297839 ], [ -89.917124, 35.297803 ], [ -89.91729, 35.297524 ], [ -89.917687, 35.29682 ], [ -89.918174, 35.295958 ], [ -89.918575, 35.295248 ], [ -89.918734, 35.294938 ], [ -89.918894, 35.2946 ], [ -89.919058, 35.29422 ], [ -89.919215, 35.293791 ], [ -89.91925, 35.293698 ], [ -89.919535, 35.292705 ], [ -89.919646, 35.292296 ], [ -89.919982, 35.291072 ], [ -89.920094, 35.290664 ], [ -89.920114, 35.290575 ], [ -89.920517, 35.289147 ], [ -89.920588, 35.288936 ], [ -89.920844, 35.28819 ], [ -89.921057, 35.287685 ], [ -89.92127, 35.287219 ], [ -89.921526, 35.286703 ], [ -89.921865, 35.286103 ], [ -89.922499, 35.285038 ], [ -89.922823, 35.284572 ], [ -89.923122, 35.284202 ], [ -89.923455, 35.283835 ], [ -89.924394, 35.282944 ], [ -89.925769, 35.281654 ], [ -89.926189, 35.281232 ], [ -89.926203, 35.281216 ], [ -89.926424, 35.280966 ], [ -89.926625, 35.280697 ], [ -89.926887, 35.280295 ], [ -89.92708, 35.279945 ], [ -89.927265, 35.279521 ], [ -89.927382, 35.279193 ], [ -89.928319, 35.276193 ], [ -89.928533, 35.275509 ], [ -89.928601, 35.275258 ], [ -89.928697, 35.274769 ], [ -89.928753, 35.274384 ], [ -89.928763, 35.274245 ], [ -89.928885, 35.272565 ], [ -89.928948, 35.27175 ], [ -89.928955, 35.271601 ], [ -89.929043, 35.270942 ], [ -89.929159, 35.270026 ], [ -89.929276, 35.269111 ], [ -89.929333, 35.268676 ], [ -89.929358, 35.268354 ], [ -89.929416, 35.264987 ], [ -89.929416, 35.264827 ], [ -89.929417, 35.264753 ], [ -89.929426, 35.263301 ], [ -89.929427, 35.263113 ], [ -89.929427, 35.263091 ], [ -89.929427, 35.262985 ], [ -89.929427, 35.26294 ], [ -89.929508, 35.262913 ], [ -89.930477, 35.262776 ], [ -89.931878, 35.262579 ], [ -89.93499, 35.26214 ], [ -89.939496, 35.261505 ], [ -89.942276, 35.261209 ], [ -89.944049, 35.26102 ], [ -89.946963, 35.26071 ], [ -89.947639, 35.260627 ], [ -89.948963, 35.260462 ], [ -89.952831, 35.259947 ], [ -89.956448, 35.259466 ], [ -89.95945, 35.25906 ], [ -89.961405, 35.258806 ], [ -89.962298, 35.258702 ], [ -89.962963, 35.258616 ], [ -89.96352, 35.258526 ], [ -89.963983, 35.258458 ], [ -89.964301, 35.258453 ], [ -89.964757, 35.25844 ], [ -89.965379, 35.25827 ], [ -89.965849, 35.258026 ], [ -89.966129, 35.257841 ], [ -89.966279, 35.257699 ], [ -89.966619, 35.257377 ], [ -89.966704, 35.257197 ], [ -89.966997, 35.256583 ], [ -89.96727, 35.256305 ], [ -89.967484, 35.256087 ], [ -89.967626, 35.255942 ], [ -89.968144, 35.255413 ], [ -89.968654, 35.254893 ], [ -89.968828, 35.254729 ], [ -89.96896, 35.254587 ], [ -89.969147, 35.254376 ], [ -89.969237, 35.254292 ], [ -89.969607, 35.25426 ], [ -89.969938, 35.254128 ], [ -89.96996, 35.254081 ], [ -89.970033, 35.254067 ], [ -89.970295, 35.254041 ], [ -89.970516, 35.254038 ], [ -89.970825, 35.254053 ], [ -89.970957, 35.254056 ], [ -89.971133, 35.254066 ], [ -89.971309, 35.254082 ], [ -89.971441, 35.25409 ], [ -89.971751, 35.254087 ], [ -89.972061, 35.25409 ], [ -89.972281, 35.254103 ], [ -89.972413, 35.254115 ], [ -89.972498, 35.254133 ], [ -89.973132, 35.254247 ], [ -89.973188, 35.254258 ], [ -89.973444, 35.254313 ], [ -89.973778, 35.254409 ], [ -89.973816, 35.254428 ], [ -89.973857, 35.254441 ], [ -89.974068, 35.254492 ], [ -89.974215, 35.25455 ], [ -89.974266, 35.254571 ], [ -89.974519, 35.254713 ], [ -89.97455, 35.254738 ], [ -89.97469, 35.254825 ], [ -89.974752, 35.254874 ], [ -89.974959, 35.255007 ], [ -89.974989, 35.255033 ], [ -89.975011, 35.255064 ], [ -89.975068, 35.255118 ], [ -89.975246, 35.255224 ], [ -89.975296, 35.255243 ], [ -89.975388, 35.255278 ], [ -89.97541, 35.255286 ], [ -89.975493, 35.255416 ], [ -89.975515, 35.255443 ], [ -89.975652, 35.255583 ], [ -89.975719, 35.255628 ], [ -89.97575, 35.255654 ], [ -89.975775, 35.255683 ], [ -89.975817, 35.255746 ], [ -89.975846, 35.255773 ], [ -89.975861, 35.255807 ], [ -89.975925, 35.2559 ], [ -89.975998, 35.255989 ], [ -89.976023, 35.256057 ], [ -89.976107, 35.256182 ], [ -89.976134, 35.25621 ], [ -89.976163, 35.256277 ], [ -89.976182, 35.256309 ], [ -89.976207, 35.256338 ], [ -89.976227, 35.256369 ], [ -89.976312, 35.256533 ], [ -89.976389, 35.256661 ], [ -89.976413, 35.256691 ], [ -89.976444, 35.256758 ], [ -89.976465, 35.256827 ], [ -89.9765, 35.256892 ], [ -89.976538, 35.257032 ], [ -89.976572, 35.257097 ], [ -89.976588, 35.257167 ], [ -89.976631, 35.257269 ], [ -89.97672, 35.257581 ], [ -89.976783, 35.257905 ], [ -89.976796, 35.257969 ], [ -89.976801, 35.257986 ], [ -89.976993, 35.259253 ], [ -89.977081, 35.259477 ], [ -89.977204, 35.259791 ], [ -89.977252, 35.259911 ], [ -89.977287, 35.26 ], [ -89.977327, 35.260161 ], [ -89.977437, 35.260474 ], [ -89.977556, 35.260798 ], [ -89.977629, 35.261152 ], [ -89.977743, 35.261408 ], [ -89.97782, 35.261548 ], [ -89.977842, 35.26157 ], [ -89.977975, 35.261713 ], [ -89.978057, 35.2618 ], [ -89.978191, 35.261942 ], [ -89.9782, 35.261951 ], [ -89.978252, 35.262007 ], [ -89.978303, 35.262032 ], [ -89.978349, 35.262055 ], [ -89.978558, 35.262064 ], [ -89.978806, 35.262002 ], [ -89.97899, 35.261963 ], [ -89.979282, 35.261943 ], [ -89.979455, 35.261912 ], [ -89.979615, 35.261908 ], [ -89.979719, 35.261906 ], [ -89.980094, 35.261888 ], [ -89.980462, 35.261898 ], [ -89.980806, 35.261911 ], [ -89.98118, 35.26194 ], [ -89.98177, 35.261931 ], [ -89.982082, 35.261915 ], [ -89.982541, 35.261888 ], [ -89.982778, 35.26187 ], [ -89.9832, 35.261827 ], [ -89.983451, 35.261738 ], [ -89.98349, 35.261717 ], [ -89.983691, 35.261611 ], [ -89.984068, 35.261442 ], [ -89.984396, 35.261346 ], [ -89.984781, 35.26123 ], [ -89.984887, 35.261198 ], [ -89.985253, 35.261066 ], [ -89.98537, 35.260948 ], [ -89.985661, 35.260807 ], [ -89.985816, 35.260773 ], [ -89.98605, 35.260673 ], [ -89.986131, 35.260643 ], [ -89.986202, 35.260602 ], [ -89.986232, 35.260575 ], [ -89.986269, 35.260556 ], [ -89.986392, 35.260515 ], [ -89.986507, 35.260463 ], [ -89.986578, 35.26042 ], [ -89.986666, 35.260397 ], [ -89.986789, 35.260366 ], [ -89.986871, 35.260339 ], [ -89.986946, 35.260302 ], [ -89.987026, 35.260272 ], [ -89.9871, 35.260233 ], [ -89.987198, 35.260196 ], [ -89.98738, 35.260128 ], [ -89.987416, 35.260107 ], [ -89.987581, 35.260055 ], [ -89.987781, 35.259978 ], [ -89.987831, 35.259953 ], [ -89.987856, 35.25994 ], [ -89.988087, 35.259836 ], [ -89.98823, 35.259751 ], [ -89.988392, 35.259673 ], [ -89.988458, 35.259642 ], [ -89.988499, 35.259629 ], [ -89.988843, 35.259558 ], [ -89.98893, 35.259546 ], [ -89.989281, 35.259511 ], [ -89.989673, 35.259458 ], [ -89.989846, 35.25943 ], [ -89.989888, 35.259418 ], [ -89.989973, 35.259401 ], [ -89.99006, 35.25939 ], [ -89.990233, 35.259361 ], [ -89.990364, 35.259345 ], [ -89.990672, 35.259363 ], [ -89.99073, 35.259356 ], [ -89.990848, 35.259344 ], [ -89.990933, 35.259326 ], [ -89.991196, 35.259295 ], [ -89.991281, 35.259277 ], [ -89.991986, 35.259223 ], [ -89.992252, 35.259228 ], [ -89.992516, 35.259248 ], [ -89.992642, 35.259281 ], [ -89.992686, 35.259286 ], [ -89.99287, 35.259291 ], [ -89.993074, 35.259296 ], [ -89.993109, 35.259297 ], [ -89.993252, 35.259422 ], [ -89.993401, 35.259553 ], [ -89.993587, 35.259716 ], [ -89.99373, 35.259761 ], [ -89.993805, 35.259785 ], [ -89.993907, 35.259817 ], [ -89.993939, 35.25978 ], [ -89.994009, 35.259699 ], [ -89.994222, 35.259812 ], [ -89.994531, 35.259801 ], [ -89.994702, 35.259838 ], [ -89.994919, 35.259872 ], [ -89.995134, 35.259915 ], [ -89.995397, 35.259977 ], [ -89.995878, 35.260036 ], [ -89.995922, 35.260037 ], [ -89.996052, 35.260017 ], [ -89.99618, 35.259989 ], [ -89.996267, 35.259975 ], [ -89.99631, 35.259964 ], [ -89.99639, 35.259934 ], [ -89.996518, 35.259908 ], [ -89.996606, 35.259901 ], [ -89.996695, 35.2599 ], [ -89.996916, 35.259912 ], [ -89.99696, 35.259911 ], [ -89.997091, 35.259893 ], [ -89.997135, 35.25989 ], [ -89.997176, 35.259901 ], [ -89.997291, 35.259955 ], [ -89.997409, 35.260003 ], [ -89.99748, 35.260045 ], [ -89.997562, 35.26013 ], [ -89.997669, 35.26027 ], [ -89.997702, 35.260312 ], [ -89.997733, 35.260336 ], [ -89.997806, 35.260378 ], [ -89.997873, 35.260424 ], [ -89.998054, 35.260581 ], [ -89.998179, 35.260682 ], [ -89.998236, 35.260737 ], [ -89.998303, 35.260784 ], [ -89.998379, 35.260819 ], [ -89.998548, 35.260862 ], [ -89.998591, 35.260869 ], [ -89.998855, 35.260888 ], [ -89.999651, 35.260887 ], [ -89.999916, 35.260873 ], [ -90.000093, 35.260868 ], [ -90.000713, 35.260884 ], [ -90.001108, 35.260917 ], [ -90.00128, 35.260952 ], [ -90.001564, 35.261051 ], [ -90.001737, 35.261162 ], [ -90.001869, 35.261256 ], [ -90.002047, 35.261415 ], [ -90.002416, 35.26177 ], [ -90.002766, 35.262091 ], [ -90.003025, 35.262335 ], [ -90.003122, 35.262453 ], [ -90.003249, 35.262598 ], [ -90.003296, 35.262658 ], [ -90.003382, 35.262783 ], [ -90.003481, 35.262981 ], [ -90.003521, 35.263119 ], [ -90.003615, 35.263503 ], [ -90.003691, 35.26367 ], [ -90.003714, 35.263701 ], [ -90.003771, 35.263756 ], [ -90.003844, 35.263796 ], [ -90.003888, 35.263796 ], [ -90.004006, 35.263768 ], [ -90.004064, 35.263714 ], [ -90.004086, 35.263683 ], [ -90.004174, 35.26352 ], [ -90.004255, 35.263393 ], [ -90.004301, 35.263332 ], [ -90.00446, 35.263208 ], [ -90.004494, 35.263186 ], [ -90.004698, 35.263116 ], [ -90.004742, 35.263114 ], [ -90.00483, 35.263119 ], [ -90.004959, 35.263144 ], [ -90.004999, 35.263158 ], [ -90.00507, 35.263202 ], [ -90.005193, 35.263304 ], [ -90.005216, 35.263334 ], [ -90.005286, 35.263465 ], [ -90.005297, 35.2635 ], [ -90.005318, 35.263677 ], [ -90.005368, 35.26385 ], [ -90.005417, 35.263987 ], [ -90.005419, 35.264022 ], [ -90.005389, 35.264199 ], [ -90.005374, 35.264233 ], [ -90.00533, 35.264294 ], [ -90.005312, 35.264327 ], [ -90.005268, 35.264389 ], [ -90.005161, 35.264502 ], [ -90.004936, 35.264674 ], [ -90.004704, 35.264839 ], [ -90.004545, 35.264962 ], [ -90.004402, 35.26506 ], [ -90.004142, 35.265242 ], [ -90.004003, 35.26533 ], [ -90.003939, 35.265379 ], [ -90.003732, 35.265564 ], [ -90.003547, 35.265717 ], [ -90.003326, 35.265892 ], [ -90.003136, 35.266089 ], [ -90.003112, 35.266119 ], [ -90.003093, 35.266151 ], [ -90.003088, 35.266186 ], [ -90.003098, 35.266328 ], [ -90.003108, 35.266363 ], [ -90.003137, 35.26643 ], [ -90.003183, 35.266491 ], [ -90.003239, 35.266546 ], [ -90.003485, 35.266751 ], [ -90.003549, 35.2668 ], [ -90.003922, 35.267053 ], [ -90.003958, 35.267073 ], [ -90.004038, 35.267104 ], [ -90.004161, 35.267145 ], [ -90.004204, 35.267154 ], [ -90.004378, 35.267178 ], [ -90.004553, 35.267153 ], [ -90.004641, 35.267145 ], [ -90.004729, 35.267149 ], [ -90.00481, 35.267163 ], [ -90.00486, 35.267276 ], [ -90.004885, 35.267359 ], [ -90.004892, 35.267416 ], [ -90.004891, 35.267452 ], [ -90.004902, 35.267559 ], [ -90.004897, 35.267629 ], [ -90.004842, 35.267802 ], [ -90.004821, 35.267908 ], [ -90.004768, 35.268044 ], [ -90.004735, 35.26811 ], [ -90.00466, 35.268199 ], [ -90.00449, 35.268313 ], [ -90.004452, 35.268331 ], [ -90.00412, 35.268429 ], [ -90.004007, 35.268485 ], [ -90.00383, 35.268592 ], [ -90.003797, 35.268616 ], [ -90.003688, 35.268729 ], [ -90.003627, 35.268824 ], [ -90.003587, 35.268925 ], [ -90.00354, 35.269136 ], [ -90.003539, 35.269172 ], [ -90.003582, 35.26938 ], [ -90.00359, 35.269418 ], [ -90.003697, 35.269708 ], [ -90.003742, 35.269808 ], [ -90.003809, 35.270046 ], [ -90.003918, 35.270355 ], [ -90.003927, 35.27039 ], [ -90.003949, 35.270531 ], [ -90.004046, 35.270805 ], [ -90.004096, 35.270905 ], [ -90.004132, 35.271007 ], [ -90.004259, 35.271495 ], [ -90.00435, 35.271954 ], [ -90.00441, 35.272199 ], [ -90.004494, 35.272476 ], [ -90.004657, 35.272956 ], [ -90.004677, 35.273025 ], [ -90.004726, 35.273162 ], [ -90.004758, 35.273266 ], [ -90.00491, 35.273857 ], [ -90.00498, 35.274062 ], [ -90.005018, 35.2742 ], [ -90.005042, 35.274269 ], [ -90.005071, 35.274373 ], [ -90.005095, 35.27455 ], [ -90.005113, 35.274727 ], [ -90.005156, 35.274902 ], [ -90.005303, 35.275313 ], [ -90.005477, 35.275902 ], [ -90.005717, 35.276439 ], [ -90.005834, 35.276855 ], [ -90.005915, 35.277168 ], [ -90.005979, 35.277629 ], [ -90.005994, 35.277763 ], [ -90.006021, 35.277983 ], [ -90.006065, 35.278194 ], [ -90.006079, 35.278657 ], [ -90.006086, 35.278728 ], [ -90.006111, 35.278834 ], [ -90.006209, 35.27907 ], [ -90.006294, 35.279235 ], [ -90.006446, 35.279644 ], [ -90.006462, 35.279714 ], [ -90.006534, 35.280174 ], [ -90.006562, 35.280315 ], [ -90.006629, 35.280485 ], [ -90.006646, 35.280556 ], [ -90.006658, 35.280575 ], [ -90.006654, 35.280593 ], [ -90.006662, 35.280625 ], [ -90.006678, 35.280658 ], [ -90.006746, 35.28075 ], [ -90.006896, 35.280926 ], [ -90.007116, 35.281149 ], [ -90.007174, 35.281203 ], [ -90.007363, 35.281352 ], [ -90.007399, 35.281373 ], [ -90.00755, 35.281447 ], [ -90.007591, 35.281461 ], [ -90.007675, 35.281481 ], [ -90.007717, 35.281544 ], [ -90.007744, 35.281573 ], [ -90.007957, 35.281754 ], [ -90.008194, 35.281965 ], [ -90.008256, 35.282016 ], [ -90.00844, 35.282114 ], [ -90.008665, 35.282227 ], [ -90.008916, 35.282373 ], [ -90.009077, 35.282495 ], [ -90.009307, 35.282712 ], [ -90.009399, 35.282789 ], [ -90.009432, 35.282812 ], [ -90.009525, 35.282889 ], [ -90.009667, 35.283026 ], [ -90.009791, 35.283173 ], [ -90.009893, 35.283331 ], [ -90.009921, 35.283398 ], [ -90.009978, 35.283571 ], [ -90.009995, 35.283676 ], [ -90.010002, 35.283854 ] ] ] } },
{ "type": "Feature", "properties": { "STATEFP": "47", "COUNTYFP": "157", "TRACTCE": "020521", "GEOID": "47157020521", "GEOIDFQ": "1400000US47157020521", "NAME": "205.21", "NAMELSAD": "Census Tract 205.21", "MTFCC": "G5020", "FUNCSTAT": "S", "ALAND": 7743809, "AWATER": 44688, "INTPTLAT": "+35.2442208", "INTPTLON": "-089.9586155", "geoid": "47157020521" }, "geometry": { "type": "Polygon", "coordinates": [ [ [ -89.968828, 35.254729 ], [ -89.968654, 35.254893 ], [ -89.968144, 35.255413 ], [ -89.967626, 35.255942 ], [ -89.967484, 35.256087 ], [ -89.96727, 35.256305 ], [ -89.966997, 35.256583 ], [ -89.966704, 35.257197 ], [ -89.966619, 35.257377 ], [ -89.966279, 35.257699 ], [ -89.966129, 35.257841 ], [ -89.965849, 35.258026 ], [ -89.965379, 35.25827 ], [ -89.964757, 35.25844 ], [ -89.964301, 35.258453 ], [ -89.963983, 35.258458 ], [ -89.96352, 35.258526 ], [ -89.962963, 35.258616 ], [ -89.962298, 35.258702 ], [ -89.961405, 35.258806 ], [ -89.95945, 35.25906 ], [ -89.956448, 35.259466 ], [ -89.952831, 35.259947 ], [ -89.948963, 35.260462 ], [ -89.947639, 35.260627 ], [ -89.946963, 35.26071 ], [ -89.944049, 35.26102 ], [ -89.942276, 35.261209 ], [ -89.939496, 35.261505 ], [ -89.93499, 35.26214 ], [ -89.931878, 35.262579 ], [ -89.930477, 35.262776 ], [ -89.929508, 35.262913 ], [ -89.929427, 35.26294 ], [ -89.929427, 35.262879 ], [ -89.929426, 35.262551 ], [ -89.929426, 35.262471 ], [ -89.929436, 35.260934 ], [ -89.92944, 35.260395 ], [ -89.929442, 35.259855 ], [ -89.929451, 35.258238 ], [ -89.929453, 35.257867 ], [ -89.929454, 35.257794 ], [ -89.929455, 35.2577 ], [ -89.930095, 35.25736 ], [ -89.930135, 35.257329 ], [ -89.931701, 35.256505 ], [ -89.932013, 35.25633 ], [ -89.932647, 35.255977 ], [ -89.933092, 35.255699 ], [ -89.933246, 35.255604 ], [ -89.934399, 35.254826 ], [ -89.934443, 35.254797 ], [ -89.934802, 35.254554 ], [ -89.934834, 35.254532 ], [ -89.934864, 35.254511 ], [ -89.934965, 35.254441 ], [ -89.935359, 35.25417 ], [ -89.935491, 35.25408 ], [ -89.935567, 35.254028 ], [ -89.935626, 35.253987 ], [ -89.936031, 35.253708 ], [ -89.936167, 35.253615 ], [ -89.936457, 35.253414 ], [ -89.936862, 35.253136 ], [ -89.937331, 35.252813 ], [ -89.937623, 35.252614 ], [ -89.938253, 35.252197 ], [ -89.93835, 35.252134 ], [ -89.93875, 35.251895 ], [ -89.939102, 35.251699 ], [ -89.939208, 35.251645 ], [ -89.939602, 35.251445 ], [ -89.939862, 35.251307 ], [ -89.940249, 35.251124 ], [ -89.94035, 35.251078 ], [ -89.940938, 35.250812 ], [ -89.94105, 35.250759 ], [ -89.941278, 35.250622 ], [ -89.941393, 35.250554 ], [ -89.941651, 35.250381 ], [ -89.941811, 35.250255 ], [ -89.94215, 35.249941 ], [ -89.942189, 35.249894 ], [ -89.942361, 35.249688 ], [ -89.942432, 35.249589 ], [ -89.942594, 35.24935 ], [ -89.942765, 35.249071 ], [ -89.943735, 35.247499 ], [ -89.944059, 35.246975 ], [ -89.94451, 35.246244 ], [ -89.944874, 35.245655 ], [ -89.945064, 35.245346 ], [ -89.945406, 35.244801 ], [ -89.945896, 35.244072 ], [ -89.946144, 35.243705 ], [ -89.946309, 35.243454 ], [ -89.946373, 35.243358 ], [ -89.946707, 35.242863 ], [ -89.947179, 35.242157 ], [ -89.9475, 35.241677 ], [ -89.947836, 35.241178 ], [ -89.948016, 35.240913 ], [ -89.948258, 35.240557 ], [ -89.94846, 35.240307 ], [ -89.948805, 35.239966 ], [ -89.949134, 35.239723 ], [ -89.950115, 35.239043 ], [ -89.95014, 35.239027 ], [ -89.950439, 35.238796 ], [ -89.950565, 35.23868 ], [ -89.95078, 35.238441 ], [ -89.950964, 35.238171 ], [ -89.951067, 35.237977 ], [ -89.951146, 35.237818 ], [ -89.951736, 35.236437 ], [ -89.952349, 35.235016 ], [ -89.952479, 35.234717 ], [ -89.952637, 35.234375 ], [ -89.952699, 35.234217 ], [ -89.953219, 35.233049 ], [ -89.954139, 35.230939 ], [ -89.954206, 35.230763 ], [ -89.954328, 35.230351 ], [ -89.954727, 35.228662 ], [ -89.954991, 35.227545 ], [ -89.955381, 35.225862 ], [ -89.955464, 35.225505 ], [ -89.95591, 35.223581 ], [ -89.956055, 35.222991 ], [ -89.956096, 35.222843 ], [ -89.956112, 35.222789 ], [ -89.956132, 35.222724 ], [ -89.956258, 35.222717 ], [ -89.956277, 35.222716 ], [ -89.956363, 35.22271 ], [ -89.956711, 35.222677 ], [ -89.957051, 35.222658 ], [ -89.957184, 35.222651 ], [ -89.957658, 35.222606 ], [ -89.958079, 35.222527 ], [ -89.958554, 35.222403 ], [ -89.959742, 35.22206 ], [ -89.960628, 35.221805 ], [ -89.961128, 35.221657 ], [ -89.96116, 35.221648 ], [ -89.96125, 35.221626 ], [ -89.961492, 35.221543 ], [ -89.961734, 35.221483 ], [ -89.96263, 35.221221 ], [ -89.962697, 35.221202 ], [ -89.963036, 35.221119 ], [ -89.963137, 35.221096 ], [ -89.963301, 35.221063 ], [ -89.963401, 35.22105 ], [ -89.963776, 35.221002 ], [ -89.964201, 35.220984 ], [ -89.964225, 35.220984 ], [ -89.96447, 35.220989 ], [ -89.964644, 35.220992 ], [ -89.964682, 35.220993 ], [ -89.965062, 35.221019 ], [ -89.965167, 35.221026 ], [ -89.965342, 35.22104 ], [ -89.965321, 35.221105 ], [ -89.965318, 35.221115 ], [ -89.964856, 35.222535 ], [ -89.964299, 35.224251 ], [ -89.96367, 35.226173 ], [ -89.963393, 35.227018 ], [ -89.963166, 35.227714 ], [ -89.962964, 35.22853 ], [ -89.962867, 35.229049 ], [ -89.962811, 35.229598 ], [ -89.96281, 35.229631 ], [ -89.962801, 35.230094 ], [ -89.962829, 35.230499 ], [ -89.962885, 35.230964 ], [ -89.963062, 35.231743 ], [ -89.963276, 35.232376 ], [ -89.963509, 35.232856 ], [ -89.963644, 35.233134 ], [ -89.963976, 35.233867 ], [ -89.964009, 35.233928 ], [ -89.964111, 35.234111 ], [ -89.964145, 35.234172 ], [ -89.964173, 35.23423 ], [ -89.964208, 35.2343 ], [ -89.964399, 35.234687 ], [ -89.964463, 35.234816 ], [ -89.964545, 35.234998 ], [ -89.964792, 35.235546 ], [ -89.964875, 35.235729 ], [ -89.964946, 35.235867 ], [ -89.965113, 35.236192 ], [ -89.965159, 35.236281 ], [ -89.965231, 35.23642 ], [ -89.965273, 35.236508 ], [ -89.965402, 35.236774 ], [ -89.965445, 35.236863 ], [ -89.965987, 35.237984 ], [ -89.966049, 35.238114 ], [ -89.966259, 35.238551 ], [ -89.966902, 35.239856 ], [ -89.967041, 35.240139 ], [ -89.967356, 35.240777 ], [ -89.967627, 35.241382 ], [ -89.967755, 35.241732 ], [ -89.967892, 35.242153 ], [ -89.967953, 35.242431 ], [ -89.968027, 35.242792 ], [ -89.968088, 35.243252 ], [ -89.968152, 35.245922 ], [ -89.968166, 35.246537 ], [ -89.96817, 35.246688 ], [ -89.968219, 35.250135 ], [ -89.968232, 35.250878 ], [ -89.968246, 35.251584 ], [ -89.96828, 35.252062 ], [ -89.968314, 35.252395 ], [ -89.968403, 35.252877 ], [ -89.968714, 35.254261 ], [ -89.968738, 35.254366 ], [ -89.968757, 35.254453 ], [ -89.968761, 35.254472 ], [ -89.968784, 35.254557 ], [ -89.968806, 35.254642 ], [ -89.968828, 35.254729 ] ] ] } },
{ "type": "Feature", "properties": { "STATEFP": "47", "COUNTYFP": "157", "TRACTCE": "022210", "GEOID": "47157022210", "GEOIDFQ": "1400000US47157022210", "NAME": "222.10", "NAMELSAD": "Census Tract 222.10", "MTFCC": "G5020", "FUNCSTAT": "S", "ALAND": 19676809, "AWATER": 968535, "INTPTLAT": "+35.0426817", "INTPTLON": "-090.1149317", "geoid": "47157022210" }, "geometry": { "type": "Polygon", "coordinates": [ [ [ -90.137647, 34.994714 ], [ -90.137334, 34.995401 ], [ -90.13704, 34.996066 ], [ -90.136944, 34.996325 ], [ -90.136856, 34.996565 ], [ -90.1367, 34.997041 ], [ -90.136505, 34.997695 ], [ -90.136441, 34.998071 ], [ -90.136257, 34.998896 ], [ -90.136144, 34.999697 ], [ -90.135972, 35.001127 ], [ -90.135929, 35.001484 ], [ -90.135786, 35.002691 ], [ -90.135704, 35.003228 ], [ -90.135527, 35.004735 ], [ -90.135393, 35.00578 ], [ -90.135279, 35.006581 ], [ -90.135271, 35.006678 ], [ -90.135194, 35.007694 ], [ -90.135194, 35.008604 ], [ -90.135217, 35.010418 ], [ -90.135171, 35.011194 ], [ -90.135108, 35.011632 ], [ -90.134937, 35.012364 ], [ -90.13471, 35.01291 ], [ -90.134342, 35.01356 ], [ -90.133343, 35.016068 ], [ -90.133111, 35.016706 ], [ -90.132316, 35.018908 ], [ -90.131974, 35.019992 ], [ -90.131225, 35.022421 ], [ -90.130435, 35.024985 ], [ -90.130107, 35.026843 ], [ -90.13005, 35.027977 ], [ -90.130021, 35.029087 ], [ -90.130004, 35.029899 ], [ -90.129951, 35.032441 ], [ -90.129951, 35.035456 ], [ -90.129951, 35.03608 ], [ -90.129951, 35.036941 ], [ -90.130036, 35.038285 ], [ -90.130108, 35.039033 ], [ -90.130206, 35.039615 ], [ -90.130421, 35.040879 ], [ -90.130507, 35.041498 ], [ -90.130607, 35.042013 ], [ -90.130678, 35.042527 ], [ -90.130564, 35.04331 ], [ -90.130436, 35.044069 ], [ -90.130322, 35.044619 ], [ -90.129965, 35.046524 ], [ -90.12994, 35.046881 ], [ -90.129908, 35.047342 ], [ -90.129879, 35.049083 ], [ -90.129894, 35.05052 ], [ -90.129893, 35.05064 ], [ -90.129893, 35.051002 ], [ -90.129893, 35.051123 ], [ -90.129898, 35.051271 ], [ -90.12993, 35.052325 ], [ -90.129938, 35.052574 ], [ -90.129951, 35.052986 ], [ -90.130008, 35.053349 ], [ -90.130079, 35.053723 ], [ -90.130493, 35.054809 ], [ -90.130875, 35.055772 ], [ -90.13132, 35.05689 ], [ -90.131377, 35.057026 ], [ -90.131549, 35.057437 ], [ -90.131607, 35.057574 ], [ -90.132011, 35.058574 ], [ -90.13219, 35.059015 ], [ -90.132283, 35.059244 ], [ -90.132514, 35.06017 ], [ -90.132605, 35.0609 ], [ -90.132605, 35.061772 ], [ -90.132539, 35.062286 ], [ -90.132399, 35.063009 ], [ -90.132235, 35.063589 ], [ -90.132225, 35.063625 ], [ -90.131904, 35.064287 ], [ -90.131357, 35.064847 ], [ -90.13105, 35.065307 ], [ -90.130925, 35.065496 ], [ -90.130271, 35.066437 ], [ -90.130063, 35.066636 ], [ -90.129664, 35.06702 ], [ -90.129237, 35.0673 ], [ -90.129205, 35.067319 ], [ -90.128764, 35.067589 ], [ -90.128406, 35.067811 ], [ -90.128069, 35.067994 ], [ -90.127782, 35.068133 ], [ -90.127286, 35.068363 ], [ -90.127175, 35.068404 ], [ -90.126843, 35.068531 ], [ -90.126733, 35.068574 ], [ -90.126622, 35.068604 ], [ -90.126291, 35.068698 ], [ -90.126181, 35.06873 ], [ -90.125853, 35.068822 ], [ -90.125428, 35.068932 ], [ -90.125351, 35.068946 ], [ -90.124813, 35.069053 ], [ -90.12428, 35.069122 ], [ -90.123717, 35.069178 ], [ -90.123024, 35.069197 ], [ -90.122797, 35.069189 ], [ -90.121941, 35.069159 ], [ -90.121091, 35.069058 ], [ -90.121065, 35.069055 ], [ -90.12076, 35.069014 ], [ -90.120588, 35.068992 ], [ -90.117215, 35.068628 ], [ -90.116033, 35.068501 ], [ -90.115878, 35.068483 ], [ -90.115415, 35.068429 ], [ -90.115261, 35.068412 ], [ -90.115077, 35.068394 ], [ -90.114525, 35.068342 ], [ -90.114342, 35.068325 ], [ -90.112088, 35.068091 ], [ -90.110379, 35.067914 ], [ -90.10567, 35.067423 ], [ -90.105327, 35.067385 ], [ -90.103075, 35.06714 ], [ -90.102785, 35.067107 ], [ -90.102149, 35.067036 ], [ -90.101918, 35.067006 ], [ -90.10163, 35.06697 ], [ -90.100924, 35.06691 ], [ -90.100476, 35.066876 ], [ -90.100425, 35.066873 ], [ -90.100198, 35.066843 ], [ -90.099926, 35.066813 ], [ -90.099536, 35.066783 ], [ -90.099218, 35.066776 ], [ -90.098737, 35.066776 ], [ -90.097993, 35.066813 ], [ -90.097407, 35.066876 ], [ -90.097018, 35.066937 ], [ -90.096619, 35.067 ], [ -90.096342, 35.067057 ], [ -90.095882, 35.067152 ], [ -90.096283, 35.066922 ], [ -90.096259, 35.066866 ], [ -90.096233, 35.066806 ], [ -90.096167, 35.066698 ], [ -90.095868, 35.066208 ], [ -90.095805, 35.066104 ], [ -90.095799, 35.066036 ], [ -90.095778, 35.065779 ], [ -90.095905, 35.065477 ], [ -90.095898, 35.065351 ], [ -90.095825, 35.065208 ], [ -90.095771, 35.065148 ], [ -90.095698, 35.065126 ], [ -90.095416, 35.065121 ], [ -90.095391, 35.065121 ], [ -90.09533, 35.06506 ], [ -90.095304, 35.064994 ], [ -90.095304, 35.06489 ], [ -90.095344, 35.064813 ], [ -90.095718, 35.064599 ], [ -90.095738, 35.064544 ], [ -90.095724, 35.064467 ], [ -90.09547, 35.064148 ], [ -90.095377, 35.063753 ], [ -90.09537, 35.063539 ], [ -90.095276, 35.063149 ], [ -90.095196, 35.063011 ], [ -90.095123, 35.062962 ], [ -90.095002, 35.062858 ], [ -90.094815, 35.062753 ], [ -90.093981, 35.062318 ], [ -90.093386, 35.062007 ], [ -90.092884, 35.061727 ], [ -90.09286, 35.06169 ], [ -90.092844, 35.061679 ], [ -90.093057, 35.060456 ], [ -90.093289, 35.059135 ], [ -90.093373, 35.058737 ], [ -90.093468, 35.058445 ], [ -90.09357, 35.058261 ], [ -90.093732, 35.058048 ], [ -90.094504, 35.057144 ], [ -90.094699, 35.056917 ], [ -90.095114, 35.056441 ], [ -90.095313, 35.056203 ], [ -90.095439, 35.056058 ], [ -90.095816, 35.055624 ], [ -90.095943, 35.05548 ], [ -90.096088, 35.05531 ], [ -90.096331, 35.05495 ], [ -90.096456, 35.054705 ], [ -90.09657, 35.054406 ], [ -90.096645, 35.054103 ], [ -90.09669, 35.05373 ], [ -90.096687, 35.053352 ], [ -90.096673, 35.052855 ], [ -90.096656, 35.052113 ], [ -90.096655, 35.051974 ], [ -90.096653, 35.051558 ], [ -90.096653, 35.05142 ], [ -90.096652, 35.051215 ], [ -90.096652, 35.050601 ], [ -90.096652, 35.050397 ], [ -90.096651, 35.050247 ], [ -90.096651, 35.049798 ], [ -90.096651, 35.049649 ], [ -90.096643, 35.049387 ], [ -90.096622, 35.048604 ], [ -90.096616, 35.048343 ], [ -90.096608, 35.048061 ], [ -90.096584, 35.047217 ], [ -90.096577, 35.046936 ], [ -90.096568, 35.046593 ], [ -90.096552, 35.046025 ], [ -90.09653, 35.045165 ], [ -90.096521, 35.044635 ], [ -90.096575, 35.043293 ], [ -90.096612, 35.042383 ], [ -90.096623, 35.041528 ], [ -90.096638, 35.040396 ], [ -90.096655, 35.039278 ], [ -90.0967, 35.038969 ], [ -90.096711, 35.038895 ], [ -90.096748, 35.038735 ], [ -90.096873, 35.038378 ], [ -90.096976, 35.038165 ], [ -90.09712, 35.037928 ], [ -90.097178, 35.03784 ], [ -90.097306, 35.037674 ], [ -90.097359, 35.037606 ], [ -90.09855, 35.036406 ], [ -90.098798, 35.036097 ], [ -90.098886, 35.035921 ], [ -90.098951, 35.035783 ], [ -90.099037, 35.035545 ], [ -90.099336, 35.03472 ], [ -90.099444, 35.034398 ], [ -90.099484, 35.03428 ], [ -90.099571, 35.034013 ], [ -90.099746, 35.033479 ], [ -90.099812, 35.033263 ], [ -90.099848, 35.033147 ], [ -90.099874, 35.032974 ], [ -90.099867, 35.032728 ], [ -90.099805, 35.032403 ], [ -90.099345, 35.030988 ], [ -90.099285, 35.030802 ], [ -90.099107, 35.030238 ], [ -90.099019, 35.029974 ], [ -90.09889, 35.029587 ], [ -90.098809, 35.029377 ], [ -90.098736, 35.029189 ], [ -90.098701, 35.029099 ], [ -90.098626, 35.028934 ], [ -90.098104, 35.02785 ], [ -90.097128, 35.025821 ], [ -90.096687, 35.024906 ], [ -90.096614, 35.024696 ], [ -90.096593, 35.02458 ], [ -90.096563, 35.024409 ], [ -90.096515, 35.023382 ], [ -90.096507, 35.02282 ], [ -90.096505, 35.022629 ], [ -90.096486, 35.021137 ], [ -90.096479, 35.020576 ], [ -90.097076, 35.020568 ], [ -90.098242, 35.020555 ], [ -90.098869, 35.020555 ], [ -90.099467, 35.020555 ], [ -90.099758, 35.020555 ], [ -90.100883, 35.020534 ], [ -90.101, 35.020535 ], [ -90.102094, 35.020545 ], [ -90.102294, 35.02055 ], [ -90.102474, 35.020551 ], [ -90.102978, 35.020553 ], [ -90.103544, 35.020555 ], [ -90.10384, 35.020537 ], [ -90.104356, 35.020537 ], [ -90.105601, 35.020537 ], [ -90.107135, 35.020537 ], [ -90.108136, 35.020533 ], [ -90.109768, 35.020527 ], [ -90.11015, 35.02053 ], [ -90.111139, 35.02053 ], [ -90.112141, 35.02053 ], [ -90.112281, 35.020529 ], [ -90.1127, 35.020526 ], [ -90.112841, 35.020526 ], [ -90.11286, 35.020526 ], [ -90.113504, 35.020523 ], [ -90.117211, 35.020537 ], [ -90.117226, 35.020296 ], [ -90.11723, 35.020251 ], [ -90.11735, 35.019585 ], [ -90.117394, 35.019348 ], [ -90.117461, 35.018991 ], [ -90.117576, 35.01839 ], [ -90.117658, 35.017922 ], [ -90.117721, 35.017565 ], [ -90.117748, 35.017434 ], [ -90.117819, 35.017093 ], [ -90.117835, 35.017045 ], [ -90.117879, 35.01692 ], [ -90.117969, 35.016752 ], [ -90.118158, 35.016507 ], [ -90.11838, 35.016269 ], [ -90.118433, 35.016213 ], [ -90.11857, 35.016019 ], [ -90.118606, 35.015927 ], [ -90.118634, 35.015773 ], [ -90.118677, 35.014772 ], [ -90.118716, 35.014098 ], [ -90.118707, 35.013869 ], [ -90.118679, 35.013045 ], [ -90.118677, 35.012787 ], [ -90.118671, 35.012015 ], [ -90.11867, 35.011758 ], [ -90.118667, 35.011632 ], [ -90.118664, 35.011575 ], [ -90.118656, 35.011339 ], [ -90.118612, 35.011202 ], [ -90.118518, 35.011062 ], [ -90.118418, 35.010967 ], [ -90.118383, 35.01094 ], [ -90.118613, 35.01076 ], [ -90.118652, 35.010732 ], [ -90.119482, 35.01014 ], [ -90.11976, 35.009943 ], [ -90.120969, 35.009084 ], [ -90.121625, 35.009699 ], [ -90.121735, 35.009804 ], [ -90.122067, 35.010119 ], [ -90.122178, 35.010225 ], [ -90.122613, 35.010518 ], [ -90.123918, 35.011398 ], [ -90.124354, 35.011692 ], [ -90.124426, 35.01164 ], [ -90.124642, 35.011485 ], [ -90.124715, 35.011434 ], [ -90.12514, 35.011127 ], [ -90.125152, 35.011115 ], [ -90.125294, 35.010982 ], [ -90.125428, 35.010804 ], [ -90.125543, 35.010574 ], [ -90.125629, 35.010306 ], [ -90.125744, 35.01012 ], [ -90.125887, 35.009954 ], [ -90.126002, 35.009852 ], [ -90.126061, 35.009806 ], [ -90.126192, 35.009705 ], [ -90.126344, 35.009552 ], [ -90.126439, 35.009423 ], [ -90.126507, 35.009292 ], [ -90.12656, 35.009191 ], [ -90.126616, 35.009003 ], [ -90.126635, 35.008872 ], [ -90.126657, 35.008727 ], [ -90.126676, 35.008521 ], [ -90.126732, 35.007904 ], [ -90.126752, 35.007699 ], [ -90.126027, 35.007652 ], [ -90.125826, 35.00764 ], [ -90.125, 35.007592 ], [ -90.123852, 35.007592 ], [ -90.123127, 35.007592 ], [ -90.122888, 35.007592 ], [ -90.122171, 35.007593 ], [ -90.121933, 35.007594 ], [ -90.120727, 35.007599 ], [ -90.120507, 35.007602 ], [ -90.120262, 35.007627 ], [ -90.119934, 35.007699 ], [ -90.119792, 35.007758 ], [ -90.119661, 35.007814 ], [ -90.119505, 35.007887 ], [ -90.119263, 35.007991 ], [ -90.119049, 35.008054 ], [ -90.118805, 35.008103 ], [ -90.118573, 35.00812 ], [ -90.118279, 35.008114 ], [ -90.118017, 35.008089 ], [ -90.117652, 35.008017 ], [ -90.117355, 35.007915 ], [ -90.117104, 35.007802 ], [ -90.116904, 35.007692 ], [ -90.116627, 35.007502 ], [ -90.116439, 35.007343 ], [ -90.116373, 35.007287 ], [ -90.1162, 35.007114 ], [ -90.115626, 35.006539 ], [ -90.115505, 35.006405 ], [ -90.115405, 35.006295 ], [ -90.115348, 35.006214 ], [ -90.11531, 35.006141 ], [ -90.115294, 35.006088 ], [ -90.11524, 35.005806 ], [ -90.115181, 35.005609 ], [ -90.115111, 35.005499 ], [ -90.115002, 35.005412 ], [ -90.114917, 35.005372 ], [ -90.11477, 35.005337 ], [ -90.114581, 35.00533 ], [ -90.114232, 35.005332 ], [ -90.114157, 35.005333 ], [ -90.113348, 35.005345 ], [ -90.112296, 35.005336 ], [ -90.110943, 35.00534 ], [ -90.110626, 35.005317 ], [ -90.11039, 35.005284 ], [ -90.109952, 35.00517 ], [ -90.109866, 35.005144 ], [ -90.109289, 35.005059 ], [ -90.109079, 35.005043 ], [ -90.108952, 35.005015 ], [ -90.108772, 35.004954 ], [ -90.108595, 35.004838 ], [ -90.108484, 35.004721 ], [ -90.108431, 35.004667 ], [ -90.108266, 35.004384 ], [ -90.108404, 35.004316 ], [ -90.108474, 35.004281 ], [ -90.10895, 35.004045 ], [ -90.109203, 35.003921 ], [ -90.110053, 35.003502 ], [ -90.111088, 35.002989 ], [ -90.116595, 35.000263 ], [ -90.116742, 35.000189 ], [ -90.117126, 35.0 ], [ -90.118628, 34.999258 ], [ -90.118709, 34.999218 ], [ -90.120113, 34.998524 ], [ -90.12013, 34.998515 ], [ -90.122002, 34.997583 ], [ -90.123955, 34.99661 ], [ -90.12463, 34.996273 ], [ -90.125222, 34.995979 ], [ -90.126062, 34.99557 ], [ -90.126133, 34.995532 ], [ -90.126214, 34.995527 ], [ -90.126444, 34.995405 ], [ -90.126587, 34.99533 ], [ -90.126921, 34.995125 ], [ -90.127115, 34.994996 ], [ -90.127318, 34.994867 ], [ -90.12747, 34.994771 ], [ -90.134511, 34.994701 ], [ -90.136755, 34.994678 ], [ -90.137666, 34.99467 ], [ -90.137647, 34.994714 ] ] ] } },
{ "type": "Feature", "properties": { "STATEFP": "47", "COUNTYFP": "157", "TRACTCE": "011200", "GEOID": "47157011200", "GEOIDFQ": "1400000US47157011200", "NAME": "112", "NAMELSAD": "Census Tract 112", "MTFCC": "G5020", "FUNCSTAT": "S", "ALAND": 1201227, "AWATER": 0, "INTPTLAT": "+35.1653428", "INTPTLON": "-090.0146529", "geoid": "47157011200" }, "geometry": { "type": "Polygon", "coordinates": [ [ [ -90.020573, 35.158038 ], [ -90.02026, 35.159946 ], [ -90.020243, 35.160053 ], [ -90.020218, 35.160203 ], [ -90.020195, 35.160356 ], [ -90.020134, 35.160651 ], [ -90.02012, 35.160725 ], [ -90.020102, 35.160799 ], [ -90.020021, 35.161111 ], [ -90.019947, 35.161392 ], [ -90.019874, 35.161642 ], [ -90.019813, 35.161812 ], [ -90.019738, 35.162023 ], [ -90.019627, 35.162389 ], [ -90.019535, 35.162691 ], [ -90.019443, 35.162952 ], [ -90.019297, 35.163366 ], [ -90.019125, 35.163857 ], [ -90.019017, 35.164273 ], [ -90.018962, 35.164654 ], [ -90.018921, 35.164951 ], [ -90.018861, 35.16559 ], [ -90.01884, 35.165794 ], [ -90.018822, 35.165995 ], [ -90.018719, 35.167213 ], [ -90.0187, 35.167451 ], [ -90.018687, 35.167619 ], [ -90.018683, 35.167659 ], [ -90.018682, 35.167675 ], [ -90.018674, 35.167779 ], [ -90.018671, 35.16782 ], [ -90.018636, 35.168345 ], [ -90.018601, 35.168884 ], [ -90.018563, 35.169521 ], [ -90.018547, 35.169921 ], [ -90.018539, 35.170153 ], [ -90.018532, 35.170448 ], [ -90.018446, 35.170477 ], [ -90.018381, 35.170501 ], [ -90.018356, 35.170511 ], [ -90.017931, 35.170669 ], [ -90.017741, 35.170741 ], [ -90.017474, 35.17084 ], [ -90.01718, 35.17095 ], [ -90.016673, 35.171139 ], [ -90.016407, 35.171239 ], [ -90.016151, 35.171334 ], [ -90.015383, 35.171622 ], [ -90.015128, 35.171718 ], [ -90.014872, 35.171813 ], [ -90.014107, 35.172099 ], [ -90.013852, 35.172195 ], [ -90.013547, 35.172305 ], [ -90.013453, 35.172335 ], [ -90.013074, 35.172458 ], [ -90.012606, 35.172592 ], [ -90.012235, 35.172688 ], [ -90.012142, 35.172713 ], [ -90.011823, 35.172779 ], [ -90.011533, 35.172777 ], [ -90.010748, 35.172773 ], [ -90.010665, 35.17277 ], [ -90.010376, 35.17276 ], [ -90.009994, 35.17276 ], [ -90.009463, 35.17276 ], [ -90.008851, 35.172735 ], [ -90.008471, 35.17272 ], [ -90.008474, 35.172663 ], [ -90.008489, 35.172304 ], [ -90.008501, 35.172052 ], [ -90.008558, 35.171766 ], [ -90.008676, 35.171384 ], [ -90.008794, 35.171104 ], [ -90.008982, 35.170733 ], [ -90.009024, 35.17065 ], [ -90.009259, 35.170181 ], [ -90.009337, 35.170029 ], [ -90.009896, 35.168936 ], [ -90.010039, 35.168629 ], [ -90.010134, 35.168374 ], [ -90.010195, 35.168159 ], [ -90.010222, 35.168035 ], [ -90.010273, 35.16773 ], [ -90.010296, 35.167342 ], [ -90.010309, 35.166816 ], [ -90.010344, 35.165539 ], [ -90.010338, 35.165238 ], [ -90.010337, 35.165163 ], [ -90.010359, 35.164713 ], [ -90.010507, 35.164727 ], [ -90.010895, 35.164765 ], [ -90.011216, 35.162555 ], [ -90.011382, 35.161353 ], [ -90.011526, 35.160391 ], [ -90.011627, 35.159779 ], [ -90.011833, 35.15831 ], [ -90.011851, 35.158188 ], [ -90.011855, 35.15816 ], [ -90.012033, 35.158167 ], [ -90.012652, 35.158206 ], [ -90.013457, 35.158261 ], [ -90.013618, 35.158271 ], [ -90.014101, 35.158301 ], [ -90.014263, 35.158311 ], [ -90.014422, 35.158323 ], [ -90.014902, 35.158359 ], [ -90.015062, 35.158372 ], [ -90.015221, 35.158384 ], [ -90.015699, 35.158422 ], [ -90.015859, 35.158435 ], [ -90.016016, 35.158447 ], [ -90.016488, 35.158484 ], [ -90.016646, 35.158497 ], [ -90.017437, 35.158557 ], [ -90.017775, 35.158574 ], [ -90.017855, 35.158578 ], [ -90.017922, 35.158577 ], [ -90.018204, 35.158541 ], [ -90.019036, 35.158374 ], [ -90.019089, 35.158362 ], [ -90.019992, 35.158165 ], [ -90.020112, 35.15814 ], [ -90.020251, 35.158109 ], [ -90.020287, 35.158102 ], [ -90.020387, 35.158079 ], [ -90.020449, 35.158065 ], [ -90.020538, 35.158046 ], [ -90.020573, 35.158038 ] ] ] } },
{ "type": "Feature", "properties": { "STATEFP": "47", "COUNTYFP": "157", "TRACTCE": "011600", "GEOID": "47157011600", "GEOIDFQ": "1400000US47157011600", "NAME": "116", "NAMELSAD": "Census Tract 116", "MTFCC": "G5020", "FUNCSTAT": "S", "ALAND": 1524875, "AWATER": 0, "INTPTLAT": "+35.1205150", "INTPTLON": "-090.0397422", "geoid": "47157011600" }, "geometry": { "type": "Polygon", "coordinates": [ [ [ -90.04722, 35.116616 ], [ -90.047212, 35.116811 ], [ -90.04721, 35.11685 ], [ -90.047206, 35.11697 ], [ -90.047205, 35.11701 ], [ -90.047201, 35.117135 ], [ -90.0472, 35.117163 ], [ -90.047185, 35.117625 ], [ -90.047181, 35.11778 ], [ -90.047176, 35.117913 ], [ -90.047163, 35.118313 ], [ -90.047159, 35.118447 ], [ -90.047157, 35.118494 ], [ -90.047155, 35.118638 ], [ -90.047155, 35.118686 ], [ -90.047161, 35.118883 ], [ -90.047169, 35.119109 ], [ -90.04722, 35.119172 ], [ -90.047209, 35.119458 ], [ -90.047202, 35.119656 ], [ -90.047201, 35.119948 ], [ -90.047199, 35.119986 ], [ -90.047163, 35.120976 ], [ -90.047152, 35.121307 ], [ -90.047147, 35.121443 ], [ -90.047135, 35.121853 ], [ -90.047131, 35.12199 ], [ -90.047127, 35.122068 ], [ -90.047119, 35.122305 ], [ -90.047117, 35.122384 ], [ -90.047081, 35.123218 ], [ -90.047064, 35.123606 ], [ -90.047033, 35.124357 ], [ -90.047016, 35.124771 ], [ -90.047006, 35.125059 ], [ -90.046969, 35.126235 ], [ -90.046947, 35.126579 ], [ -90.046807, 35.126573 ], [ -90.045424, 35.126568 ], [ -90.044549, 35.126567 ], [ -90.044475, 35.126564 ], [ -90.044255, 35.126555 ], [ -90.044182, 35.126553 ], [ -90.043995, 35.126547 ], [ -90.043434, 35.126529 ], [ -90.043247, 35.126524 ], [ -90.042709, 35.126487 ], [ -90.042304, 35.126419 ], [ -90.042091, 35.126384 ], [ -90.041637, 35.126281 ], [ -90.041233, 35.126161 ], [ -90.04084, 35.126018 ], [ -90.040348, 35.125788 ], [ -90.039637, 35.125454 ], [ -90.039049, 35.125178 ], [ -90.038931, 35.125124 ], [ -90.038777, 35.125053 ], [ -90.03843, 35.12493 ], [ -90.038412, 35.124924 ], [ -90.037935, 35.124798 ], [ -90.037419, 35.124702 ], [ -90.037353, 35.124693 ], [ -90.036989, 35.124647 ], [ -90.036928, 35.124643 ], [ -90.036745, 35.124631 ], [ -90.036685, 35.124627 ], [ -90.036665, 35.124626 ], [ -90.036606, 35.124625 ], [ -90.036587, 35.124625 ], [ -90.036324, 35.12462 ], [ -90.035538, 35.124605 ], [ -90.035276, 35.124601 ], [ -90.034698, 35.124585 ], [ -90.032965, 35.124539 ], [ -90.032388, 35.124524 ], [ -90.032389, 35.124461 ], [ -90.032391, 35.124371 ], [ -90.032403, 35.123915 ], [ -90.032408, 35.123763 ], [ -90.032441, 35.122874 ], [ -90.032457, 35.122427 ], [ -90.03247, 35.122105 ], [ -90.032483, 35.12173 ], [ -90.032539, 35.120209 ], [ -90.032572, 35.119321 ], [ -90.032415, 35.119316 ], [ -90.031946, 35.119304 ], [ -90.03179, 35.1193 ], [ -90.031569, 35.119294 ], [ -90.030906, 35.119277 ], [ -90.030686, 35.119272 ], [ -90.030713, 35.118513 ], [ -90.030719, 35.118335 ], [ -90.030741, 35.117717 ], [ -90.030755, 35.117314 ], [ -90.030757, 35.117237 ], [ -90.030764, 35.117006 ], [ -90.030767, 35.11693 ], [ -90.030776, 35.116644 ], [ -90.030804, 35.115786 ], [ -90.030814, 35.115501 ], [ -90.031497, 35.115516 ], [ -90.031707, 35.115521 ], [ -90.032982, 35.11555 ], [ -90.033051, 35.115552 ], [ -90.033067, 35.115552 ], [ -90.033757, 35.115567 ], [ -90.033931, 35.115571 ], [ -90.033974, 35.115572 ], [ -90.034455, 35.115583 ], [ -90.03463, 35.115587 ], [ -90.036039, 35.115617 ], [ -90.03717, 35.115644 ], [ -90.037797, 35.115659 ], [ -90.03888, 35.115683 ], [ -90.039302, 35.115692 ], [ -90.040405, 35.115719 ], [ -90.040569, 35.115722 ], [ -90.040992, 35.115732 ], [ -90.043293, 35.115783 ], [ -90.043428, 35.115787 ], [ -90.046934, 35.115866 ], [ -90.047072, 35.11587 ], [ -90.047146, 35.116049 ], [ -90.047185, 35.116141 ], [ -90.04717, 35.116185 ], [ -90.047177, 35.11622 ], [ -90.047215, 35.116338 ], [ -90.047225, 35.116528 ], [ -90.04722, 35.116616 ] ] ] } },
{ "type": "Feature", "properties": { "STATEFP": "47", "COUNTYFP": "157", "TRACTCE": "011500", "GEOID": "47157011500", "GEOIDFQ": "1400000US47157011500", "NAME": "115", "NAMELSAD": "Census Tract 115", "MTFCC": "G5020", "FUNCSTAT": "S", "ALAND": 2388232, "AWATER": 0, "INTPTLAT": "+35.1151681", "INTPTLON": "-090.0237465", "geoid": "47157011500" }, "geometry": { "type": "Polygon", "coordinates": [ [ [ -90.032539, 35.120209 ], [ -90.032483, 35.12173 ], [ -90.03247, 35.122105 ], [ -90.032457, 35.122427 ], [ -90.032441, 35.122874 ], [ -90.032408, 35.123763 ], [ -90.032403, 35.123915 ], [ -90.032391, 35.124371 ], [ -90.032389, 35.124461 ], [ -90.032388, 35.124524 ], [ -90.032308, 35.124522 ], [ -90.032068, 35.124516 ], [ -90.031989, 35.124515 ], [ -90.031609, 35.12452 ], [ -90.031483, 35.124517 ], [ -90.029966, 35.124486 ], [ -90.029461, 35.124476 ], [ -90.028971, 35.124443 ], [ -90.028641, 35.124419 ], [ -90.02782, 35.12436 ], [ -90.026691, 35.124277 ], [ -90.026187, 35.124202 ], [ -90.026153, 35.124197 ], [ -90.025461, 35.124012 ], [ -90.025393, 35.123994 ], [ -90.025199, 35.123932 ], [ -90.025029, 35.123877 ], [ -90.024077, 35.123587 ], [ -90.023926, 35.123538 ], [ -90.023561, 35.123421 ], [ -90.023503, 35.1234 ], [ -90.023332, 35.123339 ], [ -90.023275, 35.123319 ], [ -90.022884, 35.123225 ], [ -90.022476, 35.123127 ], [ -90.022084, 35.123027 ], [ -90.021707, 35.122967 ], [ -90.021594, 35.12295 ], [ -90.021311, 35.122905 ], [ -90.021312, 35.122856 ], [ -90.021316, 35.12277 ], [ -90.021317, 35.122748 ], [ -90.021318, 35.12271 ], [ -90.021321, 35.122662 ], [ -90.021324, 35.122587 ], [ -90.021327, 35.122525 ], [ -90.021333, 35.122363 ], [ -90.021337, 35.122289 ], [ -90.021342, 35.12214 ], [ -90.021356, 35.121789 ], [ -90.021359, 35.121696 ], [ -90.021366, 35.121548 ], [ -90.020907, 35.121167 ], [ -90.019532, 35.120025 ], [ -90.019074, 35.119645 ], [ -90.018717, 35.11925 ], [ -90.018645, 35.119162 ], [ -90.018093, 35.118495 ], [ -90.017435, 35.117651 ], [ -90.017038, 35.117143 ], [ -90.016807, 35.116858 ], [ -90.016357, 35.116303 ], [ -90.016106, 35.116014 ], [ -90.015867, 35.115738 ], [ -90.015568, 35.115346 ], [ -90.015193, 35.114853 ], [ -90.014661, 35.114181 ], [ -90.014356, 35.113796 ], [ -90.013843, 35.113187 ], [ -90.013664, 35.112973 ], [ -90.013562, 35.112851 ], [ -90.01262, 35.111831 ], [ -90.012236, 35.111416 ], [ -90.01144, 35.110644 ], [ -90.011007, 35.110224 ], [ -90.010662, 35.109905 ], [ -90.010498, 35.109745 ], [ -90.010398, 35.109648 ], [ -90.010027, 35.109289 ], [ -90.010005, 35.109267 ], [ -90.009841, 35.109108 ], [ -90.009981, 35.109109 ], [ -90.010331, 35.109111 ], [ -90.010551, 35.109117 ], [ -90.010688, 35.109124 ], [ -90.011469, 35.109158 ], [ -90.0124, 35.109182 ], [ -90.012664, 35.109186 ], [ -90.013456, 35.109201 ], [ -90.01372, 35.109207 ], [ -90.01395, 35.109213 ], [ -90.014198, 35.10922 ], [ -90.014597, 35.109232 ], [ -90.014641, 35.109235 ], [ -90.014872, 35.109251 ], [ -90.015048, 35.109262 ], [ -90.015197, 35.109273 ], [ -90.015576, 35.109285 ], [ -90.015753, 35.109291 ], [ -90.016041, 35.1093 ], [ -90.016906, 35.109327 ], [ -90.017195, 35.109337 ], [ -90.018399, 35.109376 ], [ -90.021721, 35.10948 ], [ -90.021653, 35.109147 ], [ -90.021528, 35.108544 ], [ -90.021362, 35.107744 ], [ -90.02118, 35.106892 ], [ -90.021274, 35.106889 ], [ -90.021302, 35.106887 ], [ -90.02167, 35.106866 ], [ -90.021793, 35.106859 ], [ -90.021845, 35.106856 ], [ -90.021935, 35.106851 ], [ -90.022004, 35.106848 ], [ -90.022057, 35.106847 ], [ -90.022205, 35.106845 ], [ -90.022648, 35.106858 ], [ -90.022796, 35.106863 ], [ -90.022961, 35.106866 ], [ -90.023457, 35.106876 ], [ -90.023623, 35.10688 ], [ -90.023791, 35.106884 ], [ -90.024294, 35.106896 ], [ -90.024463, 35.106901 ], [ -90.024631, 35.106905 ], [ -90.025138, 35.106917 ], [ -90.025307, 35.106921 ], [ -90.025476, 35.106925 ], [ -90.025972, 35.106937 ], [ -90.025986, 35.106937 ], [ -90.026156, 35.106941 ], [ -90.026325, 35.106945 ], [ -90.026832, 35.106957 ], [ -90.027001, 35.106962 ], [ -90.027173, 35.106965 ], [ -90.027364, 35.10697 ], [ -90.027689, 35.106977 ], [ -90.027765, 35.106979 ], [ -90.027862, 35.106981 ], [ -90.027968, 35.106983 ], [ -90.028269, 35.106992 ], [ -90.028287, 35.106992 ], [ -90.028394, 35.106995 ], [ -90.028439, 35.106996 ], [ -90.028493, 35.106998 ], [ -90.028553, 35.106999 ], [ -90.028594, 35.107 ], [ -90.028625, 35.107 ], [ -90.028719, 35.107003 ], [ -90.028751, 35.107004 ], [ -90.028862, 35.107006 ], [ -90.029094, 35.107013 ], [ -90.029171, 35.107015 ], [ -90.029198, 35.107015 ], [ -90.02931, 35.107018 ], [ -90.029376, 35.107019 ], [ -90.029575, 35.107025 ], [ -90.029642, 35.107027 ], [ -90.029826, 35.107031 ], [ -90.03038, 35.107046 ], [ -90.030565, 35.107051 ], [ -90.030551, 35.107393 ], [ -90.03051, 35.108421 ], [ -90.030497, 35.108764 ], [ -90.030489, 35.108873 ], [ -90.030468, 35.1092 ], [ -90.030461, 35.10931 ], [ -90.030431, 35.109721 ], [ -90.030426, 35.10981 ], [ -90.030424, 35.109838 ], [ -90.03042, 35.109897 ], [ -90.030405, 35.110192 ], [ -90.0304, 35.110311 ], [ -90.030391, 35.110747 ], [ -90.030403, 35.111075 ], [ -90.030368, 35.111781 ], [ -90.030441, 35.111784 ], [ -90.030422, 35.112525 ], [ -90.0304, 35.113294 ], [ -90.030398, 35.113407 ], [ -90.030382, 35.113876 ], [ -90.030348, 35.114583 ], [ -90.03032, 35.11549 ], [ -90.030418, 35.115492 ], [ -90.030715, 35.115498 ], [ -90.030814, 35.115501 ], [ -90.030804, 35.115786 ], [ -90.030776, 35.116644 ], [ -90.030767, 35.11693 ], [ -90.030764, 35.117006 ], [ -90.030757, 35.117237 ], [ -90.030755, 35.117314 ], [ -90.030741, 35.117717 ], [ -90.030719, 35.118335 ], [ -90.030713, 35.118513 ], [ -90.030686, 35.119272 ], [ -90.030906, 35.119277 ], [ -90.031569, 35.119294 ], [ -90.03179, 35.1193 ], [ -90.031946, 35.119304 ], [ -90.032415, 35.119316 ], [ -90.032572, 35.119321 ], [ -90.032539, 35.120209 ] ] ] } },
{ "type": "Feature", "properties": { "STATEFP": "47", "COUNTYFP": "157", "TRACTCE": "022700", "GEOID": "47157022700", "GEOIDFQ": "1400000US47157022700", "NAME": "227", "NAMELSAD": "Census Tract 227", "MTFCC": "G5020", "FUNCSTAT": "S", "ALAND": 8237062, "AWATER": 32655, "INTPTLAT": "+35.0080388", "INTPTLON": "-090.0514313", "geoid": "47157022700" }, "geometry": { "type": "Polygon", "coordinates": [ [ [ -90.069112, 35.002369 ], [ -90.069088, 35.002487 ], [ -90.06887, 35.003211 ], [ -90.068851, 35.003273 ], [ -90.068761, 35.003574 ], [ -90.068751, 35.003609 ], [ -90.068742, 35.00364 ], [ -90.068608, 35.004119 ], [ -90.068601, 35.004142 ], [ -90.068556, 35.004309 ], [ -90.06852, 35.004493 ], [ -90.068481, 35.004975 ], [ -90.068445, 35.005139 ], [ -90.068241, 35.00587 ], [ -90.068226, 35.005925 ], [ -90.068135, 35.006344 ], [ -90.068138, 35.006449 ], [ -90.068141, 35.006865 ], [ -90.068151, 35.008116 ], [ -90.068154, 35.008462 ], [ -90.068153, 35.008533 ], [ -90.068156, 35.009003 ], [ -90.068168, 35.010413 ], [ -90.068172, 35.010883 ], [ -90.068174, 35.011072 ], [ -90.06818, 35.011641 ], [ -90.068182, 35.011831 ], [ -90.068185, 35.012396 ], [ -90.068197, 35.014091 ], [ -90.0682, 35.014526 ], [ -90.068201, 35.014657 ], [ -90.068203, 35.014901 ], [ -90.068204, 35.015071 ], [ -90.068207, 35.015563 ], [ -90.068212, 35.016317 ], [ -90.068215, 35.016732 ], [ -90.068215, 35.016822 ], [ -90.068218, 35.017094 ], [ -90.068219, 35.017185 ], [ -90.068219, 35.017272 ], [ -90.068219, 35.017533 ], [ -90.06822, 35.01762 ], [ -90.068221, 35.017815 ], [ -90.068227, 35.0184 ], [ -90.06823, 35.018596 ], [ -90.068229, 35.018685 ], [ -90.068227, 35.018952 ], [ -90.068227, 35.019042 ], [ -90.068228, 35.019096 ], [ -90.068232, 35.019261 ], [ -90.068234, 35.019316 ], [ -90.068237, 35.019631 ], [ -90.068249, 35.020509 ], [ -90.068244, 35.020578 ], [ -90.068231, 35.020784 ], [ -90.068228, 35.020894 ], [ -90.067723, 35.020902 ], [ -90.067042, 35.020918 ], [ -90.066191, 35.020933 ], [ -90.065682, 35.020943 ], [ -90.065404, 35.020943 ], [ -90.06457, 35.020945 ], [ -90.064293, 35.020946 ], [ -90.064244, 35.020946 ], [ -90.063969, 35.020953 ], [ -90.063557, 35.020955 ], [ -90.061618, 35.020967 ], [ -90.061352, 35.020964 ], [ -90.060617, 35.020958 ], [ -90.060523, 35.020955 ], [ -90.060242, 35.020946 ], [ -90.060149, 35.020943 ], [ -90.059933, 35.020938 ], [ -90.059289, 35.020924 ], [ -90.059074, 35.02092 ], [ -90.058934, 35.020918 ], [ -90.058515, 35.020914 ], [ -90.058376, 35.020913 ], [ -90.058219, 35.020911 ], [ -90.058016, 35.020908 ], [ -90.057738, 35.020905 ], [ -90.056936, 35.020897 ], [ -90.056577, 35.020894 ], [ -90.056105, 35.020889 ], [ -90.055349, 35.020882 ], [ -90.054692, 35.020877 ], [ -90.054368, 35.020875 ], [ -90.054222, 35.020869 ], [ -90.053876, 35.020864 ], [ -90.052838, 35.020852 ], [ -90.052492, 35.020848 ], [ -90.052206, 35.020845 ], [ -90.052171, 35.020845 ], [ -90.051349, 35.020836 ], [ -90.051064, 35.020833 ], [ -90.050763, 35.020829 ], [ -90.049976, 35.02082 ], [ -90.049863, 35.02082 ], [ -90.049563, 35.020823 ], [ -90.049164, 35.020827 ], [ -90.048272, 35.020836 ], [ -90.047968, 35.02084 ], [ -90.04757, 35.020845 ], [ -90.047169, 35.020847 ], [ -90.047157, 35.020848 ], [ -90.045918, 35.020859 ], [ -90.045506, 35.020864 ], [ -90.045355, 35.020866 ], [ -90.044904, 35.020871 ], [ -90.044754, 35.020874 ], [ -90.044716, 35.020875 ], [ -90.044391, 35.020877 ], [ -90.043302, 35.020886 ], [ -90.04294, 35.02089 ], [ -90.042449, 35.020897 ], [ -90.042146, 35.020906 ], [ -90.041826, 35.020916 ], [ -90.041436, 35.020939 ], [ -90.04066, 35.020961 ], [ -90.039768, 35.02097 ], [ -90.038975, 35.020979 ], [ -90.038827, 35.020269 ], [ -90.038654, 35.019439 ], [ -90.038396, 35.01814 ], [ -90.038255, 35.01743 ], [ -90.038223, 35.017275 ], [ -90.038127, 35.016813 ], [ -90.038095, 35.01666 ], [ -90.038081, 35.016571 ], [ -90.038041, 35.016305 ], [ -90.038028, 35.016217 ], [ -90.037949, 35.015915 ], [ -90.037661, 35.014491 ], [ -90.037641, 35.014393 ], [ -90.037604, 35.01421 ], [ -90.03726, 35.012507 ], [ -90.03715, 35.012019 ], [ -90.036962, 35.011358 ], [ -90.036254, 35.009318 ], [ -90.035903, 35.008307 ], [ -90.035231, 35.006369 ], [ -90.035061, 35.00585 ], [ -90.034883, 35.005304 ], [ -90.034554, 35.004295 ], [ -90.034385, 35.003777 ], [ -90.032748, 34.9992 ], [ -90.032223, 34.997614 ], [ -90.031664, 34.996024 ], [ -90.031376, 34.995023 ], [ -90.041258, 34.995013 ], [ -90.042442, 34.995011 ], [ -90.043037, 34.995011 ], [ -90.054062, 34.994995 ], [ -90.057732, 34.994991 ], [ -90.060785, 34.994988 ], [ -90.060787, 34.99526 ], [ -90.060782, 34.995553 ], [ -90.06078, 34.996594 ], [ -90.060782, 34.996848 ], [ -90.060788, 34.997296 ], [ -90.060795, 34.997799 ], [ -90.060793, 34.99806 ], [ -90.060793, 34.998142 ], [ -90.060793, 34.998456 ], [ -90.060798, 34.998676 ], [ -90.060808, 34.999127 ], [ -90.062086, 34.999117 ], [ -90.064021, 34.999102 ], [ -90.065279, 34.999109 ], [ -90.065322, 34.99911 ], [ -90.065921, 34.999097 ], [ -90.066512, 34.999086 ], [ -90.066748, 34.999097 ], [ -90.06694, 34.999137 ], [ -90.067178, 34.999229 ], [ -90.067553, 34.999517 ], [ -90.067714, 34.999668 ], [ -90.067894, 34.999835 ], [ -90.068041, 35.0 ], [ -90.06827, 35.00039 ], [ -90.068426, 35.000775 ], [ -90.068586, 35.001143 ], [ -90.068759, 35.001444 ], [ -90.068998, 35.001858 ], [ -90.069078, 35.00206 ], [ -90.069088, 35.002094 ], [ -90.069098, 35.00213 ], [ -90.069105, 35.002156 ], [ -90.069116, 35.002351 ], [ -90.069112, 35.002369 ] ] ] } },
{ "type": "Feature", "properties": { "STATEFP": "47", "COUNTYFP": "157", "TRACTCE": "007821", "GEOID": "47157007821", "GEOIDFQ": "1400000US47157007821", "NAME": "78.21", "NAMELSAD": "Census Tract 78.21", "MTFCC": "G5020", "FUNCSTAT": "S", "ALAND": 3502723, "AWATER": 0, "INTPTLAT": "+35.0799222", "INTPTLON": "-090.0072497", "geoid": "47157007821" }, "geometry": { "type": "Polygon", "coordinates": [ [ [ -90.021144, 35.071442 ], [ -90.02111, 35.071576 ], [ -90.021023, 35.071928 ], [ -90.020842, 35.072667 ], [ -90.020784, 35.072881 ], [ -90.020751, 35.073014 ], [ -90.020578, 35.073706 ], [ -90.020434, 35.074338 ], [ -90.020391, 35.074469 ], [ -90.019829, 35.07676 ], [ -90.019498, 35.078085 ], [ -90.019415, 35.078437 ], [ -90.019166, 35.079497 ], [ -90.019084, 35.07985 ], [ -90.019029, 35.080108 ], [ -90.018947, 35.080495 ], [ -90.018876, 35.080887 ], [ -90.018829, 35.081148 ], [ -90.018765, 35.081578 ], [ -90.018657, 35.082304 ], [ -90.018605, 35.082872 ], [ -90.018566, 35.083305 ], [ -90.018544, 35.083521 ], [ -90.018533, 35.083644 ], [ -90.0185, 35.084171 ], [ -90.018487, 35.084388 ], [ -90.018476, 35.084608 ], [ -90.018446, 35.085269 ], [ -90.018436, 35.08549 ], [ -90.018431, 35.085632 ], [ -90.018419, 35.086061 ], [ -90.018415, 35.086204 ], [ -90.018412, 35.08626 ], [ -90.01841, 35.086334 ], [ -90.018406, 35.086415 ], [ -90.018405, 35.08643 ], [ -90.018403, 35.086487 ], [ -90.018399, 35.086561 ], [ -90.018391, 35.086786 ], [ -90.018388, 35.086861 ], [ -90.018381, 35.086995 ], [ -90.018364, 35.0874 ], [ -90.018359, 35.087535 ], [ -90.018333, 35.088165 ], [ -90.018256, 35.090055 ], [ -90.018231, 35.090686 ], [ -90.018228, 35.090748 ], [ -90.018221, 35.090937 ], [ -90.018219, 35.091 ], [ -90.01782, 35.091268 ], [ -90.017671, 35.091354 ], [ -90.015981, 35.092341 ], [ -90.015418, 35.09267 ], [ -90.015318, 35.092671 ], [ -90.015018, 35.092674 ], [ -90.014919, 35.092676 ], [ -90.014857, 35.09269 ], [ -90.01483, 35.092697 ], [ -90.01467, 35.092702 ], [ -90.014608, 35.092704 ], [ -90.014505, 35.092704 ], [ -90.014196, 35.092706 ], [ -90.014094, 35.092708 ], [ -90.013985, 35.092709 ], [ -90.013657, 35.092712 ], [ -90.013549, 35.092714 ], [ -90.012868, 35.092701 ], [ -90.012265, 35.092691 ], [ -90.011682, 35.092673 ], [ -90.010826, 35.092657 ], [ -90.010496, 35.092651 ], [ -90.010365, 35.092619 ], [ -90.010288, 35.092552 ], [ -90.010241, 35.092463 ], [ -90.01024, 35.09245 ], [ -90.010241, 35.092391 ], [ -90.010246, 35.092214 ], [ -90.010248, 35.092156 ], [ -90.010258, 35.091667 ], [ -90.010282, 35.090547 ], [ -90.010295, 35.090201 ], [ -90.010314, 35.089713 ], [ -90.010319, 35.089589 ], [ -90.010333, 35.089219 ], [ -90.010339, 35.089096 ], [ -90.010351, 35.088772 ], [ -90.010388, 35.087802 ], [ -90.010391, 35.087733 ], [ -90.010408, 35.08748 ], [ -90.010424, 35.087036 ], [ -90.010474, 35.085706 ], [ -90.010492, 35.085263 ], [ -90.01051, 35.084833 ], [ -90.010547, 35.083953 ], [ -90.010576, 35.083547 ], [ -90.010608, 35.083119 ], [ -90.010626, 35.082886 ], [ -90.010681, 35.08219 ], [ -90.0107, 35.081958 ], [ -90.01048, 35.081951 ], [ -90.010011, 35.081938 ], [ -90.009032, 35.08191 ], [ -90.008023, 35.081886 ], [ -90.007947, 35.081883 ], [ -90.007259, 35.081859 ], [ -90.00696, 35.08185 ], [ -90.006063, 35.081826 ], [ -90.005765, 35.081818 ], [ -90.004054, 35.081771 ], [ -90.000473, 35.081663 ], [ -90.000139, 35.081653 ], [ -89.999137, 35.081624 ], [ -89.998803, 35.081615 ], [ -89.996955, 35.081557 ], [ -89.995721, 35.081519 ], [ -89.994277, 35.081474 ], [ -89.994078, 35.081477 ], [ -89.992787, 35.081436 ], [ -89.992125, 35.081415 ], [ -89.991966, 35.081395 ], [ -89.991765, 35.081357 ], [ -89.991512, 35.081279 ], [ -89.991259, 35.081166 ], [ -89.991221, 35.081145 ], [ -89.991069, 35.081302 ], [ -89.990975, 35.081355 ], [ -89.990957, 35.081358 ], [ -89.990877, 35.081376 ], [ -89.990823, 35.081376 ], [ -89.990341, 35.081328 ], [ -89.990071, 35.081316 ], [ -89.989928, 35.081312 ], [ -89.989584, 35.081305 ], [ -89.989106, 35.081297 ], [ -89.989095, 35.081297 ], [ -89.988416, 35.081278 ], [ -89.987828, 35.081282 ], [ -89.987675, 35.081282 ], [ -89.987198, 35.081286 ], [ -89.986949, 35.081287 ], [ -89.986452, 35.081291 ], [ -89.986204, 35.081282 ], [ -89.985956, 35.081273 ], [ -89.985827, 35.081268 ], [ -89.985613, 35.081261 ], [ -89.985442, 35.081265 ], [ -89.985409, 35.081266 ], [ -89.985314, 35.081268 ], [ -89.985247, 35.081048 ], [ -89.985049, 35.080391 ], [ -89.984983, 35.080172 ], [ -89.984937, 35.080006 ], [ -89.984911, 35.079911 ], [ -89.984876, 35.079662 ], [ -89.984868, 35.079498 ], [ -89.984867, 35.079464 ], [ -89.984832, 35.079408 ], [ -89.98482, 35.079338 ], [ -89.984828, 35.079264 ], [ -89.984838, 35.079176 ], [ -89.984849, 35.079042 ], [ -89.984856, 35.078969 ], [ -89.984866, 35.078916 ], [ -89.9849, 35.078758 ], [ -89.984911, 35.078706 ], [ -89.984959, 35.0785 ], [ -89.98503, 35.078196 ], [ -89.985094, 35.077882 ], [ -89.985139, 35.077675 ], [ -89.985171, 35.077545 ], [ -89.985216, 35.07737 ], [ -89.985264, 35.077153 ], [ -89.985281, 35.077075 ], [ -89.985294, 35.077023 ], [ -89.985324, 35.076887 ], [ -89.985331, 35.076852 ], [ -89.985423, 35.076442 ], [ -89.985443, 35.076341 ], [ -89.985454, 35.076292 ], [ -89.985479, 35.076171 ], [ -89.985525, 35.076174 ], [ -89.985583, 35.076179 ], [ -89.985665, 35.076184 ], [ -89.985677, 35.076185 ], [ -89.985712, 35.076188 ], [ -89.986285, 35.076225 ], [ -89.986372, 35.076231 ], [ -89.986612, 35.076246 ], [ -89.98745, 35.076301 ], [ -89.988604, 35.076326 ], [ -89.988806, 35.076322 ], [ -89.989319, 35.076309 ], [ -89.989578, 35.076303 ], [ -89.990221, 35.076264 ], [ -89.990419, 35.076246 ], [ -89.990841, 35.07621 ], [ -89.991014, 35.076189 ], [ -89.991213, 35.076167 ], [ -89.991601, 35.076122 ], [ -89.992486, 35.075987 ], [ -89.992781, 35.075934 ], [ -89.997464, 35.0751 ], [ -89.998281, 35.074955 ], [ -89.998374, 35.074939 ], [ -89.999026, 35.074823 ], [ -89.999322, 35.07477 ], [ -89.999683, 35.074706 ], [ -90.000817, 35.074505 ], [ -90.001402, 35.074402 ], [ -90.001655, 35.074356 ], [ -90.002313, 35.074238 ], [ -90.002344, 35.074231 ], [ -90.00244, 35.074214 ], [ -90.002473, 35.074209 ], [ -90.002505, 35.074202 ], [ -90.002601, 35.074185 ], [ -90.002634, 35.07418 ], [ -90.002667, 35.074173 ], [ -90.002767, 35.074156 ], [ -90.002801, 35.07415 ], [ -90.003773, 35.073974 ], [ -90.004133, 35.073909 ], [ -90.005756, 35.07362 ], [ -90.00669, 35.07345 ], [ -90.007663, 35.073274 ], [ -90.007855, 35.073239 ], [ -90.009044, 35.073022 ], [ -90.009485, 35.072951 ], [ -90.00963, 35.072927 ], [ -90.010599, 35.072753 ], [ -90.01185, 35.072529 ], [ -90.012282, 35.07245 ], [ -90.013505, 35.072228 ], [ -90.01374, 35.072186 ], [ -90.014472, 35.072042 ], [ -90.014516, 35.072033 ], [ -90.014652, 35.072009 ], [ -90.014697, 35.072001 ], [ -90.01528, 35.071894 ], [ -90.015982, 35.071768 ], [ -90.016692, 35.071641 ], [ -90.018404, 35.071385 ], [ -90.01921, 35.071303 ], [ -90.019737, 35.071278 ], [ -90.019866, 35.071276 ], [ -90.020156, 35.071273 ], [ -90.020827, 35.071297 ], [ -90.02105, 35.071315 ], [ -90.021172, 35.071326 ], [ -90.021144, 35.071442 ] ] ] } },
{ "type": "Feature", "properties": { "STATEFP": "47", "COUNTYFP": "157", "TRACTCE": "007822", "GEOID": "47157007822", "GEOIDFQ": "1400000US47157007822", "NAME": "78.22", "NAMELSAD": "Census Tract 78.22", "MTFCC": "G5020", "FUNCSTAT": "S", "ALAND": 2338011, "AWATER": 0, "INTPTLAT": "+35.0793511", "INTPTLON": "-090.0273341", "geoid": "47157007822" }, "geometry": { "type": "Polygon", "coordinates": [ [ [ -90.044528, 35.076682 ], [ -90.044303, 35.076707 ], [ -90.043149, 35.076878 ], [ -90.042739, 35.076973 ], [ -90.042367, 35.07706 ], [ -90.041801, 35.077237 ], [ -90.041145, 35.07748 ], [ -90.040559, 35.077744 ], [ -90.040049, 35.078013 ], [ -90.039393, 35.078402 ], [ -90.038443, 35.078962 ], [ -90.037988, 35.079231 ], [ -90.037088, 35.079786 ], [ -90.036997, 35.079838 ], [ -90.036726, 35.079995 ], [ -90.036636, 35.080048 ], [ -90.035091, 35.08096 ], [ -90.034497, 35.081312 ], [ -90.032017, 35.082801 ], [ -90.030993, 35.083396 ], [ -90.030466, 35.083712 ], [ -90.03005, 35.083963 ], [ -90.029045, 35.084566 ], [ -90.028929, 35.084636 ], [ -90.028911, 35.084615 ], [ -90.028595, 35.084255 ], [ -90.028565, 35.084222 ], [ -90.028252, 35.083876 ], [ -90.028131, 35.083769 ], [ -90.028028, 35.083695 ], [ -90.027872, 35.083617 ], [ -90.027702, 35.083559 ], [ -90.027558, 35.083531 ], [ -90.027348, 35.083516 ], [ -90.027164, 35.083512 ], [ -90.026614, 35.083502 ], [ -90.026534, 35.0835 ], [ -90.026449, 35.083499 ], [ -90.026296, 35.083499 ], [ -90.026217, 35.083499 ], [ -90.026113, 35.083497 ], [ -90.025836, 35.083492 ], [ -90.025801, 35.083491 ], [ -90.025697, 35.083491 ], [ -90.025666, 35.084033 ], [ -90.025659, 35.084174 ], [ -90.025636, 35.085661 ], [ -90.025628, 35.086204 ], [ -90.025625, 35.086284 ], [ -90.025619, 35.086525 ], [ -90.025618, 35.086578 ], [ -90.025618, 35.086606 ], [ -90.025521, 35.086681 ], [ -90.025446, 35.086741 ], [ -90.025147, 35.086902 ], [ -90.025014, 35.086975 ], [ -90.024007, 35.087567 ], [ -90.023236, 35.088037 ], [ -90.022113, 35.088704 ], [ -90.018219, 35.091 ], [ -90.018221, 35.090937 ], [ -90.018228, 35.090748 ], [ -90.018231, 35.090686 ], [ -90.018256, 35.090055 ], [ -90.018333, 35.088165 ], [ -90.018359, 35.087535 ], [ -90.018364, 35.0874 ], [ -90.018381, 35.086995 ], [ -90.018388, 35.086861 ], [ -90.018391, 35.086786 ], [ -90.018399, 35.086561 ], [ -90.018403, 35.086487 ], [ -90.018405, 35.08643 ], [ -90.018406, 35.086415 ], [ -90.01841, 35.086334 ], [ -90.018412, 35.08626 ], [ -90.018415, 35.086204 ], [ -90.018419, 35.086061 ], [ -90.018431, 35.085632 ], [ -90.018436, 35.08549 ], [ -90.018446, 35.085269 ], [ -90.018476, 35.084608 ], [ -90.018487, 35.084388 ], [ -90.0185, 35.084171 ], [ -90.018533, 35.083644 ], [ -90.018544, 35.083521 ], [ -90.018566, 35.083305 ], [ -90.018605, 35.082872 ], [ -90.018657, 35.082304 ], [ -90.018765, 35.081578 ], [ -90.018829, 35.081148 ], [ -90.018876, 35.080887 ], [ -90.018947, 35.080495 ], [ -90.019029, 35.080108 ], [ -90.019084, 35.07985 ], [ -90.019166, 35.079497 ], [ -90.019415, 35.078437 ], [ -90.019498, 35.078085 ], [ -90.019829, 35.07676 ], [ -90.020391, 35.074469 ], [ -90.020434, 35.074338 ], [ -90.020578, 35.073706 ], [ -90.020751, 35.073014 ], [ -90.020784, 35.072881 ], [ -90.020842, 35.072667 ], [ -90.021023, 35.071928 ], [ -90.02111, 35.071576 ], [ -90.021144, 35.071442 ], [ -90.021172, 35.071326 ], [ -90.021237, 35.071332 ], [ -90.021412, 35.071354 ], [ -90.021472, 35.071362 ], [ -90.021679, 35.071388 ], [ -90.021837, 35.071409 ], [ -90.022, 35.071437 ], [ -90.022297, 35.071488 ], [ -90.022456, 35.071516 ], [ -90.022503, 35.071526 ], [ -90.022547, 35.071535 ], [ -90.022682, 35.071564 ], [ -90.022727, 35.071574 ], [ -90.023437, 35.071725 ], [ -90.024496, 35.071956 ], [ -90.024875, 35.072041 ], [ -90.025184, 35.072097 ], [ -90.025702, 35.072201 ], [ -90.026167, 35.072299 ], [ -90.026853, 35.072455 ], [ -90.028037, 35.0727 ], [ -90.028273, 35.072748 ], [ -90.02875, 35.072854 ], [ -90.030503, 35.073222 ], [ -90.031567, 35.073445 ], [ -90.034519, 35.074096 ], [ -90.036879, 35.074617 ], [ -90.03889, 35.075073 ], [ -90.040014, 35.075332 ], [ -90.040141, 35.075366 ], [ -90.040982, 35.075579 ], [ -90.041673, 35.075762 ], [ -90.042253, 35.075931 ], [ -90.042691, 35.076075 ], [ -90.044684, 35.076666 ], [ -90.044528, 35.076682 ] ] ] } },
{ "type": "Feature", "properties": { "STATEFP": "47", "COUNTYFP": "157", "TRACTCE": "007900", "GEOID": "47157007900", "GEOIDFQ": "1400000US47157007900", "NAME": "79", "NAMELSAD": "Census Tract 79", "MTFCC": "G5020", "FUNCSTAT": "S", "ALAND": 2737799, "AWATER": 0, "INTPTLAT": "+35.1013349", "INTPTLON": "-089.9594969", "geoid": "47157007900" }, "geometry": { "type": "Polygon", "coordinates": [ [ [ -89.970166, 35.095625 ], [ -89.970146, 35.096176 ], [ -89.970133, 35.096887 ], [ -89.970119, 35.097409 ], [ -89.970085, 35.09836 ], [ -89.970076, 35.098586 ], [ -89.970074, 35.098659 ], [ -89.969993, 35.099262 ], [ -89.969964, 35.099487 ], [ -89.969952, 35.099736 ], [ -89.969943, 35.099952 ], [ -89.969932, 35.100486 ], [ -89.969928, 35.100737 ], [ -89.969924, 35.100985 ], [ -89.969905, 35.101504 ], [ -89.969824, 35.103808 ], [ -89.969798, 35.104576 ], [ -89.969793, 35.104739 ], [ -89.969782, 35.105228 ], [ -89.969779, 35.105392 ], [ -89.969775, 35.105555 ], [ -89.969763, 35.106044 ], [ -89.969759, 35.106207 ], [ -89.969755, 35.106373 ], [ -89.969745, 35.106873 ], [ -89.969743, 35.106993 ], [ -89.969742, 35.10704 ], [ -89.969742, 35.107085 ], [ -89.969736, 35.107244 ], [ -89.969717, 35.107856 ], [ -89.969711, 35.10806 ], [ -89.969564, 35.108054 ], [ -89.969123, 35.108036 ], [ -89.968977, 35.108031 ], [ -89.9688, 35.108028 ], [ -89.968269, 35.108021 ], [ -89.968092, 35.108019 ], [ -89.967839, 35.108011 ], [ -89.96708, 35.107989 ], [ -89.966828, 35.107982 ], [ -89.966613, 35.107975 ], [ -89.966311, 35.107965 ], [ -89.965969, 35.107955 ], [ -89.965755, 35.107949 ], [ -89.965632, 35.107945 ], [ -89.965265, 35.107934 ], [ -89.965143, 35.107931 ], [ -89.96489, 35.107924 ], [ -89.964131, 35.107903 ], [ -89.963879, 35.107896 ], [ -89.963648, 35.10789 ], [ -89.962958, 35.107875 ], [ -89.962728, 35.107871 ], [ -89.962475, 35.107863 ], [ -89.961716, 35.107839 ], [ -89.961464, 35.107831 ], [ -89.961129, 35.107816 ], [ -89.960875, 35.107806 ], [ -89.960124, 35.107784 ], [ -89.959789, 35.107775 ], [ -89.959536, 35.107767 ], [ -89.958777, 35.107743 ], [ -89.958524, 35.107736 ], [ -89.958302, 35.107729 ], [ -89.957638, 35.10771 ], [ -89.957417, 35.107704 ], [ -89.95721, 35.107697 ], [ -89.956871, 35.107688 ], [ -89.956589, 35.107691 ], [ -89.956382, 35.107694 ], [ -89.955904, 35.107702 ], [ -89.95447, 35.107728 ], [ -89.953993, 35.107737 ], [ -89.953689, 35.107742 ], [ -89.952776, 35.107759 ], [ -89.952473, 35.107765 ], [ -89.952239, 35.107769 ], [ -89.951536, 35.107784 ], [ -89.951303, 35.107789 ], [ -89.95082, 35.107798 ], [ -89.949374, 35.107827 ], [ -89.948893, 35.107838 ], [ -89.948896, 35.107637 ], [ -89.948907, 35.107034 ], [ -89.948912, 35.106834 ], [ -89.948915, 35.106623 ], [ -89.948924, 35.10599 ], [ -89.948928, 35.10578 ], [ -89.948932, 35.105578 ], [ -89.948945, 35.104973 ], [ -89.948947, 35.104921 ], [ -89.948979, 35.104867 ], [ -89.949001, 35.104783 ], [ -89.94903, 35.104604 ], [ -89.949013, 35.104432 ], [ -89.949018, 35.104349 ], [ -89.949027, 35.104219 ], [ -89.948991, 35.104144 ], [ -89.949, 35.103894 ], [ -89.94903, 35.103049 ], [ -89.949046, 35.102613 ], [ -89.949054, 35.102359 ], [ -89.94908, 35.1016 ], [ -89.94909, 35.101347 ], [ -89.949108, 35.100812 ], [ -89.949163, 35.099285 ], [ -89.94923, 35.097472 ], [ -89.949232, 35.097386 ], [ -89.94924, 35.097129 ], [ -89.949243, 35.097044 ], [ -89.94926, 35.096563 ], [ -89.949313, 35.095122 ], [ -89.949331, 35.094642 ], [ -89.950394, 35.094647 ], [ -89.950597, 35.094649 ], [ -89.95075, 35.094656 ], [ -89.951882, 35.094686 ], [ -89.951978, 35.094687 ], [ -89.952894, 35.094711 ], [ -89.953072, 35.094715 ], [ -89.953276, 35.09472 ], [ -89.953289, 35.09472 ], [ -89.953941, 35.094729 ], [ -89.954159, 35.094733 ], [ -89.954388, 35.094738 ], [ -89.95508, 35.094754 ], [ -89.955307, 35.094759 ], [ -89.955539, 35.094763 ], [ -89.956238, 35.094777 ], [ -89.956471, 35.094782 ], [ -89.95694, 35.094791 ], [ -89.957044, 35.094793 ], [ -89.95835, 35.094818 ], [ -89.958606, 35.094824 ], [ -89.95882, 35.094828 ], [ -89.959304, 35.094837 ], [ -89.960757, 35.094865 ], [ -89.961242, 35.094875 ], [ -89.961702, 35.094884 ], [ -89.963082, 35.094911 ], [ -89.963542, 35.09492 ], [ -89.963777, 35.094924 ], [ -89.964483, 35.094937 ], [ -89.964719, 35.094942 ], [ -89.964836, 35.094944 ], [ -89.96519, 35.09495 ], [ -89.965308, 35.094952 ], [ -89.965416, 35.094954 ], [ -89.965741, 35.09496 ], [ -89.96585, 35.094963 ], [ -89.965888, 35.094964 ], [ -89.966004, 35.094967 ], [ -89.966043, 35.094968 ], [ -89.966271, 35.094973 ], [ -89.966641, 35.094983 ], [ -89.967271, 35.094995 ], [ -89.967343, 35.094996 ], [ -89.967559, 35.095001 ], [ -89.967631, 35.095003 ], [ -89.967745, 35.095005 ], [ -89.968087, 35.095014 ], [ -89.968202, 35.095017 ], [ -89.968586, 35.095024 ], [ -89.969353, 35.095038 ], [ -89.96968, 35.09504 ], [ -89.970155, 35.095013 ], [ -89.970168, 35.09559 ], [ -89.970166, 35.095625 ] ] ] } },
{ "type": "Feature", "properties": { "STATEFP": "47", "COUNTYFP": "157", "TRACTCE": "008000", "GEOID": "47157008000", "GEOIDFQ": "1400000US47157008000", "NAME": "80", "NAMELSAD": "Census Tract 80", "MTFCC": "G5020", "FUNCSTAT": "S", "ALAND": 2681198, "AWATER": 0, "INTPTLAT": "+35.1004575", "INTPTLON": "-089.9399793", "geoid": "47157008000" }, "geometry": { "type": "Polygon", "coordinates": [ [ [ -89.949373, 35.09349 ], [ -89.949368, 35.093582 ], [ -89.949358, 35.093811 ], [ -89.949356, 35.093859 ], [ -89.949354, 35.093952 ], [ -89.949349, 35.094089 ], [ -89.949335, 35.094504 ], [ -89.949331, 35.094642 ], [ -89.949313, 35.095122 ], [ -89.94926, 35.096563 ], [ -89.949243, 35.097044 ], [ -89.94924, 35.097129 ], [ -89.949232, 35.097386 ], [ -89.94923, 35.097472 ], [ -89.949163, 35.099285 ], [ -89.949108, 35.100812 ], [ -89.94909, 35.101347 ], [ -89.94908, 35.1016 ], [ -89.949054, 35.102359 ], [ -89.949046, 35.102613 ], [ -89.94903, 35.103049 ], [ -89.949, 35.103894 ], [ -89.948991, 35.104144 ], [ -89.949027, 35.104219 ], [ -89.949018, 35.104349 ], [ -89.949013, 35.104432 ], [ -89.94903, 35.104604 ], [ -89.949001, 35.104783 ], [ -89.948979, 35.104867 ], [ -89.948947, 35.104921 ], [ -89.948945, 35.104973 ], [ -89.948932, 35.105578 ], [ -89.948928, 35.10578 ], [ -89.948924, 35.10599 ], [ -89.948915, 35.106623 ], [ -89.948912, 35.106834 ], [ -89.948907, 35.107034 ], [ -89.948896, 35.107637 ], [ -89.948893, 35.107838 ], [ -89.948323, 35.107847 ], [ -89.946613, 35.107874 ], [ -89.946141, 35.107882 ], [ -89.946044, 35.107882 ], [ -89.945973, 35.107883 ], [ -89.945535, 35.107884 ], [ -89.945324, 35.107877 ], [ -89.943166, 35.107815 ], [ -89.942447, 35.107795 ], [ -89.942269, 35.10779 ], [ -89.941735, 35.107775 ], [ -89.941557, 35.10777 ], [ -89.94135, 35.107764 ], [ -89.940729, 35.107746 ], [ -89.940523, 35.107741 ], [ -89.938887, 35.107691 ], [ -89.938543, 35.107685 ], [ -89.935724, 35.107617 ], [ -89.935636, 35.107615 ], [ -89.935372, 35.107609 ], [ -89.935284, 35.107608 ], [ -89.935228, 35.107606 ], [ -89.93506, 35.107603 ], [ -89.935004, 35.107602 ], [ -89.93496, 35.107601 ], [ -89.934869, 35.107598 ], [ -89.934466, 35.107588 ], [ -89.934332, 35.107585 ], [ -89.933808, 35.107572 ], [ -89.932238, 35.107535 ], [ -89.931715, 35.107523 ], [ -89.931505, 35.107518 ], [ -89.930877, 35.107504 ], [ -89.930668, 35.1075 ], [ -89.930668, 35.107436 ], [ -89.930668, 35.106924 ], [ -89.93067, 35.106876 ], [ -89.930678, 35.106716 ], [ -89.930719, 35.105233 ], [ -89.930725, 35.105009 ], [ -89.930741, 35.104383 ], [ -89.930743, 35.104305 ], [ -89.930748, 35.104072 ], [ -89.930751, 35.103995 ], [ -89.930768, 35.103304 ], [ -89.930822, 35.101239 ], [ -89.930841, 35.100541 ], [ -89.930847, 35.100316 ], [ -89.930864, 35.099643 ], [ -89.930871, 35.099419 ], [ -89.930877, 35.099169 ], [ -89.930896, 35.098418 ], [ -89.930903, 35.098169 ], [ -89.930908, 35.097941 ], [ -89.930926, 35.097259 ], [ -89.930933, 35.097032 ], [ -89.930934, 35.096952 ], [ -89.930939, 35.096715 ], [ -89.930941, 35.096636 ], [ -89.930945, 35.096449 ], [ -89.930958, 35.095889 ], [ -89.930963, 35.095703 ], [ -89.930966, 35.095584 ], [ -89.930975, 35.09523 ], [ -89.930979, 35.095112 ], [ -89.930984, 35.094865 ], [ -89.931001, 35.094127 ], [ -89.931008, 35.093882 ], [ -89.931012, 35.093702 ], [ -89.931026, 35.093164 ], [ -89.931032, 35.092985 ], [ -89.93109, 35.092987 ], [ -89.931266, 35.092993 ], [ -89.931325, 35.092995 ], [ -89.931351, 35.092996 ], [ -89.931511, 35.093 ], [ -89.932071, 35.093016 ], [ -89.932258, 35.093022 ], [ -89.932334, 35.093024 ], [ -89.932563, 35.09303 ], [ -89.93264, 35.093032 ], [ -89.933113, 35.093044 ], [ -89.933197, 35.093047 ], [ -89.934535, 35.09308 ], [ -89.935009, 35.093092 ], [ -89.935738, 35.093106 ], [ -89.937951, 35.093162 ], [ -89.938955, 35.093186 ], [ -89.93924, 35.093196 ], [ -89.939317, 35.093199 ], [ -89.939481, 35.093202 ], [ -89.939623, 35.093205 ], [ -89.941807, 35.093256 ], [ -89.942427, 35.093271 ], [ -89.943404, 35.093297 ], [ -89.944157, 35.093316 ], [ -89.944288, 35.093319 ], [ -89.944909, 35.093336 ], [ -89.945215, 35.093344 ], [ -89.94571, 35.093359 ], [ -89.946135, 35.093365 ], [ -89.946442, 35.09337 ], [ -89.946771, 35.093378 ], [ -89.947758, 35.093402 ], [ -89.948087, 35.093411 ], [ -89.948344, 35.093417 ], [ -89.948813, 35.093428 ], [ -89.949117, 35.093431 ], [ -89.949375, 35.093434 ], [ -89.949373, 35.09349 ] ] ] } },
{ "type": "Feature", "properties": { "STATEFP": "47", "COUNTYFP": "157", "TRACTCE": "008110", "GEOID": "47157008110", "GEOIDFQ": "1400000US47157008110", "NAME": "81.10", "NAMELSAD": "Census Tract 81.10", "MTFCC": "G5020", "FUNCSTAT": "S", "ALAND": 1940071, "AWATER": 0, "INTPTLAT": "+35.0838883", "INTPTLON": "-089.9790989", "geoid": "47157008110" }, "geometry": { "type": "Polygon", "coordinates": [ [ [ -89.987819, 35.086794 ], [ -89.987751, 35.087975 ], [ -89.987717, 35.088686 ], [ -89.987674, 35.089618 ], [ -89.987622, 35.090822 ], [ -89.987592, 35.091535 ], [ -89.987538, 35.091533 ], [ -89.987484, 35.091531 ], [ -89.987162, 35.091522 ], [ -89.987055, 35.09152 ], [ -89.986672, 35.091511 ], [ -89.985526, 35.091485 ], [ -89.985313, 35.091481 ], [ -89.985187, 35.091509 ], [ -89.985151, 35.091526 ], [ -89.984907, 35.091395 ], [ -89.984175, 35.091002 ], [ -89.983931, 35.090871 ], [ -89.983778, 35.090788 ], [ -89.983319, 35.09054 ], [ -89.983167, 35.090458 ], [ -89.982457, 35.090076 ], [ -89.980327, 35.08893 ], [ -89.979618, 35.088548 ], [ -89.979412, 35.088462 ], [ -89.978799, 35.088284 ], [ -89.978574, 35.088218 ], [ -89.97542, 35.087299 ], [ -89.974429, 35.087011 ], [ -89.974371, 35.086988 ], [ -89.974364, 35.087121 ], [ -89.974347, 35.087523 ], [ -89.974342, 35.087657 ], [ -89.974356, 35.087918 ], [ -89.974359, 35.087964 ], [ -89.974433, 35.088428 ], [ -89.974442, 35.088699 ], [ -89.974443, 35.088712 ], [ -89.974435, 35.088962 ], [ -89.974429, 35.089104 ], [ -89.974426, 35.089203 ], [ -89.97441, 35.08953 ], [ -89.974404, 35.089673 ], [ -89.974394, 35.089972 ], [ -89.974368, 35.090871 ], [ -89.974359, 35.091171 ], [ -89.973556, 35.09115 ], [ -89.971497, 35.091098 ], [ -89.97115, 35.091085 ], [ -89.970718, 35.09107 ], [ -89.970437, 35.091077 ], [ -89.970352, 35.091103 ], [ -89.970356, 35.090946 ], [ -89.970367, 35.090478 ], [ -89.970372, 35.090322 ], [ -89.970384, 35.089946 ], [ -89.970422, 35.088819 ], [ -89.970436, 35.088444 ], [ -89.970446, 35.088136 ], [ -89.970478, 35.087214 ], [ -89.970489, 35.086907 ], [ -89.970497, 35.086662 ], [ -89.970523, 35.085927 ], [ -89.970553, 35.085774 ], [ -89.970585, 35.085691 ], [ -89.970646, 35.085589 ], [ -89.97067, 35.085552 ], [ -89.970772, 35.085426 ], [ -89.970884, 35.085326 ], [ -89.970905, 35.085308 ], [ -89.970977, 35.085252 ], [ -89.971137, 35.085133 ], [ -89.971471, 35.084886 ], [ -89.971596, 35.084767 ], [ -89.971713, 35.084594 ], [ -89.971771, 35.084477 ], [ -89.971773, 35.084468 ], [ -89.971807, 35.084342 ], [ -89.971823, 35.084056 ], [ -89.971832, 35.083918 ], [ -89.971838, 35.083769 ], [ -89.971858, 35.083321 ], [ -89.971865, 35.083173 ], [ -89.971873, 35.082992 ], [ -89.971899, 35.082452 ], [ -89.971908, 35.082272 ], [ -89.971924, 35.081918 ], [ -89.971972, 35.080856 ], [ -89.971989, 35.080503 ], [ -89.971996, 35.080322 ], [ -89.972019, 35.079781 ], [ -89.972028, 35.079601 ], [ -89.972043, 35.079356 ], [ -89.972082, 35.078767 ], [ -89.972064, 35.078625 ], [ -89.972035, 35.078383 ], [ -89.972174, 35.0784 ], [ -89.972199, 35.078404 ], [ -89.972421, 35.078405 ], [ -89.972593, 35.078372 ], [ -89.972629, 35.078366 ], [ -89.972727, 35.078329 ], [ -89.972775, 35.078302 ], [ -89.972919, 35.078188 ], [ -89.972928, 35.078182 ], [ -89.97344, 35.077697 ], [ -89.973614, 35.077534 ], [ -89.974002, 35.077165 ], [ -89.974509, 35.076756 ], [ -89.975644, 35.076648 ], [ -89.976748, 35.076562 ], [ -89.977549, 35.07653 ], [ -89.978283, 35.076529 ], [ -89.978958, 35.076547 ], [ -89.979046, 35.076551 ], [ -89.979263, 35.076561 ], [ -89.980677, 35.076666 ], [ -89.981159, 35.076702 ], [ -89.981464, 35.076734 ], [ -89.982818, 35.076844 ], [ -89.982847, 35.076846 ], [ -89.982937, 35.076853 ], [ -89.982967, 35.076856 ], [ -89.983364, 35.076888 ], [ -89.984086, 35.076947 ], [ -89.984555, 35.07698 ], [ -89.984953, 35.077008 ], [ -89.985021, 35.077011 ], [ -89.985166, 35.077018 ], [ -89.985225, 35.07702 ], [ -89.985294, 35.077023 ], [ -89.985281, 35.077075 ], [ -89.985264, 35.077153 ], [ -89.985216, 35.07737 ], [ -89.985171, 35.077545 ], [ -89.985139, 35.077675 ], [ -89.985094, 35.077882 ], [ -89.98503, 35.078196 ], [ -89.984959, 35.0785 ], [ -89.984911, 35.078706 ], [ -89.9849, 35.078758 ], [ -89.984866, 35.078916 ], [ -89.984856, 35.078969 ], [ -89.984849, 35.079042 ], [ -89.984838, 35.079176 ], [ -89.984828, 35.079264 ], [ -89.98482, 35.079338 ], [ -89.984832, 35.079408 ], [ -89.984867, 35.079464 ], [ -89.984868, 35.079498 ], [ -89.984876, 35.079662 ], [ -89.984911, 35.079911 ], [ -89.984937, 35.080006 ], [ -89.984983, 35.080172 ], [ -89.985049, 35.080391 ], [ -89.985247, 35.081048 ], [ -89.985314, 35.081268 ], [ -89.985332, 35.081328 ], [ -89.985389, 35.081511 ], [ -89.985408, 35.081572 ], [ -89.985448, 35.081704 ], [ -89.985569, 35.0821 ], [ -89.985603, 35.08221 ], [ -89.98561, 35.082232 ], [ -89.985624, 35.082279 ], [ -89.985797, 35.082851 ], [ -89.985961, 35.083306 ], [ -89.98611, 35.083669 ], [ -89.98637, 35.084267 ], [ -89.986699, 35.084769 ], [ -89.986784, 35.084892 ], [ -89.987628, 35.086124 ], [ -89.987691, 35.086229 ], [ -89.987762, 35.086401 ], [ -89.987776, 35.086444 ], [ -89.987787, 35.086481 ], [ -89.987797, 35.08653 ], [ -89.987817, 35.08671 ], [ -89.987819, 35.086794 ] ] ] } },
{ "type": "Feature", "properties": { "STATEFP": "47", "COUNTYFP": "157", "TRACTCE": "008120", "GEOID": "47157008120", "GEOIDFQ": "1400000US47157008120", "NAME": "81.20", "NAMELSAD": "Census Tract 81.20", "MTFCC": "G5020", "FUNCSTAT": "S", "ALAND": 3200938, "AWATER": 0, "INTPTLAT": "+35.0869473", "INTPTLON": "-089.9617237", "geoid": "47157008120" }, "geometry": { "type": "Polygon", "coordinates": [ [ [ -89.974509, 35.076756 ], [ -89.974002, 35.077165 ], [ -89.973614, 35.077534 ], [ -89.97344, 35.077697 ], [ -89.972928, 35.078182 ], [ -89.972919, 35.078188 ], [ -89.972775, 35.078302 ], [ -89.972727, 35.078329 ], [ -89.972629, 35.078366 ], [ -89.972593, 35.078372 ], [ -89.972421, 35.078405 ], [ -89.972199, 35.078404 ], [ -89.972174, 35.0784 ], [ -89.972035, 35.078383 ], [ -89.972064, 35.078625 ], [ -89.972082, 35.078767 ], [ -89.972043, 35.079356 ], [ -89.972028, 35.079601 ], [ -89.972019, 35.079781 ], [ -89.971996, 35.080322 ], [ -89.971989, 35.080503 ], [ -89.971972, 35.080856 ], [ -89.971924, 35.081918 ], [ -89.971908, 35.082272 ], [ -89.971899, 35.082452 ], [ -89.971873, 35.082992 ], [ -89.971865, 35.083173 ], [ -89.971858, 35.083321 ], [ -89.971838, 35.083769 ], [ -89.971832, 35.083918 ], [ -89.971823, 35.084056 ], [ -89.971807, 35.084342 ], [ -89.971773, 35.084468 ], [ -89.971771, 35.084477 ], [ -89.971713, 35.084594 ], [ -89.971596, 35.084767 ], [ -89.971471, 35.084886 ], [ -89.971137, 35.085133 ], [ -89.970977, 35.085252 ], [ -89.970905, 35.085308 ], [ -89.970884, 35.085326 ], [ -89.970772, 35.085426 ], [ -89.97067, 35.085552 ], [ -89.970646, 35.085589 ], [ -89.970585, 35.085691 ], [ -89.970553, 35.085774 ], [ -89.970523, 35.085927 ], [ -89.970497, 35.086662 ], [ -89.970489, 35.086907 ], [ -89.970478, 35.087214 ], [ -89.970446, 35.088136 ], [ -89.970436, 35.088444 ], [ -89.970422, 35.088819 ], [ -89.970384, 35.089946 ], [ -89.970372, 35.090322 ], [ -89.970367, 35.090478 ], [ -89.970356, 35.090946 ], [ -89.970352, 35.091103 ], [ -89.970356, 35.091263 ], [ -89.970355, 35.09129 ], [ -89.970335, 35.091851 ], [ -89.970329, 35.092038 ], [ -89.970325, 35.092135 ], [ -89.970316, 35.092429 ], [ -89.970313, 35.092527 ], [ -89.970309, 35.092626 ], [ -89.970299, 35.092924 ], [ -89.970296, 35.093024 ], [ -89.970261, 35.094009 ], [ -89.970213, 35.094799 ], [ -89.970155, 35.095013 ], [ -89.96968, 35.09504 ], [ -89.969353, 35.095038 ], [ -89.968586, 35.095024 ], [ -89.968202, 35.095017 ], [ -89.968087, 35.095014 ], [ -89.967745, 35.095005 ], [ -89.967631, 35.095003 ], [ -89.967559, 35.095001 ], [ -89.967343, 35.094996 ], [ -89.967271, 35.094995 ], [ -89.966641, 35.094983 ], [ -89.966271, 35.094973 ], [ -89.966043, 35.094968 ], [ -89.966004, 35.094967 ], [ -89.965888, 35.094964 ], [ -89.96585, 35.094963 ], [ -89.965741, 35.09496 ], [ -89.965416, 35.094954 ], [ -89.965308, 35.094952 ], [ -89.96519, 35.09495 ], [ -89.964836, 35.094944 ], [ -89.964719, 35.094942 ], [ -89.964483, 35.094937 ], [ -89.963777, 35.094924 ], [ -89.963542, 35.09492 ], [ -89.963082, 35.094911 ], [ -89.961702, 35.094884 ], [ -89.961242, 35.094875 ], [ -89.960757, 35.094865 ], [ -89.959304, 35.094837 ], [ -89.95882, 35.094828 ], [ -89.958606, 35.094824 ], [ -89.95835, 35.094818 ], [ -89.957044, 35.094793 ], [ -89.95694, 35.094791 ], [ -89.956471, 35.094782 ], [ -89.956238, 35.094777 ], [ -89.955539, 35.094763 ], [ -89.955307, 35.094759 ], [ -89.95508, 35.094754 ], [ -89.954388, 35.094738 ], [ -89.954159, 35.094733 ], [ -89.953941, 35.094729 ], [ -89.953289, 35.09472 ], [ -89.953276, 35.09472 ], [ -89.953072, 35.094715 ], [ -89.952894, 35.094711 ], [ -89.951978, 35.094687 ], [ -89.951882, 35.094686 ], [ -89.95075, 35.094656 ], [ -89.950597, 35.094649 ], [ -89.950394, 35.094647 ], [ -89.949331, 35.094642 ], [ -89.949335, 35.094504 ], [ -89.949349, 35.094089 ], [ -89.949354, 35.093952 ], [ -89.949356, 35.093859 ], [ -89.949358, 35.093811 ], [ -89.949368, 35.093582 ], [ -89.949373, 35.09349 ], [ -89.949375, 35.093434 ], [ -89.94938, 35.093292 ], [ -89.949384, 35.093187 ], [ -89.949403, 35.092701 ], [ -89.949412, 35.092504 ], [ -89.949419, 35.092313 ], [ -89.949442, 35.091743 ], [ -89.94945, 35.091554 ], [ -89.949459, 35.091303 ], [ -89.949488, 35.090551 ], [ -89.949498, 35.090301 ], [ -89.949513, 35.089913 ], [ -89.949544, 35.089154 ], [ -89.949574, 35.088859 ], [ -89.949596, 35.088754 ], [ -89.949664, 35.088438 ], [ -89.949685, 35.088377 ], [ -89.949762, 35.088144 ], [ -89.949866, 35.087898 ], [ -89.950045, 35.087575 ], [ -89.950191, 35.087358 ], [ -89.950722, 35.086699 ], [ -89.950769, 35.08664 ], [ -89.950821, 35.086575 ], [ -89.951642, 35.085565 ], [ -89.952637, 35.084351 ], [ -89.952759, 35.084221 ], [ -89.952976, 35.084019 ], [ -89.953127, 35.083885 ], [ -89.953283, 35.083763 ], [ -89.953785, 35.08345 ], [ -89.953843, 35.083414 ], [ -89.953899, 35.083379 ], [ -89.954634, 35.082941 ], [ -89.954734, 35.082883 ], [ -89.955149, 35.082632 ], [ -89.955315, 35.082555 ], [ -89.95561, 35.082461 ], [ -89.955875, 35.082409 ], [ -89.956011, 35.082392 ], [ -89.956418, 35.082398 ], [ -89.956846, 35.082414 ], [ -89.957078, 35.082416 ], [ -89.957111, 35.082417 ], [ -89.95736, 35.082422 ], [ -89.957518, 35.082402 ], [ -89.957639, 35.082352 ], [ -89.957816, 35.08223 ], [ -89.957872, 35.082189 ], [ -89.957863, 35.082181 ], [ -89.957836, 35.082158 ], [ -89.957828, 35.082151 ], [ -89.957773, 35.082103 ], [ -89.957602, 35.081963 ], [ -89.957458, 35.081846 ], [ -89.957117, 35.081561 ], [ -89.956946, 35.081418 ], [ -89.956926, 35.081401 ], [ -89.956704, 35.081211 ], [ -89.956621, 35.081142 ], [ -89.956547, 35.081082 ], [ -89.956517, 35.081057 ], [ -89.956104, 35.080711 ], [ -89.955955, 35.080586 ], [ -89.956152, 35.080507 ], [ -89.956742, 35.08027 ], [ -89.95694, 35.080192 ], [ -89.956989, 35.080172 ], [ -89.957193, 35.080094 ], [ -89.9576, 35.079939 ], [ -89.959585, 35.079185 ], [ -89.960247, 35.078934 ], [ -89.96057, 35.078811 ], [ -89.960907, 35.078683 ], [ -89.961544, 35.078456 ], [ -89.961607, 35.078434 ], [ -89.961874, 35.078353 ], [ -89.962069, 35.078299 ], [ -89.96246, 35.078182 ], [ -89.962642, 35.078127 ], [ -89.963185, 35.077986 ], [ -89.963684, 35.077862 ], [ -89.964247, 35.077783 ], [ -89.964995, 35.077687 ], [ -89.96649, 35.077541 ], [ -89.968079, 35.077385 ], [ -89.971913, 35.077009 ], [ -89.972109, 35.07699 ], [ -89.972359, 35.076966 ], [ -89.973272, 35.076877 ], [ -89.974247, 35.076782 ], [ -89.974509, 35.076756 ] ] ] } },
{ "type": "Feature", "properties": { "STATEFP": "47", "COUNTYFP": "157", "TRACTCE": "008900", "GEOID": "47157008900", "GEOIDFQ": "1400000US47157008900", "NAME": "89", "NAMELSAD": "Census Tract 89", "MTFCC": "G5020", "FUNCSTAT": "S", "ALAND": 5814820, "AWATER": 312508, "INTPTLAT": "+35.1876967", "INTPTLON": "-089.9298641", "geoid": "47157008900" }, "geometry": { "type": "Polygon", "coordinates": [ [ [ -89.949688, 35.183482 ], [ -89.949606, 35.185913 ], [ -89.949602, 35.186049 ], [ -89.949597, 35.186185 ], [ -89.949325, 35.186178 ], [ -89.949189, 35.18614 ], [ -89.948991, 35.186052 ], [ -89.948694, 35.185994 ], [ -89.948462, 35.185984 ], [ -89.94829, 35.185934 ], [ -89.946536, 35.186032 ], [ -89.946562, 35.186047 ], [ -89.946471, 35.186034 ], [ -89.946097, 35.186043 ], [ -89.945355, 35.186312 ], [ -89.944821, 35.186564 ], [ -89.944792, 35.186578 ], [ -89.944689, 35.1866 ], [ -89.944615, 35.186616 ], [ -89.944349, 35.18661 ], [ -89.944149, 35.186608 ], [ -89.942964, 35.188112 ], [ -89.942939, 35.188192 ], [ -89.942731, 35.188438 ], [ -89.942022, 35.189153 ], [ -89.941593, 35.189624 ], [ -89.941368, 35.189788 ], [ -89.941359, 35.189803 ], [ -89.941329, 35.190033 ], [ -89.941304, 35.19009 ], [ -89.941259, 35.190195 ], [ -89.941225, 35.190261 ], [ -89.941187, 35.190311 ], [ -89.941167, 35.190335 ], [ -89.940976, 35.190563 ], [ -89.940868, 35.19075 ], [ -89.940822, 35.190862 ], [ -89.940732, 35.191056 ], [ -89.94057, 35.191319 ], [ -89.940501, 35.191381 ], [ -89.940416, 35.191436 ], [ -89.940235, 35.191536 ], [ -89.939991, 35.191664 ], [ -89.939635, 35.191814 ], [ -89.939462, 35.19186 ], [ -89.93778, 35.192928 ], [ -89.937181, 35.193291 ], [ -89.936595, 35.193646 ], [ -89.936316, 35.193847 ], [ -89.936268, 35.194091 ], [ -89.936232, 35.194436 ], [ -89.936052, 35.194824 ], [ -89.935813, 35.195022 ], [ -89.935389, 35.195207 ], [ -89.934881, 35.195273 ], [ -89.934685, 35.195196 ], [ -89.934499, 35.195156 ], [ -89.934454, 35.195146 ], [ -89.934247, 35.195087 ], [ -89.933996, 35.194836 ], [ -89.933918, 35.194502 ], [ -89.93393, 35.194149 ], [ -89.933978, 35.193778 ], [ -89.933882, 35.193533 ], [ -89.933506, 35.193348 ], [ -89.932776, 35.19324 ], [ -89.932089, 35.193216 ], [ -89.931671, 35.193324 ], [ -89.931348, 35.193515 ], [ -89.931007, 35.194065 ], [ -89.930929, 35.194484 ], [ -89.931091, 35.195213 ], [ -89.931324, 35.195739 ], [ -89.931647, 35.196116 ], [ -89.932121, 35.196412 ], [ -89.932763, 35.197415 ], [ -89.933238, 35.199485 ], [ -89.933034, 35.200028 ], [ -89.932356, 35.201182 ], [ -89.931575, 35.201657 ], [ -89.931207, 35.201723 ], [ -89.930082, 35.201928 ], [ -89.928046, 35.202471 ], [ -89.925875, 35.202552 ], [ -89.924823, 35.202369 ], [ -89.924241, 35.202413 ], [ -89.924161, 35.20242 ], [ -89.924021, 35.202354 ], [ -89.923968, 35.202335 ], [ -89.923898, 35.202313 ], [ -89.92374, 35.202265 ], [ -89.923678, 35.202247 ], [ -89.92293, 35.201916 ], [ -89.922662, 35.201798 ], [ -89.922435, 35.201698 ], [ -89.922259, 35.20159 ], [ -89.922231, 35.201562 ], [ -89.921867, 35.201115 ], [ -89.921588, 35.200736 ], [ -89.921285, 35.200341 ], [ -89.919177, 35.197703 ], [ -89.919116, 35.19765 ], [ -89.918963, 35.197476 ], [ -89.918866, 35.197356 ], [ -89.918805, 35.197222 ], [ -89.918755, 35.197085 ], [ -89.918734, 35.197054 ], [ -89.918585, 35.196877 ], [ -89.918487, 35.196717 ], [ -89.918326, 35.196503 ], [ -89.918284, 35.19644 ], [ -89.918267, 35.196407 ], [ -89.918241, 35.196338 ], [ -89.918213, 35.196198 ], [ -89.91818, 35.196094 ], [ -89.918102, 35.195927 ], [ -89.918028, 35.195611 ], [ -89.917935, 35.195261 ], [ -89.917675, 35.194578 ], [ -89.917659, 35.194545 ], [ -89.917463, 35.194225 ], [ -89.917418, 35.194124 ], [ -89.917253, 35.193832 ], [ -89.917065, 35.193549 ], [ -89.916028, 35.192137 ], [ -89.914672, 35.190255 ], [ -89.914512, 35.190047 ], [ -89.914351, 35.189839 ], [ -89.914166, 35.189613 ], [ -89.913936, 35.189351 ], [ -89.913851, 35.189269 ], [ -89.913786, 35.189221 ], [ -89.913706, 35.189135 ], [ -89.913649, 35.189081 ], [ -89.913081, 35.188631 ], [ -89.911381, 35.18738 ], [ -89.911264, 35.187293 ], [ -89.911148, 35.187207 ], [ -89.910617, 35.186811 ], [ -89.90957, 35.186029 ], [ -89.909514, 35.185973 ], [ -89.909414, 35.185775 ], [ -89.909293, 35.185417 ], [ -89.909101, 35.184845 ], [ -89.909081, 35.184791 ], [ -89.90918, 35.184762 ], [ -89.909279, 35.184734 ], [ -89.909889, 35.184557 ], [ -89.911069, 35.184195 ], [ -89.913182, 35.183537 ], [ -89.913427, 35.183464 ], [ -89.913558, 35.183425 ], [ -89.913743, 35.183371 ], [ -89.913998, 35.183292 ], [ -89.916444, 35.182542 ], [ -89.91726, 35.182293 ], [ -89.917981, 35.182066 ], [ -89.920145, 35.181386 ], [ -89.920867, 35.18116 ], [ -89.921555, 35.180952 ], [ -89.922039, 35.180804 ], [ -89.92369, 35.180301 ], [ -89.923803, 35.180267 ], [ -89.925134, 35.179863 ], [ -89.925555, 35.179731 ], [ -89.926725, 35.179367 ], [ -89.927371, 35.179172 ], [ -89.929131, 35.178642 ], [ -89.92931, 35.178591 ], [ -89.92996, 35.178407 ], [ -89.930581, 35.178197 ], [ -89.931049, 35.178058 ], [ -89.931927, 35.177799 ], [ -89.933462, 35.177317 ], [ -89.93433, 35.177054 ], [ -89.935425, 35.176723 ], [ -89.936021, 35.176539 ], [ -89.936885, 35.176274 ], [ -89.937812, 35.175991 ], [ -89.938409, 35.175808 ], [ -89.938715, 35.175717 ], [ -89.939634, 35.175445 ], [ -89.939941, 35.175355 ], [ -89.940063, 35.175316 ], [ -89.94043, 35.175202 ], [ -89.940553, 35.175164 ], [ -89.941261, 35.174949 ], [ -89.942028, 35.174717 ], [ -89.943377, 35.174279 ], [ -89.943668, 35.174186 ], [ -89.944088, 35.174073 ], [ -89.944983, 35.173785 ], [ -89.945475, 35.173628 ], [ -89.946694, 35.173235 ], [ -89.94768, 35.172954 ], [ -89.948585, 35.172697 ], [ -89.948466, 35.1728 ], [ -89.948111, 35.173109 ], [ -89.948061, 35.173153 ], [ -89.948056, 35.173243 ], [ -89.948016, 35.173764 ], [ -89.947916, 35.17507 ], [ -89.947822, 35.176318 ], [ -89.94779, 35.178811 ], [ -89.947833, 35.179861 ], [ -89.947886, 35.180426 ], [ -89.947944, 35.180547 ], [ -89.948119, 35.180912 ], [ -89.948415, 35.181155 ], [ -89.948638, 35.181286 ], [ -89.948895, 35.181339 ], [ -89.949094, 35.181381 ], [ -89.949411, 35.181433 ], [ -89.949466, 35.18144 ], [ -89.949631, 35.181461 ], [ -89.949687, 35.181468 ], [ -89.949676, 35.181841 ], [ -89.949688, 35.183482 ] ] ] } },
{ "type": "Feature", "properties": { "STATEFP": "47", "COUNTYFP": "157", "TRACTCE": "006700", "GEOID": "47157006700", "GEOIDFQ": "1400000US47157006700", "NAME": "67", "NAMELSAD": "Census Tract 67", "MTFCC": "G5020", "FUNCSTAT": "S", "ALAND": 1874530, "AWATER": 0, "INTPTLAT": "+35.1133986", "INTPTLON": "-089.9753652", "geoid": "47157006700" }, "geometry": { "type": "Polygon", "coordinates": [ [ [ -89.988785, 35.109162 ], [ -89.988619, 35.109291 ], [ -89.987728, 35.110008 ], [ -89.987377, 35.110291 ], [ -89.986855, 35.110715 ], [ -89.986688, 35.110852 ], [ -89.986554, 35.110961 ], [ -89.986428, 35.111063 ], [ -89.986149, 35.111291 ], [ -89.985278, 35.111971 ], [ -89.985238, 35.112003 ], [ -89.984728, 35.112357 ], [ -89.984581, 35.112481 ], [ -89.984142, 35.112854 ], [ -89.983996, 35.112979 ], [ -89.983663, 35.113256 ], [ -89.983526, 35.113371 ], [ -89.982762, 35.113967 ], [ -89.982645, 35.114064 ], [ -89.982313, 35.114342 ], [ -89.982096, 35.114522 ], [ -89.981445, 35.115065 ], [ -89.981229, 35.115246 ], [ -89.981092, 35.115343 ], [ -89.980682, 35.115638 ], [ -89.980546, 35.115736 ], [ -89.980506, 35.115763 ], [ -89.980389, 35.115845 ], [ -89.98035, 35.115873 ], [ -89.979909, 35.116271 ], [ -89.979038, 35.11706 ], [ -89.978623, 35.117504 ], [ -89.978218, 35.117939 ], [ -89.977987, 35.118226 ], [ -89.977594, 35.118715 ], [ -89.977307, 35.119097 ], [ -89.977086, 35.119392 ], [ -89.97687, 35.1197 ], [ -89.976226, 35.120624 ], [ -89.976011, 35.120933 ], [ -89.975354, 35.121754 ], [ -89.973826, 35.123877 ], [ -89.973244, 35.124694 ], [ -89.972978, 35.125053 ], [ -89.972946, 35.125025 ], [ -89.972853, 35.124943 ], [ -89.972822, 35.124916 ], [ -89.972277, 35.124465 ], [ -89.971892, 35.124157 ], [ -89.971708, 35.124034 ], [ -89.971605, 35.123977 ], [ -89.971514, 35.123939 ], [ -89.971495, 35.123765 ], [ -89.971495, 35.123254 ], [ -89.971529, 35.12231 ], [ -89.971536, 35.122028 ], [ -89.971553, 35.12137 ], [ -89.971564, 35.121053 ], [ -89.971596, 35.120103 ], [ -89.971608, 35.119787 ], [ -89.971612, 35.119669 ], [ -89.971624, 35.119316 ], [ -89.971629, 35.119199 ], [ -89.971636, 35.119011 ], [ -89.971639, 35.118925 ], [ -89.971668, 35.118103 ], [ -89.971678, 35.117829 ], [ -89.971693, 35.117397 ], [ -89.971736, 35.116232 ], [ -89.971742, 35.116103 ], [ -89.971764, 35.115672 ], [ -89.97155, 35.115667 ], [ -89.970908, 35.115653 ], [ -89.970695, 35.115649 ], [ -89.969624, 35.115623 ], [ -89.969171, 35.115604 ], [ -89.969098, 35.115601 ], [ -89.9691, 35.115467 ], [ -89.969101, 35.115361 ], [ -89.969103, 35.11524 ], [ -89.969103, 35.115227 ], [ -89.969103, 35.11519 ], [ -89.969104, 35.115178 ], [ -89.969105, 35.115083 ], [ -89.96911, 35.114799 ], [ -89.969112, 35.114705 ], [ -89.968622, 35.114705 ], [ -89.968542, 35.114703 ], [ -89.966834, 35.114665 ], [ -89.966471, 35.114658 ], [ -89.966371, 35.114638 ], [ -89.966302, 35.114592 ], [ -89.966289, 35.114575 ], [ -89.966267, 35.114538 ], [ -89.966255, 35.114362 ], [ -89.966251, 35.114304 ], [ -89.96627, 35.113706 ], [ -89.966277, 35.113488 ], [ -89.966295, 35.113116 ], [ -89.966297, 35.11308 ], [ -89.966306, 35.112001 ], [ -89.966309, 35.111785 ], [ -89.966306, 35.11163 ], [ -89.966185, 35.111626 ], [ -89.965824, 35.111614 ], [ -89.965704, 35.111611 ], [ -89.965657, 35.11161 ], [ -89.965517, 35.111608 ], [ -89.965471, 35.111608 ], [ -89.965472, 35.111448 ], [ -89.965478, 35.110969 ], [ -89.965481, 35.11081 ], [ -89.965484, 35.11064 ], [ -89.965495, 35.110147 ], [ -89.965497, 35.11013 ], [ -89.965516, 35.110027 ], [ -89.96554, 35.109967 ], [ -89.965447, 35.109962 ], [ -89.96517, 35.109947 ], [ -89.965078, 35.109943 ], [ -89.965093, 35.10954 ], [ -89.965116, 35.108971 ], [ -89.965132, 35.108333 ], [ -89.965141, 35.108027 ], [ -89.965143, 35.107931 ], [ -89.965265, 35.107934 ], [ -89.965632, 35.107945 ], [ -89.965755, 35.107949 ], [ -89.965969, 35.107955 ], [ -89.966311, 35.107965 ], [ -89.966613, 35.107975 ], [ -89.966828, 35.107982 ], [ -89.96708, 35.107989 ], [ -89.967839, 35.108011 ], [ -89.968092, 35.108019 ], [ -89.968269, 35.108021 ], [ -89.9688, 35.108028 ], [ -89.968977, 35.108031 ], [ -89.969123, 35.108036 ], [ -89.969564, 35.108054 ], [ -89.969711, 35.10806 ], [ -89.969878, 35.108065 ], [ -89.970379, 35.108082 ], [ -89.970547, 35.108088 ], [ -89.971343, 35.108112 ], [ -89.972132, 35.108136 ], [ -89.972211, 35.108139 ], [ -89.972944, 35.10816 ], [ -89.973443, 35.108175 ], [ -89.97373, 35.108184 ], [ -89.974458, 35.108207 ], [ -89.974516, 35.108209 ], [ -89.975311, 35.108238 ], [ -89.977031, 35.108292 ], [ -89.977691, 35.108311 ], [ -89.977863, 35.108315 ], [ -89.978508, 35.108334 ], [ -89.978706, 35.10834 ], [ -89.978817, 35.108343 ], [ -89.97915, 35.108352 ], [ -89.979262, 35.108356 ], [ -89.979314, 35.108357 ], [ -89.979471, 35.10836 ], [ -89.979524, 35.108362 ], [ -89.979629, 35.108363 ], [ -89.979944, 35.108367 ], [ -89.98005, 35.108369 ], [ -89.980204, 35.108369 ], [ -89.980667, 35.108369 ], [ -89.980822, 35.108369 ], [ -89.980982, 35.108369 ], [ -89.98143, 35.108372 ], [ -89.981464, 35.108373 ], [ -89.981625, 35.10838 ], [ -89.981739, 35.108384 ], [ -89.982082, 35.108399 ], [ -89.982197, 35.108404 ], [ -89.982243, 35.108406 ], [ -89.982383, 35.108412 ], [ -89.98243, 35.108415 ], [ -89.982599, 35.108423 ], [ -89.983108, 35.108449 ], [ -89.983278, 35.108458 ], [ -89.9836, 35.108475 ], [ -89.984537, 35.108528 ], [ -89.984568, 35.108528 ], [ -89.984832, 35.108534 ], [ -89.984891, 35.108535 ], [ -89.984999, 35.108538 ], [ -89.985053, 35.108538 ], [ -89.985542, 35.108547 ], [ -89.985706, 35.10855 ], [ -89.985864, 35.108552 ], [ -89.986339, 35.108558 ], [ -89.986436, 35.10856 ], [ -89.986498, 35.108561 ], [ -89.986677, 35.108563 ], [ -89.987215, 35.10857 ], [ -89.987395, 35.108573 ], [ -89.987654, 35.108576 ], [ -89.98819, 35.108584 ], [ -89.988434, 35.108567 ], [ -89.988516, 35.108562 ], [ -89.988602, 35.108565 ], [ -89.988693, 35.108579 ], [ -89.989126, 35.108899 ], [ -89.988785, 35.109162 ] ] ] } },
{ "type": "Feature", "properties": { "STATEFP": "47", "COUNTYFP": "157", "TRACTCE": "006800", "GEOID": "47157006800", "GEOIDFQ": "1400000US47157006800", "NAME": "68", "NAMELSAD": "Census Tract 68", "MTFCC": "G5020", "FUNCSTAT": "S", "ALAND": 1286007, "AWATER": 0, "INTPTLAT": "+35.1041328", "INTPTLON": "-089.9766807", "geoid": "47157006800" }, "geometry": { "type": "Polygon", "coordinates": [ [ [ -89.988602, 35.108565 ], [ -89.988516, 35.108562 ], [ -89.988434, 35.108567 ], [ -89.98819, 35.108584 ], [ -89.987654, 35.108576 ], [ -89.987395, 35.108573 ], [ -89.987215, 35.10857 ], [ -89.986677, 35.108563 ], [ -89.986498, 35.108561 ], [ -89.986436, 35.10856 ], [ -89.986339, 35.108558 ], [ -89.985864, 35.108552 ], [ -89.985706, 35.10855 ], [ -89.985542, 35.108547 ], [ -89.985053, 35.108538 ], [ -89.984999, 35.108538 ], [ -89.984891, 35.108535 ], [ -89.984832, 35.108534 ], [ -89.984568, 35.108528 ], [ -89.984537, 35.108528 ], [ -89.9836, 35.108475 ], [ -89.983278, 35.108458 ], [ -89.983108, 35.108449 ], [ -89.982599, 35.108423 ], [ -89.98243, 35.108415 ], [ -89.982383, 35.108412 ], [ -89.982243, 35.108406 ], [ -89.982197, 35.108404 ], [ -89.982082, 35.108399 ], [ -89.981739, 35.108384 ], [ -89.981625, 35.10838 ], [ -89.981464, 35.108373 ], [ -89.98143, 35.108372 ], [ -89.980982, 35.108369 ], [ -89.980822, 35.108369 ], [ -89.980667, 35.108369 ], [ -89.980204, 35.108369 ], [ -89.98005, 35.108369 ], [ -89.979944, 35.108367 ], [ -89.979629, 35.108363 ], [ -89.979524, 35.108362 ], [ -89.979471, 35.10836 ], [ -89.979314, 35.108357 ], [ -89.979262, 35.108356 ], [ -89.97915, 35.108352 ], [ -89.978817, 35.108343 ], [ -89.978706, 35.10834 ], [ -89.978508, 35.108334 ], [ -89.977863, 35.108315 ], [ -89.977691, 35.108311 ], [ -89.977031, 35.108292 ], [ -89.975311, 35.108238 ], [ -89.974516, 35.108209 ], [ -89.974458, 35.108207 ], [ -89.97373, 35.108184 ], [ -89.973443, 35.108175 ], [ -89.972944, 35.10816 ], [ -89.972211, 35.108139 ], [ -89.972132, 35.108136 ], [ -89.971343, 35.108112 ], [ -89.970547, 35.108088 ], [ -89.970379, 35.108082 ], [ -89.969878, 35.108065 ], [ -89.969711, 35.10806 ], [ -89.969717, 35.107856 ], [ -89.969736, 35.107244 ], [ -89.969742, 35.107085 ], [ -89.969742, 35.10704 ], [ -89.969743, 35.106993 ], [ -89.969745, 35.106873 ], [ -89.969755, 35.106373 ], [ -89.969759, 35.106207 ], [ -89.969763, 35.106044 ], [ -89.969775, 35.105555 ], [ -89.969779, 35.105392 ], [ -89.969782, 35.105228 ], [ -89.969793, 35.104739 ], [ -89.969798, 35.104576 ], [ -89.969824, 35.103808 ], [ -89.969905, 35.101504 ], [ -89.969924, 35.100985 ], [ -89.969928, 35.100737 ], [ -89.969932, 35.100486 ], [ -89.969943, 35.099952 ], [ -89.969952, 35.099736 ], [ -89.969964, 35.099487 ], [ -89.969993, 35.099262 ], [ -89.970074, 35.098659 ], [ -89.970076, 35.098586 ], [ -89.970085, 35.09836 ], [ -89.970119, 35.097409 ], [ -89.970133, 35.096887 ], [ -89.970146, 35.096176 ], [ -89.970166, 35.095625 ], [ -89.970168, 35.09559 ], [ -89.970155, 35.095013 ], [ -89.970517, 35.095462 ], [ -89.971066, 35.096076 ], [ -89.971448, 35.096506 ], [ -89.972056, 35.097178 ], [ -89.972372, 35.097493 ], [ -89.972645, 35.097731 ], [ -89.972738, 35.097811 ], [ -89.972985, 35.097997 ], [ -89.973008, 35.098015 ], [ -89.973402, 35.098287 ], [ -89.973858, 35.098556 ], [ -89.97409, 35.098676 ], [ -89.974474, 35.098876 ], [ -89.974548, 35.098913 ], [ -89.974768, 35.099025 ], [ -89.974841, 35.099063 ], [ -89.975564, 35.099445 ], [ -89.975576, 35.099451 ], [ -89.975612, 35.09947 ], [ -89.975625, 35.099477 ], [ -89.975775, 35.099555 ], [ -89.976018, 35.099683 ], [ -89.976056, 35.099703 ], [ -89.977201, 35.100299 ], [ -89.977596, 35.100505 ], [ -89.978038, 35.100735 ], [ -89.978307, 35.100876 ], [ -89.980152, 35.101845 ], [ -89.980469, 35.102028 ], [ -89.980783, 35.102209 ], [ -89.980894, 35.102273 ], [ -89.980979, 35.102327 ], [ -89.981425, 35.102607 ], [ -89.982477, 35.103281 ], [ -89.982976, 35.103601 ], [ -89.983292, 35.103803 ], [ -89.9837, 35.104064 ], [ -89.984177, 35.104387 ], [ -89.984234, 35.104422 ], [ -89.984553, 35.104621 ], [ -89.985038, 35.104927 ], [ -89.985161, 35.105006 ], [ -89.98525, 35.105063 ], [ -89.985419, 35.105173 ], [ -89.985466, 35.105204 ], [ -89.985531, 35.105247 ], [ -89.985654, 35.105329 ], [ -89.985738, 35.105385 ], [ -89.985945, 35.105533 ], [ -89.986009, 35.105579 ], [ -89.986151, 35.105684 ], [ -89.986454, 35.105949 ], [ -89.986737, 35.106244 ], [ -89.986762, 35.10627 ], [ -89.98697, 35.106514 ], [ -89.9872, 35.106817 ], [ -89.987218, 35.10684 ], [ -89.987493, 35.107252 ], [ -89.987645, 35.107475 ], [ -89.987858, 35.107753 ], [ -89.988071, 35.107992 ], [ -89.988117, 35.108034 ], [ -89.988391, 35.10832 ], [ -89.988407, 35.108336 ], [ -89.988448, 35.108379 ], [ -89.988693, 35.108579 ], [ -89.988602, 35.108565 ] ] ] } },
{ "type": "Feature", "properties": { "STATEFP": "47", "COUNTYFP": "157", "TRACTCE": "006900", "GEOID": "47157006900", "GEOIDFQ": "1400000US47157006900", "NAME": "69", "NAMELSAD": "Census Tract 69", "MTFCC": "G5020", "FUNCSTAT": "S", "ALAND": 1920544, "AWATER": 0, "INTPTLAT": "+35.0955274", "INTPTLON": "-089.9797835", "geoid": "47157006900" }, "geometry": { "type": "Polygon", "coordinates": [ [ [ -89.987584, 35.091737 ], [ -89.987578, 35.091921 ], [ -89.987565, 35.092346 ], [ -89.987559, 35.092549 ], [ -89.987557, 35.0926 ], [ -89.987552, 35.092754 ], [ -89.987551, 35.092806 ], [ -89.98755, 35.09284 ], [ -89.987543, 35.09305 ], [ -89.987489, 35.094712 ], [ -89.987488, 35.095257 ], [ -89.987465, 35.095689 ], [ -89.98744, 35.09598 ], [ -89.987437, 35.096051 ], [ -89.987435, 35.0961 ], [ -89.987434, 35.096126 ], [ -89.987433, 35.096181 ], [ -89.987432, 35.096207 ], [ -89.987431, 35.096234 ], [ -89.98743, 35.096287 ], [ -89.987425, 35.096423 ], [ -89.987424, 35.096471 ], [ -89.987418, 35.09665 ], [ -89.987401, 35.097191 ], [ -89.987396, 35.097371 ], [ -89.987387, 35.097573 ], [ -89.987363, 35.098181 ], [ -89.987355, 35.098384 ], [ -89.987335, 35.098738 ], [ -89.987305, 35.099316 ], [ -89.987268, 35.09966 ], [ -89.987242, 35.099797 ], [ -89.987179, 35.100146 ], [ -89.987147, 35.100295 ], [ -89.987105, 35.100502 ], [ -89.987041, 35.10074 ], [ -89.987003, 35.100888 ], [ -89.986987, 35.100947 ], [ -89.986944, 35.101113 ], [ -89.98694, 35.101127 ], [ -89.986924, 35.101187 ], [ -89.986871, 35.101373 ], [ -89.986715, 35.101932 ], [ -89.986663, 35.102119 ], [ -89.986371, 35.103102 ], [ -89.986103, 35.103981 ], [ -89.986083, 35.104043 ], [ -89.985951, 35.104472 ], [ -89.985898, 35.104645 ], [ -89.985802, 35.104963 ], [ -89.985732, 35.105165 ], [ -89.985723, 35.105192 ], [ -89.985654, 35.105329 ], [ -89.985531, 35.105247 ], [ -89.985466, 35.105204 ], [ -89.985419, 35.105173 ], [ -89.98525, 35.105063 ], [ -89.985161, 35.105006 ], [ -89.985038, 35.104927 ], [ -89.984553, 35.104621 ], [ -89.984234, 35.104422 ], [ -89.984177, 35.104387 ], [ -89.9837, 35.104064 ], [ -89.983292, 35.103803 ], [ -89.982976, 35.103601 ], [ -89.982477, 35.103281 ], [ -89.981425, 35.102607 ], [ -89.980979, 35.102327 ], [ -89.980894, 35.102273 ], [ -89.980783, 35.102209 ], [ -89.980469, 35.102028 ], [ -89.980152, 35.101845 ], [ -89.978307, 35.100876 ], [ -89.978038, 35.100735 ], [ -89.977596, 35.100505 ], [ -89.977201, 35.100299 ], [ -89.976056, 35.099703 ], [ -89.976018, 35.099683 ], [ -89.975775, 35.099555 ], [ -89.975625, 35.099477 ], [ -89.975612, 35.09947 ], [ -89.975576, 35.099451 ], [ -89.975564, 35.099445 ], [ -89.974841, 35.099063 ], [ -89.974768, 35.099025 ], [ -89.974548, 35.098913 ], [ -89.974474, 35.098876 ], [ -89.97409, 35.098676 ], [ -89.973858, 35.098556 ], [ -89.973402, 35.098287 ], [ -89.973008, 35.098015 ], [ -89.972985, 35.097997 ], [ -89.972738, 35.097811 ], [ -89.972645, 35.097731 ], [ -89.972372, 35.097493 ], [ -89.972056, 35.097178 ], [ -89.971448, 35.096506 ], [ -89.971066, 35.096076 ], [ -89.970517, 35.095462 ], [ -89.970155, 35.095013 ], [ -89.970213, 35.094799 ], [ -89.970261, 35.094009 ], [ -89.970296, 35.093024 ], [ -89.970299, 35.092924 ], [ -89.970309, 35.092626 ], [ -89.970313, 35.092527 ], [ -89.970316, 35.092429 ], [ -89.970325, 35.092135 ], [ -89.970329, 35.092038 ], [ -89.970335, 35.091851 ], [ -89.970355, 35.09129 ], [ -89.970356, 35.091263 ], [ -89.970352, 35.091103 ], [ -89.970437, 35.091077 ], [ -89.970718, 35.09107 ], [ -89.97115, 35.091085 ], [ -89.971497, 35.091098 ], [ -89.973556, 35.09115 ], [ -89.974359, 35.091171 ], [ -89.974368, 35.090871 ], [ -89.974394, 35.089972 ], [ -89.974404, 35.089673 ], [ -89.97441, 35.08953 ], [ -89.974426, 35.089203 ], [ -89.974429, 35.089104 ], [ -89.974435, 35.088962 ], [ -89.974443, 35.088712 ], [ -89.974442, 35.088699 ], [ -89.974433, 35.088428 ], [ -89.974359, 35.087964 ], [ -89.974356, 35.087918 ], [ -89.974342, 35.087657 ], [ -89.974347, 35.087523 ], [ -89.974364, 35.087121 ], [ -89.974371, 35.086988 ], [ -89.974429, 35.087011 ], [ -89.97542, 35.087299 ], [ -89.978574, 35.088218 ], [ -89.978799, 35.088284 ], [ -89.979412, 35.088462 ], [ -89.979618, 35.088548 ], [ -89.980327, 35.08893 ], [ -89.982457, 35.090076 ], [ -89.983167, 35.090458 ], [ -89.983319, 35.09054 ], [ -89.983778, 35.090788 ], [ -89.983931, 35.090871 ], [ -89.984175, 35.091002 ], [ -89.984907, 35.091395 ], [ -89.985151, 35.091526 ], [ -89.985187, 35.091509 ], [ -89.985313, 35.091481 ], [ -89.985526, 35.091485 ], [ -89.986672, 35.091511 ], [ -89.987055, 35.09152 ], [ -89.987162, 35.091522 ], [ -89.987484, 35.091531 ], [ -89.987538, 35.091533 ], [ -89.987592, 35.091535 ], [ -89.987584, 35.091737 ] ] ] } },
{ "type": "Feature", "properties": { "STATEFP": "47", "COUNTYFP": "157", "TRACTCE": "007000", "GEOID": "47157007000", "GEOIDFQ": "1400000US47157007000", "NAME": "70", "NAMELSAD": "Census Tract 70", "MTFCC": "G5020", "FUNCSTAT": "S", "ALAND": 1539202, "AWATER": 0, "INTPTLAT": "+35.1116818", "INTPTLON": "-089.9561215", "geoid": "47157007000" }, "geometry": { "type": "Polygon", "coordinates": [ [ [ -89.96911, 35.114799 ], [ -89.969105, 35.115083 ], [ -89.969104, 35.115178 ], [ -89.969103, 35.11519 ], [ -89.969103, 35.115227 ], [ -89.969103, 35.11524 ], [ -89.969101, 35.115361 ], [ -89.9691, 35.115467 ], [ -89.969098, 35.115601 ], [ -89.968184, 35.11558 ], [ -89.966583, 35.115544 ], [ -89.966055, 35.115533 ], [ -89.965773, 35.115526 ], [ -89.963347, 35.115473 ], [ -89.962714, 35.11546 ], [ -89.962538, 35.115462 ], [ -89.962254, 35.115463 ], [ -89.961886, 35.115466 ], [ -89.961405, 35.115455 ], [ -89.961123, 35.115449 ], [ -89.961031, 35.115445 ], [ -89.960755, 35.115434 ], [ -89.960663, 35.115431 ], [ -89.960326, 35.115412 ], [ -89.960228, 35.115409 ], [ -89.958923, 35.115378 ], [ -89.958488, 35.115368 ], [ -89.958306, 35.115364 ], [ -89.957763, 35.115352 ], [ -89.957582, 35.115349 ], [ -89.957395, 35.115344 ], [ -89.956834, 35.115332 ], [ -89.956647, 35.115328 ], [ -89.956253, 35.115319 ], [ -89.956058, 35.115315 ], [ -89.955071, 35.115292 ], [ -89.95486, 35.115287 ], [ -89.954678, 35.115283 ], [ -89.954595, 35.115281 ], [ -89.954369, 35.115277 ], [ -89.954346, 35.115276 ], [ -89.954264, 35.115275 ], [ -89.954046, 35.11527 ], [ -89.953392, 35.115255 ], [ -89.953174, 35.11525 ], [ -89.952881, 35.115243 ], [ -89.952004, 35.115223 ], [ -89.951712, 35.115217 ], [ -89.951413, 35.11521 ], [ -89.950519, 35.11519 ], [ -89.950221, 35.115184 ], [ -89.94993, 35.115177 ], [ -89.949057, 35.115159 ], [ -89.948766, 35.115153 ], [ -89.948461, 35.115147 ], [ -89.947737, 35.115134 ], [ -89.947549, 35.115141 ], [ -89.947245, 35.115154 ], [ -89.946952, 35.115182 ], [ -89.946939, 35.115184 ], [ -89.946654, 35.115234 ], [ -89.94643, 35.115285 ], [ -89.946043, 35.115389 ], [ -89.945831, 35.115447 ], [ -89.945746, 35.115463 ], [ -89.945748, 35.115428 ], [ -89.945754, 35.115323 ], [ -89.945757, 35.115289 ], [ -89.945759, 35.11525 ], [ -89.945766, 35.115135 ], [ -89.945769, 35.115097 ], [ -89.94578, 35.114775 ], [ -89.945811, 35.113871 ], [ -89.945812, 35.113809 ], [ -89.945818, 35.113644 ], [ -89.945824, 35.113488 ], [ -89.945827, 35.113406 ], [ -89.945835, 35.113161 ], [ -89.945839, 35.11308 ], [ -89.945843, 35.112965 ], [ -89.945858, 35.112619 ], [ -89.945863, 35.112505 ], [ -89.94587, 35.112305 ], [ -89.945893, 35.111706 ], [ -89.945902, 35.111507 ], [ -89.945902, 35.111484 ], [ -89.945904, 35.111415 ], [ -89.945905, 35.111393 ], [ -89.945908, 35.111314 ], [ -89.945917, 35.111077 ], [ -89.94592, 35.110998 ], [ -89.945927, 35.110802 ], [ -89.945948, 35.110216 ], [ -89.945956, 35.110021 ], [ -89.945961, 35.109867 ], [ -89.945978, 35.109406 ], [ -89.945985, 35.109253 ], [ -89.945987, 35.109196 ], [ -89.945994, 35.109027 ], [ -89.945997, 35.108971 ], [ -89.946006, 35.108753 ], [ -89.946034, 35.108099 ], [ -89.946041, 35.107958 ], [ -89.946044, 35.107882 ], [ -89.946141, 35.107882 ], [ -89.946613, 35.107874 ], [ -89.948323, 35.107847 ], [ -89.948893, 35.107838 ], [ -89.949374, 35.107827 ], [ -89.95082, 35.107798 ], [ -89.951303, 35.107789 ], [ -89.951536, 35.107784 ], [ -89.952239, 35.107769 ], [ -89.952473, 35.107765 ], [ -89.952776, 35.107759 ], [ -89.953689, 35.107742 ], [ -89.953993, 35.107737 ], [ -89.95447, 35.107728 ], [ -89.955904, 35.107702 ], [ -89.956382, 35.107694 ], [ -89.956589, 35.107691 ], [ -89.956871, 35.107688 ], [ -89.95721, 35.107697 ], [ -89.957417, 35.107704 ], [ -89.957638, 35.10771 ], [ -89.958302, 35.107729 ], [ -89.958524, 35.107736 ], [ -89.958777, 35.107743 ], [ -89.959536, 35.107767 ], [ -89.959789, 35.107775 ], [ -89.960124, 35.107784 ], [ -89.960875, 35.107806 ], [ -89.961129, 35.107816 ], [ -89.961464, 35.107831 ], [ -89.961716, 35.107839 ], [ -89.962475, 35.107863 ], [ -89.962728, 35.107871 ], [ -89.962958, 35.107875 ], [ -89.963648, 35.10789 ], [ -89.963879, 35.107896 ], [ -89.964131, 35.107903 ], [ -89.96489, 35.107924 ], [ -89.965143, 35.107931 ], [ -89.965141, 35.108027 ], [ -89.965132, 35.108333 ], [ -89.965116, 35.108971 ], [ -89.965093, 35.10954 ], [ -89.965078, 35.109943 ], [ -89.96517, 35.109947 ], [ -89.965447, 35.109962 ], [ -89.96554, 35.109967 ], [ -89.965516, 35.110027 ], [ -89.965497, 35.11013 ], [ -89.965495, 35.110147 ], [ -89.965484, 35.11064 ], [ -89.965481, 35.11081 ], [ -89.965478, 35.110969 ], [ -89.965472, 35.111448 ], [ -89.965471, 35.111608 ], [ -89.965517, 35.111608 ], [ -89.965657, 35.11161 ], [ -89.965704, 35.111611 ], [ -89.965824, 35.111614 ], [ -89.966185, 35.111626 ], [ -89.966306, 35.11163 ], [ -89.966309, 35.111785 ], [ -89.966306, 35.112001 ], [ -89.966297, 35.11308 ], [ -89.966295, 35.113116 ], [ -89.966277, 35.113488 ], [ -89.96627, 35.113706 ], [ -89.966251, 35.114304 ], [ -89.966255, 35.114362 ], [ -89.966267, 35.114538 ], [ -89.966289, 35.114575 ], [ -89.966302, 35.114592 ], [ -89.966371, 35.114638 ], [ -89.966471, 35.114658 ], [ -89.966834, 35.114665 ], [ -89.968542, 35.114703 ], [ -89.968622, 35.114705 ], [ -89.969112, 35.114705 ], [ -89.96911, 35.114799 ] ] ] } },
{ "type": "Feature", "properties": { "STATEFP": "47", "COUNTYFP": "157", "TRACTCE": "010210", "GEOID": "47157010210", "GEOIDFQ": "1400000US47157010210", "NAME": "102.10", "NAMELSAD": "Census Tract 102.10", "MTFCC": "G5020", "FUNCSTAT": "S", "ALAND": 3599658, "AWATER": 7375, "INTPTLAT": "+35.2252260", "INTPTLON": "-089.9773293", "geoid": "47157010210" }, "geometry": { "type": "Polygon", "coordinates": [ [ [ -89.993483, 35.2173 ], [ -89.993338, 35.217439 ], [ -89.993274, 35.217535 ], [ -89.99324, 35.217631 ], [ -89.993244, 35.218037 ], [ -89.993269, 35.218912 ], [ -89.993283, 35.219375 ], [ -89.993282, 35.21949 ], [ -89.993279, 35.219838 ], [ -89.993279, 35.219954 ], [ -89.993277, 35.220284 ], [ -89.993273, 35.221248 ], [ -89.993273, 35.221274 ], [ -89.993277, 35.221605 ], [ -89.993277, 35.221854 ], [ -89.993277, 35.222602 ], [ -89.993277, 35.222852 ], [ -89.993278, 35.223343 ], [ -89.993282, 35.224658 ], [ -89.99328, 35.224816 ], [ -89.993277, 35.225308 ], [ -89.993274, 35.22551 ], [ -89.993267, 35.226117 ], [ -89.993266, 35.22632 ], [ -89.993262, 35.226683 ], [ -89.993253, 35.227775 ], [ -89.993251, 35.228075 ], [ -89.993255, 35.228139 ], [ -89.992588, 35.228114 ], [ -89.992345, 35.228105 ], [ -89.99069, 35.228102 ], [ -89.990588, 35.228099 ], [ -89.989922, 35.228082 ], [ -89.989616, 35.228064 ], [ -89.989228, 35.228014 ], [ -89.989147, 35.22801 ], [ -89.988721, 35.227989 ], [ -89.988506, 35.227991 ], [ -89.987763, 35.228049 ], [ -89.987588, 35.228037 ], [ -89.987158, 35.227978 ], [ -89.98684, 35.227953 ], [ -89.986819, 35.227952 ], [ -89.986041, 35.227946 ], [ -89.985601, 35.227948 ], [ -89.98479, 35.227954 ], [ -89.984595, 35.227952 ], [ -89.984284, 35.22793 ], [ -89.983846, 35.2279 ], [ -89.98375, 35.228026 ], [ -89.983328, 35.228401 ], [ -89.983206, 35.228537 ], [ -89.983078, 35.228726 ], [ -89.982967, 35.228956 ], [ -89.982913, 35.229146 ], [ -89.982877, 35.229317 ], [ -89.982713, 35.230088 ], [ -89.98249, 35.231136 ], [ -89.982364, 35.231734 ], [ -89.982358, 35.23176 ], [ -89.982303, 35.232022 ], [ -89.981957, 35.231989 ], [ -89.981757, 35.23197 ], [ -89.981438, 35.231978 ], [ -89.981149, 35.232018 ], [ -89.980924, 35.232067 ], [ -89.980825, 35.23209 ], [ -89.980585, 35.232144 ], [ -89.98053, 35.232157 ], [ -89.980366, 35.232197 ], [ -89.980312, 35.232211 ], [ -89.980228, 35.23223 ], [ -89.979977, 35.232287 ], [ -89.979894, 35.232307 ], [ -89.979706, 35.232354 ], [ -89.979315, 35.232453 ], [ -89.979143, 35.232496 ], [ -89.978956, 35.232544 ], [ -89.978742, 35.232592 ], [ -89.978099, 35.232737 ], [ -89.977886, 35.232786 ], [ -89.97783, 35.232799 ], [ -89.977662, 35.232839 ], [ -89.977607, 35.232853 ], [ -89.977413, 35.232895 ], [ -89.977005, 35.232987 ], [ -89.976835, 35.23303 ], [ -89.976644, 35.233079 ], [ -89.976396, 35.233143 ], [ -89.975989, 35.233251 ], [ -89.975715, 35.233329 ], [ -89.975655, 35.233338 ], [ -89.975403, 35.233377 ], [ -89.97504, 35.233406 ], [ -89.974916, 35.233408 ], [ -89.973501, 35.233437 ], [ -89.973453, 35.233437 ], [ -89.972966, 35.233438 ], [ -89.972338, 35.233461 ], [ -89.971477, 35.233528 ], [ -89.971138, 35.233523 ], [ -89.970606, 35.233483 ], [ -89.970235, 35.233445 ], [ -89.96958, 35.233416 ], [ -89.969258, 35.233418 ], [ -89.968652, 35.233415 ], [ -89.966924, 35.233411 ], [ -89.966617, 35.23342 ], [ -89.966633, 35.233584 ], [ -89.96664, 35.233649 ], [ -89.96667, 35.23386 ], [ -89.966644, 35.234077 ], [ -89.966626, 35.234242 ], [ -89.966596, 35.234426 ], [ -89.966571, 35.234592 ], [ -89.966549, 35.234984 ], [ -89.966539, 35.235171 ], [ -89.966512, 35.235576 ], [ -89.966473, 35.235721 ], [ -89.966405, 35.235845 ], [ -89.966312, 35.235959 ], [ -89.966205, 35.236054 ], [ -89.966021, 35.236165 ], [ -89.965871, 35.236225 ], [ -89.96562, 35.236302 ], [ -89.965484, 35.236344 ], [ -89.965231, 35.23642 ], [ -89.965159, 35.236281 ], [ -89.965113, 35.236192 ], [ -89.964946, 35.235867 ], [ -89.964875, 35.235729 ], [ -89.964792, 35.235546 ], [ -89.964545, 35.234998 ], [ -89.964463, 35.234816 ], [ -89.964399, 35.234687 ], [ -89.964208, 35.2343 ], [ -89.964173, 35.23423 ], [ -89.964145, 35.234172 ], [ -89.964111, 35.234111 ], [ -89.964009, 35.233928 ], [ -89.963976, 35.233867 ], [ -89.963644, 35.233134 ], [ -89.963509, 35.232856 ], [ -89.963276, 35.232376 ], [ -89.963062, 35.231743 ], [ -89.962885, 35.230964 ], [ -89.962829, 35.230499 ], [ -89.962801, 35.230094 ], [ -89.96281, 35.229631 ], [ -89.962811, 35.229598 ], [ -89.962867, 35.229049 ], [ -89.962964, 35.22853 ], [ -89.963166, 35.227714 ], [ -89.963393, 35.227018 ], [ -89.96367, 35.226173 ], [ -89.964299, 35.224251 ], [ -89.964856, 35.222535 ], [ -89.965318, 35.221115 ], [ -89.965321, 35.221105 ], [ -89.965342, 35.22104 ], [ -89.965379, 35.221043 ], [ -89.965725, 35.221062 ], [ -89.965887, 35.221069 ], [ -89.966534, 35.221097 ], [ -89.967357, 35.221093 ], [ -89.967526, 35.221086 ], [ -89.967814, 35.221076 ], [ -89.967912, 35.221113 ], [ -89.968066, 35.22111 ], [ -89.968161, 35.221108 ], [ -89.968322, 35.221106 ], [ -89.968446, 35.22111 ], [ -89.968541, 35.221114 ], [ -89.96866, 35.22112 ], [ -89.968798, 35.221132 ], [ -89.968962, 35.221148 ], [ -89.969568, 35.221228 ], [ -89.969825, 35.221262 ], [ -89.970214, 35.221313 ], [ -89.970357, 35.221318 ], [ -89.970693, 35.221332 ], [ -89.971965, 35.221291 ], [ -89.972166, 35.221285 ], [ -89.972502, 35.221275 ], [ -89.973113, 35.221255 ], [ -89.973495, 35.221243 ], [ -89.9748, 35.221182 ], [ -89.974945, 35.221172 ], [ -89.975315, 35.221149 ], [ -89.975553, 35.221108 ], [ -89.975647, 35.221083 ], [ -89.975941, 35.220987 ], [ -89.97619, 35.220889 ], [ -89.978076, 35.220152 ], [ -89.978705, 35.219907 ], [ -89.979003, 35.219788 ], [ -89.979761, 35.21949 ], [ -89.9799, 35.219435 ], [ -89.9802, 35.219319 ], [ -89.980482, 35.219207 ], [ -89.981329, 35.218873 ], [ -89.981612, 35.218762 ], [ -89.982228, 35.218518 ], [ -89.982717, 35.218325 ], [ -89.982952, 35.2182 ], [ -89.983906, 35.217477 ], [ -89.984082, 35.217345 ], [ -89.984318, 35.217219 ], [ -89.984483, 35.21716 ], [ -89.984657, 35.217104 ], [ -89.984834, 35.217074 ], [ -89.98488, 35.217067 ], [ -89.985044, 35.217049 ], [ -89.985919, 35.217062 ], [ -89.986282, 35.217068 ], [ -89.986339, 35.217069 ], [ -89.986512, 35.217074 ], [ -89.98657, 35.217076 ], [ -89.987215, 35.217088 ], [ -89.989152, 35.217124 ], [ -89.989798, 35.217136 ], [ -89.990294, 35.217148 ], [ -89.991785, 35.217187 ], [ -89.992282, 35.2172 ], [ -89.992538, 35.217206 ], [ -89.993016, 35.21722 ], [ -89.993308, 35.217229 ], [ -89.993565, 35.217237 ], [ -89.993483, 35.2173 ] ] ] } },
{ "type": "Feature", "properties": { "STATEFP": "47", "COUNTYFP": "157", "TRACTCE": "007100", "GEOID": "47157007100", "GEOIDFQ": "1400000US47157007100", "NAME": "71", "NAMELSAD": "Census Tract 71", "MTFCC": "G5020", "FUNCSTAT": "S", "ALAND": 1769539, "AWATER": 26392, "INTPTLAT": "+35.1241815", "INTPTLON": "-089.9640966", "geoid": "47157007100" }, "geometry": { "type": "Polygon", "coordinates": [ [ [ -89.972978, 35.125053 ], [ -89.972712, 35.125411 ], [ -89.97264, 35.125509 ], [ -89.972268, 35.126048 ], [ -89.972154, 35.126199 ], [ -89.971943, 35.126506 ], [ -89.971785, 35.126738 ], [ -89.971705, 35.126883 ], [ -89.971596, 35.127058 ], [ -89.971578, 35.127088 ], [ -89.971478, 35.127265 ], [ -89.971298, 35.127626 ], [ -89.971251, 35.127735 ], [ -89.971156, 35.127958 ], [ -89.971046, 35.128222 ], [ -89.971033, 35.128263 ], [ -89.970882, 35.128759 ], [ -89.970793, 35.129219 ], [ -89.970731, 35.129543 ], [ -89.970633, 35.129542 ], [ -89.970339, 35.129539 ], [ -89.970241, 35.129538 ], [ -89.970033, 35.129534 ], [ -89.969411, 35.129523 ], [ -89.969204, 35.12952 ], [ -89.968986, 35.129516 ], [ -89.968334, 35.129506 ], [ -89.968117, 35.129503 ], [ -89.967902, 35.129499 ], [ -89.967257, 35.12949 ], [ -89.967239, 35.12949 ], [ -89.967043, 35.129494 ], [ -89.967055, 35.130017 ], [ -89.96706, 35.130199 ], [ -89.967028, 35.130323 ], [ -89.966938, 35.130483 ], [ -89.966352, 35.131385 ], [ -89.966068, 35.131825 ], [ -89.96601, 35.131913 ], [ -89.965917, 35.132058 ], [ -89.965836, 35.13218 ], [ -89.965779, 35.132269 ], [ -89.964808, 35.133765 ], [ -89.964733, 35.133896 ], [ -89.964318, 35.133737 ], [ -89.964127, 35.133664 ], [ -89.963554, 35.133446 ], [ -89.963364, 35.133374 ], [ -89.962694, 35.133126 ], [ -89.962168, 35.132931 ], [ -89.960689, 35.132375 ], [ -89.960022, 35.132125 ], [ -89.959861, 35.132069 ], [ -89.959501, 35.131944 ], [ -89.959381, 35.131902 ], [ -89.959297, 35.131873 ], [ -89.95922, 35.131849 ], [ -89.959114, 35.131815 ], [ -89.959038, 35.131791 ], [ -89.958799, 35.131715 ], [ -89.958694, 35.131682 ], [ -89.95865, 35.131666 ], [ -89.958518, 35.131621 ], [ -89.958475, 35.131607 ], [ -89.958475, 35.131396 ], [ -89.958477, 35.131067 ], [ -89.958477, 35.130969 ], [ -89.958489, 35.130764 ], [ -89.958502, 35.130554 ], [ -89.958502, 35.130522 ], [ -89.958502, 35.130426 ], [ -89.958503, 35.130395 ], [ -89.958505, 35.130025 ], [ -89.958506, 35.129985 ], [ -89.958545, 35.128918 ], [ -89.958559, 35.128549 ], [ -89.958574, 35.128127 ], [ -89.95862, 35.126863 ], [ -89.958636, 35.126442 ], [ -89.958649, 35.126102 ], [ -89.958689, 35.125085 ], [ -89.958703, 35.124746 ], [ -89.958719, 35.124386 ], [ -89.958764, 35.124096 ], [ -89.958804, 35.123522 ], [ -89.960111, 35.123562 ], [ -89.961004, 35.123588 ], [ -89.961263, 35.123595 ], [ -89.96204, 35.123619 ], [ -89.9623, 35.123627 ], [ -89.962322, 35.12282 ], [ -89.962358, 35.121527 ], [ -89.962371, 35.121049 ], [ -89.96239, 35.120399 ], [ -89.962404, 35.119948 ], [ -89.962407, 35.119593 ], [ -89.962417, 35.11907 ], [ -89.962421, 35.118902 ], [ -89.962427, 35.118729 ], [ -89.96244, 35.118359 ], [ -89.962451, 35.118085 ], [ -89.962455, 35.11798 ], [ -89.962466, 35.117677 ], [ -89.962475, 35.117429 ], [ -89.962477, 35.117333 ], [ -89.962492, 35.116832 ], [ -89.962496, 35.116729 ], [ -89.962497, 35.116692 ], [ -89.962516, 35.116143 ], [ -89.962521, 35.116006 ], [ -89.962522, 35.115987 ], [ -89.962533, 35.115598 ], [ -89.962538, 35.115462 ], [ -89.962714, 35.11546 ], [ -89.963347, 35.115473 ], [ -89.965773, 35.115526 ], [ -89.966055, 35.115533 ], [ -89.966583, 35.115544 ], [ -89.968184, 35.11558 ], [ -89.969098, 35.115601 ], [ -89.969171, 35.115604 ], [ -89.969624, 35.115623 ], [ -89.970695, 35.115649 ], [ -89.970908, 35.115653 ], [ -89.97155, 35.115667 ], [ -89.971764, 35.115672 ], [ -89.971742, 35.116103 ], [ -89.971736, 35.116232 ], [ -89.971693, 35.117397 ], [ -89.971678, 35.117829 ], [ -89.971668, 35.118103 ], [ -89.971639, 35.118925 ], [ -89.971636, 35.119011 ], [ -89.971629, 35.119199 ], [ -89.971624, 35.119316 ], [ -89.971612, 35.119669 ], [ -89.971608, 35.119787 ], [ -89.971596, 35.120103 ], [ -89.971564, 35.121053 ], [ -89.971553, 35.12137 ], [ -89.971536, 35.122028 ], [ -89.971529, 35.12231 ], [ -89.971495, 35.123254 ], [ -89.971495, 35.123765 ], [ -89.971514, 35.123939 ], [ -89.971605, 35.123977 ], [ -89.971708, 35.124034 ], [ -89.971892, 35.124157 ], [ -89.972277, 35.124465 ], [ -89.972822, 35.124916 ], [ -89.972853, 35.124943 ], [ -89.972946, 35.125025 ], [ -89.972978, 35.125053 ] ] ] } },
{ "type": "Feature", "properties": { "STATEFP": "47", "COUNTYFP": "157", "TRACTCE": "007200", "GEOID": "47157007200", "GEOIDFQ": "1400000US47157007200", "NAME": "72", "NAMELSAD": "Census Tract 72", "MTFCC": "G5020", "FUNCSTAT": "S", "ALAND": 2224838, "AWATER": 0, "INTPTLAT": "+35.1220908", "INTPTLON": "-089.9534781", "geoid": "47157007200" }, "geometry": { "type": "Polygon", "coordinates": [ [ [ -89.962533, 35.115598 ], [ -89.962522, 35.115987 ], [ -89.962521, 35.116006 ], [ -89.962516, 35.116143 ], [ -89.962497, 35.116692 ], [ -89.962496, 35.116729 ], [ -89.962492, 35.116832 ], [ -89.962477, 35.117333 ], [ -89.962475, 35.117429 ], [ -89.962466, 35.117677 ], [ -89.962455, 35.11798 ], [ -89.962451, 35.118085 ], [ -89.96244, 35.118359 ], [ -89.962427, 35.118729 ], [ -89.962421, 35.118902 ], [ -89.962417, 35.11907 ], [ -89.962407, 35.119593 ], [ -89.962404, 35.119948 ], [ -89.96239, 35.120399 ], [ -89.962371, 35.121049 ], [ -89.962358, 35.121527 ], [ -89.962322, 35.12282 ], [ -89.9623, 35.123627 ], [ -89.96204, 35.123619 ], [ -89.961263, 35.123595 ], [ -89.961004, 35.123588 ], [ -89.960111, 35.123562 ], [ -89.958804, 35.123522 ], [ -89.958764, 35.124096 ], [ -89.958719, 35.124386 ], [ -89.958703, 35.124746 ], [ -89.958689, 35.125085 ], [ -89.958649, 35.126102 ], [ -89.958636, 35.126442 ], [ -89.95862, 35.126863 ], [ -89.958574, 35.128127 ], [ -89.958559, 35.128549 ], [ -89.958545, 35.128918 ], [ -89.958506, 35.129985 ], [ -89.958505, 35.130025 ], [ -89.958503, 35.130395 ], [ -89.958502, 35.130426 ], [ -89.958502, 35.130522 ], [ -89.958502, 35.130554 ], [ -89.958489, 35.130764 ], [ -89.958477, 35.130969 ], [ -89.958477, 35.131067 ], [ -89.958475, 35.131396 ], [ -89.958475, 35.131607 ], [ -89.957881, 35.131423 ], [ -89.957584, 35.131331 ], [ -89.956103, 35.130858 ], [ -89.955797, 35.130761 ], [ -89.955512, 35.130669 ], [ -89.954174, 35.130243 ], [ -89.954057, 35.130206 ], [ -89.95302, 35.129878 ], [ -89.952767, 35.129803 ], [ -89.952011, 35.129581 ], [ -89.951759, 35.129507 ], [ -89.951554, 35.129452 ], [ -89.95094, 35.129289 ], [ -89.950736, 35.129235 ], [ -89.950649, 35.129211 ], [ -89.950422, 35.129151 ], [ -89.950388, 35.129141 ], [ -89.950364, 35.129135 ], [ -89.950302, 35.129118 ], [ -89.950161, 35.129079 ], [ -89.949742, 35.128964 ], [ -89.949602, 35.128926 ], [ -89.949445, 35.128883 ], [ -89.948974, 35.128755 ], [ -89.948882, 35.12873 ], [ -89.948817, 35.128713 ], [ -89.948407, 35.128602 ], [ -89.948099, 35.128519 ], [ -89.947026, 35.128229 ], [ -89.946059, 35.12798 ], [ -89.945943, 35.127953 ], [ -89.945322, 35.127813 ], [ -89.945219, 35.12779 ], [ -89.945231, 35.127511 ], [ -89.945269, 35.126677 ], [ -89.945282, 35.126399 ], [ -89.945289, 35.126216 ], [ -89.945303, 35.12588 ], [ -89.945312, 35.125667 ], [ -89.94532, 35.125485 ], [ -89.945325, 35.125344 ], [ -89.945334, 35.125142 ], [ -89.945341, 35.124923 ], [ -89.945347, 35.124783 ], [ -89.94535, 35.124712 ], [ -89.945358, 35.124501 ], [ -89.945362, 35.124431 ], [ -89.945372, 35.124184 ], [ -89.945387, 35.12383 ], [ -89.945402, 35.123443 ], [ -89.945412, 35.123197 ], [ -89.945431, 35.122816 ], [ -89.945487, 35.121675 ], [ -89.945507, 35.121295 ], [ -89.945515, 35.121085 ], [ -89.945523, 35.120914 ], [ -89.94554, 35.120455 ], [ -89.945548, 35.120245 ], [ -89.945556, 35.12003 ], [ -89.945582, 35.119385 ], [ -89.945592, 35.119171 ], [ -89.945602, 35.118897 ], [ -89.945634, 35.118077 ], [ -89.945645, 35.117804 ], [ -89.945656, 35.11753 ], [ -89.945689, 35.116708 ], [ -89.945701, 35.116435 ], [ -89.945709, 35.11624 ], [ -89.945736, 35.115657 ], [ -89.945746, 35.115463 ], [ -89.945831, 35.115447 ], [ -89.946043, 35.115389 ], [ -89.94643, 35.115285 ], [ -89.946654, 35.115234 ], [ -89.946939, 35.115184 ], [ -89.946952, 35.115182 ], [ -89.947245, 35.115154 ], [ -89.947549, 35.115141 ], [ -89.947737, 35.115134 ], [ -89.948461, 35.115147 ], [ -89.948766, 35.115153 ], [ -89.949057, 35.115159 ], [ -89.94993, 35.115177 ], [ -89.950221, 35.115184 ], [ -89.950519, 35.11519 ], [ -89.951413, 35.11521 ], [ -89.951712, 35.115217 ], [ -89.952004, 35.115223 ], [ -89.952881, 35.115243 ], [ -89.953174, 35.11525 ], [ -89.953392, 35.115255 ], [ -89.954046, 35.11527 ], [ -89.954264, 35.115275 ], [ -89.954346, 35.115276 ], [ -89.954369, 35.115277 ], [ -89.954595, 35.115281 ], [ -89.954678, 35.115283 ], [ -89.95486, 35.115287 ], [ -89.955071, 35.115292 ], [ -89.956058, 35.115315 ], [ -89.956253, 35.115319 ], [ -89.956647, 35.115328 ], [ -89.956834, 35.115332 ], [ -89.957395, 35.115344 ], [ -89.957582, 35.115349 ], [ -89.957763, 35.115352 ], [ -89.958306, 35.115364 ], [ -89.958488, 35.115368 ], [ -89.958923, 35.115378 ], [ -89.960228, 35.115409 ], [ -89.960326, 35.115412 ], [ -89.960663, 35.115431 ], [ -89.960755, 35.115434 ], [ -89.961031, 35.115445 ], [ -89.961123, 35.115449 ], [ -89.961405, 35.115455 ], [ -89.961886, 35.115466 ], [ -89.962254, 35.115463 ], [ -89.962538, 35.115462 ], [ -89.962533, 35.115598 ] ] ] } },
{ "type": "Feature", "properties": { "STATEFP": "47", "COUNTYFP": "157", "TRACTCE": "020511", "GEOID": "47157020511", "GEOIDFQ": "1400000US47157020511", "NAME": "205.11", "NAMELSAD": "Census Tract 205.11", "MTFCC": "G5020", "FUNCSTAT": "S", "ALAND": 3496504, "AWATER": 286941, "INTPTLAT": "+35.2052272", "INTPTLON": "-089.9616830", "geoid": "47157020511" }, "geometry": { "type": "Polygon", "coordinates": [ [ [ -89.966802, 35.215802 ], [ -89.966753, 35.216313 ], [ -89.966699, 35.216609 ], [ -89.966627, 35.217022 ], [ -89.966486, 35.21751 ], [ -89.966438, 35.21768 ], [ -89.966141, 35.218536 ], [ -89.965862, 35.219408 ], [ -89.965623, 35.220156 ], [ -89.965342, 35.22104 ], [ -89.965167, 35.221026 ], [ -89.965062, 35.221019 ], [ -89.964682, 35.220993 ], [ -89.964644, 35.220992 ], [ -89.96447, 35.220989 ], [ -89.964225, 35.220984 ], [ -89.964201, 35.220984 ], [ -89.963776, 35.221002 ], [ -89.963401, 35.22105 ], [ -89.963301, 35.221063 ], [ -89.963137, 35.221096 ], [ -89.963036, 35.221119 ], [ -89.962697, 35.221202 ], [ -89.96263, 35.221221 ], [ -89.961734, 35.221483 ], [ -89.961492, 35.221543 ], [ -89.96125, 35.221626 ], [ -89.96116, 35.221648 ], [ -89.961128, 35.221657 ], [ -89.960628, 35.221805 ], [ -89.959742, 35.22206 ], [ -89.958554, 35.222403 ], [ -89.958079, 35.222527 ], [ -89.957658, 35.222606 ], [ -89.957184, 35.222651 ], [ -89.957051, 35.222658 ], [ -89.956711, 35.222677 ], [ -89.956363, 35.22271 ], [ -89.956277, 35.222716 ], [ -89.956258, 35.222717 ], [ -89.956132, 35.222724 ], [ -89.95615, 35.222665 ], [ -89.956243, 35.222294 ], [ -89.956252, 35.222248 ], [ -89.956282, 35.221756 ], [ -89.956263, 35.221526 ], [ -89.956205, 35.221224 ], [ -89.956197, 35.221202 ], [ -89.956129, 35.221003 ], [ -89.95603, 35.220789 ], [ -89.955847, 35.220506 ], [ -89.955677, 35.2203 ], [ -89.95547, 35.220091 ], [ -89.955322, 35.21997 ], [ -89.954963, 35.219705 ], [ -89.953055, 35.218324 ], [ -89.952884, 35.218183 ], [ -89.95283, 35.218131 ], [ -89.9526, 35.217912 ], [ -89.952464, 35.217754 ], [ -89.952313, 35.217548 ], [ -89.952144, 35.217269 ], [ -89.952, 35.216966 ], [ -89.951964, 35.216872 ], [ -89.951913, 35.216738 ], [ -89.951837, 35.216419 ], [ -89.951835, 35.216405 ], [ -89.951804, 35.216142 ], [ -89.951785, 35.215695 ], [ -89.95179, 35.214983 ], [ -89.951793, 35.214954 ], [ -89.951846, 35.214473 ], [ -89.951886, 35.21427 ], [ -89.952, 35.213868 ], [ -89.952513, 35.212067 ], [ -89.952684, 35.211467 ], [ -89.952719, 35.211345 ], [ -89.952828, 35.21098 ], [ -89.952865, 35.210859 ], [ -89.95295, 35.210571 ], [ -89.953206, 35.209708 ], [ -89.953292, 35.209421 ], [ -89.953363, 35.209182 ], [ -89.953578, 35.208465 ], [ -89.95365, 35.208227 ], [ -89.953875, 35.20749 ], [ -89.953942, 35.207272 ], [ -89.954132, 35.20673 ], [ -89.95437, 35.206235 ], [ -89.954491, 35.20602 ], [ -89.954854, 35.205408 ], [ -89.955248, 35.204747 ], [ -89.955407, 35.20449 ], [ -89.955439, 35.204439 ], [ -89.95562, 35.204192 ], [ -89.95569, 35.204104 ], [ -89.955868, 35.203913 ], [ -89.955997, 35.203808 ], [ -89.956233, 35.203618 ], [ -89.957015, 35.203048 ], [ -89.957658, 35.202581 ], [ -89.957837, 35.202437 ], [ -89.958102, 35.202197 ], [ -89.958318, 35.20197 ], [ -89.958394, 35.20187 ], [ -89.9585, 35.201712 ], [ -89.958592, 35.201529 ], [ -89.958678, 35.201284 ], [ -89.958735, 35.200988 ], [ -89.958745, 35.20086 ], [ -89.958766, 35.200624 ], [ -89.958744, 35.19996 ], [ -89.95874, 35.199894 ], [ -89.958702, 35.19924 ], [ -89.958698, 35.199161 ], [ -89.958663, 35.198896 ], [ -89.958562, 35.19849 ], [ -89.958415, 35.198115 ], [ -89.95823, 35.197765 ], [ -89.95801, 35.197443 ], [ -89.958004, 35.197435 ], [ -89.957602, 35.196919 ], [ -89.957422, 35.196696 ], [ -89.957179, 35.196386 ], [ -89.956918, 35.196051 ], [ -89.95677, 35.195836 ], [ -89.956593, 35.195515 ], [ -89.95647, 35.195214 ], [ -89.956381, 35.194907 ], [ -89.956325, 35.194629 ], [ -89.956319, 35.194571 ], [ -89.956294, 35.194291 ], [ -89.956307, 35.193893 ], [ -89.956312, 35.193733 ], [ -89.956328, 35.193254 ], [ -89.956334, 35.193095 ], [ -89.95634, 35.192893 ], [ -89.956362, 35.192287 ], [ -89.956368, 35.192101 ], [ -89.956369, 35.192086 ], [ -89.956376, 35.191902 ], [ -89.956381, 35.191776 ], [ -89.956389, 35.19135 ], [ -89.956393, 35.191167 ], [ -89.956396, 35.191068 ], [ -89.956406, 35.190771 ], [ -89.956409, 35.190692 ], [ -89.95641, 35.190673 ], [ -89.956414, 35.190547 ], [ -89.956415, 35.190502 ], [ -89.956419, 35.190409 ], [ -89.95642, 35.190372 ], [ -89.956435, 35.189989 ], [ -89.956443, 35.189819 ], [ -89.95646, 35.189409 ], [ -89.95646, 35.189397 ], [ -89.956477, 35.18893 ], [ -89.956493, 35.188738 ], [ -89.956535, 35.188391 ], [ -89.956579, 35.18814 ], [ -89.956614, 35.187949 ], [ -89.956666, 35.187728 ], [ -89.956689, 35.187657 ], [ -89.956759, 35.187445 ], [ -89.956783, 35.187375 ], [ -89.95686, 35.187143 ], [ -89.957488, 35.185462 ], [ -89.957494, 35.185445 ], [ -89.95755, 35.185296 ], [ -89.957606, 35.185146 ], [ -89.95769, 35.185126 ], [ -89.957773, 35.185106 ], [ -89.957887, 35.185078 ], [ -89.958179, 35.184994 ], [ -89.958218, 35.184981 ], [ -89.95851, 35.184892 ], [ -89.958831, 35.184774 ], [ -89.95922, 35.184604 ], [ -89.95934, 35.184557 ], [ -89.959562, 35.18444 ], [ -89.959703, 35.184354 ], [ -89.959813, 35.184293 ], [ -89.959958, 35.184225 ], [ -89.960235, 35.184098 ], [ -89.960314, 35.184066 ], [ -89.960535, 35.183962 ], [ -89.960811, 35.183833 ], [ -89.961115, 35.183688 ], [ -89.961287, 35.183623 ], [ -89.961596, 35.183507 ], [ -89.961908, 35.183371 ], [ -89.962108, 35.183296 ], [ -89.962377, 35.183172 ], [ -89.962543, 35.183122 ], [ -89.962827, 35.183023 ], [ -89.962993, 35.182974 ], [ -89.963036, 35.182967 ], [ -89.963213, 35.18296 ], [ -89.963432, 35.182936 ], [ -89.963562, 35.182915 ], [ -89.963599, 35.18291 ], [ -89.96365, 35.182905 ], [ -89.963862, 35.182854 ], [ -89.963904, 35.182847 ], [ -89.964035, 35.182866 ], [ -89.964119, 35.182888 ], [ -89.964207, 35.182898 ], [ -89.964249, 35.182908 ], [ -89.964366, 35.182958 ], [ -89.964388, 35.182964 ], [ -89.964373, 35.183055 ], [ -89.964358, 35.183147 ], [ -89.9643, 35.183509 ], [ -89.964257, 35.183934 ], [ -89.964178, 35.184593 ], [ -89.964066, 35.18554 ], [ -89.963959, 35.186434 ], [ -89.963874, 35.187224 ], [ -89.963874, 35.187849 ], [ -89.963968, 35.188865 ], [ -89.964045, 35.189498 ], [ -89.964081, 35.189791 ], [ -89.964125, 35.190178 ], [ -89.964202, 35.190854 ], [ -89.964206, 35.190887 ], [ -89.964232, 35.191131 ], [ -89.964235, 35.191165 ], [ -89.964271, 35.191531 ], [ -89.964304, 35.191869 ], [ -89.964357, 35.192422 ], [ -89.964512, 35.194021 ], [ -89.96477, 35.196292 ], [ -89.964918, 35.197581 ], [ -89.964972, 35.198099 ], [ -89.965135, 35.199653 ], [ -89.96519, 35.200172 ], [ -89.965348, 35.201578 ], [ -89.965459, 35.20265 ], [ -89.965636, 35.204354 ], [ -89.965663, 35.204585 ], [ -89.965852, 35.206229 ], [ -89.966249, 35.210001 ], [ -89.966258, 35.210085 ], [ -89.966528, 35.212563 ], [ -89.966616, 35.213371 ], [ -89.966753, 35.214623 ], [ -89.966807, 35.21576 ], [ -89.966802, 35.215802 ] ] ] } },
{ "type": "Feature", "properties": { "STATEFP": "47", "COUNTYFP": "157", "TRACTCE": "022322", "GEOID": "47157022322", "GEOIDFQ": "1400000US47157022322", "NAME": "223.22", "NAMELSAD": "Census Tract 223.22", "MTFCC": "G5020", "FUNCSTAT": "S", "ALAND": 4149008, "AWATER": 0, "INTPTLAT": "+35.0279595", "INTPTLON": "-090.0550086", "geoid": "47157022322" }, "geometry": { "type": "Polygon", "coordinates": [ [ [ -90.070174, 35.034625 ], [ -90.07014, 35.035001 ], [ -90.070112, 35.03513 ], [ -90.070036, 35.035488 ], [ -90.069453, 35.035488 ], [ -90.069217, 35.035489 ], [ -90.069115, 35.03549 ], [ -90.067896, 35.035497 ], [ -90.066763, 35.035502 ], [ -90.066605, 35.035503 ], [ -90.066198, 35.035511 ], [ -90.066085, 35.035513 ], [ -90.066014, 35.035514 ], [ -90.065945, 35.035515 ], [ -90.065646, 35.035521 ], [ -90.065493, 35.035525 ], [ -90.064749, 35.035532 ], [ -90.06445, 35.035536 ], [ -90.064358, 35.035536 ], [ -90.064082, 35.035537 ], [ -90.063991, 35.035538 ], [ -90.063541, 35.03554 ], [ -90.062713, 35.035544 ], [ -90.062192, 35.035544 ], [ -90.062076, 35.035544 ], [ -90.061744, 35.035519 ], [ -90.061528, 35.03549 ], [ -90.061484, 35.035484 ], [ -90.061111, 35.035412 ], [ -90.060892, 35.035349 ], [ -90.060684, 35.03529 ], [ -90.060541, 35.035239 ], [ -90.06048, 35.035214 ], [ -90.060308, 35.035144 ], [ -90.060264, 35.035126 ], [ -90.059916, 35.034986 ], [ -90.059443, 35.034839 ], [ -90.059161, 35.034776 ], [ -90.05903, 35.034747 ], [ -90.05893, 35.034732 ], [ -90.058765, 35.034707 ], [ -90.058692, 35.034696 ], [ -90.058638, 35.034691 ], [ -90.058301, 35.034663 ], [ -90.058262, 35.034662 ], [ -90.057859, 35.034657 ], [ -90.056749, 35.034663 ], [ -90.056245, 35.034666 ], [ -90.055369, 35.034667 ], [ -90.052741, 35.034672 ], [ -90.052032, 35.034674 ], [ -90.051866, 35.034677 ], [ -90.051443, 35.034681 ], [ -90.050176, 35.034693 ], [ -90.049754, 35.034698 ], [ -90.04891, 35.034704 ], [ -90.04638, 35.034724 ], [ -90.045537, 35.034731 ], [ -90.045341, 35.03474 ], [ -90.045142, 35.034765 ], [ -90.044956, 35.034789 ], [ -90.044578, 35.034873 ], [ -90.043986, 35.035027 ], [ -90.043603, 35.035127 ], [ -90.043258, 35.035204 ], [ -90.043115, 35.035237 ], [ -90.04277, 35.035287 ], [ -90.042369, 35.035312 ], [ -90.042205, 35.035313 ], [ -90.042025, 35.035315 ], [ -90.041852, 35.035316 ], [ -90.041748, 35.0348 ], [ -90.041436, 35.033255 ], [ -90.041333, 35.03274 ], [ -90.041297, 35.032574 ], [ -90.041189, 35.032077 ], [ -90.041153, 35.031912 ], [ -90.040961, 35.030921 ], [ -90.040738, 35.029761 ], [ -90.040517, 35.028632 ], [ -90.040383, 35.027952 ], [ -90.040189, 35.026963 ], [ -90.040104, 35.026543 ], [ -90.040072, 35.026379 ], [ -90.03985, 35.025283 ], [ -90.039766, 35.024864 ], [ -90.039607, 35.024087 ], [ -90.039133, 35.021756 ], [ -90.038975, 35.020979 ], [ -90.039768, 35.02097 ], [ -90.04066, 35.020961 ], [ -90.041436, 35.020939 ], [ -90.041826, 35.020916 ], [ -90.042146, 35.020906 ], [ -90.042449, 35.020897 ], [ -90.04294, 35.02089 ], [ -90.043302, 35.020886 ], [ -90.044391, 35.020877 ], [ -90.044716, 35.020875 ], [ -90.044754, 35.020874 ], [ -90.044904, 35.020871 ], [ -90.045355, 35.020866 ], [ -90.045506, 35.020864 ], [ -90.045918, 35.020859 ], [ -90.047157, 35.020848 ], [ -90.047169, 35.020847 ], [ -90.04757, 35.020845 ], [ -90.047968, 35.02084 ], [ -90.048272, 35.020836 ], [ -90.049164, 35.020827 ], [ -90.049563, 35.020823 ], [ -90.049863, 35.02082 ], [ -90.049976, 35.02082 ], [ -90.050763, 35.020829 ], [ -90.051064, 35.020833 ], [ -90.051349, 35.020836 ], [ -90.052171, 35.020845 ], [ -90.052206, 35.020845 ], [ -90.052492, 35.020848 ], [ -90.052838, 35.020852 ], [ -90.053876, 35.020864 ], [ -90.054222, 35.020869 ], [ -90.054368, 35.020875 ], [ -90.054692, 35.020877 ], [ -90.055349, 35.020882 ], [ -90.056105, 35.020889 ], [ -90.056577, 35.020894 ], [ -90.056936, 35.020897 ], [ -90.057738, 35.020905 ], [ -90.058016, 35.020908 ], [ -90.058219, 35.020911 ], [ -90.058376, 35.020913 ], [ -90.058515, 35.020914 ], [ -90.058934, 35.020918 ], [ -90.059074, 35.02092 ], [ -90.059289, 35.020924 ], [ -90.059933, 35.020938 ], [ -90.060149, 35.020943 ], [ -90.060242, 35.020946 ], [ -90.060523, 35.020955 ], [ -90.060617, 35.020958 ], [ -90.061352, 35.020964 ], [ -90.061618, 35.020967 ], [ -90.063557, 35.020955 ], [ -90.063969, 35.020953 ], [ -90.064244, 35.020946 ], [ -90.064293, 35.020946 ], [ -90.06457, 35.020945 ], [ -90.065404, 35.020943 ], [ -90.065682, 35.020943 ], [ -90.066191, 35.020933 ], [ -90.067042, 35.020918 ], [ -90.067723, 35.020902 ], [ -90.068228, 35.020894 ], [ -90.068228, 35.021001 ], [ -90.068223, 35.021482 ], [ -90.06822, 35.02168 ], [ -90.06822, 35.021908 ], [ -90.068223, 35.022576 ], [ -90.068225, 35.022903 ], [ -90.068227, 35.023356 ], [ -90.068243, 35.023916 ], [ -90.068306, 35.024358 ], [ -90.068343, 35.024514 ], [ -90.068384, 35.024658 ], [ -90.068458, 35.02486 ], [ -90.068486, 35.024919 ], [ -90.068572, 35.025098 ], [ -90.068603, 35.025163 ], [ -90.068921, 35.025772 ], [ -90.068948, 35.025823 ], [ -90.069214, 35.02634 ], [ -90.069392, 35.026684 ], [ -90.069494, 35.026925 ], [ -90.06972, 35.027456 ], [ -90.069846, 35.027782 ], [ -90.069891, 35.027946 ], [ -90.06995, 35.02816 ], [ -90.06997, 35.02828 ], [ -90.069994, 35.028517 ], [ -90.070004, 35.028636 ], [ -90.070034, 35.028996 ], [ -90.070044, 35.029116 ], [ -90.070065, 35.029479 ], [ -90.070072, 35.02974 ], [ -90.070072, 35.029766 ], [ -90.070073, 35.029806 ], [ -90.070085, 35.030247 ], [ -90.070091, 35.030445 ], [ -90.07009, 35.03117 ], [ -90.070099, 35.031615 ], [ -90.070112, 35.032241 ], [ -90.070119, 35.032527 ], [ -90.070143, 35.033385 ], [ -90.07015, 35.033621 ], [ -90.070152, 35.033671 ], [ -90.070163, 35.034036 ], [ -90.070166, 35.034124 ], [ -90.070174, 35.034625 ] ] ] } },
{ "type": "Feature", "properties": { "STATEFP": "47", "COUNTYFP": "157", "TRACTCE": "022330", "GEOID": "47157022330", "GEOIDFQ": "1400000US47157022330", "NAME": "223.30", "NAMELSAD": "Census Tract 223.30", "MTFCC": "G5020", "FUNCSTAT": "S", "ALAND": 4212777, "AWATER": 0, "INTPTLAT": "+35.0281455", "INTPTLON": "-090.0838623", "geoid": "47157022330" }, "geometry": { "type": "Polygon", "coordinates": [ [ [ -90.099874, 35.032974 ], [ -90.099848, 35.033147 ], [ -90.099812, 35.033263 ], [ -90.099746, 35.033479 ], [ -90.099571, 35.034013 ], [ -90.099484, 35.03428 ], [ -90.099444, 35.034398 ], [ -90.099336, 35.03472 ], [ -90.099037, 35.035545 ], [ -90.098951, 35.035783 ], [ -90.098886, 35.035921 ], [ -90.098353, 35.035923 ], [ -90.097305, 35.035928 ], [ -90.096756, 35.035919 ], [ -90.096224, 35.035911 ], [ -90.095979, 35.035888 ], [ -90.095695, 35.035832 ], [ -90.095623, 35.035813 ], [ -90.095444, 35.035766 ], [ -90.095313, 35.035717 ], [ -90.095078, 35.035617 ], [ -90.094763, 35.035447 ], [ -90.094496, 35.035327 ], [ -90.094219, 35.035228 ], [ -90.093925, 35.035162 ], [ -90.093867, 35.03515 ], [ -90.093506, 35.035111 ], [ -90.09332, 35.035103 ], [ -90.092661, 35.035105 ], [ -90.092196, 35.035108 ], [ -90.090686, 35.035114 ], [ -90.090028, 35.035117 ], [ -90.089918, 35.035117 ], [ -90.089589, 35.035118 ], [ -90.08948, 35.035119 ], [ -90.089015, 35.035122 ], [ -90.087622, 35.035135 ], [ -90.087158, 35.03514 ], [ -90.086613, 35.035144 ], [ -90.085027, 35.035156 ], [ -90.084981, 35.035156 ], [ -90.084437, 35.035161 ], [ -90.084071, 35.035164 ], [ -90.082976, 35.035177 ], [ -90.082612, 35.035182 ], [ -90.08178, 35.035193 ], [ -90.080834, 35.035206 ], [ -90.080591, 35.035209 ], [ -90.079723, 35.035221 ], [ -90.079288, 35.035226 ], [ -90.078457, 35.035238 ], [ -90.077409, 35.035263 ], [ -90.077076, 35.035272 ], [ -90.076672, 35.035283 ], [ -90.074981, 35.035334 ], [ -90.074268, 35.035359 ], [ -90.073979, 35.03537 ], [ -90.073313, 35.035393 ], [ -90.073221, 35.035397 ], [ -90.073051, 35.035402 ], [ -90.072972, 35.035404 ], [ -90.072569, 35.035416 ], [ -90.072225, 35.035425 ], [ -90.071977, 35.035432 ], [ -90.071902, 35.035434 ], [ -90.071588, 35.035442 ], [ -90.070772, 35.035466 ], [ -90.070424, 35.035476 ], [ -90.070036, 35.035488 ], [ -90.070112, 35.03513 ], [ -90.07014, 35.035001 ], [ -90.070174, 35.034625 ], [ -90.070166, 35.034124 ], [ -90.070163, 35.034036 ], [ -90.070152, 35.033671 ], [ -90.07015, 35.033621 ], [ -90.070143, 35.033385 ], [ -90.070119, 35.032527 ], [ -90.070112, 35.032241 ], [ -90.070099, 35.031615 ], [ -90.07009, 35.03117 ], [ -90.070091, 35.030445 ], [ -90.070085, 35.030247 ], [ -90.070073, 35.029806 ], [ -90.070072, 35.029766 ], [ -90.070072, 35.02974 ], [ -90.070065, 35.029479 ], [ -90.070044, 35.029116 ], [ -90.070034, 35.028996 ], [ -90.070004, 35.028636 ], [ -90.069994, 35.028517 ], [ -90.06997, 35.02828 ], [ -90.06995, 35.02816 ], [ -90.069891, 35.027946 ], [ -90.069846, 35.027782 ], [ -90.06972, 35.027456 ], [ -90.069494, 35.026925 ], [ -90.069392, 35.026684 ], [ -90.069214, 35.02634 ], [ -90.068948, 35.025823 ], [ -90.068921, 35.025772 ], [ -90.068603, 35.025163 ], [ -90.068572, 35.025098 ], [ -90.068486, 35.024919 ], [ -90.068458, 35.02486 ], [ -90.068384, 35.024658 ], [ -90.068343, 35.024514 ], [ -90.068306, 35.024358 ], [ -90.068243, 35.023916 ], [ -90.068227, 35.023356 ], [ -90.068225, 35.022903 ], [ -90.068223, 35.022576 ], [ -90.06822, 35.021908 ], [ -90.06822, 35.02168 ], [ -90.068223, 35.021482 ], [ -90.068228, 35.021001 ], [ -90.068228, 35.020894 ], [ -90.068731, 35.02089 ], [ -90.069758, 35.020883 ], [ -90.070238, 35.02088 ], [ -90.07053, 35.020889 ], [ -90.07116, 35.020909 ], [ -90.072126, 35.020935 ], [ -90.074349, 35.020934 ], [ -90.074934, 35.020934 ], [ -90.07588, 35.020935 ], [ -90.076146, 35.020935 ], [ -90.076945, 35.020935 ], [ -90.077079, 35.020936 ], [ -90.077212, 35.020936 ], [ -90.077327, 35.020936 ], [ -90.077672, 35.020936 ], [ -90.077788, 35.020937 ], [ -90.077939, 35.020937 ], [ -90.078392, 35.020937 ], [ -90.078544, 35.020938 ], [ -90.078842, 35.020938 ], [ -90.079082, 35.020936 ], [ -90.080541, 35.02093 ], [ -90.080698, 35.020924 ], [ -90.081237, 35.020907 ], [ -90.081502, 35.0209 ], [ -90.082299, 35.020878 ], [ -90.082565, 35.020872 ], [ -90.082831, 35.020867 ], [ -90.083632, 35.020852 ], [ -90.083899, 35.020848 ], [ -90.084165, 35.020842 ], [ -90.084963, 35.020826 ], [ -90.08508, 35.020824 ], [ -90.08523, 35.020821 ], [ -90.085754, 35.020813 ], [ -90.086895, 35.020798 ], [ -90.086934, 35.020798 ], [ -90.087328, 35.020791 ], [ -90.08772, 35.020786 ], [ -90.087853, 35.020784 ], [ -90.087934, 35.020782 ], [ -90.088326, 35.020774 ], [ -90.088413, 35.020771 ], [ -90.088445, 35.020771 ], [ -90.088487, 35.020771 ], [ -90.088553, 35.02077 ], [ -90.090223, 35.020727 ], [ -90.090762, 35.020714 ], [ -90.090816, 35.020712 ], [ -90.091205, 35.020702 ], [ -90.091415, 35.020696 ], [ -90.092034, 35.020681 ], [ -90.092391, 35.020672 ], [ -90.092926, 35.020658 ], [ -90.093212, 35.02065 ], [ -90.093812, 35.020634 ], [ -90.094148, 35.020625 ], [ -90.095103, 35.0206 ], [ -90.095158, 35.020598 ], [ -90.095495, 35.020591 ], [ -90.095682, 35.020586 ], [ -90.096282, 35.020578 ], [ -90.096479, 35.020576 ], [ -90.096486, 35.021137 ], [ -90.096505, 35.022629 ], [ -90.096507, 35.02282 ], [ -90.096515, 35.023382 ], [ -90.096563, 35.024409 ], [ -90.096593, 35.02458 ], [ -90.096614, 35.024696 ], [ -90.096687, 35.024906 ], [ -90.097128, 35.025821 ], [ -90.098104, 35.02785 ], [ -90.098626, 35.028934 ], [ -90.098701, 35.029099 ], [ -90.098736, 35.029189 ], [ -90.098809, 35.029377 ], [ -90.09889, 35.029587 ], [ -90.099019, 35.029974 ], [ -90.099107, 35.030238 ], [ -90.099285, 35.030802 ], [ -90.099345, 35.030988 ], [ -90.099805, 35.032403 ], [ -90.099867, 35.032728 ], [ -90.099874, 35.032974 ] ] ] } },
{ "type": "Feature", "properties": { "STATEFP": "47", "COUNTYFP": "157", "TRACTCE": "006300", "GEOID": "47157006300", "GEOIDFQ": "1400000US47157006300", "NAME": "63", "NAMELSAD": "Census Tract 63", "MTFCC": "G5020", "FUNCSTAT": "S", "ALAND": 1187872, "AWATER": 0, "INTPTLAT": "+35.1205358", "INTPTLON": "-089.9976441", "geoid": "47157006300" }, "geometry": { "type": "Polygon", "coordinates": [ [ [ -90.006382, 35.123295 ], [ -90.00637, 35.123625 ], [ -90.00637, 35.123648 ], [ -90.006367, 35.123735 ], [ -90.004687, 35.123823 ], [ -90.003431, 35.123872 ], [ -90.001442, 35.123927 ], [ -89.998354, 35.124119 ], [ -89.997193, 35.124191 ], [ -89.99641, 35.124447 ], [ -89.996313, 35.124484 ], [ -89.996025, 35.124594 ], [ -89.995929, 35.124632 ], [ -89.995681, 35.124724 ], [ -89.99494, 35.125002 ], [ -89.994694, 35.125096 ], [ -89.993219, 35.12564 ], [ -89.993115, 35.12575 ], [ -89.992559, 35.125949 ], [ -89.992248, 35.126059 ], [ -89.990698, 35.126721 ], [ -89.990726, 35.126025 ], [ -89.990779, 35.125157 ], [ -89.990784, 35.125073 ], [ -89.990808, 35.124603 ], [ -89.990814, 35.124481 ], [ -89.990851, 35.123689 ], [ -89.990855, 35.123599 ], [ -89.990897, 35.122772 ], [ -89.990937, 35.121898 ], [ -89.990936, 35.121887 ], [ -89.990941, 35.121819 ], [ -89.990981, 35.120947 ], [ -89.990997, 35.120772 ], [ -89.991074, 35.119781 ], [ -89.991079, 35.119643 ], [ -89.991127, 35.118614 ], [ -89.99117, 35.117851 ], [ -89.991183, 35.117506 ], [ -89.991208, 35.11691 ], [ -89.991213, 35.11673 ], [ -89.991219, 35.116471 ], [ -89.991229, 35.116126 ], [ -89.991462, 35.116132 ], [ -89.992164, 35.116151 ], [ -89.992398, 35.116158 ], [ -89.9926, 35.116163 ], [ -89.993207, 35.116178 ], [ -89.99341, 35.116184 ], [ -89.993585, 35.116187 ], [ -89.993731, 35.116191 ], [ -89.994478, 35.116207 ], [ -89.994606, 35.11621 ], [ -89.994697, 35.116212 ], [ -89.995019, 35.11622 ], [ -89.995539, 35.116232 ], [ -89.995759, 35.116238 ], [ -89.996242, 35.11625 ], [ -89.997979, 35.116293 ], [ -89.99872, 35.116312 ], [ -89.999083, 35.116321 ], [ -89.999689, 35.116337 ], [ -90.000175, 35.116349 ], [ -90.00054, 35.116358 ], [ -90.000621, 35.11636 ], [ -90.000807, 35.116364 ], [ -90.000831, 35.116365 ], [ -90.001608, 35.116377 ], [ -90.001708, 35.116379 ], [ -90.001876, 35.116378 ], [ -90.002002, 35.116378 ], [ -90.002124, 35.116377 ], [ -90.003068, 35.116391 ], [ -90.005034, 35.116433 ], [ -90.005096, 35.116522 ], [ -90.005095, 35.116531 ], [ -90.005094, 35.116885 ], [ -90.005094, 35.117003 ], [ -90.005089, 35.117206 ], [ -90.005084, 35.117457 ], [ -90.005073, 35.117817 ], [ -90.005067, 35.118021 ], [ -90.005042, 35.118958 ], [ -90.004942, 35.119079 ], [ -90.005107, 35.119197 ], [ -90.005064, 35.120142 ], [ -90.005019, 35.121138 ], [ -90.005009, 35.121339 ], [ -90.004981, 35.121942 ], [ -90.004972, 35.122144 ], [ -90.004961, 35.122343 ], [ -90.004931, 35.12294 ], [ -90.004922, 35.12314 ], [ -90.005215, 35.123149 ], [ -90.006093, 35.123176 ], [ -90.006387, 35.123186 ], [ -90.006382, 35.123295 ] ] ] } },
{ "type": "Feature", "properties": { "STATEFP": "47", "COUNTYFP": "157", "TRACTCE": "005000", "GEOID": "47157005000", "GEOIDFQ": "1400000US47157005000", "NAME": "50", "NAMELSAD": "Census Tract 50", "MTFCC": "G5020", "FUNCSTAT": "S", "ALAND": 858426, "AWATER": 0, "INTPTLAT": "+35.1213082", "INTPTLON": "-090.0510760", "geoid": "47157005000" }, "geometry": { "type": "Polygon", "coordinates": [ [ [ -90.055207, 35.116224 ], [ -90.055192, 35.116772 ], [ -90.055187, 35.116955 ], [ -90.055182, 35.117087 ], [ -90.055177, 35.117259 ], [ -90.055167, 35.117484 ], [ -90.055162, 35.117617 ], [ -90.055154, 35.117809 ], [ -90.055134, 35.118386 ], [ -90.055128, 35.118579 ], [ -90.055119, 35.118829 ], [ -90.055092, 35.119583 ], [ -90.055084, 35.119834 ], [ -90.05507, 35.120203 ], [ -90.055031, 35.121312 ], [ -90.055019, 35.121682 ], [ -90.055015, 35.121765 ], [ -90.055006, 35.122018 ], [ -90.055004, 35.122102 ], [ -90.054998, 35.122242 ], [ -90.054984, 35.122663 ], [ -90.05498, 35.122804 ], [ -90.054973, 35.122974 ], [ -90.054954, 35.123488 ], [ -90.054948, 35.123659 ], [ -90.054917, 35.124574 ], [ -90.054916, 35.124617 ], [ -90.054902, 35.125073 ], [ -90.054889, 35.125594 ], [ -90.054888, 35.125604 ], [ -90.054886, 35.125647 ], [ -90.054886, 35.125658 ], [ -90.054861, 35.126201 ], [ -90.054859, 35.126262 ], [ -90.054844, 35.126778 ], [ -90.054079, 35.126764 ], [ -90.053078, 35.126747 ], [ -90.052214, 35.126719 ], [ -90.051784, 35.12671 ], [ -90.051465, 35.126705 ], [ -90.05102, 35.12669 ], [ -90.050443, 35.126671 ], [ -90.05011, 35.126661 ], [ -90.049115, 35.126631 ], [ -90.048715, 35.126625 ], [ -90.048484, 35.126622 ], [ -90.048139, 35.126612 ], [ -90.047872, 35.126605 ], [ -90.04771, 35.126602 ], [ -90.047241, 35.126592 ], [ -90.047073, 35.126584 ], [ -90.046947, 35.126579 ], [ -90.046969, 35.126235 ], [ -90.047006, 35.125059 ], [ -90.047016, 35.124771 ], [ -90.047033, 35.124357 ], [ -90.047064, 35.123606 ], [ -90.047081, 35.123218 ], [ -90.047117, 35.122384 ], [ -90.047119, 35.122305 ], [ -90.047127, 35.122068 ], [ -90.047131, 35.12199 ], [ -90.047135, 35.121853 ], [ -90.047147, 35.121443 ], [ -90.047152, 35.121307 ], [ -90.047163, 35.120976 ], [ -90.047199, 35.119986 ], [ -90.047201, 35.119948 ], [ -90.047202, 35.119656 ], [ -90.047209, 35.119458 ], [ -90.04722, 35.119172 ], [ -90.047169, 35.119109 ], [ -90.047161, 35.118883 ], [ -90.047155, 35.118686 ], [ -90.047155, 35.118638 ], [ -90.047157, 35.118494 ], [ -90.047159, 35.118447 ], [ -90.047163, 35.118313 ], [ -90.047176, 35.117913 ], [ -90.047181, 35.11778 ], [ -90.047185, 35.117625 ], [ -90.0472, 35.117163 ], [ -90.047201, 35.117135 ], [ -90.047205, 35.11701 ], [ -90.047206, 35.11697 ], [ -90.04721, 35.11685 ], [ -90.047212, 35.116811 ], [ -90.04722, 35.116616 ], [ -90.047225, 35.116528 ], [ -90.047215, 35.116338 ], [ -90.047177, 35.11622 ], [ -90.04717, 35.116185 ], [ -90.047185, 35.116141 ], [ -90.047146, 35.116049 ], [ -90.047072, 35.11587 ], [ -90.047185, 35.115871 ], [ -90.047442, 35.115875 ], [ -90.047524, 35.115877 ], [ -90.047638, 35.11588 ], [ -90.047756, 35.115883 ], [ -90.047898, 35.115887 ], [ -90.04811, 35.115892 ], [ -90.048228, 35.115896 ], [ -90.048829, 35.115908 ], [ -90.049447, 35.115921 ], [ -90.050632, 35.115946 ], [ -90.051234, 35.11596 ], [ -90.051467, 35.115965 ], [ -90.052169, 35.115982 ], [ -90.052403, 35.115988 ], [ -90.052438, 35.115988 ], [ -90.052545, 35.115991 ], [ -90.052581, 35.115992 ], [ -90.052811, 35.115997 ], [ -90.053501, 35.116012 ], [ -90.053732, 35.116017 ], [ -90.053909, 35.11602 ], [ -90.054443, 35.116029 ], [ -90.054621, 35.116032 ], [ -90.054739, 35.116034 ], [ -90.055094, 35.11604 ], [ -90.055147, 35.116041 ], [ -90.055213, 35.116042 ], [ -90.055207, 35.116224 ] ] ] } },
{ "type": "Feature", "properties": { "STATEFP": "47", "COUNTYFP": "157", "TRACTCE": "004300", "GEOID": "47157004300", "GEOIDFQ": "1400000US47157004300", "NAME": "43", "NAMELSAD": "Census Tract 43", "MTFCC": "G5020", "FUNCSTAT": "S", "ALAND": 1392442, "AWATER": 396534, "INTPTLAT": "+35.1301387", "INTPTLON": "-090.0650496", "geoid": "47157004300" }, "geometry": { "type": "Polygon", "coordinates": [ [ [ -90.076272, 35.128104 ], [ -90.075985, 35.12831 ], [ -90.075659, 35.128544 ], [ -90.075472, 35.128691 ], [ -90.072647, 35.130922 ], [ -90.072495, 35.131042 ], [ -90.071065, 35.132345 ], [ -90.070609, 35.132878 ], [ -90.069255, 35.134452 ], [ -90.068075, 35.136069 ], [ -90.067556, 35.136843 ], [ -90.067182, 35.137401 ], [ -90.066747, 35.13805 ], [ -90.066483, 35.138621 ], [ -90.063404, 35.137691 ], [ -90.062922, 35.137548 ], [ -90.062432, 35.137402 ], [ -90.0623, 35.137397 ], [ -90.061748, 35.137187 ], [ -90.061687, 35.137158 ], [ -90.061507, 35.137071 ], [ -90.061448, 35.137042 ], [ -90.061403, 35.137016 ], [ -90.060915, 35.136788 ], [ -90.061021, 35.136653 ], [ -90.061194, 35.136406 ], [ -90.061531, 35.135923 ], [ -90.062079, 35.135206 ], [ -90.062514, 35.134602 ], [ -90.062523, 35.134571 ], [ -90.062528, 35.134479 ], [ -90.062549, 35.133769 ], [ -90.062655, 35.132925 ], [ -90.062657, 35.132851 ], [ -90.062563, 35.132855 ], [ -90.062437, 35.132862 ], [ -90.061381, 35.132846 ], [ -90.061356, 35.132845 ], [ -90.060803, 35.132834 ], [ -90.060592, 35.132833 ], [ -90.05996, 35.132832 ], [ -90.05975, 35.132832 ], [ -90.059599, 35.13283 ], [ -90.05915, 35.132825 ], [ -90.059, 35.132824 ], [ -90.058839, 35.132819 ], [ -90.058356, 35.132807 ], [ -90.058302, 35.132806 ], [ -90.058196, 35.132804 ], [ -90.058046, 35.132801 ], [ -90.057599, 35.132792 ], [ -90.057451, 35.132789 ], [ -90.057262, 35.132785 ], [ -90.056695, 35.132774 ], [ -90.056506, 35.132771 ], [ -90.055818, 35.132751 ], [ -90.055184, 35.132745 ], [ -90.05462, 35.132739 ], [ -90.054631, 35.132499 ], [ -90.05466, 35.131937 ], [ -90.054665, 35.13178 ], [ -90.054673, 35.131541 ], [ -90.054682, 35.131302 ], [ -90.054709, 35.130586 ], [ -90.054719, 35.130348 ], [ -90.054726, 35.130112 ], [ -90.054749, 35.129405 ], [ -90.054757, 35.12917 ], [ -90.054764, 35.128949 ], [ -90.054786, 35.128286 ], [ -90.054794, 35.128066 ], [ -90.054802, 35.127855 ], [ -90.054826, 35.127224 ], [ -90.054835, 35.127014 ], [ -90.054836, 35.126966 ], [ -90.054838, 35.126932 ], [ -90.054841, 35.126867 ], [ -90.054842, 35.126825 ], [ -90.054844, 35.126778 ], [ -90.055065, 35.126781 ], [ -90.055401, 35.126786 ], [ -90.055729, 35.126793 ], [ -90.055951, 35.126799 ], [ -90.056175, 35.126799 ], [ -90.05685, 35.126801 ], [ -90.057075, 35.126802 ], [ -90.057348, 35.126812 ], [ -90.05817, 35.126845 ], [ -90.058444, 35.126856 ], [ -90.058582, 35.126862 ], [ -90.058997, 35.126881 ], [ -90.059136, 35.126888 ], [ -90.059269, 35.12689 ], [ -90.059668, 35.126897 ], [ -90.059802, 35.1269 ], [ -90.059817, 35.126669 ], [ -90.05984, 35.12635 ], [ -90.059844, 35.125976 ], [ -90.059847, 35.125745 ], [ -90.059872, 35.125519 ], [ -90.059896, 35.125306 ], [ -90.059865, 35.12484 ], [ -90.059859, 35.124734 ], [ -90.05985, 35.124614 ], [ -90.059874, 35.124614 ], [ -90.059949, 35.124614 ], [ -90.059974, 35.124615 ], [ -90.060071, 35.124616 ], [ -90.060318, 35.12462 ], [ -90.060364, 35.124619 ], [ -90.060462, 35.124619 ], [ -90.06076, 35.124617 ], [ -90.060797, 35.124617 ], [ -90.061599, 35.124578 ], [ -90.061655, 35.124578 ], [ -90.061953, 35.124643 ], [ -90.062486, 35.124653 ], [ -90.063663, 35.124684 ], [ -90.06433, 35.124697 ], [ -90.064663, 35.124704 ], [ -90.065122, 35.124713 ], [ -90.065352, 35.124729 ], [ -90.065551, 35.124736 ], [ -90.066875, 35.124722 ], [ -90.066986, 35.124724 ], [ -90.067021, 35.124725 ], [ -90.067101, 35.124727 ], [ -90.067163, 35.124728 ], [ -90.067336, 35.124732 ], [ -90.067418, 35.124734 ], [ -90.067818, 35.124743 ], [ -90.068749, 35.124766 ], [ -90.06902, 35.124772 ], [ -90.069421, 35.124783 ], [ -90.069502, 35.124785 ], [ -90.069746, 35.124791 ], [ -90.069828, 35.124793 ], [ -90.070109, 35.124795 ], [ -90.070919, 35.124804 ], [ -90.071412, 35.124823 ], [ -90.071487, 35.124828 ], [ -90.071759, 35.124847 ], [ -90.071923, 35.124871 ], [ -90.072211, 35.124944 ], [ -90.072255, 35.12496 ], [ -90.072502, 35.12505 ], [ -90.072757, 35.125162 ], [ -90.07298, 35.125289 ], [ -90.073175, 35.125431 ], [ -90.073865, 35.125996 ], [ -90.07396, 35.126084 ], [ -90.074173, 35.126281 ], [ -90.074245, 35.126347 ], [ -90.074258, 35.126358 ], [ -90.074343, 35.126434 ], [ -90.074682, 35.126697 ], [ -90.075194, 35.127096 ], [ -90.075698, 35.127489 ], [ -90.075893, 35.127641 ], [ -90.076036, 35.127755 ], [ -90.076376, 35.128028 ], [ -90.076272, 35.128104 ] ] ] } },
{ "type": "Feature", "properties": { "STATEFP": "47", "COUNTYFP": "157", "TRACTCE": "009901", "GEOID": "47157009901", "GEOIDFQ": "1400000US47157009901", "NAME": "99.01", "NAMELSAD": "Census Tract 99.01", "MTFCC": "G5020", "FUNCSTAT": "S", "ALAND": 17474106, "AWATER": 1578367, "INTPTLAT": "+35.2262828", "INTPTLON": "-090.0342663", "geoid": "47157009901" }, "geometry": { "type": "Polygon", "coordinates": [ [ [ -90.066806, 35.206881 ], [ -90.065383, 35.208447 ], [ -90.06396, 35.210013 ], [ -90.063891, 35.210088 ], [ -90.063723, 35.210209 ], [ -90.063225, 35.210761 ], [ -90.061239, 35.212137 ], [ -90.061193, 35.212171 ], [ -90.060759, 35.212495 ], [ -90.060538, 35.212605 ], [ -90.059738, 35.213106 ], [ -90.059714, 35.213126 ], [ -90.059635, 35.213169 ], [ -90.058817, 35.213865 ], [ -90.057672, 35.214563 ], [ -90.056542, 35.215823 ], [ -90.056353, 35.216064 ], [ -90.056144, 35.216379 ], [ -90.056092, 35.216477 ], [ -90.056065, 35.216545 ], [ -90.056046, 35.216615 ], [ -90.056008, 35.216717 ], [ -90.055934, 35.217069 ], [ -90.055897, 35.217353 ], [ -90.055886, 35.217496 ], [ -90.055888, 35.217639 ], [ -90.055945, 35.217921 ], [ -90.056081, 35.218298 ], [ -90.056159, 35.21854 ], [ -90.05624, 35.218963 ], [ -90.056247, 35.21907 ], [ -90.056227, 35.219499 ], [ -90.056215, 35.219605 ], [ -90.056162, 35.219924 ], [ -90.056011, 35.220445 ], [ -90.055963, 35.220589 ], [ -90.055875, 35.220859 ], [ -90.055833, 35.220961 ], [ -90.055775, 35.221133 ], [ -90.055651, 35.221362 ], [ -90.055629, 35.221393 ], [ -90.055477, 35.221651 ], [ -90.055337, 35.221873 ], [ -90.055245, 35.222036 ], [ -90.05514, 35.222151 ], [ -90.054985, 35.222278 ], [ -90.054914, 35.222321 ], [ -90.054875, 35.222337 ], [ -90.054667, 35.222399 ], [ -90.054582, 35.222418 ], [ -90.053968, 35.222485 ], [ -90.053703, 35.222501 ], [ -90.053439, 35.222527 ], [ -90.053178, 35.222564 ], [ -90.052748, 35.222648 ], [ -90.05228, 35.222759 ], [ -90.052196, 35.222782 ], [ -90.052074, 35.222823 ], [ -90.051918, 35.222892 ], [ -90.051562, 35.223035 ], [ -90.051488, 35.223074 ], [ -90.051256, 35.223179 ], [ -90.051145, 35.223237 ], [ -90.051005, 35.223325 ], [ -90.050732, 35.223559 ], [ -90.050441, 35.223873 ], [ -90.050394, 35.223934 ], [ -90.050375, 35.223966 ], [ -90.050305, 35.224123 ], [ -90.050289, 35.224203 ], [ -90.050287, 35.224238 ], [ -90.0503, 35.224452 ], [ -90.050337, 35.2247 ], [ -90.050346, 35.224736 ], [ -90.050543, 35.225094 ], [ -90.050609, 35.225188 ], [ -90.050811, 35.225422 ], [ -90.050899, 35.225502 ], [ -90.051098, 35.225644 ], [ -90.051621, 35.225911 ], [ -90.051931, 35.226113 ], [ -90.052232, 35.226375 ], [ -90.052528, 35.226686 ], [ -90.05259, 35.226737 ], [ -90.05269, 35.226807 ], [ -90.052872, 35.22691 ], [ -90.0531, 35.227019 ], [ -90.053209, 35.22708 ], [ -90.053417, 35.227213 ], [ -90.053449, 35.227238 ], [ -90.053534, 35.227321 ], [ -90.053643, 35.227476 ], [ -90.053657, 35.22751 ], [ -90.053725, 35.227753 ], [ -90.053735, 35.227824 ], [ -90.053738, 35.228181 ], [ -90.053727, 35.228288 ], [ -90.053631, 35.228673 ], [ -90.053515, 35.228865 ], [ -90.05343, 35.228991 ], [ -90.053191, 35.229291 ], [ -90.053005, 35.229491 ], [ -90.052947, 35.229544 ], [ -90.05288, 35.229592 ], [ -90.052768, 35.229649 ], [ -90.052497, 35.22977 ], [ -90.052377, 35.229816 ], [ -90.052339, 35.229834 ], [ -90.052197, 35.229919 ], [ -90.052039, 35.230045 ], [ -90.051856, 35.230145 ], [ -90.051342, 35.230354 ], [ -90.051138, 35.230423 ], [ -90.050889, 35.230497 ], [ -90.050446, 35.230659 ], [ -90.050027, 35.230777 ], [ -90.049259, 35.230944 ], [ -90.048868, 35.23101 ], [ -90.048473, 35.231048 ], [ -90.048335, 35.231025 ], [ -90.047956, 35.230927 ], [ -90.047288, 35.230802 ], [ -90.047222, 35.23079 ], [ -90.047013, 35.230733 ], [ -90.046926, 35.230717 ], [ -90.046752, 35.230695 ], [ -90.04631, 35.230678 ], [ -90.045956, 35.230697 ], [ -90.045436, 35.230784 ], [ -90.044964, 35.23088 ], [ -90.0447, 35.230907 ], [ -90.044524, 35.230909 ], [ -90.044439, 35.230889 ], [ -90.044195, 35.230803 ], [ -90.043866, 35.230697 ], [ -90.043705, 35.230638 ], [ -90.043663, 35.230626 ], [ -90.043447, 35.230589 ], [ -90.043227, 35.23057 ], [ -90.042918, 35.230591 ], [ -90.042744, 35.230617 ], [ -90.042576, 35.230661 ], [ -90.042372, 35.230731 ], [ -90.042221, 35.230805 ], [ -90.041935, 35.230975 ], [ -90.041881, 35.231031 ], [ -90.041818, 35.231126 ], [ -90.041787, 35.231193 ], [ -90.041776, 35.231227 ], [ -90.041729, 35.231438 ], [ -90.041723, 35.231509 ], [ -90.041734, 35.231652 ], [ -90.041751, 35.231722 ], [ -90.041774, 35.231791 ], [ -90.04193, 35.232125 ], [ -90.041955, 35.232194 ], [ -90.042132, 35.232442 ], [ -90.042444, 35.232832 ], [ -90.042578, 35.232974 ], [ -90.042809, 35.233191 ], [ -90.042957, 35.233324 ], [ -90.043011, 35.23338 ], [ -90.043139, 35.233568 ], [ -90.043169, 35.233635 ], [ -90.043187, 35.233704 ], [ -90.043202, 35.233882 ], [ -90.0432, 35.234025 ], [ -90.043185, 35.234167 ], [ -90.043148, 35.234307 ], [ -90.043123, 35.234375 ], [ -90.04309, 35.234442 ], [ -90.04303, 35.234537 ], [ -90.043006, 35.234568 ], [ -90.042926, 35.234653 ], [ -90.042905, 35.234668 ], [ -90.042862, 35.234702 ], [ -90.042753, 35.234764 ], [ -90.0426, 35.234835 ], [ -90.042516, 35.234858 ], [ -90.042429, 35.23487 ], [ -90.042251, 35.23487 ], [ -90.041769, 35.234822 ], [ -90.041725, 35.234815 ], [ -90.041641, 35.234793 ], [ -90.041519, 35.234751 ], [ -90.041313, 35.234687 ], [ -90.04127, 35.234677 ], [ -90.041007, 35.23465 ], [ -90.04083, 35.234652 ], [ -90.040481, 35.234698 ], [ -90.040272, 35.234758 ], [ -90.040019, 35.234824 ], [ -90.039814, 35.234891 ], [ -90.039618, 35.234973 ], [ -90.039409, 35.235032 ], [ -90.039106, 35.235085 ], [ -90.038841, 35.235077 ], [ -90.038531, 35.235078 ], [ -90.038134, 35.235102 ], [ -90.038003, 35.235121 ], [ -90.037615, 35.235194 ], [ -90.037487, 35.235222 ], [ -90.037361, 35.235256 ], [ -90.037072, 35.235348 ], [ -90.036997, 35.235385 ], [ -90.036888, 35.235447 ], [ -90.036646, 35.235602 ], [ -90.036421, 35.235775 ], [ -90.036214, 35.23596 ], [ -90.035994, 35.236137 ], [ -90.035763, 35.236353 ], [ -90.035617, 35.236533 ], [ -90.035467, 35.236751 ], [ -90.035324, 35.237051 ], [ -90.035218, 35.237324 ], [ -90.035158, 35.237532 ], [ -90.035147, 35.237585 ], [ -90.035117, 35.237744 ], [ -90.035107, 35.237958 ], [ -90.035083, 35.238207 ], [ -90.035078, 35.23835 ], [ -90.035088, 35.238384 ], [ -90.035194, 35.238581 ], [ -90.03525, 35.238716 ], [ -90.035271, 35.238747 ], [ -90.035299, 35.238776 ], [ -90.035392, 35.238851 ], [ -90.03543, 35.23887 ], [ -90.035471, 35.238884 ], [ -90.035556, 35.238902 ], [ -90.035679, 35.238921 ], [ -90.035922, 35.239008 ], [ -90.036161, 35.239102 ], [ -90.036316, 35.23917 ], [ -90.036755, 35.239341 ], [ -90.03683, 35.239378 ], [ -90.036923, 35.239432 ], [ -90.037027, 35.239439 ], [ -90.037112, 35.239459 ], [ -90.037433, 35.239579 ], [ -90.037706, 35.239697 ], [ -90.037851, 35.23978 ], [ -90.038081, 35.239928 ], [ -90.038162, 35.23998 ], [ -90.038227, 35.240028 ], [ -90.038415, 35.240227 ], [ -90.038491, 35.240314 ], [ -90.038534, 35.240377 ], [ -90.038576, 35.240478 ], [ -90.038616, 35.240618 ], [ -90.038643, 35.240795 ], [ -90.038645, 35.24083 ], [ -90.038613, 35.241186 ], [ -90.038581, 35.241327 ], [ -90.038449, 35.241742 ], [ -90.038409, 35.241881 ], [ -90.038174, 35.242457 ], [ -90.037997, 35.242744 ], [ -90.037973, 35.242775 ], [ -90.03792, 35.242831 ], [ -90.037765, 35.242959 ], [ -90.037729, 35.24298 ], [ -90.037569, 35.243041 ], [ -90.037438, 35.243077 ], [ -90.037318, 35.243112 ], [ -90.037016, 35.243166 ], [ -90.036972, 35.24317 ], [ -90.036529, 35.243173 ], [ -90.036264, 35.243186 ], [ -90.036178, 35.243203 ], [ -90.036118, 35.243187 ], [ -90.036075, 35.24318 ], [ -90.035986, 35.243173 ], [ -90.035721, 35.243182 ], [ -90.035197, 35.243254 ], [ -90.035154, 35.243263 ], [ -90.034825, 35.243369 ], [ -90.034786, 35.243386 ], [ -90.034413, 35.243579 ], [ -90.03428, 35.243672 ], [ -90.03422, 35.243725 ], [ -90.034122, 35.243797 ], [ -90.033952, 35.243911 ], [ -90.033808, 35.243994 ], [ -90.033739, 35.244039 ], [ -90.033613, 35.24414 ], [ -90.033401, 35.244267 ], [ -90.033264, 35.244358 ], [ -90.03312, 35.244441 ], [ -90.032842, 35.244618 ], [ -90.032713, 35.244715 ], [ -90.032662, 35.244762 ], [ -90.032627, 35.244797 ], [ -90.032534, 35.244919 ], [ -90.032454, 35.245046 ], [ -90.032355, 35.245283 ], [ -90.032328, 35.245496 ], [ -90.032329, 35.245531 ], [ -90.032371, 35.245743 ], [ -90.032393, 35.245812 ], [ -90.03259, 35.246209 ], [ -90.032748, 35.246656 ], [ -90.032892, 35.247141 ], [ -90.032944, 35.247567 ], [ -90.032944, 35.247638 ], [ -90.032953, 35.247781 ], [ -90.032954, 35.247923 ], [ -90.032932, 35.248601 ], [ -90.032947, 35.249099 ], [ -90.032939, 35.249134 ], [ -90.032903, 35.249237 ], [ -90.032887, 35.249271 ], [ -90.032866, 35.249302 ], [ -90.032812, 35.249359 ], [ -90.032789, 35.249389 ], [ -90.032678, 35.249489 ], [ -90.032607, 35.249532 ], [ -90.032565, 35.249543 ], [ -90.032521, 35.249546 ], [ -90.0323, 35.249536 ], [ -90.032256, 35.249529 ], [ -90.031876, 35.249433 ], [ -90.031335, 35.249274 ], [ -90.030928, 35.249134 ], [ -90.030418, 35.249014 ], [ -90.030332, 35.248997 ], [ -90.030071, 35.248957 ], [ -90.029856, 35.248917 ], [ -90.029418, 35.248868 ], [ -90.029373, 35.248867 ], [ -90.028932, 35.248889 ], [ -90.028639, 35.248969 ], [ -90.028561, 35.249003 ], [ -90.028459, 35.249071 ], [ -90.028366, 35.249147 ], [ -90.028317, 35.249207 ], [ -90.028268, 35.249306 ], [ -90.028226, 35.249445 ], [ -90.028219, 35.249516 ], [ -90.028227, 35.249695 ], [ -90.028234, 35.24973 ], [ -90.028247, 35.249764 ], [ -90.028344, 35.249963 ], [ -90.028368, 35.249993 ], [ -90.0285, 35.250088 ], [ -90.028863, 35.250448 ], [ -90.029164, 35.250844 ], [ -90.029307, 35.251024 ], [ -90.029343, 35.251075 ], [ -90.029462, 35.25124 ], [ -90.029562, 35.2514 ], [ -90.029685, 35.251629 ], [ -90.029771, 35.251869 ], [ -90.029829, 35.252114 ], [ -90.029843, 35.252328 ], [ -90.029823, 35.252613 ], [ -90.029795, 35.252825 ], [ -90.029669, 35.253205 ], [ -90.029583, 35.253369 ], [ -90.02956, 35.253399 ], [ -90.029529, 35.253425 ], [ -90.029458, 35.253467 ], [ -90.029379, 35.2535 ], [ -90.029295, 35.253522 ], [ -90.029129, 35.253519 ], [ -90.029085, 35.253514 ], [ -90.029043, 35.253504 ], [ -90.028813, 35.253396 ], [ -90.028734, 35.253364 ], [ -90.02856, 35.25334 ], [ -90.028471, 35.25334 ], [ -90.02825, 35.253352 ], [ -90.028162, 35.253344 ], [ -90.027998, 35.253154 ], [ -90.027708, 35.252944 ], [ -90.027548, 35.252845 ], [ -90.027391, 35.252747 ], [ -90.027018, 35.25251 ], [ -90.026541, 35.252135 ], [ -90.02633, 35.251924 ], [ -90.026218, 35.251557 ], [ -90.026023, 35.251392 ], [ -90.025827, 35.251297 ], [ -90.025709, 35.251241 ], [ -90.025657, 35.251216 ], [ -90.025274, 35.251261 ], [ -90.025054, 35.251287 ], [ -90.024187, 35.251689 ], [ -90.024129, 35.251798 ], [ -90.024138, 35.251804 ], [ -90.024068, 35.252062 ], [ -90.024044, 35.252146 ], [ -90.023959, 35.252388 ], [ -90.023934, 35.25246 ], [ -90.02386, 35.252745 ], [ -90.023786, 35.252994 ], [ -90.023674, 35.253329 ], [ -90.023495, 35.253756 ], [ -90.023416, 35.253948 ], [ -90.023293, 35.254357 ], [ -90.023221, 35.254478 ], [ -90.023187, 35.254566 ], [ -90.023146, 35.254669 ], [ -90.023036, 35.254972 ], [ -90.022989, 35.255108 ], [ -90.02292, 35.255259 ], [ -90.022875, 35.25536 ], [ -90.022856, 35.255423 ], [ -90.022784, 35.25567 ], [ -90.022758, 35.255914 ], [ -90.022742, 35.255996 ], [ -90.022715, 35.256093 ], [ -90.022681, 35.256212 ], [ -90.022658, 35.256294 ], [ -90.022543, 35.256701 ], [ -90.022462, 35.256985 ], [ -90.022296, 35.257302 ], [ -90.022163, 35.257532 ], [ -90.022023, 35.257766 ], [ -90.021826, 35.258024 ], [ -90.021591, 35.258346 ], [ -90.021316, 35.258593 ], [ -90.021152, 35.258741 ], [ -90.020777, 35.258789 ], [ -90.020453, 35.25883 ], [ -90.020197, 35.258739 ], [ -90.019943, 35.25864 ], [ -90.019628, 35.25852 ], [ -90.019323, 35.258438 ], [ -90.018488, 35.258337 ], [ -90.017956, 35.258379 ], [ -90.017193, 35.25851 ], [ -90.01698, 35.258584 ], [ -90.016753, 35.258664 ], [ -90.016193, 35.258819 ], [ -90.015526, 35.259173 ], [ -90.01532, 35.259323 ], [ -90.015058, 35.259467 ], [ -90.014478, 35.259684 ], [ -90.014127, 35.259769 ], [ -90.01388, 35.259778 ], [ -90.013747, 35.259778 ], [ -90.013262, 35.259744 ], [ -90.012952, 35.259741 ], [ -90.012776, 35.259757 ], [ -90.012648, 35.259786 ], [ -90.012568, 35.259815 ], [ -90.012416, 35.259889 ], [ -90.011974, 35.260187 ], [ -90.011901, 35.260227 ], [ -90.01171, 35.260317 ], [ -90.011506, 35.260385 ], [ -90.011379, 35.260417 ], [ -90.011207, 35.260451 ], [ -90.010858, 35.260499 ], [ -90.010577, 35.26051 ], [ -90.010505, 35.260513 ], [ -90.010461, 35.260509 ], [ -90.010246, 35.260467 ], [ -90.010207, 35.260451 ], [ -90.010025, 35.260349 ], [ -90.009604, 35.260089 ], [ -90.009195, 35.259817 ], [ -90.009107, 35.259737 ], [ -90.009023, 35.259655 ], [ -90.008902, 35.259505 ], [ -90.008881, 35.259474 ], [ -90.008847, 35.259408 ], [ -90.008813, 35.259304 ], [ -90.008807, 35.259269 ], [ -90.008806, 35.259198 ], [ -90.008818, 35.259091 ], [ -90.008862, 35.258916 ], [ -90.008911, 35.258779 ], [ -90.009, 35.258616 ], [ -90.009077, 35.258449 ], [ -90.009148, 35.258318 ], [ -90.009432, 35.257915 ], [ -90.009555, 35.257767 ], [ -90.009763, 35.257581 ], [ -90.009921, 35.257456 ], [ -90.010311, 35.257166 ], [ -90.011082, 35.256578 ], [ -90.011138, 35.256522 ], [ -90.011307, 35.256313 ], [ -90.011326, 35.256281 ], [ -90.011404, 35.256002 ], [ -90.011407, 35.255931 ], [ -90.011381, 35.255646 ], [ -90.011357, 35.255468 ], [ -90.011348, 35.255433 ], [ -90.011277, 35.255303 ], [ -90.011008, 35.254975 ], [ -90.010919, 35.254896 ], [ -90.010847, 35.254854 ], [ -90.010726, 35.25481 ], [ -90.010513, 35.254762 ], [ -90.010426, 35.254752 ], [ -90.010072, 35.254736 ], [ -90.00994, 35.254747 ], [ -90.00959, 35.254787 ], [ -90.009503, 35.2548 ], [ -90.009168, 35.254893 ], [ -90.009047, 35.254937 ], [ -90.00873, 35.255064 ], [ -90.008538, 35.255153 ], [ -90.007797, 35.255555 ], [ -90.007766, 35.255572 ], [ -90.007212, 35.255797 ], [ -90.006674, 35.256045 ], [ -90.006553, 35.256088 ], [ -90.006206, 35.256246 ], [ -90.006055, 35.256319 ], [ -90.005644, 35.256528 ], [ -90.005428, 35.256653 ], [ -90.005397, 35.256678 ], [ -90.005307, 35.256801 ], [ -90.005264, 35.256902 ], [ -90.005251, 35.256972 ], [ -90.005228, 35.257041 ], [ -90.00522, 35.25729 ], [ -90.005203, 35.257396 ], [ -90.005186, 35.25743 ], [ -90.005098, 35.257554 ], [ -90.005063, 35.257619 ], [ -90.005039, 35.257651 ], [ -90.005016, 35.25768 ], [ -90.005044, 35.257719 ], [ -90.005096, 35.257777 ], [ -90.005358, 35.257969 ], [ -90.005515, 35.258093 ], [ -90.005926, 35.258468 ], [ -90.006064, 35.258607 ], [ -90.006137, 35.258696 ], [ -90.006369, 35.25904 ], [ -90.0066, 35.259473 ], [ -90.00672, 35.259697 ], [ -90.006884, 35.260102 ], [ -90.006915, 35.260206 ], [ -90.006959, 35.260381 ], [ -90.007003, 35.260663 ], [ -90.007028, 35.260982 ], [ -90.007032, 35.261088 ], [ -90.007019, 35.261622 ], [ -90.007011, 35.261693 ], [ -90.006937, 35.262044 ], [ -90.006876, 35.262252 ], [ -90.006802, 35.26242 ], [ -90.006672, 35.262685 ], [ -90.006503, 35.263091 ], [ -90.006396, 35.263363 ], [ -90.006366, 35.26354 ], [ -90.006371, 35.263575 ], [ -90.006391, 35.263645 ], [ -90.006439, 35.263782 ], [ -90.006558, 35.263973 ], [ -90.006671, 35.264127 ], [ -90.007193, 35.264787 ], [ -90.007237, 35.264849 ], [ -90.007344, 35.265045 ], [ -90.007387, 35.265182 ], [ -90.007408, 35.26536 ], [ -90.007401, 35.265467 ], [ -90.007345, 35.265676 ], [ -90.007288, 35.265811 ], [ -90.007215, 35.265941 ], [ -90.007044, 35.26627 ], [ -90.007018, 35.266299 ], [ -90.006902, 35.266407 ], [ -90.006869, 35.266431 ], [ -90.006621, 35.266581 ], [ -90.006427, 35.266667 ], [ -90.006385, 35.266679 ], [ -90.006, 35.266759 ], [ -90.005868, 35.266776 ], [ -90.00556, 35.266804 ], [ -90.005266, 35.266883 ], [ -90.005187, 35.266915 ], [ -90.005043, 35.266998 ], [ -90.004939, 35.267065 ], [ -90.00481, 35.267163 ], [ -90.004729, 35.267149 ], [ -90.004641, 35.267145 ], [ -90.004553, 35.267153 ], [ -90.004378, 35.267178 ], [ -90.004204, 35.267154 ], [ -90.004161, 35.267145 ], [ -90.004038, 35.267104 ], [ -90.003958, 35.267073 ], [ -90.003922, 35.267053 ], [ -90.003549, 35.2668 ], [ -90.003485, 35.266751 ], [ -90.003239, 35.266546 ], [ -90.003183, 35.266491 ], [ -90.003137, 35.26643 ], [ -90.003108, 35.266363 ], [ -90.003098, 35.266328 ], [ -90.003088, 35.266186 ], [ -90.003093, 35.266151 ], [ -90.003112, 35.266119 ], [ -90.003136, 35.266089 ], [ -90.003326, 35.265892 ], [ -90.003547, 35.265717 ], [ -90.003732, 35.265564 ], [ -90.003939, 35.265379 ], [ -90.004003, 35.26533 ], [ -90.004142, 35.265242 ], [ -90.004402, 35.26506 ], [ -90.004545, 35.264962 ], [ -90.004704, 35.264839 ], [ -90.004936, 35.264674 ], [ -90.005161, 35.264502 ], [ -90.005268, 35.264389 ], [ -90.005312, 35.264327 ], [ -90.00533, 35.264294 ], [ -90.005374, 35.264233 ], [ -90.005389, 35.264199 ], [ -90.005419, 35.264022 ], [ -90.005417, 35.263987 ], [ -90.005368, 35.26385 ], [ -90.005318, 35.263677 ], [ -90.005297, 35.2635 ], [ -90.005286, 35.263465 ], [ -90.005216, 35.263334 ], [ -90.005193, 35.263304 ], [ -90.00507, 35.263202 ], [ -90.004999, 35.263158 ], [ -90.004959, 35.263144 ], [ -90.00483, 35.263119 ], [ -90.004742, 35.263114 ], [ -90.004698, 35.263116 ], [ -90.004494, 35.263186 ], [ -90.00446, 35.263208 ], [ -90.004301, 35.263332 ], [ -90.004255, 35.263393 ], [ -90.004174, 35.26352 ], [ -90.004086, 35.263683 ], [ -90.004064, 35.263714 ], [ -90.004006, 35.263768 ], [ -90.003888, 35.263796 ], [ -90.003844, 35.263796 ], [ -90.003771, 35.263756 ], [ -90.003714, 35.263701 ], [ -90.003691, 35.26367 ], [ -90.003615, 35.263503 ], [ -90.003521, 35.263119 ], [ -90.003481, 35.262981 ], [ -90.003382, 35.262783 ], [ -90.003296, 35.262658 ], [ -90.003249, 35.262598 ], [ -90.003122, 35.262453 ], [ -90.003025, 35.262335 ], [ -90.002766, 35.262091 ], [ -90.002416, 35.26177 ], [ -90.002047, 35.261415 ], [ -90.001869, 35.261256 ], [ -90.001737, 35.261162 ], [ -90.001564, 35.261051 ], [ -90.00128, 35.260952 ], [ -90.001108, 35.260917 ], [ -90.000713, 35.260884 ], [ -90.000093, 35.260868 ], [ -89.999916, 35.260873 ], [ -89.999651, 35.260887 ], [ -89.998855, 35.260888 ], [ -89.998591, 35.260869 ], [ -89.998548, 35.260862 ], [ -89.998379, 35.260819 ], [ -89.998303, 35.260784 ], [ -89.998236, 35.260737 ], [ -89.998179, 35.260682 ], [ -89.998054, 35.260581 ], [ -89.997873, 35.260424 ], [ -89.997806, 35.260378 ], [ -89.997733, 35.260336 ], [ -89.997702, 35.260312 ], [ -89.997669, 35.26027 ], [ -89.997562, 35.26013 ], [ -89.99748, 35.260045 ], [ -89.997409, 35.260003 ], [ -89.997291, 35.259955 ], [ -89.997176, 35.259901 ], [ -89.997135, 35.25989 ], [ -89.997091, 35.259893 ], [ -89.99696, 35.259911 ], [ -89.996916, 35.259912 ], [ -89.996695, 35.2599 ], [ -89.996606, 35.259901 ], [ -89.996518, 35.259908 ], [ -89.99639, 35.259934 ], [ -89.99631, 35.259964 ], [ -89.996267, 35.259975 ], [ -89.99618, 35.259989 ], [ -89.996052, 35.260017 ], [ -89.995922, 35.260037 ], [ -89.995878, 35.260036 ], [ -89.995397, 35.259977 ], [ -89.995134, 35.259915 ], [ -89.994919, 35.259872 ], [ -89.994702, 35.259838 ], [ -89.994531, 35.259801 ], [ -89.994222, 35.259812 ], [ -89.994009, 35.259699 ], [ -89.99406, 35.259639 ], [ -89.996834, 35.256401 ], [ -89.998337, 35.254649 ], [ -90.000262, 35.252402 ], [ -90.004925, 35.246964 ], [ -90.005159, 35.246693 ], [ -90.005522, 35.246268 ], [ -90.00779, 35.243621 ], [ -90.00845, 35.242853 ], [ -90.008297, 35.24277 ], [ -90.008073, 35.242655 ], [ -90.007979, 35.242608 ], [ -90.007774, 35.242498 ], [ -90.007687, 35.242482 ], [ -90.007596, 35.242495 ], [ -90.007421, 35.242581 ], [ -90.006028, 35.243403 ], [ -90.005933, 35.24346 ], [ -90.004908, 35.244059 ], [ -90.00428, 35.244417 ], [ -90.003591, 35.244808 ], [ -90.002997, 35.245129 ], [ -90.002695, 35.245276 ], [ -90.002329, 35.245402 ], [ -90.000023, 35.246022 ], [ -89.999951, 35.246041 ], [ -89.999632, 35.246128 ], [ -89.99947, 35.246172 ], [ -89.999166, 35.246268 ], [ -89.99862, 35.246472 ], [ -89.997987, 35.246734 ], [ -89.997856, 35.246782 ], [ -89.998428, 35.246353 ], [ -89.999035, 35.245898 ], [ -89.99929, 35.245706 ], [ -89.999782, 35.245262 ], [ -89.999927, 35.245132 ], [ -90.000331, 35.244776 ], [ -90.00112, 35.243898 ], [ -90.001816, 35.243001 ], [ -90.002817, 35.24179 ], [ -90.004562, 35.239667 ], [ -90.004693, 35.239509 ], [ -90.006124, 35.237772 ], [ -90.006808, 35.236942 ], [ -90.008607, 35.234764 ], [ -90.008863, 35.234453 ], [ -90.009548, 35.233623 ], [ -90.010525, 35.232442 ], [ -90.01061, 35.232336 ], [ -90.011533, 35.231199 ], [ -90.011713, 35.23098 ], [ -90.013779, 35.228459 ], [ -90.013935, 35.22827 ], [ -90.014831, 35.227164 ], [ -90.015045, 35.2269 ], [ -90.015568, 35.226259 ], [ -90.015698, 35.226117 ], [ -90.015775, 35.226034 ], [ -90.015929, 35.225867 ], [ -90.016328, 35.225354 ], [ -90.017114, 35.224399 ], [ -90.01757, 35.223846 ], [ -90.017984, 35.223344 ], [ -90.01906, 35.222058 ], [ -90.019224, 35.221863 ], [ -90.020572, 35.220224 ], [ -90.021629, 35.218908 ], [ -90.022249, 35.218168 ], [ -90.022661, 35.217678 ], [ -90.023331, 35.216887 ], [ -90.023736, 35.216795 ], [ -90.024367, 35.216656 ], [ -90.024564, 35.216613 ], [ -90.024923, 35.216568 ], [ -90.025753, 35.216572 ], [ -90.027546, 35.216587 ], [ -90.028608, 35.216596 ], [ -90.028956, 35.216605 ], [ -90.02921, 35.216612 ], [ -90.029488, 35.216641 ], [ -90.029728, 35.216696 ], [ -90.029981, 35.216779 ], [ -90.030193, 35.21685 ], [ -90.030249, 35.216869 ], [ -90.030312, 35.21689 ], [ -90.030866, 35.217072 ], [ -90.031229, 35.217164 ], [ -90.033004, 35.217662 ], [ -90.033292, 35.217745 ], [ -90.033605, 35.21787 ], [ -90.033892, 35.218015 ], [ -90.033951, 35.217987 ], [ -90.034128, 35.217903 ], [ -90.034188, 35.217876 ], [ -90.036375, 35.217929 ], [ -90.036403, 35.21748 ], [ -90.036421, 35.217196 ], [ -90.036471, 35.217028 ], [ -90.036556, 35.216876 ], [ -90.036676, 35.216723 ], [ -90.036776, 35.216597 ], [ -90.036843, 35.216451 ], [ -90.036856, 35.216385 ], [ -90.036871, 35.216192 ], [ -90.036888, 35.215999 ], [ -90.03725, 35.216014 ], [ -90.037415, 35.216021 ], [ -90.038337, 35.216043 ], [ -90.0387, 35.216052 ], [ -90.038921, 35.216057 ], [ -90.039586, 35.216073 ], [ -90.039808, 35.216079 ], [ -90.04006, 35.216088 ], [ -90.040583, 35.216107 ], [ -90.040817, 35.21611 ], [ -90.04107, 35.216115 ], [ -90.041268, 35.216116 ], [ -90.041435, 35.216102 ], [ -90.041617, 35.216057 ], [ -90.04181, 35.215969 ], [ -90.041837, 35.21596 ], [ -90.042026, 35.2159 ], [ -90.04213, 35.215876 ], [ -90.04226, 35.215864 ], [ -90.042457, 35.215868 ], [ -90.043759, 35.2159 ], [ -90.044194, 35.215911 ], [ -90.044536, 35.215919 ], [ -90.045542, 35.215946 ], [ -90.045565, 35.215947 ], [ -90.045908, 35.215963 ], [ -90.04592, 35.215624 ], [ -90.045936, 35.215214 ], [ -90.045944, 35.214607 ], [ -90.045948, 35.214364 ], [ -90.04595, 35.214269 ], [ -90.045946, 35.213941 ], [ -90.045946, 35.213923 ], [ -90.045957, 35.21296 ], [ -90.045961, 35.212634 ], [ -90.045962, 35.212561 ], [ -90.045968, 35.212344 ], [ -90.045971, 35.212272 ], [ -90.045976, 35.212154 ], [ -90.045994, 35.211802 ], [ -90.046, 35.211685 ], [ -90.046556, 35.211703 ], [ -90.04685, 35.211714 ], [ -90.048227, 35.211745 ], [ -90.048307, 35.211747 ], [ -90.048444, 35.211737 ], [ -90.048612, 35.211693 ], [ -90.048755, 35.211609 ], [ -90.048844, 35.211522 ], [ -90.048925, 35.211397 ], [ -90.048957, 35.211301 ], [ -90.048964, 35.211178 ], [ -90.048935, 35.211059 ], [ -90.048886, 35.210967 ], [ -90.048821, 35.210894 ], [ -90.048705, 35.210808 ], [ -90.048555, 35.21074 ], [ -90.048416, 35.21071 ], [ -90.048403, 35.210707 ], [ -90.046769, 35.21066 ], [ -90.046039, 35.21064 ], [ -90.046049, 35.210427 ], [ -90.04608, 35.209788 ], [ -90.046091, 35.209576 ], [ -90.045424, 35.209558 ], [ -90.043425, 35.209506 ], [ -90.042759, 35.209489 ], [ -90.042797, 35.208726 ], [ -90.042838, 35.207939 ], [ -90.042846, 35.207724 ], [ -90.042889, 35.206676 ], [ -90.042936, 35.206468 ], [ -90.042936, 35.206442 ], [ -90.042953, 35.205862 ], [ -90.042974, 35.205726 ], [ -90.042989, 35.205683 ], [ -90.043002, 35.205676 ], [ -90.043043, 35.205657 ], [ -90.043057, 35.205651 ], [ -90.043719, 35.205342 ], [ -90.044911, 35.204759 ], [ -90.045148, 35.204629 ], [ -90.045282, 35.204536 ], [ -90.04535, 35.20449 ], [ -90.046115, 35.20386 ], [ -90.046292, 35.203748 ], [ -90.046533, 35.203651 ], [ -90.048005, 35.203253 ], [ -90.04818, 35.203186 ], [ -90.04843, 35.203053 ], [ -90.04957, 35.20232 ], [ -90.04991, 35.202096 ], [ -90.050114, 35.201921 ], [ -90.050218, 35.201781 ], [ -90.050292, 35.201633 ], [ -90.050392, 35.201359 ], [ -90.050795, 35.200149 ], [ -90.050877, 35.199905 ], [ -90.051033, 35.199498 ], [ -90.051223, 35.199097 ], [ -90.051553, 35.19846 ], [ -90.051749, 35.198053 ], [ -90.051804, 35.197876 ], [ -90.051823, 35.197778 ], [ -90.051835, 35.197574 ], [ -90.051801, 35.197374 ], [ -90.051719, 35.197169 ], [ -90.051378, 35.196616 ], [ -90.05126, 35.196422 ], [ -90.050556, 35.195256 ], [ -90.050518, 35.195194 ], [ -90.049534, 35.193535 ], [ -90.049172, 35.192735 ], [ -90.048933, 35.192219 ], [ -90.048814, 35.191962 ], [ -90.048592, 35.191514 ], [ -90.04855, 35.191496 ], [ -90.048463, 35.191379 ], [ -90.048361, 35.19126 ], [ -90.048236, 35.191132 ], [ -90.048142, 35.191051 ], [ -90.048061, 35.190988 ], [ -90.048007, 35.190949 ], [ -90.047908, 35.190886 ], [ -90.047647, 35.190731 ], [ -90.047587, 35.190699 ], [ -90.047383, 35.190593 ], [ -90.047367, 35.190561 ], [ -90.047178, 35.190452 ], [ -90.046925, 35.190275 ], [ -90.0467, 35.190069 ], [ -90.046558, 35.189897 ], [ -90.046478, 35.189779 ], [ -90.046462, 35.189755 ], [ -90.046339, 35.189521 ], [ -90.046276, 35.189337 ], [ -90.046118, 35.188799 ], [ -90.046012, 35.188455 ], [ -90.046229, 35.18833 ], [ -90.048197, 35.187441 ], [ -90.050401, 35.186021 ], [ -90.050919, 35.185509 ], [ -90.0512, 35.185443 ], [ -90.051481, 35.185377 ], [ -90.051862, 35.185287 ], [ -90.052246, 35.185055 ], [ -90.054007, 35.183993 ], [ -90.055451, 35.183356 ], [ -90.055539, 35.183317 ], [ -90.056042, 35.183182 ], [ -90.056842, 35.182968 ], [ -90.0572, 35.182899 ], [ -90.05731, 35.182878 ], [ -90.057421, 35.182857 ], [ -90.057479, 35.182919 ], [ -90.057543, 35.182989 ], [ -90.057485, 35.183141 ], [ -90.057455, 35.183222 ], [ -90.058025, 35.182821 ], [ -90.058856, 35.182385 ], [ -90.06078, 35.181379 ], [ -90.061158, 35.18114 ], [ -90.062475, 35.180308 ], [ -90.062979, 35.17999 ], [ -90.063088, 35.17991 ], [ -90.064414, 35.178953 ], [ -90.063987, 35.184211 ], [ -90.063881, 35.185513 ], [ -90.06356, 35.189469 ], [ -90.063408, 35.191354 ], [ -90.063672, 35.196609 ], [ -90.064132, 35.201094 ], [ -90.065289, 35.2039 ], [ -90.065491, 35.204388 ], [ -90.06577, 35.204866 ], [ -90.066891, 35.206788 ], [ -90.066806, 35.206881 ] ] ] } },
{ "type": "Feature", "properties": { "STATEFP": "47", "COUNTYFP": "157", "TRACTCE": "022500", "GEOID": "47157022500", "GEOIDFQ": "1400000US47157022500", "NAME": "225", "NAMELSAD": "Census Tract 225", "MTFCC": "G5020", "FUNCSTAT": "S", "ALAND": 15750859, "AWATER": 0, "INTPTLAT": "+35.0612401", "INTPTLON": "-090.0291826", "geoid": "47157022500" }, "geometry": { "type": "Polygon", "coordinates": [ [ [ -90.060097, 35.055335 ], [ -90.059932, 35.056304 ], [ -90.059861, 35.056793 ], [ -90.059754, 35.057715 ], [ -90.059613, 35.058759 ], [ -90.059541, 35.059312 ], [ -90.059416, 35.060573 ], [ -90.059303, 35.061675 ], [ -90.059199, 35.063108 ], [ -90.059165, 35.063438 ], [ -90.059154, 35.063551 ], [ -90.059066, 35.064429 ], [ -90.059033, 35.06476 ], [ -90.058997, 35.065093 ], [ -90.058893, 35.066092 ], [ -90.058859, 35.066426 ], [ -90.058689, 35.068073 ], [ -90.058214, 35.07269 ], [ -90.058159, 35.073012 ], [ -90.057977, 35.074095 ], [ -90.057845, 35.074322 ], [ -90.057815, 35.07461 ], [ -90.057728, 35.075636 ], [ -90.05772, 35.075705 ], [ -90.057699, 35.075876 ], [ -90.057659, 35.076206 ], [ -90.057609, 35.076571 ], [ -90.057599, 35.076654 ], [ -90.057575, 35.076805 ], [ -90.057554, 35.076954 ], [ -90.057504, 35.077203 ], [ -90.057455, 35.077449 ], [ -90.057355, 35.077839 ], [ -90.057331, 35.077934 ], [ -90.057288, 35.078153 ], [ -90.057257, 35.078391 ], [ -90.057247, 35.078468 ], [ -90.057244, 35.078558 ], [ -90.057237, 35.078772 ], [ -90.057242, 35.078938 ], [ -90.057245, 35.079036 ], [ -90.057254, 35.079285 ], [ -90.056704, 35.079069 ], [ -90.055828, 35.07873 ], [ -90.055389, 35.07858 ], [ -90.054891, 35.078442 ], [ -90.054273, 35.078309 ], [ -90.053924, 35.078225 ], [ -90.052976, 35.078163 ], [ -90.052832, 35.078151 ], [ -90.052437, 35.078121 ], [ -90.052123, 35.078092 ], [ -90.051558, 35.078031 ], [ -90.051288, 35.078015 ], [ -90.05049, 35.077942 ], [ -90.049433, 35.07782 ], [ -90.048792, 35.077724 ], [ -90.048249, 35.077625 ], [ -90.047065, 35.077357 ], [ -90.046306, 35.077154 ], [ -90.044684, 35.076666 ], [ -90.042691, 35.076075 ], [ -90.042253, 35.075931 ], [ -90.041673, 35.075762 ], [ -90.040982, 35.075579 ], [ -90.040141, 35.075366 ], [ -90.040014, 35.075332 ], [ -90.03889, 35.075073 ], [ -90.036879, 35.074617 ], [ -90.034519, 35.074096 ], [ -90.031567, 35.073445 ], [ -90.030503, 35.073222 ], [ -90.02875, 35.072854 ], [ -90.028273, 35.072748 ], [ -90.028037, 35.0727 ], [ -90.026853, 35.072455 ], [ -90.026167, 35.072299 ], [ -90.025702, 35.072201 ], [ -90.025184, 35.072097 ], [ -90.024875, 35.072041 ], [ -90.024496, 35.071956 ], [ -90.023437, 35.071725 ], [ -90.022727, 35.071574 ], [ -90.022682, 35.071564 ], [ -90.022547, 35.071535 ], [ -90.022503, 35.071526 ], [ -90.022456, 35.071516 ], [ -90.022297, 35.071488 ], [ -90.022, 35.071437 ], [ -90.021837, 35.071409 ], [ -90.021679, 35.071388 ], [ -90.021472, 35.071362 ], [ -90.021412, 35.071354 ], [ -90.021237, 35.071332 ], [ -90.021172, 35.071326 ], [ -90.02105, 35.071315 ], [ -90.020827, 35.071297 ], [ -90.020156, 35.071273 ], [ -90.019866, 35.071276 ], [ -90.019737, 35.071278 ], [ -90.01921, 35.071303 ], [ -90.018404, 35.071385 ], [ -90.016692, 35.071641 ], [ -90.015982, 35.071768 ], [ -90.01528, 35.071894 ], [ -90.014697, 35.072001 ], [ -90.014652, 35.072009 ], [ -90.014516, 35.072033 ], [ -90.014472, 35.072042 ], [ -90.01374, 35.072186 ], [ -90.013505, 35.072228 ], [ -90.012282, 35.07245 ], [ -90.01185, 35.072529 ], [ -90.010599, 35.072753 ], [ -90.00963, 35.072927 ], [ -90.009485, 35.072951 ], [ -90.009044, 35.073022 ], [ -90.007855, 35.073239 ], [ -90.007663, 35.073274 ], [ -90.00669, 35.07345 ], [ -90.005756, 35.07362 ], [ -90.004133, 35.073909 ], [ -90.003773, 35.073974 ], [ -90.002801, 35.07415 ], [ -90.002767, 35.074156 ], [ -90.002667, 35.074173 ], [ -90.002634, 35.07418 ], [ -90.002601, 35.074185 ], [ -90.002505, 35.074202 ], [ -90.002473, 35.074209 ], [ -90.00244, 35.074214 ], [ -90.002344, 35.074231 ], [ -90.002313, 35.074238 ], [ -90.001655, 35.074356 ], [ -90.001402, 35.074402 ], [ -90.000817, 35.074505 ], [ -89.999683, 35.074706 ], [ -89.999322, 35.07477 ], [ -89.999026, 35.074823 ], [ -89.998374, 35.074939 ], [ -89.998281, 35.074955 ], [ -89.997464, 35.0751 ], [ -89.992781, 35.075934 ], [ -89.992486, 35.075987 ], [ -89.991601, 35.076122 ], [ -89.991213, 35.076167 ], [ -89.991014, 35.076189 ], [ -89.990841, 35.07621 ], [ -89.990419, 35.076246 ], [ -89.990221, 35.076264 ], [ -89.989578, 35.076303 ], [ -89.989319, 35.076309 ], [ -89.988806, 35.076322 ], [ -89.988604, 35.076326 ], [ -89.98745, 35.076301 ], [ -89.986612, 35.076246 ], [ -89.986372, 35.076231 ], [ -89.986285, 35.076225 ], [ -89.985712, 35.076188 ], [ -89.985677, 35.076185 ], [ -89.985665, 35.076184 ], [ -89.985583, 35.076179 ], [ -89.985525, 35.076174 ], [ -89.985479, 35.076171 ], [ -89.985492, 35.076114 ], [ -89.985533, 35.075944 ], [ -89.985547, 35.075888 ], [ -89.985574, 35.075768 ], [ -89.985657, 35.075407 ], [ -89.985685, 35.075288 ], [ -89.98591, 35.074311 ], [ -89.985926, 35.074241 ], [ -89.985943, 35.074171 ], [ -89.985971, 35.074169 ], [ -89.986047, 35.074159 ], [ -89.986059, 35.074103 ], [ -89.986076, 35.074027 ], [ -89.986103, 35.073909 ], [ -89.986126, 35.073806 ], [ -89.986155, 35.073676 ], [ -89.986293, 35.072944 ], [ -89.986351, 35.072695 ], [ -89.986421, 35.072283 ], [ -89.98677, 35.070943 ], [ -89.986852, 35.070628 ], [ -89.986962, 35.070198 ], [ -89.986979, 35.070135 ], [ -89.986841, 35.070064 ], [ -89.986816, 35.070025 ], [ -89.986896, 35.069763 ], [ -89.98702, 35.06942 ], [ -89.987169, 35.069103 ], [ -89.987203, 35.069035 ], [ -89.987308, 35.068831 ], [ -89.987349, 35.068769 ], [ -89.98739, 35.068708 ], [ -89.987425, 35.068652 ], [ -89.987499, 35.068538 ], [ -89.987611, 35.068354 ], [ -89.987839, 35.067973 ], [ -89.987892, 35.067894 ], [ -89.988165, 35.067493 ], [ -89.989391, 35.065683 ], [ -89.989891, 35.064946 ], [ -89.989641, 35.064817 ], [ -89.989548, 35.064774 ], [ -89.988501, 35.0643 ], [ -89.988152, 35.064142 ], [ -89.987917, 35.064033 ], [ -89.987212, 35.063705 ], [ -89.987331, 35.063536 ], [ -89.98764, 35.0631 ], [ -89.987913, 35.062719 ], [ -89.989465, 35.060553 ], [ -89.989501, 35.060501 ], [ -89.989953, 35.060512 ], [ -89.990159, 35.06052 ], [ -89.99112, 35.060561 ], [ -89.991441, 35.060575 ], [ -89.991532, 35.060577 ], [ -89.991621, 35.060579 ], [ -89.99197, 35.060588 ], [ -89.992397, 35.060599 ], [ -89.992575, 35.060604 ], [ -89.992823, 35.060611 ], [ -89.993559, 35.060631 ], [ -89.993929, 35.060642 ], [ -89.994089, 35.060648 ], [ -89.994268, 35.060654 ], [ -89.994564, 35.060664 ], [ -89.994805, 35.060671 ], [ -89.994985, 35.060677 ], [ -89.995432, 35.060689 ], [ -89.995956, 35.060704 ], [ -89.996772, 35.060728 ], [ -89.99722, 35.060742 ], [ -89.997683, 35.060755 ], [ -89.99807, 35.060767 ], [ -89.998355, 35.060777 ], [ -89.999072, 35.060797 ], [ -89.999536, 35.06081 ], [ -89.999954, 35.060825 ], [ -90.000409, 35.060843 ], [ -90.00121, 35.060865 ], [ -90.001629, 35.060878 ], [ -90.002047, 35.060891 ], [ -90.003266, 35.06092 ], [ -90.003676, 35.060931 ], [ -90.004385, 35.060952 ], [ -90.006514, 35.061015 ], [ -90.007163, 35.061035 ], [ -90.007224, 35.061037 ], [ -90.007299, 35.06104 ], [ -90.007636, 35.06105 ], [ -90.007694, 35.061052 ], [ -90.008875, 35.061089 ], [ -90.009289, 35.061103 ], [ -90.009438, 35.061107 ], [ -90.009885, 35.061119 ], [ -90.010034, 35.061124 ], [ -90.010435, 35.061135 ], [ -90.01104, 35.061152 ], [ -90.011639, 35.061175 ], [ -90.011738, 35.061179 ], [ -90.012041, 35.061184 ], [ -90.012536, 35.061193 ], [ -90.012874, 35.0612 ], [ -90.013628, 35.061221 ], [ -90.013953, 35.061232 ], [ -90.01436, 35.061245 ], [ -90.015226, 35.061273 ], [ -90.015583, 35.061282 ], [ -90.015991, 35.061294 ], [ -90.016284, 35.061257 ], [ -90.016878, 35.06127 ], [ -90.017561, 35.061295 ], [ -90.019352, 35.061331 ], [ -90.01949, 35.061359 ], [ -90.019905, 35.061449 ], [ -90.020044, 35.06148 ], [ -90.021252, 35.061565 ], [ -90.021549, 35.061587 ], [ -90.022439, 35.061652 ], [ -90.022736, 35.061675 ], [ -90.022898, 35.061679 ], [ -90.023388, 35.061692 ], [ -90.023468, 35.061695 ], [ -90.023551, 35.061697 ], [ -90.023609, 35.061454 ], [ -90.023652, 35.061273 ], [ -90.023668, 35.061209 ], [ -90.023776, 35.060726 ], [ -90.023816, 35.060553 ], [ -90.023833, 35.060484 ], [ -90.023848, 35.060416 ], [ -90.023943, 35.060004 ], [ -90.024017, 35.059688 ], [ -90.024287, 35.058568 ], [ -90.024403, 35.05809 ], [ -90.024485, 35.057738 ], [ -90.024511, 35.057628 ], [ -90.024689, 35.056674 ], [ -90.024715, 35.056541 ], [ -90.024747, 35.056318 ], [ -90.024798, 35.056012 ], [ -90.024811, 35.055907 ], [ -90.024925, 35.055 ], [ -90.024959, 35.054669 ], [ -90.025003, 35.054256 ], [ -90.025006, 35.054173 ], [ -90.025015, 35.053923 ], [ -90.025019, 35.053841 ], [ -90.025036, 35.053423 ], [ -90.025037, 35.05333 ], [ -90.025066, 35.051797 ], [ -90.025072, 35.051533 ], [ -90.025071, 35.051286 ], [ -90.025072, 35.05097 ], [ -90.025075, 35.050022 ], [ -90.025077, 35.049707 ], [ -90.025084, 35.049102 ], [ -90.025089, 35.048682 ], [ -90.025101, 35.047836 ], [ -90.025106, 35.046416 ], [ -90.025107, 35.04561 ], [ -90.025109, 35.045125 ], [ -90.025109, 35.045019 ], [ -90.02511, 35.044586 ], [ -90.02511, 35.044512 ], [ -90.02511, 35.04429 ], [ -90.02511, 35.044216 ], [ -90.025108, 35.043935 ], [ -90.025108, 35.043875 ], [ -90.02511, 35.042852 ], [ -90.025111, 35.042511 ], [ -90.025111, 35.042385 ], [ -90.025112, 35.04201 ], [ -90.025113, 35.041885 ], [ -90.025115, 35.041634 ], [ -90.025121, 35.041014 ], [ -90.025121, 35.040882 ], [ -90.025121, 35.040632 ], [ -90.02513, 35.039993 ], [ -90.025131, 35.039606 ], [ -90.025138, 35.037747 ], [ -90.025143, 35.036529 ], [ -90.025148, 35.035571 ], [ -90.025149, 35.035504 ], [ -90.025311, 35.035499 ], [ -90.025456, 35.035486 ], [ -90.025695, 35.035466 ], [ -90.026266, 35.035378 ], [ -90.026373, 35.035366 ], [ -90.02668, 35.035333 ], [ -90.026793, 35.035326 ], [ -90.026957, 35.035324 ], [ -90.027788, 35.035316 ], [ -90.028021, 35.035314 ], [ -90.028066, 35.035314 ], [ -90.028516, 35.035311 ], [ -90.029866, 35.035304 ], [ -90.030317, 35.035302 ], [ -90.030566, 35.035301 ], [ -90.031314, 35.035299 ], [ -90.031564, 35.035299 ], [ -90.031631, 35.035299 ], [ -90.031832, 35.035301 ], [ -90.0319, 35.035302 ], [ -90.032168, 35.0353 ], [ -90.032858, 35.035297 ], [ -90.032975, 35.035296 ], [ -90.033208, 35.035296 ], [ -90.033245, 35.035296 ], [ -90.033369, 35.035296 ], [ -90.033409, 35.035296 ], [ -90.033965, 35.035297 ], [ -90.033993, 35.035297 ], [ -90.035016, 35.035298 ], [ -90.035852, 35.035299 ], [ -90.038363, 35.035305 ], [ -90.0392, 35.035307 ], [ -90.039462, 35.035308 ], [ -90.04025, 35.035311 ], [ -90.040513, 35.035313 ], [ -90.040741, 35.035313 ], [ -90.041426, 35.035313 ], [ -90.041655, 35.035314 ], [ -90.041694, 35.035314 ], [ -90.041812, 35.035315 ], [ -90.041852, 35.035316 ], [ -90.042125, 35.036656 ], [ -90.042517, 35.038573 ], [ -90.042915, 35.040682 ], [ -90.042923, 35.040721 ], [ -90.043204, 35.04202 ], [ -90.043308, 35.042533 ], [ -90.043479, 35.043376 ], [ -90.043641, 35.044067 ], [ -90.043761, 35.044577 ], [ -90.044492, 35.04664 ], [ -90.044678, 35.047164 ], [ -90.045631, 35.049923 ], [ -90.046111, 35.051311 ], [ -90.046647, 35.052846 ], [ -90.047369, 35.054914 ], [ -90.047518, 35.054918 ], [ -90.047966, 35.05493 ], [ -90.048116, 35.054934 ], [ -90.048507, 35.054944 ], [ -90.04968, 35.054975 ], [ -90.050071, 35.054986 ], [ -90.050264, 35.054988 ], [ -90.05047, 35.054989 ], [ -90.050995, 35.054994 ], [ -90.051667, 35.055008 ], [ -90.052066, 35.055017 ], [ -90.0525, 35.05503 ], [ -90.053803, 35.055071 ], [ -90.054238, 35.055085 ], [ -90.054429, 35.05509 ], [ -90.055004, 35.055107 ], [ -90.055196, 35.055113 ], [ -90.055407, 35.055118 ], [ -90.056043, 35.055135 ], [ -90.056255, 35.055141 ], [ -90.05641, 35.055145 ], [ -90.056684, 35.055154 ], [ -90.056836, 35.055159 ], [ -90.056875, 35.05516 ], [ -90.057031, 35.055166 ], [ -90.057647, 35.055187 ], [ -90.058574, 35.055221 ], [ -90.059495, 35.055246 ], [ -90.060112, 35.055263 ], [ -90.060097, 35.055335 ] ] ] } },
{ "type": "Feature", "properties": { "STATEFP": "47", "COUNTYFP": "157", "TRACTCE": "020531", "GEOID": "47157020531", "GEOIDFQ": "1400000US47157020531", "NAME": "205.31", "NAMELSAD": "Census Tract 205.31", "MTFCC": "G5020", "FUNCSTAT": "S", "ALAND": 17558584, "AWATER": 51830, "INTPTLAT": "+35.2551486", "INTPTLON": "-089.9027386", "geoid": "47157020531" }, "geometry": { "type": "Polygon", "coordinates": [ [ [ -89.929945, 35.253788 ], [ -89.929912, 35.254131 ], [ -89.929826, 35.254505 ], [ -89.929577, 35.255352 ], [ -89.92952, 35.25571 ], [ -89.929507, 35.255793 ], [ -89.929473, 35.256602 ], [ -89.929468, 35.256821 ], [ -89.929467, 35.256921 ], [ -89.929458, 35.25748 ], [ -89.929455, 35.2577 ], [ -89.929454, 35.257794 ], [ -89.929453, 35.257867 ], [ -89.929451, 35.258238 ], [ -89.929442, 35.259855 ], [ -89.92944, 35.260395 ], [ -89.929436, 35.260934 ], [ -89.929426, 35.262471 ], [ -89.929426, 35.262551 ], [ -89.929427, 35.262879 ], [ -89.929427, 35.26294 ], [ -89.92934, 35.262971 ], [ -89.929253, 35.263002 ], [ -89.927608, 35.263601 ], [ -89.927576, 35.263612 ], [ -89.927021, 35.263812 ], [ -89.926783, 35.263901 ], [ -89.926611, 35.263964 ], [ -89.926329, 35.264165 ], [ -89.925925, 35.264307 ], [ -89.925807, 35.264356 ], [ -89.925629, 35.264417 ], [ -89.925482, 35.264469 ], [ -89.925403, 35.264501 ], [ -89.925238, 35.26455 ], [ -89.92513, 35.264612 ], [ -89.925091, 35.264629 ], [ -89.925048, 35.264637 ], [ -89.924726, 35.264755 ], [ -89.92453, 35.264836 ], [ -89.924494, 35.264857 ], [ -89.924254, 35.264949 ], [ -89.924169, 35.264968 ], [ -89.924045, 35.265006 ], [ -89.924002, 35.265013 ], [ -89.923879, 35.265055 ], [ -89.923752, 35.265084 ], [ -89.923629, 35.265125 ], [ -89.923464, 35.265174 ], [ -89.923379, 35.265194 ], [ -89.923339, 35.265209 ], [ -89.923227, 35.265265 ], [ -89.923072, 35.265332 ], [ -89.922991, 35.265361 ], [ -89.922834, 35.265425 ], [ -89.922799, 35.265447 ], [ -89.922761, 35.265465 ], [ -89.922678, 35.265489 ], [ -89.922528, 35.265564 ], [ -89.922292, 35.265662 ], [ -89.922067, 35.265738 ], [ -89.922047, 35.265745 ], [ -89.921765, 35.265849 ], [ -89.92168, 35.265868 ], [ -89.921309, 35.265981 ], [ -89.920863, 35.26614 ], [ -89.920745, 35.266188 ], [ -89.920633, 35.266244 ], [ -89.920599, 35.266266 ], [ -89.920524, 35.266304 ], [ -89.920121, 35.266448 ], [ -89.919887, 35.266548 ], [ -89.919777, 35.266606 ], [ -89.919569, 35.266668 ], [ -89.919488, 35.266696 ], [ -89.919362, 35.26673 ], [ -89.919276, 35.266744 ], [ -89.919236, 35.266759 ], [ -89.918983, 35.266821 ], [ -89.918943, 35.266837 ], [ -89.918858, 35.266856 ], [ -89.918653, 35.266923 ], [ -89.918585, 35.266969 ], [ -89.918459, 35.267 ], [ -89.918346, 35.267056 ], [ -89.918303, 35.267066 ], [ -89.918145, 35.267128 ], [ -89.918062, 35.267152 ], [ -89.918023, 35.267169 ], [ -89.917987, 35.26719 ], [ -89.917908, 35.267221 ], [ -89.917823, 35.267241 ], [ -89.917705, 35.267291 ], [ -89.917624, 35.267318 ], [ -89.91751, 35.267373 ], [ -89.917383, 35.267412 ], [ -89.917262, 35.267449 ], [ -89.917147, 35.267501 ], [ -89.917022, 35.267539 ], [ -89.916784, 35.267632 ], [ -89.916714, 35.267676 ], [ -89.916631, 35.2677 ], [ -89.916391, 35.26779 ], [ -89.916323, 35.267836 ], [ -89.916244, 35.267869 ], [ -89.916208, 35.267888 ], [ -89.916142, 35.267936 ], [ -89.916103, 35.267952 ], [ -89.916059, 35.26796 ], [ -89.915977, 35.267986 ], [ -89.915898, 35.268018 ], [ -89.915814, 35.268041 ], [ -89.915653, 35.268099 ], [ -89.915525, 35.268129 ], [ -89.915437, 35.268136 ], [ -89.915376, 35.268172 ], [ -89.915337, 35.268189 ], [ -89.915253, 35.268211 ], [ -89.915125, 35.268238 ], [ -89.915083, 35.268251 ], [ -89.915046, 35.26827 ], [ -89.914966, 35.2683 ], [ -89.914801, 35.268352 ], [ -89.91468, 35.268397 ], [ -89.914473, 35.26846 ], [ -89.914315, 35.268523 ], [ -89.914126, 35.268616 ], [ -89.914002, 35.268654 ], [ -89.913608, 35.268811 ], [ -89.913486, 35.268852 ], [ -89.913442, 35.268859 ], [ -89.913402, 35.268874 ], [ -89.913365, 35.268894 ], [ -89.91312, 35.268972 ], [ -89.912908, 35.26902 ], [ -89.912618, 35.269105 ], [ -89.912579, 35.26912 ], [ -89.912494, 35.269142 ], [ -89.91234, 35.26921 ], [ -89.912306, 35.269234 ], [ -89.912229, 35.269268 ], [ -89.912196, 35.269292 ], [ -89.912071, 35.269364 ], [ -89.911771, 35.269515 ], [ -89.911689, 35.269541 ], [ -89.911611, 35.269576 ], [ -89.911412, 35.269652 ], [ -89.911335, 35.269688 ], [ -89.911293, 35.269699 ], [ -89.911096, 35.269777 ], [ -89.910805, 35.26986 ], [ -89.91072, 35.26988 ], [ -89.910642, 35.269914 ], [ -89.910474, 35.26996 ], [ -89.910317, 35.270024 ], [ -89.910111, 35.270088 ], [ -89.91003, 35.270117 ], [ -89.909902, 35.270145 ], [ -89.909862, 35.27016 ], [ -89.909652, 35.270214 ], [ -89.909451, 35.270285 ], [ -89.909326, 35.270322 ], [ -89.909207, 35.270363 ], [ -89.909036, 35.270409 ], [ -89.908921, 35.27046 ], [ -89.908878, 35.270469 ], [ -89.908837, 35.270483 ], [ -89.908763, 35.270522 ], [ -89.908682, 35.270551 ], [ -89.908607, 35.270588 ], [ -89.908525, 35.270616 ], [ -89.908271, 35.270677 ], [ -89.908193, 35.27071 ], [ -89.908118, 35.270748 ], [ -89.908052, 35.270795 ], [ -89.908013, 35.270812 ], [ -89.90797, 35.270822 ], [ -89.907897, 35.270861 ], [ -89.907662, 35.270961 ], [ -89.907581, 35.270989 ], [ -89.907452, 35.271014 ], [ -89.90741, 35.271026 ], [ -89.90717, 35.271114 ], [ -89.907046, 35.271152 ], [ -89.906903, 35.271236 ], [ -89.906865, 35.271254 ], [ -89.906665, 35.27133 ], [ -89.906626, 35.271348 ], [ -89.906463, 35.271403 ], [ -89.906428, 35.271425 ], [ -89.906314, 35.27148 ], [ -89.906153, 35.271537 ], [ -89.906079, 35.271577 ], [ -89.905997, 35.271604 ], [ -89.905922, 35.271641 ], [ -89.905837, 35.271661 ], [ -89.905682, 35.271726 ], [ -89.905641, 35.27174 ], [ -89.905515, 35.271771 ], [ -89.905437, 35.271803 ], [ -89.9054, 35.271823 ], [ -89.905322, 35.271856 ], [ -89.905238, 35.271878 ], [ -89.904998, 35.27197 ], [ -89.904956, 35.271979 ], [ -89.904881, 35.272016 ], [ -89.904798, 35.272041 ], [ -89.904717, 35.272071 ], [ -89.904641, 35.272108 ], [ -89.904558, 35.272131 ], [ -89.904481, 35.272166 ], [ -89.90432, 35.272225 ], [ -89.904285, 35.272246 ], [ -89.904245, 35.272262 ], [ -89.90416, 35.272283 ], [ -89.904121, 35.2723 ], [ -89.904, 35.272341 ], [ -89.903916, 35.272362 ], [ -89.903834, 35.272389 ], [ -89.90375, 35.27241 ], [ -89.903707, 35.272417 ], [ -89.903627, 35.272449 ], [ -89.903463, 35.2725 ], [ -89.903338, 35.272534 ], [ -89.903258, 35.272565 ], [ -89.903032, 35.272676 ], [ -89.902916, 35.272727 ], [ -89.902844, 35.272769 ], [ -89.902779, 35.272817 ], [ -89.902742, 35.272836 ], [ -89.902582, 35.272896 ], [ -89.902511, 35.272938 ], [ -89.902386, 35.272974 ], [ -89.902292, 35.272997 ], [ -89.902175, 35.273025 ], [ -89.902094, 35.273054 ], [ -89.901772, 35.273146 ], [ -89.901718, 35.273162 ], [ -89.901633, 35.273179 ], [ -89.901549, 35.273202 ], [ -89.901387, 35.273257 ], [ -89.901221, 35.273307 ], [ -89.901141, 35.273336 ], [ -89.901058, 35.273361 ], [ -89.900935, 35.273387 ], [ -89.900802, 35.273415 ], [ -89.900266, 35.273878 ], [ -89.899779, 35.274164 ], [ -89.899681, 35.27421 ], [ -89.899548, 35.2743 ], [ -89.899284, 35.274448 ], [ -89.898524, 35.274817 ], [ -89.897605, 35.274923 ], [ -89.897003, 35.27493 ], [ -89.896896, 35.274993 ], [ -89.89666, 35.27509 ], [ -89.896617, 35.275099 ], [ -89.896402, 35.275147 ], [ -89.896271, 35.275162 ], [ -89.896095, 35.275157 ], [ -89.896008, 35.275147 ], [ -89.895707, 35.275093 ], [ -89.895621, 35.275083 ], [ -89.895372, 35.275011 ], [ -89.895033, 35.274927 ], [ -89.894947, 35.27491 ], [ -89.894682, 35.274911 ], [ -89.894342, 35.274992 ], [ -89.894001, 35.275066 ], [ -89.893698, 35.275104 ], [ -89.893432, 35.275103 ], [ -89.893345, 35.275095 ], [ -89.89295, 35.275076 ], [ -89.892689, 35.275054 ], [ -89.892603, 35.275043 ], [ -89.892294, 35.275039 ], [ -89.892073, 35.27505 ], [ -89.891586, 35.275051 ], [ -89.891482, 35.27505 ], [ -89.891172, 35.27506 ], [ -89.890909, 35.275052 ], [ -89.89076, 35.275046 ], [ -89.890241, 35.275027 ], [ -89.889846, 35.275022 ], [ -89.889758, 35.275018 ], [ -89.889449, 35.275024 ], [ -89.889273, 35.275017 ], [ -89.888744, 35.274983 ], [ -89.888524, 35.274981 ], [ -89.888283, 35.274971 ], [ -89.888171, 35.274967 ], [ -89.887995, 35.27497 ], [ -89.887907, 35.274968 ], [ -89.887687, 35.274976 ], [ -89.887458, 35.274997 ], [ -89.88739, 35.275002 ], [ -89.887378, 35.275004 ], [ -89.887351, 35.275005 ], [ -89.887188, 35.27501 ], [ -89.887159, 35.275012 ], [ -89.887121, 35.275011 ], [ -89.886911, 35.275003 ], [ -89.886719, 35.274996 ], [ -89.886544, 35.274978 ], [ -89.886459, 35.274958 ], [ -89.886415, 35.274957 ], [ -89.88629, 35.27498 ], [ -89.886081, 35.27498 ], [ -89.885848, 35.274979 ], [ -89.885716, 35.274973 ], [ -89.885276, 35.274989 ], [ -89.885101, 35.274973 ], [ -89.884965, 35.274969 ], [ -89.884749, 35.274965 ], [ -89.884397, 35.27493 ], [ -89.884265, 35.274932 ], [ -89.883957, 35.274952 ], [ -89.883782, 35.274959 ], [ -89.883651, 35.274949 ], [ -89.883607, 35.274942 ], [ -89.88352, 35.274935 ], [ -89.883346, 35.274931 ], [ -89.883302, 35.274934 ], [ -89.882995, 35.274912 ], [ -89.882512, 35.274914 ], [ -89.882205, 35.274896 ], [ -89.882137, 35.274898 ], [ -89.882117, 35.274899 ], [ -89.88181, 35.274891 ], [ -89.881591, 35.274895 ], [ -89.881239, 35.274908 ], [ -89.881151, 35.274908 ], [ -89.880915, 35.274918 ], [ -89.880695, 35.274935 ], [ -89.880607, 35.274938 ], [ -89.880563, 35.274944 ], [ -89.880475, 35.274946 ], [ -89.880342, 35.274942 ], [ -89.880167, 35.274925 ], [ -89.880124, 35.274918 ], [ -89.879993, 35.274906 ], [ -89.879685, 35.274896 ], [ -89.879511, 35.27488 ], [ -89.879423, 35.274876 ], [ -89.879073, 35.274847 ], [ -89.878942, 35.274831 ], [ -89.878856, 35.274816 ], [ -89.878596, 35.27478 ], [ -89.878464, 35.274768 ], [ -89.878333, 35.274774 ], [ -89.878245, 35.274782 ], [ -89.878072, 35.27481 ], [ -89.877282, 35.274849 ], [ -89.877149, 35.274852 ], [ -89.877105, 35.27485 ], [ -89.876665, 35.27487 ], [ -89.876488, 35.274874 ], [ -89.876135, 35.274873 ], [ -89.875915, 35.274859 ], [ -89.875566, 35.274818 ], [ -89.875478, 35.274811 ], [ -89.87539, 35.27481 ], [ -89.875083, 35.274785 ], [ -89.874373, 35.274847 ], [ -89.874201, 35.274873 ], [ -89.873938, 35.274878 ], [ -89.873807, 35.274869 ], [ -89.873763, 35.274869 ], [ -89.873156, 35.274763 ], [ -89.872939, 35.27474 ], [ -89.872546, 35.274737 ], [ -89.872459, 35.274741 ], [ -89.872415, 35.274737 ], [ -89.872327, 35.274741 ], [ -89.871934, 35.274745 ], [ -89.871583, 35.274758 ], [ -89.871495, 35.274758 ], [ -89.871232, 35.274767 ], [ -89.871013, 35.274784 ], [ -89.870408, 35.274877 ], [ -89.870384, 35.274883 ], [ -89.870242, 35.274922 ], [ -89.870158, 35.27494 ], [ -89.870034, 35.274973 ], [ -89.869314, 35.275317 ], [ -89.868801, 35.275654 ], [ -89.868707, 35.275714 ], [ -89.868179, 35.276039 ], [ -89.867332, 35.27615 ], [ -89.866845, 35.276154 ], [ -89.866806, 35.276152 ], [ -89.866298, 35.275978 ], [ -89.866096, 35.275908 ], [ -89.865538, 35.275713 ], [ -89.865446, 35.275682 ], [ -89.864233, 35.275653 ], [ -89.863966, 35.275688 ], [ -89.863468, 35.275753 ], [ -89.862527, 35.275874 ], [ -89.862116, 35.275927 ], [ -89.860839, 35.276031 ], [ -89.860702, 35.276038 ], [ -89.859327, 35.276155 ], [ -89.857317, 35.276207 ], [ -89.856483, 35.276229 ], [ -89.85529, 35.276289 ], [ -89.854804, 35.276313 ], [ -89.854534, 35.276255 ], [ -89.854787, 35.276001 ], [ -89.854878, 35.275911 ], [ -89.85524, 35.275548 ], [ -89.85568, 35.275105 ], [ -89.858089, 35.27269 ], [ -89.858734, 35.272044 ], [ -89.858892, 35.271885 ], [ -89.859037, 35.271737 ], [ -89.859315, 35.271454 ], [ -89.860587, 35.270165 ], [ -89.861012, 35.269736 ], [ -89.861354, 35.269394 ], [ -89.862176, 35.268576 ], [ -89.862381, 35.26837 ], [ -89.862723, 35.268028 ], [ -89.863317, 35.267433 ], [ -89.863778, 35.266971 ], [ -89.864094, 35.266655 ], [ -89.864844, 35.265904 ], [ -89.864952, 35.265798 ], [ -89.865353, 35.265397 ], [ -89.865815, 35.264935 ], [ -89.86595, 35.2648 ], [ -89.868204, 35.262546 ], [ -89.86887, 35.261881 ], [ -89.869173, 35.261574 ], [ -89.869566, 35.261168 ], [ -89.869814, 35.260907 ], [ -89.86999, 35.260713 ], [ -89.870885, 35.259733 ], [ -89.871262, 35.259346 ], [ -89.871697, 35.258901 ], [ -89.872526, 35.258075 ], [ -89.872789, 35.257815 ], [ -89.873102, 35.257512 ], [ -89.873357, 35.257256 ], [ -89.875012, 35.255597 ], [ -89.875839, 35.25477 ], [ -89.875852, 35.254701 ], [ -89.875874, 35.253817 ], [ -89.875885, 35.253523 ], [ -89.875932, 35.252367 ], [ -89.875933, 35.252327 ], [ -89.87599, 35.250465 ], [ -89.875984, 35.249967 ], [ -89.875984, 35.249781 ], [ -89.875984, 35.249233 ], [ -89.876006, 35.248534 ], [ -89.876012, 35.248362 ], [ -89.876031, 35.247846 ], [ -89.876038, 35.247675 ], [ -89.876104, 35.247269 ], [ -89.876107, 35.247163 ], [ -89.87613, 35.246565 ], [ -89.876145, 35.246143 ], [ -89.87618, 35.245615 ], [ -89.876198, 35.245351 ], [ -89.876209, 35.2451 ], [ -89.876234, 35.244542 ], [ -89.87626, 35.243547 ], [ -89.876277, 35.243065 ], [ -89.876311, 35.242172 ], [ -89.876323, 35.241852 ], [ -89.87634, 35.24162 ], [ -89.876367, 35.241275 ], [ -89.876372, 35.241202 ], [ -89.876373, 35.24114 ], [ -89.877572, 35.241228 ], [ -89.878011, 35.24126 ], [ -89.8787, 35.241311 ], [ -89.878782, 35.241317 ], [ -89.878869, 35.241325 ], [ -89.878999, 35.24133 ], [ -89.879022, 35.241337 ], [ -89.879134, 35.241372 ], [ -89.879251, 35.24138 ], [ -89.879805, 35.241391 ], [ -89.879989, 35.241392 ], [ -89.880163, 35.241393 ], [ -89.880314, 35.24139 ], [ -89.88053, 35.241386 ], [ -89.880606, 35.241389 ], [ -89.880774, 35.241395 ], [ -89.881948, 35.241405 ], [ -89.882143, 35.241407 ], [ -89.882299, 35.241417 ], [ -89.882446, 35.241445 ], [ -89.88252, 35.24147 ], [ -89.882629, 35.241508 ], [ -89.883361, 35.241903 ], [ -89.883549, 35.24198 ], [ -89.883695, 35.242022 ], [ -89.883888, 35.242057 ], [ -89.884173, 35.242078 ], [ -89.884318, 35.242088 ], [ -89.884749, 35.242098 ], [ -89.885532, 35.242116 ], [ -89.885864, 35.242123 ], [ -89.886662, 35.242145 ], [ -89.886712, 35.242146 ], [ -89.887523, 35.242177 ], [ -89.887734, 35.242188 ], [ -89.887875, 35.242201 ], [ -89.88809, 35.242211 ], [ -89.888323, 35.242202 ], [ -89.888563, 35.242198 ], [ -89.889426, 35.242257 ], [ -89.89012, 35.242289 ], [ -89.891151, 35.242339 ], [ -89.891877, 35.242354 ], [ -89.894596, 35.242438 ], [ -89.894617, 35.242438 ], [ -89.895516, 35.242462 ], [ -89.895975, 35.242474 ], [ -89.897133, 35.242511 ], [ -89.897214, 35.242512 ], [ -89.897312, 35.242514 ], [ -89.897424, 35.242514 ], [ -89.898208, 35.242515 ], [ -89.898881, 35.242517 ], [ -89.899313, 35.242508 ], [ -89.899386, 35.242507 ], [ -89.899607, 35.242481 ], [ -89.899688, 35.24247 ], [ -89.899985, 35.242388 ], [ -89.900522, 35.242184 ], [ -89.900772, 35.242112 ], [ -89.900836, 35.242106 ], [ -89.901081, 35.242084 ], [ -89.901732, 35.242081 ], [ -89.901793, 35.242082 ], [ -89.901863, 35.242082 ], [ -89.901982, 35.24208 ], [ -89.902134, 35.242078 ], [ -89.902733, 35.242089 ], [ -89.902984, 35.242094 ], [ -89.903143, 35.242097 ], [ -89.903167, 35.242099 ], [ -89.90333, 35.242115 ], [ -89.903689, 35.242164 ], [ -89.903714, 35.24217 ], [ -89.903893, 35.242213 ], [ -89.904176, 35.242286 ], [ -89.904652, 35.242398 ], [ -89.905023, 35.242458 ], [ -89.905309, 35.242505 ], [ -89.905469, 35.242525 ], [ -89.905953, 35.24256 ], [ -89.906115, 35.242572 ], [ -89.906345, 35.242607 ], [ -89.906429, 35.24262 ], [ -89.907043, 35.242649 ], [ -89.907276, 35.242661 ], [ -89.907626, 35.242678 ], [ -89.908678, 35.24273 ], [ -89.909029, 35.242748 ], [ -89.909728, 35.242777 ], [ -89.909785, 35.24278 ], [ -89.911784, 35.242824 ], [ -89.911828, 35.242824 ], [ -89.912095, 35.242829 ], [ -89.912529, 35.242837 ], [ -89.912593, 35.242838 ], [ -89.912785, 35.242841 ], [ -89.912849, 35.242843 ], [ -89.913184, 35.242847 ], [ -89.913354, 35.24285 ], [ -89.913384, 35.24285 ], [ -89.913564, 35.242853 ], [ -89.914191, 35.242864 ], [ -89.914527, 35.24287 ], [ -89.914602, 35.242871 ], [ -89.91483, 35.242875 ], [ -89.914906, 35.242877 ], [ -89.91498, 35.242878 ], [ -89.91521, 35.242882 ], [ -89.91528, 35.242883 ], [ -89.915794, 35.242893 ], [ -89.916434, 35.242906 ], [ -89.917339, 35.242922 ], [ -89.917512, 35.242926 ], [ -89.917574, 35.242927 ], [ -89.917854, 35.242933 ], [ -89.918377, 35.242944 ], [ -89.919946, 35.24298 ], [ -89.920469, 35.242993 ], [ -89.920925, 35.243003 ], [ -89.922293, 35.243033 ], [ -89.922749, 35.243044 ], [ -89.92281, 35.243045 ], [ -89.922873, 35.243047 ], [ -89.923048, 35.24305 ], [ -89.923168, 35.243053 ], [ -89.923948, 35.243062 ], [ -89.924248, 35.243066 ], [ -89.924574, 35.243073 ], [ -89.924713, 35.243077 ], [ -89.925553, 35.243092 ], [ -89.92588, 35.243098 ], [ -89.925908, 35.243314 ], [ -89.925947, 35.243604 ], [ -89.925992, 35.243882 ], [ -89.92601, 35.24396 ], [ -89.926062, 35.244172 ], [ -89.926094, 35.244264 ], [ -89.926191, 35.244542 ], [ -89.926224, 35.244635 ], [ -89.926492, 35.245369 ], [ -89.926581, 35.24562 ], [ -89.926591, 35.245646 ], [ -89.927647, 35.24858 ], [ -89.927939, 35.249389 ], [ -89.928014, 35.249563 ], [ -89.928072, 35.24967 ], [ -89.928248, 35.249943 ], [ -89.928344, 35.250096 ], [ -89.929348, 35.25169 ], [ -89.929553, 35.252015 ], [ -89.929666, 35.252231 ], [ -89.929776, 35.252515 ], [ -89.929918, 35.253042 ], [ -89.929924, 35.253084 ], [ -89.929938, 35.253174 ], [ -89.929956, 35.253439 ], [ -89.929945, 35.253788 ] ] ] } },
{ "type": "Feature", "properties": { "STATEFP": "47", "COUNTYFP": "157", "TRACTCE": "020532", "GEOID": "47157020532", "GEOIDFQ": "1400000US47157020532", "NAME": "205.32", "NAMELSAD": "Census Tract 205.32", "MTFCC": "G5020", "FUNCSTAT": "S", "ALAND": 7804896, "AWATER": 151555, "INTPTLAT": "+35.2306629", "INTPTLON": "-089.9066964", "geoid": "47157020532" }, "geometry": { "type": "Polygon", "coordinates": [ [ [ -89.928673, 35.220803 ], [ -89.928516, 35.221152 ], [ -89.928131, 35.222011 ], [ -89.928017, 35.222354 ], [ -89.928011, 35.222373 ], [ -89.927893, 35.222798 ], [ -89.92774, 35.223347 ], [ -89.927708, 35.223464 ], [ -89.927488, 35.224257 ], [ -89.927413, 35.224445 ], [ -89.927151, 35.224892 ], [ -89.927125, 35.224932 ], [ -89.926819, 35.225414 ], [ -89.926547, 35.225847 ], [ -89.925972, 35.226767 ], [ -89.925873, 35.226971 ], [ -89.925766, 35.227165 ], [ -89.925623, 35.227429 ], [ -89.92553, 35.227619 ], [ -89.925459, 35.227674 ], [ -89.925346, 35.22791 ], [ -89.925324, 35.228042 ], [ -89.925249, 35.228501 ], [ -89.925238, 35.228599 ], [ -89.925229, 35.229 ], [ -89.925244, 35.229196 ], [ -89.925286, 35.229478 ], [ -89.925364, 35.229786 ], [ -89.925378, 35.229825 ], [ -89.92548, 35.230071 ], [ -89.925592, 35.230315 ], [ -89.925877, 35.230935 ], [ -89.925974, 35.231207 ], [ -89.926051, 35.231543 ], [ -89.926069, 35.231663 ], [ -89.926079, 35.231831 ], [ -89.926091, 35.232016 ], [ -89.926078, 35.232281 ], [ -89.926069, 35.232365 ], [ -89.92603, 35.232601 ], [ -89.925991, 35.232749 ], [ -89.925913, 35.23305 ], [ -89.925866, 35.233201 ], [ -89.925822, 35.23331 ], [ -89.925762, 35.233461 ], [ -89.925721, 35.23368 ], [ -89.925702, 35.233886 ], [ -89.925697, 35.233944 ], [ -89.925696, 35.234147 ], [ -89.925696, 35.23421 ], [ -89.925704, 35.234279 ], [ -89.92573, 35.234504 ], [ -89.925721, 35.235032 ], [ -89.925709, 35.235772 ], [ -89.925696, 35.23661 ], [ -89.925686, 35.237298 ], [ -89.925677, 35.238054 ], [ -89.925676, 35.238134 ], [ -89.925673, 35.238305 ], [ -89.92566, 35.23906 ], [ -89.925656, 35.239312 ], [ -89.925652, 35.239669 ], [ -89.925646, 35.240281 ], [ -89.925669, 35.240739 ], [ -89.925679, 35.240937 ], [ -89.925694, 35.241096 ], [ -89.925727, 35.241496 ], [ -89.92582, 35.242622 ], [ -89.925829, 35.242698 ], [ -89.92588, 35.243098 ], [ -89.925553, 35.243092 ], [ -89.924713, 35.243077 ], [ -89.924574, 35.243073 ], [ -89.924248, 35.243066 ], [ -89.923948, 35.243062 ], [ -89.923168, 35.243053 ], [ -89.923048, 35.24305 ], [ -89.922873, 35.243047 ], [ -89.92281, 35.243045 ], [ -89.922749, 35.243044 ], [ -89.922293, 35.243033 ], [ -89.920925, 35.243003 ], [ -89.920469, 35.242993 ], [ -89.919946, 35.24298 ], [ -89.918377, 35.242944 ], [ -89.917854, 35.242933 ], [ -89.917574, 35.242927 ], [ -89.917512, 35.242926 ], [ -89.917339, 35.242922 ], [ -89.916434, 35.242906 ], [ -89.915794, 35.242893 ], [ -89.91528, 35.242883 ], [ -89.91521, 35.242882 ], [ -89.91498, 35.242878 ], [ -89.914906, 35.242877 ], [ -89.91483, 35.242875 ], [ -89.914602, 35.242871 ], [ -89.914527, 35.24287 ], [ -89.914191, 35.242864 ], [ -89.913564, 35.242853 ], [ -89.913384, 35.24285 ], [ -89.913354, 35.24285 ], [ -89.913184, 35.242847 ], [ -89.912849, 35.242843 ], [ -89.912785, 35.242841 ], [ -89.912593, 35.242838 ], [ -89.912529, 35.242837 ], [ -89.912095, 35.242829 ], [ -89.911828, 35.242824 ], [ -89.911784, 35.242824 ], [ -89.909785, 35.24278 ], [ -89.909728, 35.242777 ], [ -89.909029, 35.242748 ], [ -89.908678, 35.24273 ], [ -89.907626, 35.242678 ], [ -89.907276, 35.242661 ], [ -89.907043, 35.242649 ], [ -89.906429, 35.24262 ], [ -89.906345, 35.242607 ], [ -89.906115, 35.242572 ], [ -89.905953, 35.24256 ], [ -89.905469, 35.242525 ], [ -89.905309, 35.242505 ], [ -89.905023, 35.242458 ], [ -89.904652, 35.242398 ], [ -89.904176, 35.242286 ], [ -89.903893, 35.242213 ], [ -89.903714, 35.24217 ], [ -89.903689, 35.242164 ], [ -89.90333, 35.242115 ], [ -89.903167, 35.242099 ], [ -89.903143, 35.242097 ], [ -89.902984, 35.242094 ], [ -89.902733, 35.242089 ], [ -89.902134, 35.242078 ], [ -89.901982, 35.24208 ], [ -89.901863, 35.242082 ], [ -89.901793, 35.242082 ], [ -89.901732, 35.242081 ], [ -89.901081, 35.242084 ], [ -89.900836, 35.242106 ], [ -89.900772, 35.242112 ], [ -89.900522, 35.242184 ], [ -89.899985, 35.242388 ], [ -89.899688, 35.24247 ], [ -89.899607, 35.242481 ], [ -89.899386, 35.242507 ], [ -89.899313, 35.242508 ], [ -89.898881, 35.242517 ], [ -89.898208, 35.242515 ], [ -89.897424, 35.242514 ], [ -89.897312, 35.242514 ], [ -89.897214, 35.242512 ], [ -89.897133, 35.242511 ], [ -89.895975, 35.242474 ], [ -89.895516, 35.242462 ], [ -89.894617, 35.242438 ], [ -89.894596, 35.242438 ], [ -89.891877, 35.242354 ], [ -89.891151, 35.242339 ], [ -89.89012, 35.242289 ], [ -89.889426, 35.242257 ], [ -89.888563, 35.242198 ], [ -89.888323, 35.242202 ], [ -89.88809, 35.242211 ], [ -89.887875, 35.242201 ], [ -89.887734, 35.242188 ], [ -89.887523, 35.242177 ], [ -89.886712, 35.242146 ], [ -89.886662, 35.242145 ], [ -89.885864, 35.242123 ], [ -89.885532, 35.242116 ], [ -89.884749, 35.242098 ], [ -89.884318, 35.242088 ], [ -89.884173, 35.242078 ], [ -89.883888, 35.242057 ], [ -89.883695, 35.242022 ], [ -89.883549, 35.24198 ], [ -89.883361, 35.241903 ], [ -89.882629, 35.241508 ], [ -89.88252, 35.24147 ], [ -89.882446, 35.241445 ], [ -89.882299, 35.241417 ], [ -89.882143, 35.241407 ], [ -89.881948, 35.241405 ], [ -89.880774, 35.241395 ], [ -89.880606, 35.241389 ], [ -89.88053, 35.241386 ], [ -89.880314, 35.24139 ], [ -89.88058, 35.241163 ], [ -89.880597, 35.241148 ], [ -89.880849, 35.240972 ], [ -89.881638, 35.240417 ], [ -89.881834, 35.240275 ], [ -89.882097, 35.240085 ], [ -89.882242, 35.239935 ], [ -89.882381, 35.239726 ], [ -89.882801, 35.238887 ], [ -89.882939, 35.238678 ], [ -89.883019, 35.238586 ], [ -89.883667, 35.237922 ], [ -89.8839, 35.237685 ], [ -89.884249, 35.237345 ], [ -89.884567, 35.237087 ], [ -89.884983, 35.236778 ], [ -89.88552, 35.236391 ], [ -89.885608, 35.236328 ], [ -89.885651, 35.236299 ], [ -89.885706, 35.236259 ], [ -89.886146, 35.235949 ], [ -89.886213, 35.235901 ], [ -89.886744, 35.235518 ], [ -89.887039, 35.235283 ], [ -89.887216, 35.235129 ], [ -89.887243, 35.235106 ], [ -89.887364, 35.234986 ], [ -89.887807, 35.234555 ], [ -89.887889, 35.234476 ], [ -89.887955, 35.234412 ], [ -89.888195, 35.234177 ], [ -89.888646, 35.233734 ], [ -89.888708, 35.233664 ], [ -89.888917, 35.233432 ], [ -89.889385, 35.232874 ], [ -89.889937, 35.232197 ], [ -89.890101, 35.231995 ], [ -89.89073, 35.231201 ], [ -89.890778, 35.231142 ], [ -89.891075, 35.230759 ], [ -89.891253, 35.230531 ], [ -89.891383, 35.230364 ], [ -89.891416, 35.230321 ], [ -89.891452, 35.230276 ], [ -89.891515, 35.230193 ], [ -89.891549, 35.230151 ], [ -89.891785, 35.229844 ], [ -89.891903, 35.229692 ], [ -89.892072, 35.229442 ], [ -89.892187, 35.229274 ], [ -89.892434, 35.228957 ], [ -89.892466, 35.228903 ], [ -89.892666, 35.228571 ], [ -89.892721, 35.228362 ], [ -89.89273, 35.228322 ], [ -89.892748, 35.228252 ], [ -89.892817, 35.227973 ], [ -89.892819, 35.227961 ], [ -89.892914, 35.227574 ], [ -89.892952, 35.22742 ], [ -89.892976, 35.227325 ], [ -89.893016, 35.227163 ], [ -89.893053, 35.227013 ], [ -89.893072, 35.226935 ], [ -89.893114, 35.226768 ], [ -89.893142, 35.22668 ], [ -89.893195, 35.226522 ], [ -89.893279, 35.226321 ], [ -89.893315, 35.226248 ], [ -89.893429, 35.226019 ], [ -89.893717, 35.225446 ], [ -89.893834, 35.225171 ], [ -89.893882, 35.225029 ], [ -89.89397, 35.224773 ], [ -89.89401, 35.224598 ], [ -89.894044, 35.224453 ], [ -89.894084, 35.224146 ], [ -89.894093, 35.22406 ], [ -89.894095, 35.223994 ], [ -89.894128, 35.223148 ], [ -89.894145, 35.222611 ], [ -89.894155, 35.222319 ], [ -89.89416, 35.222189 ], [ -89.894161, 35.22215 ], [ -89.894166, 35.221988 ], [ -89.894182, 35.221539 ], [ -89.894183, 35.221502 ], [ -89.894186, 35.221404 ], [ -89.894187, 35.22134 ], [ -89.894211, 35.221333 ], [ -89.894359, 35.221305 ], [ -89.894478, 35.221301 ], [ -89.895367, 35.221313 ], [ -89.895536, 35.221316 ], [ -89.895663, 35.221319 ], [ -89.895964, 35.221326 ], [ -89.896867, 35.22135 ], [ -89.897169, 35.221358 ], [ -89.897664, 35.22137 ], [ -89.89802, 35.221379 ], [ -89.899519, 35.221419 ], [ -89.900287, 35.221438 ], [ -89.900573, 35.221445 ], [ -89.901206, 35.221461 ], [ -89.90132, 35.221517 ], [ -89.901361, 35.221519 ], [ -89.901412, 35.221521 ], [ -89.901728, 35.221532 ], [ -89.902679, 35.221565 ], [ -89.902996, 35.221577 ], [ -89.903205, 35.221583 ], [ -89.903337, 35.221587 ], [ -89.903832, 35.221605 ], [ -89.904042, 35.221614 ], [ -89.904956, 35.221666 ], [ -89.90625, 35.221692 ], [ -89.906635, 35.221689 ], [ -89.90679, 35.221687 ], [ -89.907684, 35.221706 ], [ -89.907923, 35.221712 ], [ -89.908595, 35.221727 ], [ -89.909023, 35.221715 ], [ -89.909151, 35.221715 ], [ -89.909301, 35.221716 ], [ -89.909378, 35.221717 ], [ -89.909594, 35.221723 ], [ -89.910006, 35.221735 ], [ -89.91082, 35.221749 ], [ -89.910988, 35.221752 ], [ -89.911377, 35.22176 ], [ -89.911613, 35.221763 ], [ -89.912324, 35.221772 ], [ -89.912561, 35.221776 ], [ -89.912793, 35.221779 ], [ -89.91349, 35.221788 ], [ -89.913723, 35.221791 ], [ -89.913952, 35.221794 ], [ -89.914639, 35.221804 ], [ -89.914869, 35.221808 ], [ -89.915329, 35.221814 ], [ -89.915565, 35.221818 ], [ -89.916712, 35.221828 ], [ -89.916915, 35.22183 ], [ -89.917173, 35.221832 ], [ -89.917452, 35.221835 ], [ -89.917636, 35.221838 ], [ -89.918009, 35.221828 ], [ -89.918289, 35.221789 ], [ -89.918317, 35.221786 ], [ -89.918562, 35.221727 ], [ -89.918604, 35.221716 ], [ -89.918733, 35.221666 ], [ -89.918844, 35.221624 ], [ -89.919076, 35.221507 ], [ -89.919215, 35.221415 ], [ -89.919367, 35.221316 ], [ -89.919531, 35.221198 ], [ -89.919716, 35.221067 ], [ -89.920017, 35.220864 ], [ -89.920032, 35.220855 ], [ -89.92021, 35.220759 ], [ -89.920478, 35.220642 ], [ -89.92049, 35.220638 ], [ -89.920756, 35.220552 ], [ -89.921023, 35.22049 ], [ -89.921348, 35.220449 ], [ -89.921382, 35.220448 ], [ -89.921687, 35.22044 ], [ -89.921891, 35.220444 ], [ -89.922503, 35.220456 ], [ -89.922708, 35.22046 ], [ -89.922911, 35.220463 ], [ -89.923523, 35.220472 ], [ -89.923727, 35.220475 ], [ -89.923927, 35.220478 ], [ -89.924527, 35.22049 ], [ -89.924727, 35.220494 ], [ -89.925221, 35.220502 ], [ -89.926703, 35.220528 ], [ -89.927197, 35.220537 ], [ -89.9275, 35.22055 ], [ -89.927512, 35.220551 ], [ -89.927841, 35.220587 ], [ -89.928398, 35.220693 ], [ -89.928697, 35.22075 ], [ -89.928673, 35.220803 ] ] ] } },
{ "type": "Feature", "properties": { "STATEFP": "47", "COUNTYFP": "157", "TRACTCE": "011700", "GEOID": "47157011700", "GEOIDFQ": "1400000US47157011700", "NAME": "117", "NAMELSAD": "Census Tract 117", "MTFCC": "G5020", "FUNCSTAT": "S", "ALAND": 3521558, "AWATER": 0, "INTPTLAT": "+35.1167431", "INTPTLON": "-090.0649258", "geoid": "47157011700" }, "geometry": { "type": "Polygon", "coordinates": [ [ [ -90.077233, 35.12079 ], [ -90.077187, 35.121037 ], [ -90.077176, 35.121098 ], [ -90.077012, 35.121658 ], [ -90.076873, 35.122226 ], [ -90.076781, 35.122563 ], [ -90.076611, 35.122858 ], [ -90.076282, 35.123233 ], [ -90.075935, 35.123603 ], [ -90.07527, 35.124316 ], [ -90.075207, 35.124397 ], [ -90.075021, 35.124643 ], [ -90.074959, 35.124725 ], [ -90.074739, 35.124979 ], [ -90.074083, 35.125741 ], [ -90.073865, 35.125996 ], [ -90.073175, 35.125431 ], [ -90.07298, 35.125289 ], [ -90.072757, 35.125162 ], [ -90.072502, 35.12505 ], [ -90.072255, 35.12496 ], [ -90.072211, 35.124944 ], [ -90.071923, 35.124871 ], [ -90.071759, 35.124847 ], [ -90.071487, 35.124828 ], [ -90.071412, 35.124823 ], [ -90.070919, 35.124804 ], [ -90.070109, 35.124795 ], [ -90.069828, 35.124793 ], [ -90.069746, 35.124791 ], [ -90.069502, 35.124785 ], [ -90.069421, 35.124783 ], [ -90.06902, 35.124772 ], [ -90.068749, 35.124766 ], [ -90.067818, 35.124743 ], [ -90.067418, 35.124734 ], [ -90.067336, 35.124732 ], [ -90.067163, 35.124728 ], [ -90.067101, 35.124727 ], [ -90.067021, 35.124725 ], [ -90.066986, 35.124724 ], [ -90.066875, 35.124722 ], [ -90.065551, 35.124736 ], [ -90.065352, 35.124729 ], [ -90.065122, 35.124713 ], [ -90.064663, 35.124704 ], [ -90.06433, 35.124697 ], [ -90.063663, 35.124684 ], [ -90.062486, 35.124653 ], [ -90.061953, 35.124643 ], [ -90.061655, 35.124578 ], [ -90.061599, 35.124578 ], [ -90.060797, 35.124617 ], [ -90.06076, 35.124617 ], [ -90.060462, 35.124619 ], [ -90.060364, 35.124619 ], [ -90.060318, 35.12462 ], [ -90.060071, 35.124616 ], [ -90.059974, 35.124615 ], [ -90.059949, 35.124614 ], [ -90.059874, 35.124614 ], [ -90.05985, 35.124614 ], [ -90.059859, 35.124734 ], [ -90.059865, 35.12484 ], [ -90.059896, 35.125306 ], [ -90.059872, 35.125519 ], [ -90.059847, 35.125745 ], [ -90.059844, 35.125976 ], [ -90.05984, 35.12635 ], [ -90.059817, 35.126669 ], [ -90.059802, 35.1269 ], [ -90.059668, 35.126897 ], [ -90.059269, 35.12689 ], [ -90.059136, 35.126888 ], [ -90.058997, 35.126881 ], [ -90.058582, 35.126862 ], [ -90.058444, 35.126856 ], [ -90.05817, 35.126845 ], [ -90.057348, 35.126812 ], [ -90.057075, 35.126802 ], [ -90.05685, 35.126801 ], [ -90.056175, 35.126799 ], [ -90.055951, 35.126799 ], [ -90.055729, 35.126793 ], [ -90.055401, 35.126786 ], [ -90.055065, 35.126781 ], [ -90.054844, 35.126778 ], [ -90.054859, 35.126262 ], [ -90.054861, 35.126201 ], [ -90.054886, 35.125658 ], [ -90.054886, 35.125647 ], [ -90.054888, 35.125604 ], [ -90.054889, 35.125594 ], [ -90.054902, 35.125073 ], [ -90.054916, 35.124617 ], [ -90.054917, 35.124574 ], [ -90.054948, 35.123659 ], [ -90.054954, 35.123488 ], [ -90.054973, 35.122974 ], [ -90.05498, 35.122804 ], [ -90.054984, 35.122663 ], [ -90.054998, 35.122242 ], [ -90.055004, 35.122102 ], [ -90.055006, 35.122018 ], [ -90.055015, 35.121765 ], [ -90.055019, 35.121682 ], [ -90.055031, 35.121312 ], [ -90.05507, 35.120203 ], [ -90.055084, 35.119834 ], [ -90.055092, 35.119583 ], [ -90.055119, 35.118829 ], [ -90.055128, 35.118579 ], [ -90.055134, 35.118386 ], [ -90.055154, 35.117809 ], [ -90.055162, 35.117617 ], [ -90.055167, 35.117484 ], [ -90.055177, 35.117259 ], [ -90.055182, 35.117087 ], [ -90.055187, 35.116955 ], [ -90.055192, 35.116772 ], [ -90.055207, 35.116224 ], [ -90.055213, 35.116042 ], [ -90.055215, 35.115864 ], [ -90.055221, 35.115333 ], [ -90.055224, 35.115156 ], [ -90.055225, 35.11499 ], [ -90.05523, 35.114493 ], [ -90.055233, 35.114328 ], [ -90.055235, 35.114149 ], [ -90.05524, 35.113615 ], [ -90.055243, 35.113437 ], [ -90.055244, 35.11324 ], [ -90.055247, 35.112988 ], [ -90.055243, 35.112943 ], [ -90.055247, 35.112898 ], [ -90.055248, 35.112649 ], [ -90.05525, 35.112453 ], [ -90.055251, 35.112355 ], [ -90.055253, 35.112184 ], [ -90.055255, 35.112064 ], [ -90.055256, 35.112015 ], [ -90.055257, 35.111967 ], [ -90.055265, 35.11135 ], [ -90.05529, 35.109591 ], [ -90.055292, 35.1095 ], [ -90.055313, 35.108884 ], [ -90.055316, 35.108792 ], [ -90.055316, 35.108625 ], [ -90.055319, 35.107876 ], [ -90.05532, 35.107851 ], [ -90.055327, 35.107693 ], [ -90.055331, 35.107593 ], [ -90.055387, 35.107595 ], [ -90.055522, 35.107597 ], [ -90.056074, 35.107609 ], [ -90.056097, 35.107609 ], [ -90.056289, 35.107613 ], [ -90.056588, 35.107619 ], [ -90.057215, 35.107632 ], [ -90.057486, 35.107638 ], [ -90.057616, 35.107642 ], [ -90.057786, 35.107645 ], [ -90.057948, 35.107647 ], [ -90.058061, 35.10765 ], [ -90.058436, 35.107658 ], [ -90.058599, 35.107662 ], [ -90.058763, 35.107665 ], [ -90.059258, 35.107675 ], [ -90.059423, 35.107679 ], [ -90.059561, 35.107681 ], [ -90.059977, 35.107689 ], [ -90.060116, 35.107692 ], [ -90.060256, 35.107695 ], [ -90.060676, 35.107704 ], [ -90.060816, 35.107708 ], [ -90.060891, 35.107709 ], [ -90.061119, 35.107714 ], [ -90.061195, 35.107716 ], [ -90.061434, 35.107721 ], [ -90.062151, 35.107736 ], [ -90.062181, 35.107737 ], [ -90.062391, 35.10774 ], [ -90.062602, 35.107744 ], [ -90.063235, 35.107757 ], [ -90.063447, 35.107762 ], [ -90.063596, 35.107765 ], [ -90.064043, 35.107774 ], [ -90.064193, 35.107777 ], [ -90.064306, 35.107779 ], [ -90.064648, 35.107785 ], [ -90.064762, 35.107788 ], [ -90.064883, 35.10779 ], [ -90.065246, 35.107797 ], [ -90.065367, 35.1078 ], [ -90.065425, 35.107801 ], [ -90.065599, 35.107804 ], [ -90.065658, 35.107806 ], [ -90.066074, 35.107817 ], [ -90.067416, 35.107848 ], [ -90.067449, 35.107846 ], [ -90.067507, 35.10785 ], [ -90.069145, 35.10788 ], [ -90.06962, 35.10789 ], [ -90.069774, 35.107893 ], [ -90.070237, 35.107903 ], [ -90.070392, 35.107907 ], [ -90.070909, 35.107917 ], [ -90.072463, 35.10795 ], [ -90.072981, 35.107961 ], [ -90.07318, 35.107966 ], [ -90.073777, 35.107981 ], [ -90.073977, 35.107987 ], [ -90.074066, 35.10799 ], [ -90.07408, 35.107996 ], [ -90.074127, 35.107992 ], [ -90.074188, 35.107994 ], [ -90.074377, 35.107995 ], [ -90.074478, 35.107997 ], [ -90.074573, 35.107998 ], [ -90.0746, 35.107999 ], [ -90.074897, 35.108012 ], [ -90.074968, 35.108015 ], [ -90.075002, 35.108017 ], [ -90.075091, 35.108022 ], [ -90.075123, 35.108023 ], [ -90.075222, 35.108026 ], [ -90.075255, 35.108028 ], [ -90.0753, 35.108028 ], [ -90.075437, 35.108031 ], [ -90.075483, 35.108033 ], [ -90.075556, 35.108034 ], [ -90.075576, 35.108035 ], [ -90.07566, 35.108036 ], [ -90.075471, 35.109015 ], [ -90.07545, 35.109127 ], [ -90.075152, 35.110701 ], [ -90.074976, 35.11158 ], [ -90.074845, 35.11208 ], [ -90.074742, 35.112356 ], [ -90.074643, 35.112589 ], [ -90.074518, 35.112837 ], [ -90.074138, 35.113442 ], [ -90.073877, 35.11384 ], [ -90.073609, 35.114218 ], [ -90.073399, 35.114517 ], [ -90.073295, 35.114687 ], [ -90.073124, 35.114893 ], [ -90.072752, 35.115469 ], [ -90.072073, 35.116479 ], [ -90.071777, 35.116907 ], [ -90.071791, 35.116912 ], [ -90.071892, 35.116951 ], [ -90.072238, 35.117108 ], [ -90.072387, 35.117176 ], [ -90.072512, 35.117229 ], [ -90.07289, 35.117388 ], [ -90.073017, 35.117441 ], [ -90.074098, 35.118049 ], [ -90.074196, 35.118104 ], [ -90.074264, 35.118141 ], [ -90.074528, 35.118287 ], [ -90.074774, 35.118401 ], [ -90.076281, 35.119099 ], [ -90.076641, 35.119312 ], [ -90.076803, 35.119444 ], [ -90.076837, 35.119472 ], [ -90.077058, 35.119717 ], [ -90.077223, 35.12007 ], [ -90.077264, 35.120445 ], [ -90.077233, 35.12079 ] ] ] } },
{ "type": "Feature", "properties": { "STATEFP": "47", "COUNTYFP": "157", "TRACTCE": "010300", "GEOID": "47157010300", "GEOIDFQ": "1400000US47157010300", "NAME": "103", "NAMELSAD": "Census Tract 103", "MTFCC": "G5020", "FUNCSTAT": "S", "ALAND": 5611824, "AWATER": 0, "INTPTLAT": "+35.2492095", "INTPTLON": "-089.9829354", "geoid": "47157010300" }, "geometry": { "type": "Polygon", "coordinates": [ [ [ -90.00845, 35.242853 ], [ -90.00779, 35.243621 ], [ -90.005522, 35.246268 ], [ -90.005159, 35.246693 ], [ -90.004925, 35.246964 ], [ -90.000262, 35.252402 ], [ -89.998337, 35.254649 ], [ -89.996834, 35.256401 ], [ -89.99406, 35.259639 ], [ -89.994009, 35.259699 ], [ -89.993939, 35.25978 ], [ -89.993907, 35.259817 ], [ -89.993805, 35.259785 ], [ -89.99373, 35.259761 ], [ -89.993587, 35.259716 ], [ -89.993401, 35.259553 ], [ -89.993252, 35.259422 ], [ -89.993109, 35.259297 ], [ -89.993074, 35.259296 ], [ -89.99287, 35.259291 ], [ -89.992686, 35.259286 ], [ -89.992642, 35.259281 ], [ -89.992516, 35.259248 ], [ -89.992252, 35.259228 ], [ -89.991986, 35.259223 ], [ -89.991281, 35.259277 ], [ -89.991196, 35.259295 ], [ -89.990933, 35.259326 ], [ -89.990848, 35.259344 ], [ -89.99073, 35.259356 ], [ -89.990672, 35.259363 ], [ -89.990364, 35.259345 ], [ -89.990233, 35.259361 ], [ -89.99006, 35.25939 ], [ -89.989973, 35.259401 ], [ -89.989888, 35.259418 ], [ -89.989846, 35.25943 ], [ -89.989673, 35.259458 ], [ -89.989281, 35.259511 ], [ -89.98893, 35.259546 ], [ -89.988843, 35.259558 ], [ -89.988499, 35.259629 ], [ -89.988458, 35.259642 ], [ -89.988392, 35.259673 ], [ -89.98823, 35.259751 ], [ -89.988087, 35.259836 ], [ -89.987856, 35.25994 ], [ -89.987831, 35.259953 ], [ -89.987781, 35.259978 ], [ -89.987581, 35.260055 ], [ -89.987416, 35.260107 ], [ -89.98738, 35.260128 ], [ -89.987198, 35.260196 ], [ -89.9871, 35.260233 ], [ -89.987026, 35.260272 ], [ -89.986946, 35.260302 ], [ -89.986871, 35.260339 ], [ -89.986789, 35.260366 ], [ -89.986666, 35.260397 ], [ -89.986578, 35.26042 ], [ -89.986507, 35.260463 ], [ -89.986392, 35.260515 ], [ -89.986269, 35.260556 ], [ -89.986232, 35.260575 ], [ -89.986202, 35.260602 ], [ -89.986131, 35.260643 ], [ -89.98605, 35.260673 ], [ -89.985816, 35.260773 ], [ -89.985661, 35.260807 ], [ -89.98537, 35.260948 ], [ -89.985253, 35.261066 ], [ -89.984887, 35.261198 ], [ -89.984781, 35.26123 ], [ -89.984396, 35.261346 ], [ -89.984068, 35.261442 ], [ -89.983691, 35.261611 ], [ -89.98349, 35.261717 ], [ -89.983451, 35.261738 ], [ -89.9832, 35.261827 ], [ -89.982778, 35.26187 ], [ -89.982541, 35.261888 ], [ -89.982082, 35.261915 ], [ -89.98177, 35.261931 ], [ -89.98118, 35.26194 ], [ -89.980806, 35.261911 ], [ -89.980462, 35.261898 ], [ -89.980094, 35.261888 ], [ -89.979719, 35.261906 ], [ -89.979615, 35.261908 ], [ -89.979455, 35.261912 ], [ -89.979282, 35.261943 ], [ -89.97899, 35.261963 ], [ -89.978806, 35.262002 ], [ -89.978558, 35.262064 ], [ -89.978349, 35.262055 ], [ -89.978303, 35.262032 ], [ -89.978252, 35.262007 ], [ -89.9782, 35.261951 ], [ -89.978191, 35.261942 ], [ -89.978057, 35.2618 ], [ -89.977975, 35.261713 ], [ -89.977842, 35.26157 ], [ -89.97782, 35.261548 ], [ -89.977743, 35.261408 ], [ -89.977629, 35.261152 ], [ -89.977556, 35.260798 ], [ -89.977437, 35.260474 ], [ -89.977327, 35.260161 ], [ -89.977287, 35.26 ], [ -89.977252, 35.259911 ], [ -89.977204, 35.259791 ], [ -89.977081, 35.259477 ], [ -89.976993, 35.259253 ], [ -89.976801, 35.257986 ], [ -89.976796, 35.257969 ], [ -89.976783, 35.257905 ], [ -89.97672, 35.257581 ], [ -89.976631, 35.257269 ], [ -89.976588, 35.257167 ], [ -89.976572, 35.257097 ], [ -89.976538, 35.257032 ], [ -89.9765, 35.256892 ], [ -89.976465, 35.256827 ], [ -89.976444, 35.256758 ], [ -89.976413, 35.256691 ], [ -89.976389, 35.256661 ], [ -89.976312, 35.256533 ], [ -89.976227, 35.256369 ], [ -89.976207, 35.256338 ], [ -89.976182, 35.256309 ], [ -89.976163, 35.256277 ], [ -89.976134, 35.25621 ], [ -89.976107, 35.256182 ], [ -89.976023, 35.256057 ], [ -89.975998, 35.255989 ], [ -89.975925, 35.2559 ], [ -89.975861, 35.255807 ], [ -89.975846, 35.255773 ], [ -89.975817, 35.255746 ], [ -89.975775, 35.255683 ], [ -89.97575, 35.255654 ], [ -89.975719, 35.255628 ], [ -89.975652, 35.255583 ], [ -89.975515, 35.255443 ], [ -89.975493, 35.255416 ], [ -89.97541, 35.255286 ], [ -89.975388, 35.255278 ], [ -89.975296, 35.255243 ], [ -89.975246, 35.255224 ], [ -89.975068, 35.255118 ], [ -89.975011, 35.255064 ], [ -89.974989, 35.255033 ], [ -89.974959, 35.255007 ], [ -89.974752, 35.254874 ], [ -89.97469, 35.254825 ], [ -89.97455, 35.254738 ], [ -89.974519, 35.254713 ], [ -89.974266, 35.254571 ], [ -89.974215, 35.25455 ], [ -89.974068, 35.254492 ], [ -89.973857, 35.254441 ], [ -89.973816, 35.254428 ], [ -89.973778, 35.254409 ], [ -89.973444, 35.254313 ], [ -89.973188, 35.254258 ], [ -89.973132, 35.254247 ], [ -89.972498, 35.254133 ], [ -89.972413, 35.254115 ], [ -89.972281, 35.254103 ], [ -89.972061, 35.25409 ], [ -89.971751, 35.254087 ], [ -89.971441, 35.25409 ], [ -89.971309, 35.254082 ], [ -89.971133, 35.254066 ], [ -89.970957, 35.254056 ], [ -89.970825, 35.254053 ], [ -89.970516, 35.254038 ], [ -89.970295, 35.254041 ], [ -89.970033, 35.254067 ], [ -89.96996, 35.254081 ], [ -89.969938, 35.254128 ], [ -89.969607, 35.25426 ], [ -89.969237, 35.254292 ], [ -89.969147, 35.254376 ], [ -89.96896, 35.254587 ], [ -89.968828, 35.254729 ], [ -89.968806, 35.254642 ], [ -89.968784, 35.254557 ], [ -89.968761, 35.254472 ], [ -89.968757, 35.254453 ], [ -89.968738, 35.254366 ], [ -89.968714, 35.254261 ], [ -89.968403, 35.252877 ], [ -89.968314, 35.252395 ], [ -89.96828, 35.252062 ], [ -89.968246, 35.251584 ], [ -89.968232, 35.250878 ], [ -89.968219, 35.250135 ], [ -89.96817, 35.246688 ], [ -89.968166, 35.246537 ], [ -89.968152, 35.245922 ], [ -89.968088, 35.243252 ], [ -89.968027, 35.242792 ], [ -89.967953, 35.242431 ], [ -89.967892, 35.242153 ], [ -89.967755, 35.241732 ], [ -89.967627, 35.241382 ], [ -89.967356, 35.240777 ], [ -89.967041, 35.240139 ], [ -89.966902, 35.239856 ], [ -89.966259, 35.238551 ], [ -89.966049, 35.238114 ], [ -89.965987, 35.237984 ], [ -89.965445, 35.236863 ], [ -89.965402, 35.236774 ], [ -89.965273, 35.236508 ], [ -89.965231, 35.23642 ], [ -89.965484, 35.236344 ], [ -89.96562, 35.236302 ], [ -89.965871, 35.236225 ], [ -89.966021, 35.236165 ], [ -89.966205, 35.236054 ], [ -89.966312, 35.235959 ], [ -89.966405, 35.235845 ], [ -89.966473, 35.235721 ], [ -89.966512, 35.235576 ], [ -89.966539, 35.235171 ], [ -89.966549, 35.234984 ], [ -89.966571, 35.234592 ], [ -89.966596, 35.234426 ], [ -89.966626, 35.234242 ], [ -89.966644, 35.234077 ], [ -89.96667, 35.23386 ], [ -89.96664, 35.233649 ], [ -89.966633, 35.233584 ], [ -89.966617, 35.23342 ], [ -89.966924, 35.233411 ], [ -89.968652, 35.233415 ], [ -89.969258, 35.233418 ], [ -89.96958, 35.233416 ], [ -89.970235, 35.233445 ], [ -89.970606, 35.233483 ], [ -89.971138, 35.233523 ], [ -89.971477, 35.233528 ], [ -89.972338, 35.233461 ], [ -89.972966, 35.233438 ], [ -89.973453, 35.233437 ], [ -89.973501, 35.233437 ], [ -89.974916, 35.233408 ], [ -89.97504, 35.233406 ], [ -89.975403, 35.233377 ], [ -89.97543, 35.23393 ], [ -89.975444, 35.234099 ], [ -89.975463, 35.23432 ], [ -89.975403, 35.235798 ], [ -89.975375, 35.236268 ], [ -89.975369, 35.23637 ], [ -89.97534, 35.236992 ], [ -89.975268, 35.239184 ], [ -89.975263, 35.239709 ], [ -89.975232, 35.241357 ], [ -89.975229, 35.242229 ], [ -89.975875, 35.242307 ], [ -89.976569, 35.242267 ], [ -89.976822, 35.242261 ], [ -89.977048, 35.242275 ], [ -89.977227, 35.242317 ], [ -89.977254, 35.242325 ], [ -89.977474, 35.24241 ], [ -89.977657, 35.242513 ], [ -89.977777, 35.24259 ], [ -89.977934, 35.242737 ], [ -89.978069, 35.242903 ], [ -89.978079, 35.242915 ], [ -89.978321, 35.243255 ], [ -89.978811, 35.24394 ], [ -89.978987, 35.244143 ], [ -89.979124, 35.244249 ], [ -89.979134, 35.244256 ], [ -89.979275, 35.244324 ], [ -89.979659, 35.244451 ], [ -89.979729, 35.244473 ], [ -89.97979, 35.24449 ], [ -89.980101, 35.244581 ], [ -89.98112, 35.244878 ], [ -89.981433, 35.24496 ], [ -89.981499, 35.244978 ], [ -89.981725, 35.245002 ], [ -89.981892, 35.245003 ], [ -89.982085, 35.244993 ], [ -89.982664, 35.244965 ], [ -89.982858, 35.244956 ], [ -89.9832, 35.24496 ], [ -89.983236, 35.244961 ], [ -89.984229, 35.244964 ], [ -89.984512, 35.244966 ], [ -89.984572, 35.244966 ], [ -89.985368, 35.244971 ], [ -89.985779, 35.244975 ], [ -89.98598, 35.244977 ], [ -89.986319, 35.244997 ], [ -89.986648, 35.245002 ], [ -89.986931, 35.244972 ], [ -89.987142, 35.244906 ], [ -89.987206, 35.244875 ], [ -89.987332, 35.244791 ], [ -89.987618, 35.244537 ], [ -89.987789, 35.244386 ], [ -89.988042, 35.244164 ], [ -89.988226, 35.244022 ], [ -89.988464, 35.243875 ], [ -89.988923, 35.24367 ], [ -89.989181, 35.243556 ], [ -89.990096, 35.243043 ], [ -89.990556, 35.242845 ], [ -89.99098, 35.24268 ], [ -89.99104, 35.242662 ], [ -89.991144, 35.242633 ], [ -89.991803, 35.242485 ], [ -89.991913, 35.242465 ], [ -89.992097, 35.242406 ], [ -89.992265, 35.242353 ], [ -89.992958, 35.242087 ], [ -89.993244, 35.241978 ], [ -89.993242, 35.242352 ], [ -89.99324, 35.242772 ], [ -89.993217, 35.243477 ], [ -89.993205, 35.243852 ], [ -89.993191, 35.24404 ], [ -89.993156, 35.244431 ], [ -89.993175, 35.244576 ], [ -89.99322, 35.244683 ], [ -89.993304, 35.244787 ], [ -89.993447, 35.244902 ], [ -89.993844, 35.245175 ], [ -89.993993, 35.245294 ], [ -89.994181, 35.245497 ], [ -89.994966, 35.246463 ], [ -89.995312, 35.246832 ], [ -89.995349, 35.246868 ], [ -89.995854, 35.247359 ], [ -89.995946, 35.247423 ], [ -89.996026, 35.247449 ], [ -89.996104, 35.247451 ], [ -89.996191, 35.247437 ], [ -89.996459, 35.247333 ], [ -89.997048, 35.247108 ], [ -89.997504, 35.246913 ], [ -89.997577, 35.246883 ], [ -89.997856, 35.246782 ], [ -89.997987, 35.246734 ], [ -89.99862, 35.246472 ], [ -89.999166, 35.246268 ], [ -89.99947, 35.246172 ], [ -89.999632, 35.246128 ], [ -89.999951, 35.246041 ], [ -90.000023, 35.246022 ], [ -90.002329, 35.245402 ], [ -90.002695, 35.245276 ], [ -90.002997, 35.245129 ], [ -90.003591, 35.244808 ], [ -90.00428, 35.244417 ], [ -90.004908, 35.244059 ], [ -90.005933, 35.24346 ], [ -90.006028, 35.243403 ], [ -90.007421, 35.242581 ], [ -90.007596, 35.242495 ], [ -90.007687, 35.242482 ], [ -90.007774, 35.242498 ], [ -90.007979, 35.242608 ], [ -90.008073, 35.242655 ], [ -90.008297, 35.24277 ], [ -90.00845, 35.242853 ] ] ] } },
{ "type": "Feature", "properties": { "STATEFP": "47", "COUNTYFP": "157", "TRACTCE": "004500", "GEOID": "47157004500", "GEOIDFQ": "1400000US47157004500", "NAME": "45", "NAMELSAD": "Census Tract 45", "MTFCC": "G5020", "FUNCSTAT": "S", "ALAND": 555454, "AWATER": 0, "INTPTLAT": "+35.1285674", "INTPTLON": "-090.0394263", "geoid": "47157004500" }, "geometry": { "type": "Polygon", "coordinates": [ [ [ -90.044496, 35.128648 ], [ -90.04443, 35.128983 ], [ -90.044414, 35.12912 ], [ -90.044437, 35.129262 ], [ -90.044444, 35.129314 ], [ -90.044417, 35.129563 ], [ -90.044381, 35.129842 ], [ -90.044288, 35.130581 ], [ -90.044267, 35.130717 ], [ -90.044215, 35.131079 ], [ -90.04415, 35.131518 ], [ -90.044085, 35.131966 ], [ -90.044076, 35.132026 ], [ -90.043913, 35.13201 ], [ -90.043366, 35.131957 ], [ -90.043074, 35.131912 ], [ -90.042999, 35.131891 ], [ -90.042942, 35.131875 ], [ -90.042702, 35.131789 ], [ -90.042351, 35.131673 ], [ -90.042089, 35.131616 ], [ -90.04108, 35.131601 ], [ -90.040758, 35.131597 ], [ -90.040629, 35.131595 ], [ -90.040244, 35.131589 ], [ -90.040116, 35.131588 ], [ -90.039478, 35.131571 ], [ -90.038132, 35.131536 ], [ -90.037607, 35.131525 ], [ -90.036725, 35.131503 ], [ -90.036696, 35.131502 ], [ -90.035064, 35.131466 ], [ -90.0351, 35.130406 ], [ -90.035104, 35.130277 ], [ -90.035116, 35.129889 ], [ -90.035121, 35.129761 ], [ -90.035125, 35.129624 ], [ -90.035137, 35.129215 ], [ -90.035142, 35.129079 ], [ -90.035142, 35.129049 ], [ -90.035144, 35.128959 ], [ -90.035146, 35.12893 ], [ -90.035152, 35.12873 ], [ -90.035173, 35.128129 ], [ -90.03518, 35.12793 ], [ -90.035194, 35.12744 ], [ -90.035213, 35.127063 ], [ -90.035213, 35.126999 ], [ -90.035244, 35.126018 ], [ -90.035252, 35.12579 ], [ -90.035259, 35.125617 ], [ -90.03528, 35.125106 ], [ -90.035285, 35.125 ], [ -90.035281, 35.124879 ], [ -90.035279, 35.124823 ], [ -90.035276, 35.124656 ], [ -90.035276, 35.124601 ], [ -90.035538, 35.124605 ], [ -90.036324, 35.12462 ], [ -90.036587, 35.124625 ], [ -90.036606, 35.124625 ], [ -90.036665, 35.124626 ], [ -90.036685, 35.124627 ], [ -90.036745, 35.124631 ], [ -90.036928, 35.124643 ], [ -90.036989, 35.124647 ], [ -90.037353, 35.124693 ], [ -90.037419, 35.124702 ], [ -90.037935, 35.124798 ], [ -90.038412, 35.124924 ], [ -90.03843, 35.12493 ], [ -90.038777, 35.125053 ], [ -90.038931, 35.125124 ], [ -90.039049, 35.125178 ], [ -90.039637, 35.125454 ], [ -90.040348, 35.125788 ], [ -90.04084, 35.126018 ], [ -90.041233, 35.126161 ], [ -90.041637, 35.126281 ], [ -90.042091, 35.126384 ], [ -90.042304, 35.126419 ], [ -90.042709, 35.126487 ], [ -90.043247, 35.126524 ], [ -90.043276, 35.126562 ], [ -90.043841, 35.127315 ], [ -90.044197, 35.127796 ], [ -90.04426, 35.127892 ], [ -90.044345, 35.128068 ], [ -90.044429, 35.128298 ], [ -90.044479, 35.12844 ], [ -90.044533, 35.128586 ], [ -90.044496, 35.128648 ] ] ] } },
{ "type": "Feature", "properties": { "STATEFP": "47", "COUNTYFP": "157", "TRACTCE": "980300", "GEOID": "47157980300", "GEOIDFQ": "1400000US47157980300", "NAME": "9803", "NAMELSAD": "Census Tract 9803", "MTFCC": "G5020", "FUNCSTAT": "S", "ALAND": 76751530, "AWATER": 20724655, "INTPTLAT": "+35.0251440", "INTPTLON": "-090.1954899", "geoid": "47157980300" }, "geometry": { "type": "Polygon", "coordinates": [ [ [ -90.310491, 35.004567 ], [ -90.310455, 35.005096 ], [ -90.310364, 35.005777 ], [ -90.31031, 35.006245 ], [ -90.310179, 35.006964 ], [ -90.310144, 35.007094 ], [ -90.310051, 35.007416 ], [ -90.310047, 35.007455 ], [ -90.309986, 35.007677 ], [ -90.309924, 35.007886 ], [ -90.309895, 35.007971 ], [ -90.309861, 35.008069 ], [ -90.309712, 35.008478 ], [ -90.309643, 35.008665 ], [ -90.309415, 35.009246 ], [ -90.309256, 35.009592 ], [ -90.309024, 35.009997 ], [ -90.308959, 35.010104 ], [ -90.30875, 35.010402 ], [ -90.308606, 35.010603 ], [ -90.308326, 35.010969 ], [ -90.308033, 35.011324 ], [ -90.307823, 35.01152 ], [ -90.307539, 35.011776 ], [ -90.307268, 35.011998 ], [ -90.306916, 35.012303 ], [ -90.306868, 35.012343 ], [ -90.306714, 35.012466 ], [ -90.306389, 35.012754 ], [ -90.306246, 35.01288 ], [ -90.306023, 35.013042 ], [ -90.30578, 35.013233 ], [ -90.305692, 35.013298 ], [ -90.305496, 35.013461 ], [ -90.305442, 35.013493 ], [ -90.30528, 35.013596 ], [ -90.305206, 35.013639 ], [ -90.305138, 35.013705 ], [ -90.305097, 35.013787 ], [ -90.305103, 35.013847 ], [ -90.305129, 35.013909 ], [ -90.305188, 35.013981 ], [ -90.305306, 35.014075 ], [ -90.305372, 35.014115 ], [ -90.305445, 35.014165 ], [ -90.30551, 35.014248 ], [ -90.305555, 35.014342 ], [ -90.30566, 35.014481 ], [ -90.305739, 35.014537 ], [ -90.305864, 35.014643 ], [ -90.30591, 35.014704 ], [ -90.305976, 35.014848 ], [ -90.305999, 35.014969 ], [ -90.306014, 35.015044 ], [ -90.306049, 35.015222 ], [ -90.306074, 35.015316 ], [ -90.306084, 35.015515 ], [ -90.306099, 35.015829 ], [ -90.306088, 35.016098 ], [ -90.306062, 35.016472 ], [ -90.305972, 35.01727 ], [ -90.305867, 35.01827 ], [ -90.305741, 35.019082 ], [ -90.305612, 35.019578 ], [ -90.305298, 35.020422 ], [ -90.304877, 35.021326 ], [ -90.304646, 35.021884 ], [ -90.304397, 35.022293 ], [ -90.303831, 35.023287 ], [ -90.303557, 35.023696 ], [ -90.302985, 35.024411 ], [ -90.302549, 35.024924 ], [ -90.301958, 35.025551 ], [ -90.301389, 35.02621 ], [ -90.301222, 35.02649 ], [ -90.300875, 35.026926 ], [ -90.300648, 35.027348 ], [ -90.300425, 35.027885 ], [ -90.300239, 35.028415 ], [ -90.300139, 35.028956 ], [ -90.30012, 35.02906 ], [ -90.299938, 35.029416 ], [ -90.299851, 35.029585 ], [ -90.299468, 35.030292 ], [ -90.299292, 35.030697 ], [ -90.299148, 35.031122 ], [ -90.299061, 35.031383 ], [ -90.298826, 35.031859 ], [ -90.298402, 35.03251 ], [ -90.298358, 35.032724 ], [ -90.29826, 35.033422 ], [ -90.298156, 35.034114 ], [ -90.297981, 35.034982 ], [ -90.297727, 35.035833 ], [ -90.297404, 35.036809 ], [ -90.297178, 35.037594 ], [ -90.296968, 35.038175 ], [ -90.296607, 35.038672 ], [ -90.29607, 35.039223 ], [ -90.295651, 35.039571 ], [ -90.29519, 35.039973 ], [ -90.294751, 35.040271 ], [ -90.294512, 35.040412 ], [ -90.29436, 35.040504 ], [ -90.293996, 35.040698 ], [ -90.293518, 35.040963 ], [ -90.29298, 35.041172 ], [ -90.292348, 35.041356 ], [ -90.29174, 35.041494 ], [ -90.291131, 35.041565 ], [ -90.290335, 35.041623 ], [ -90.289421, 35.041597 ], [ -90.288667, 35.041595 ], [ -90.287985, 35.041592 ], [ -90.287057, 35.041594 ], [ -90.286122, 35.041589 ], [ -90.285713, 35.041552 ], [ -90.285421, 35.041511 ], [ -90.285233, 35.041485 ], [ -90.284075, 35.041339 ], [ -90.283658, 35.041285 ], [ -90.283166, 35.041225 ], [ -90.283049, 35.041211 ], [ -90.282963, 35.041196 ], [ -90.282667, 35.041139 ], [ -90.282238, 35.041064 ], [ -90.281985, 35.041001 ], [ -90.281499, 35.040937 ], [ -90.280195, 35.041009 ], [ -90.279321, 35.040934 ], [ -90.277149, 35.040775 ], [ -90.276513, 35.040733 ], [ -90.275865, 35.04072 ], [ -90.275488, 35.040713 ], [ -90.275273, 35.040733 ], [ -90.274729, 35.040799 ], [ -90.274408, 35.040843 ], [ -90.274032, 35.040882 ], [ -90.273747, 35.040911 ], [ -90.273502, 35.040917 ], [ -90.273208, 35.040922 ], [ -90.272871, 35.040902 ], [ -90.272542, 35.040879 ], [ -90.27218, 35.040853 ], [ -90.27186, 35.040827 ], [ -90.271104, 35.040752 ], [ -90.270879, 35.040737 ], [ -90.270575, 35.04072 ], [ -90.269972, 35.040694 ], [ -90.269563, 35.040675 ], [ -90.268842, 35.040651 ], [ -90.268241, 35.040645 ], [ -90.267567, 35.040637 ], [ -90.266979, 35.040625 ], [ -90.266558, 35.040626 ], [ -90.265984, 35.04062 ], [ -90.265544, 35.040582 ], [ -90.264818, 35.040448 ], [ -90.26436, 35.0403 ], [ -90.264177, 35.040155 ], [ -90.263946, 35.039971 ], [ -90.263709, 35.039704 ], [ -90.263573, 35.039411 ], [ -90.263524, 35.039255 ], [ -90.26349, 35.03916 ], [ -90.263368, 35.038924 ], [ -90.263145, 35.038658 ], [ -90.263031, 35.038466 ], [ -90.263024, 35.038315 ], [ -90.263056, 35.037991 ], [ -90.263081, 35.037699 ], [ -90.263125, 35.037452 ], [ -90.263124, 35.037199 ], [ -90.26296, 35.037059 ], [ -90.262538, 35.036788 ], [ -90.262112, 35.036494 ], [ -90.261703, 35.036226 ], [ -90.261633, 35.036203 ], [ -90.261318, 35.0361 ], [ -90.260958, 35.036008 ], [ -90.26066, 35.035937 ], [ -90.260385, 35.035871 ], [ -90.260013, 35.035784 ], [ -90.259433, 35.035662 ], [ -90.25886, 35.03554 ], [ -90.258453, 35.035446 ], [ -90.258096, 35.035373 ], [ -90.257807, 35.035317 ], [ -90.257438, 35.03526 ], [ -90.257253, 35.035222 ], [ -90.256901, 35.035126 ], [ -90.25674, 35.035076 ], [ -90.256562, 35.034977 ], [ -90.256424, 35.03489 ], [ -90.256218, 35.034735 ], [ -90.25615, 35.034667 ], [ -90.256024, 35.034542 ], [ -90.255884, 35.034396 ], [ -90.255449, 35.034039 ], [ -90.255074, 35.033661 ], [ -90.254762, 35.033345 ], [ -90.254595, 35.033176 ], [ -90.254501, 35.033075 ], [ -90.254293, 35.032854 ], [ -90.25401, 35.032608 ], [ -90.253726, 35.032413 ], [ -90.253236, 35.032154 ], [ -90.252699, 35.031923 ], [ -90.252342, 35.031754 ], [ -90.251797, 35.03161 ], [ -90.251396, 35.031573 ], [ -90.250661, 35.031642 ], [ -90.250031, 35.031756 ], [ -90.249642, 35.031822 ], [ -90.248216, 35.032065 ], [ -90.247891, 35.032143 ], [ -90.247188, 35.032243 ], [ -90.246554, 35.032323 ], [ -90.24592, 35.032436 ], [ -90.245347, 35.032528 ], [ -90.244713, 35.032586 ], [ -90.243819, 35.032638 ], [ -90.242979, 35.032678 ], [ -90.242059, 35.03268 ], [ -90.240739, 35.032593 ], [ -90.23912, 35.032444 ], [ -90.237834, 35.032296 ], [ -90.237014, 35.032172 ], [ -90.236108, 35.032008 ], [ -90.235289, 35.031862 ], [ -90.234303, 35.031677 ], [ -90.233291, 35.031469 ], [ -90.232352, 35.03124 ], [ -90.231348, 35.030946 ], [ -90.230703, 35.030757 ], [ -90.229576, 35.030426 ], [ -90.228757, 35.030258 ], [ -90.227292, 35.02987 ], [ -90.226833, 35.029748 ], [ -90.225914, 35.029476 ], [ -90.225854, 35.029456 ], [ -90.225339, 35.02928 ], [ -90.224853, 35.029113 ], [ -90.224461, 35.028978 ], [ -90.22395, 35.028812 ], [ -90.223459, 35.028658 ], [ -90.22264, 35.02838 ], [ -90.221908, 35.028146 ], [ -90.221762, 35.028093 ], [ -90.221023, 35.027823 ], [ -90.220142, 35.027515 ], [ -90.219925, 35.027439 ], [ -90.218967, 35.027144 ], [ -90.218265, 35.026916 ], [ -90.217653, 35.026686 ], [ -90.216924, 35.026415 ], [ -90.216689, 35.026338 ], [ -90.216337, 35.026223 ], [ -90.215805, 35.026058 ], [ -90.215331, 35.025923 ], [ -90.214443, 35.025709 ], [ -90.214143, 35.025649 ], [ -90.213905, 35.025607 ], [ -90.213233, 35.025502 ], [ -90.212576, 35.025428 ], [ -90.211915, 35.02538 ], [ -90.211583, 35.025366 ], [ -90.21092, 35.025357 ], [ -90.210257, 35.025374 ], [ -90.209841, 35.025396 ], [ -90.209307, 35.025445 ], [ -90.208937, 35.025487 ], [ -90.208609, 35.025531 ], [ -90.208283, 35.025582 ], [ -90.207959, 35.025639 ], [ -90.207636, 35.025703 ], [ -90.207315, 35.025773 ], [ -90.206997, 35.025849 ], [ -90.206777, 35.026013 ], [ -90.205642, 35.027042 ], [ -90.200717, 35.031508 ], [ -90.199761, 35.032375 ], [ -90.196797, 35.035063 ], [ -90.191217, 35.040213 ], [ -90.189277, 35.042433 ], [ -90.187556, 35.044319 ], [ -90.187335, 35.044559 ], [ -90.187197, 35.044711 ], [ -90.186547, 35.045423 ], [ -90.182777, 35.050903 ], [ -90.181157, 35.053943 ], [ -90.180494, 35.055646 ], [ -90.18265, 35.055598 ], [ -90.182494, 35.055753 ], [ -90.182309, 35.055937 ], [ -90.182192, 35.056095 ], [ -90.182095, 35.056174 ], [ -90.182011, 35.056279 ], [ -90.181912, 35.056403 ], [ -90.18183, 35.056526 ], [ -90.181753, 35.056669 ], [ -90.181683, 35.056821 ], [ -90.181619, 35.056942 ], [ -90.18153, 35.057098 ], [ -90.181398, 35.057374 ], [ -90.181357, 35.057494 ], [ -90.18121, 35.057723 ], [ -90.18108, 35.057994 ], [ -90.181004, 35.058209 ], [ -90.180947, 35.058416 ], [ -90.180891, 35.058659 ], [ -90.180874, 35.058732 ], [ -90.180846, 35.058877 ], [ -90.180693, 35.059242 ], [ -90.180695, 35.059381 ], [ -90.180605, 35.059675 ], [ -90.180537, 35.05989 ], [ -90.18048, 35.060128 ], [ -90.180445, 35.060404 ], [ -90.180418, 35.060479 ], [ -90.180379, 35.060583 ], [ -90.180312, 35.060743 ], [ -90.180261, 35.060969 ], [ -90.180209, 35.061107 ], [ -90.180134, 35.061296 ], [ -90.180049, 35.06155 ], [ -90.179974, 35.061769 ], [ -90.179947, 35.061992 ], [ -90.179873, 35.062258 ], [ -90.179812, 35.062508 ], [ -90.179725, 35.06275 ], [ -90.179635, 35.062975 ], [ -90.179545, 35.063221 ], [ -90.179524, 35.063434 ], [ -90.179501, 35.063602 ], [ -90.179462, 35.063763 ], [ -90.179442, 35.063848 ], [ -90.179376, 35.064048 ], [ -90.179341, 35.064156 ], [ -90.179302, 35.06429 ], [ -90.179249, 35.06448 ], [ -90.179236, 35.064576 ], [ -90.179208, 35.064746 ], [ -90.179195, 35.064825 ], [ -90.179165, 35.064925 ], [ -90.179142, 35.065097 ], [ -90.179139, 35.065312 ], [ -90.179147, 35.065429 ], [ -90.179141, 35.065635 ], [ -90.179135, 35.065885 ], [ -90.17919, 35.066043 ], [ -90.179199, 35.066195 ], [ -90.179195, 35.066533 ], [ -90.179197, 35.066855 ], [ -90.179223, 35.067026 ], [ -90.179214, 35.067114 ], [ -90.179211, 35.067212 ], [ -90.179243, 35.067393 ], [ -90.179251, 35.067583 ], [ -90.17931, 35.067803 ], [ -90.179406, 35.067926 ], [ -90.179508, 35.068093 ], [ -90.179637, 35.068263 ], [ -90.179784, 35.068439 ], [ -90.179948, 35.068561 ], [ -90.180039, 35.068737 ], [ -90.180158, 35.068916 ], [ -90.180312, 35.069127 ], [ -90.180403, 35.069277 ], [ -90.18054, 35.069479 ], [ -90.180709, 35.069729 ], [ -90.180823, 35.069889 ], [ -90.180956, 35.07001 ], [ -90.181045, 35.070134 ], [ -90.181155, 35.070315 ], [ -90.181266, 35.070489 ], [ -90.18136, 35.070597 ], [ -90.181454, 35.070796 ], [ -90.181519, 35.070879 ], [ -90.181598, 35.071006 ], [ -90.181736, 35.07117 ], [ -90.181807, 35.071287 ], [ -90.181938, 35.071433 ], [ -90.182105, 35.071567 ], [ -90.182238, 35.071662 ], [ -90.182381, 35.071751 ], [ -90.18286, 35.071854 ], [ -90.183035, 35.071823 ], [ -90.18323, 35.071759 ], [ -90.183353, 35.071716 ], [ -90.183437, 35.071679 ], [ -90.183526, 35.071619 ], [ -90.183631, 35.071541 ], [ -90.183681, 35.071487 ], [ -90.185619, 35.072292 ], [ -90.187194, 35.072976 ], [ -90.187787, 35.073218 ], [ -90.186815, 35.075748 ], [ -90.18633, 35.075746 ], [ -90.186136, 35.075744 ], [ -90.184961, 35.075738 ], [ -90.18393, 35.075732 ], [ -90.183519, 35.07573 ], [ -90.180718, 35.075913 ], [ -90.178914, 35.076032 ], [ -90.178105, 35.076167 ], [ -90.177934, 35.076256 ], [ -90.176428, 35.077052 ], [ -90.175611, 35.077484 ], [ -90.17539, 35.0776 ], [ -90.175247, 35.077674 ], [ -90.174352, 35.078147 ], [ -90.173688, 35.078537 ], [ -90.173023, 35.078927 ], [ -90.169895, 35.080758 ], [ -90.166767, 35.082589 ], [ -90.164483, 35.083927 ], [ -90.163422, 35.084072 ], [ -90.157843, 35.084832 ], [ -90.156504, 35.085015 ], [ -90.154818, 35.084916 ], [ -90.153136, 35.084669 ], [ -90.14957, 35.083914 ], [ -90.146531, 35.082897 ], [ -90.140516, 35.07999 ], [ -90.134282, 35.077306 ], [ -90.132169, 35.076731 ], [ -90.123795, 35.074456 ], [ -90.120458, 35.074042 ], [ -90.117306, 35.073652 ], [ -90.107436, 35.072428 ], [ -90.10567, 35.073375 ], [ -90.100756, 35.076014 ], [ -90.10041, 35.076321 ], [ -90.100054, 35.076646 ], [ -90.099697, 35.076972 ], [ -90.097415, 35.079057 ], [ -90.095476, 35.080701 ], [ -90.095063, 35.081136 ], [ -90.093536, 35.082746 ], [ -90.092009, 35.084356 ], [ -90.09185, 35.084524 ], [ -90.091692, 35.084691 ], [ -90.091577, 35.084561 ], [ -90.091235, 35.084171 ], [ -90.091121, 35.084042 ], [ -90.090495, 35.083819 ], [ -90.089238, 35.083373 ], [ -90.088608, 35.083189 ], [ -90.087972, 35.083003 ], [ -90.087942, 35.082932 ], [ -90.087921, 35.082906 ], [ -90.087877, 35.08292 ], [ -90.087839, 35.082939 ], [ -90.087798, 35.082952 ], [ -90.087758, 35.082954 ], [ -90.087673, 35.082933 ], [ -90.087289, 35.082851 ], [ -90.086901, 35.082782 ], [ -90.086224, 35.082618 ], [ -90.085947, 35.082507 ], [ -90.085798, 35.08243 ], [ -90.085287, 35.082217 ], [ -90.085097, 35.082126 ], [ -90.084865, 35.082022 ], [ -90.083927, 35.081621 ], [ -90.083807, 35.081575 ], [ -90.083683, 35.081538 ], [ -90.083556, 35.081506 ], [ -90.083426, 35.081484 ], [ -90.083075, 35.081453 ], [ -90.08281, 35.081445 ], [ -90.0818, 35.081365 ], [ -90.081142, 35.081298 ], [ -90.080847, 35.081225 ], [ -90.080724, 35.081184 ], [ -90.080605, 35.081137 ], [ -90.080489, 35.081085 ], [ -90.080302, 35.080989 ], [ -90.079731, 35.080653 ], [ -90.079427, 35.080507 ], [ -90.079319, 35.080444 ], [ -90.079132, 35.08035 ], [ -90.078965, 35.080246 ], [ -90.078925, 35.080222 ], [ -90.078687, 35.080056 ], [ -90.078633, 35.080012 ], [ -90.078712, 35.079926 ], [ -90.07879, 35.079839 ], [ -90.079434, 35.079129 ], [ -90.080157, 35.078335 ], [ -90.08163, 35.076734 ], [ -90.081848, 35.076489 ], [ -90.082643, 35.075601 ], [ -90.082846, 35.07538 ], [ -90.08318, 35.075019 ], [ -90.083451, 35.074717 ], [ -90.083652, 35.074495 ], [ -90.083687, 35.074456 ], [ -90.083793, 35.074342 ], [ -90.083829, 35.074304 ], [ -90.084767, 35.073293 ], [ -90.085767, 35.072222 ], [ -90.086764, 35.071155 ], [ -90.087309, 35.070682 ], [ -90.088059, 35.07017 ], [ -90.088188, 35.070089 ], [ -90.088584, 35.069841 ], [ -90.089174, 35.069551 ], [ -90.089587, 35.069353 ], [ -90.090306, 35.069087 ], [ -90.093081, 35.06811 ], [ -90.0941, 35.067752 ], [ -90.095776, 35.067201 ], [ -90.095797, 35.067191 ], [ -90.09586, 35.067161 ], [ -90.095882, 35.067152 ], [ -90.096342, 35.067057 ], [ -90.096619, 35.067 ], [ -90.097018, 35.066937 ], [ -90.097407, 35.066876 ], [ -90.097993, 35.066813 ], [ -90.098737, 35.066776 ], [ -90.099218, 35.066776 ], [ -90.099536, 35.066783 ], [ -90.099926, 35.066813 ], [ -90.100198, 35.066843 ], [ -90.100425, 35.066873 ], [ -90.100476, 35.066876 ], [ -90.100924, 35.06691 ], [ -90.10163, 35.06697 ], [ -90.101918, 35.067006 ], [ -90.102149, 35.067036 ], [ -90.102785, 35.067107 ], [ -90.103075, 35.06714 ], [ -90.105327, 35.067385 ], [ -90.10567, 35.067423 ], [ -90.110379, 35.067914 ], [ -90.112088, 35.068091 ], [ -90.114342, 35.068325 ], [ -90.114525, 35.068342 ], [ -90.115077, 35.068394 ], [ -90.115261, 35.068412 ], [ -90.115415, 35.068429 ], [ -90.115878, 35.068483 ], [ -90.116033, 35.068501 ], [ -90.117215, 35.068628 ], [ -90.120588, 35.068992 ], [ -90.12076, 35.069014 ], [ -90.121065, 35.069055 ], [ -90.121091, 35.069058 ], [ -90.121941, 35.069159 ], [ -90.122797, 35.069189 ], [ -90.123024, 35.069197 ], [ -90.123717, 35.069178 ], [ -90.12428, 35.069122 ], [ -90.124813, 35.069053 ], [ -90.125351, 35.068946 ], [ -90.125428, 35.068932 ], [ -90.125853, 35.068822 ], [ -90.126181, 35.06873 ], [ -90.126291, 35.068698 ], [ -90.126622, 35.068604 ], [ -90.126733, 35.068574 ], [ -90.126843, 35.068531 ], [ -90.127175, 35.068404 ], [ -90.127286, 35.068363 ], [ -90.127782, 35.068133 ], [ -90.128069, 35.067994 ], [ -90.128406, 35.067811 ], [ -90.128764, 35.067589 ], [ -90.129205, 35.067319 ], [ -90.129237, 35.0673 ], [ -90.129664, 35.06702 ], [ -90.130063, 35.066636 ], [ -90.130271, 35.066437 ], [ -90.130925, 35.065496 ], [ -90.13105, 35.065307 ], [ -90.131357, 35.064847 ], [ -90.131904, 35.064287 ], [ -90.132225, 35.063625 ], [ -90.132235, 35.063589 ], [ -90.132399, 35.063009 ], [ -90.132539, 35.062286 ], [ -90.132605, 35.061772 ], [ -90.132605, 35.0609 ], [ -90.132514, 35.06017 ], [ -90.132283, 35.059244 ], [ -90.13219, 35.059015 ], [ -90.132011, 35.058574 ], [ -90.131607, 35.057574 ], [ -90.131549, 35.057437 ], [ -90.131377, 35.057026 ], [ -90.13132, 35.05689 ], [ -90.130875, 35.055772 ], [ -90.130493, 35.054809 ], [ -90.130079, 35.053723 ], [ -90.130008, 35.053349 ], [ -90.129951, 35.052986 ], [ -90.129938, 35.052574 ], [ -90.12993, 35.052325 ], [ -90.129898, 35.051271 ], [ -90.129893, 35.051123 ], [ -90.129893, 35.051002 ], [ -90.129893, 35.05064 ], [ -90.129894, 35.05052 ], [ -90.129879, 35.049083 ], [ -90.129908, 35.047342 ], [ -90.12994, 35.046881 ], [ -90.129965, 35.046524 ], [ -90.130322, 35.044619 ], [ -90.130436, 35.044069 ], [ -90.130564, 35.04331 ], [ -90.130678, 35.042527 ], [ -90.130607, 35.042013 ], [ -90.130507, 35.041498 ], [ -90.130421, 35.040879 ], [ -90.130206, 35.039615 ], [ -90.130108, 35.039033 ], [ -90.130036, 35.038285 ], [ -90.129951, 35.036941 ], [ -90.129951, 35.03608 ], [ -90.129951, 35.035456 ], [ -90.129951, 35.032441 ], [ -90.130004, 35.029899 ], [ -90.130021, 35.029087 ], [ -90.13005, 35.027977 ], [ -90.130107, 35.026843 ], [ -90.130435, 35.024985 ], [ -90.131225, 35.022421 ], [ -90.131974, 35.019992 ], [ -90.132316, 35.018908 ], [ -90.133111, 35.016706 ], [ -90.133343, 35.016068 ], [ -90.134342, 35.01356 ], [ -90.13471, 35.01291 ], [ -90.134937, 35.012364 ], [ -90.135108, 35.011632 ], [ -90.135171, 35.011194 ], [ -90.135217, 35.010418 ], [ -90.135194, 35.008604 ], [ -90.135194, 35.007694 ], [ -90.135271, 35.006678 ], [ -90.135279, 35.006581 ], [ -90.135393, 35.00578 ], [ -90.135527, 35.004735 ], [ -90.135704, 35.003228 ], [ -90.135786, 35.002691 ], [ -90.135929, 35.001484 ], [ -90.135972, 35.001127 ], [ -90.136144, 34.999697 ], [ -90.136257, 34.998896 ], [ -90.136441, 34.998071 ], [ -90.136505, 34.997695 ], [ -90.1367, 34.997041 ], [ -90.136856, 34.996565 ], [ -90.136944, 34.996325 ], [ -90.13704, 34.996066 ], [ -90.137334, 34.995401 ], [ -90.137647, 34.994714 ], [ -90.137666, 34.99467 ], [ -90.137698, 34.99467 ], [ -90.137885, 34.994667 ], [ -90.139312, 34.994724 ], [ -90.14204, 34.994743 ], [ -90.144238, 34.994758 ], [ -90.144676, 34.994761 ], [ -90.145522, 34.994767 ], [ -90.145881, 34.994769 ], [ -90.146469, 34.994772 ], [ -90.148233, 34.994784 ], [ -90.148438, 34.994785 ], [ -90.148361, 34.994714 ], [ -90.148822, 34.994788 ], [ -90.149, 34.994789 ], [ -90.14929, 34.994791 ], [ -90.149993, 34.994796 ], [ -90.150695, 34.9948 ], [ -90.151164, 34.994804 ], [ -90.151258, 34.994805 ], [ -90.160141, 34.994863 ], [ -90.167012, 34.994909 ], [ -90.187073, 34.995088 ], [ -90.19572, 34.995166 ], [ -90.195886, 34.995167 ], [ -90.196051, 34.995169 ], [ -90.196285, 34.995171 ], [ -90.196342, 34.995171 ], [ -90.196599, 34.995173 ], [ -90.198243, 34.995188 ], [ -90.198792, 34.995193 ], [ -90.199308, 34.995198 ], [ -90.201887, 34.995221 ], [ -90.211147, 34.995304 ], [ -90.211173, 34.995304 ], [ -90.214269, 34.995332 ], [ -90.215729, 34.995345 ], [ -90.216191, 34.995349 ], [ -90.219766, 34.99538 ], [ -90.22011, 34.995384 ], [ -90.221256, 34.995395 ], [ -90.221571, 34.995398 ], [ -90.22173, 34.995399 ], [ -90.222207, 34.995403 ], [ -90.222366, 34.995405 ], [ -90.223571, 34.995415 ], [ -90.224235, 34.995421 ], [ -90.225542, 34.995433 ], [ -90.225706, 34.995434 ], [ -90.225869, 34.995436 ], [ -90.226446, 34.995441 ], [ -90.229842, 34.995471 ], [ -90.231712, 34.995488 ], [ -90.234991, 34.995517 ], [ -90.237724, 34.995542 ], [ -90.244829, 34.995532 ], [ -90.246957, 34.99553 ], [ -90.248109, 34.995529 ], [ -90.248553, 34.995528 ], [ -90.249888, 34.995526 ], [ -90.250333, 34.995526 ], [ -90.25038, 34.995526 ], [ -90.250486, 34.995526 ], [ -90.250522, 34.995526 ], [ -90.25057, 34.995526 ], [ -90.250617, 34.995526 ], [ -90.250711, 34.995526 ], [ -90.25076, 34.995526 ], [ -90.250808, 34.995526 ], [ -90.251521, 34.995525 ], [ -90.251618, 34.995525 ], [ -90.254006, 34.995522 ], [ -90.263601, 34.995509 ], [ -90.2668, 34.995506 ], [ -90.266873, 34.995506 ], [ -90.266886, 34.995506 ], [ -90.267017, 34.995506 ], [ -90.267147, 34.995505 ], [ -90.267234, 34.995505 ], [ -90.272499, 34.995498 ], [ -90.273011, 34.995498 ], [ -90.288295, 34.995494 ], [ -90.290696, 34.995494 ], [ -90.29356, 34.99554 ], [ -90.293578, 34.995541 ], [ -90.293621, 34.995541 ], [ -90.302645, 34.995687 ], [ -90.303097, 34.995694 ], [ -90.304033, 34.995694 ], [ -90.305891, 34.995694 ], [ -90.307749, 34.995694 ], [ -90.308057, 34.995694 ], [ -90.308361, 34.995694 ], [ -90.308453, 34.995912 ], [ -90.30853, 34.996105 ], [ -90.308632, 34.996404 ], [ -90.308644, 34.996429 ], [ -90.308733, 34.996611 ], [ -90.308876, 34.996957 ], [ -90.308899, 34.997034 ], [ -90.308928, 34.99715 ], [ -90.308973, 34.997334 ], [ -90.30904, 34.997603 ], [ -90.309128, 34.997912 ], [ -90.309213, 34.998134 ], [ -90.3093, 34.998378 ], [ -90.309397, 34.998662 ], [ -90.309488, 34.998957 ], [ -90.309565, 34.999233 ], [ -90.309624, 34.999508 ], [ -90.309699, 34.99971 ], [ -90.309811, 35.000003 ], [ -90.309866, 35.000146 ], [ -90.309991, 35.000417 ], [ -90.310124, 35.000705 ], [ -90.310188, 35.001041 ], [ -90.310328, 35.00177 ], [ -90.310413, 35.002315 ], [ -90.310453, 35.002696 ], [ -90.310461, 35.002819 ], [ -90.31047, 35.003379 ], [ -90.310472, 35.003563 ], [ -90.310486, 35.004323 ], [ -90.310491, 35.004567 ] ] ] } },
{ "type": "Feature", "properties": { "STATEFP": "47", "COUNTYFP": "157", "TRACTCE": "980100", "GEOID": "47157980100", "GEOIDFQ": "1400000US47157980100", "NAME": "9801", "NAMELSAD": "Census Tract 9801", "MTFCC": "G5020", "FUNCSTAT": "S", "ALAND": 18924570, "AWATER": 0, "INTPTLAT": "+35.0533204", "INTPTLON": "-089.9710430", "geoid": "47157980100" }, "geometry": { "type": "Polygon", "coordinates": [ [ [ -89.990668, 35.057977 ], [ -89.990641, 35.058178 ], [ -89.990593, 35.05845 ], [ -89.99046, 35.058889 ], [ -89.990312, 35.05925 ], [ -89.990123, 35.05961 ], [ -89.990075, 35.059687 ], [ -89.989703, 35.060222 ], [ -89.989501, 35.060501 ], [ -89.989465, 35.060553 ], [ -89.987913, 35.062719 ], [ -89.98764, 35.0631 ], [ -89.987331, 35.063536 ], [ -89.987212, 35.063705 ], [ -89.987917, 35.064033 ], [ -89.988152, 35.064142 ], [ -89.988501, 35.0643 ], [ -89.989548, 35.064774 ], [ -89.989641, 35.064817 ], [ -89.989891, 35.064946 ], [ -89.989391, 35.065683 ], [ -89.988165, 35.067493 ], [ -89.987892, 35.067894 ], [ -89.987839, 35.067973 ], [ -89.987611, 35.068354 ], [ -89.987499, 35.068538 ], [ -89.987425, 35.068652 ], [ -89.98739, 35.068708 ], [ -89.987349, 35.068769 ], [ -89.987308, 35.068831 ], [ -89.987203, 35.069035 ], [ -89.987169, 35.069103 ], [ -89.98702, 35.06942 ], [ -89.986896, 35.069763 ], [ -89.986816, 35.070025 ], [ -89.986841, 35.070064 ], [ -89.986979, 35.070135 ], [ -89.986962, 35.070198 ], [ -89.986852, 35.070628 ], [ -89.98677, 35.070943 ], [ -89.986421, 35.072283 ], [ -89.986351, 35.072695 ], [ -89.986293, 35.072944 ], [ -89.986155, 35.073676 ], [ -89.986126, 35.073806 ], [ -89.986103, 35.073909 ], [ -89.986076, 35.074027 ], [ -89.986059, 35.074103 ], [ -89.986047, 35.074159 ], [ -89.985971, 35.074169 ], [ -89.985943, 35.074171 ], [ -89.985926, 35.074241 ], [ -89.98591, 35.074311 ], [ -89.985685, 35.075288 ], [ -89.985657, 35.075407 ], [ -89.985574, 35.075768 ], [ -89.985547, 35.075888 ], [ -89.985533, 35.075944 ], [ -89.985492, 35.076114 ], [ -89.985479, 35.076171 ], [ -89.985454, 35.076292 ], [ -89.985443, 35.076341 ], [ -89.985423, 35.076442 ], [ -89.985331, 35.076852 ], [ -89.985324, 35.076887 ], [ -89.985294, 35.077023 ], [ -89.985225, 35.07702 ], [ -89.985166, 35.077018 ], [ -89.985021, 35.077011 ], [ -89.984953, 35.077008 ], [ -89.984555, 35.07698 ], [ -89.984086, 35.076947 ], [ -89.983364, 35.076888 ], [ -89.982967, 35.076856 ], [ -89.982937, 35.076853 ], [ -89.982847, 35.076846 ], [ -89.982818, 35.076844 ], [ -89.981464, 35.076734 ], [ -89.981159, 35.076702 ], [ -89.980677, 35.076666 ], [ -89.979263, 35.076561 ], [ -89.979046, 35.076551 ], [ -89.978958, 35.076547 ], [ -89.978283, 35.076529 ], [ -89.977549, 35.07653 ], [ -89.976748, 35.076562 ], [ -89.975644, 35.076648 ], [ -89.974509, 35.076756 ], [ -89.974247, 35.076782 ], [ -89.973272, 35.076877 ], [ -89.972359, 35.076966 ], [ -89.972109, 35.07699 ], [ -89.971913, 35.077009 ], [ -89.968079, 35.077385 ], [ -89.96649, 35.077541 ], [ -89.964995, 35.077687 ], [ -89.964247, 35.077783 ], [ -89.963684, 35.077862 ], [ -89.963185, 35.077986 ], [ -89.962642, 35.078127 ], [ -89.96246, 35.078182 ], [ -89.962069, 35.078299 ], [ -89.961874, 35.078353 ], [ -89.961607, 35.078434 ], [ -89.961544, 35.078456 ], [ -89.960907, 35.078683 ], [ -89.96057, 35.078811 ], [ -89.960247, 35.078934 ], [ -89.959585, 35.079185 ], [ -89.9576, 35.079939 ], [ -89.957193, 35.080094 ], [ -89.956989, 35.080172 ], [ -89.95694, 35.080192 ], [ -89.956742, 35.08027 ], [ -89.956152, 35.080507 ], [ -89.955955, 35.080586 ], [ -89.955512, 35.080213 ], [ -89.955238, 35.080301 ], [ -89.954514, 35.080526 ], [ -89.954312, 35.080597 ], [ -89.953167, 35.080972 ], [ -89.952569, 35.081162 ], [ -89.951297, 35.081568 ], [ -89.950827, 35.081706 ], [ -89.950177, 35.081872 ], [ -89.949864, 35.081932 ], [ -89.949584, 35.081986 ], [ -89.949224, 35.082024 ], [ -89.94873, 35.082076 ], [ -89.948337, 35.082105 ], [ -89.94776, 35.082136 ], [ -89.947428, 35.082132 ], [ -89.947174, 35.082127 ], [ -89.946375, 35.082069 ], [ -89.945839, 35.082 ], [ -89.945508, 35.081958 ], [ -89.944105, 35.081755 ], [ -89.941102, 35.081321 ], [ -89.939524, 35.081093 ], [ -89.938198, 35.080904 ], [ -89.938123, 35.080888 ], [ -89.937663, 35.080789 ], [ -89.931322, 35.079865 ], [ -89.931325, 35.079746 ], [ -89.931325, 35.07972 ], [ -89.93134, 35.079191 ], [ -89.931346, 35.079007 ], [ -89.931348, 35.078907 ], [ -89.931356, 35.078608 ], [ -89.93136, 35.078509 ], [ -89.93136, 35.078493 ], [ -89.931361, 35.078447 ], [ -89.931362, 35.078432 ], [ -89.931375, 35.078193 ], [ -89.931396, 35.077837 ], [ -89.931402, 35.077769 ], [ -89.93143, 35.077477 ], [ -89.931435, 35.077434 ], [ -89.931448, 35.07731 ], [ -89.931455, 35.077239 ], [ -89.931463, 35.077167 ], [ -89.931469, 35.07711 ], [ -89.931471, 35.077073 ], [ -89.931509, 35.076575 ], [ -89.931516, 35.076489 ], [ -89.931523, 35.07641 ], [ -89.931599, 35.076416 ], [ -89.931768, 35.07643 ], [ -89.932409, 35.076458 ], [ -89.932937, 35.076481 ], [ -89.933241, 35.076493 ], [ -89.933487, 35.076503 ], [ -89.933788, 35.076519 ], [ -89.941467, 35.076845 ], [ -89.941534, 35.076848 ], [ -89.941986, 35.076871 ], [ -89.943239, 35.076921 ], [ -89.943466, 35.076924 ], [ -89.948818, 35.076998 ], [ -89.949272, 35.076976 ], [ -89.949471, 35.07696 ], [ -89.949942, 35.076893 ], [ -89.950137, 35.076865 ], [ -89.950446, 35.076794 ], [ -89.950526, 35.076774 ], [ -89.95054, 35.07677 ], [ -89.950607, 35.076753 ], [ -89.950911, 35.076677 ], [ -89.951154, 35.076578 ], [ -89.951101, 35.076532 ], [ -89.95067, 35.076166 ], [ -89.950582, 35.076091 ], [ -89.949995, 35.07559 ], [ -89.949446, 35.075098 ], [ -89.949271, 35.07493 ], [ -89.949245, 35.074904 ], [ -89.9488, 35.074453 ], [ -89.948549, 35.074182 ], [ -89.948373, 35.073992 ], [ -89.94816, 35.073743 ], [ -89.947431, 35.072813 ], [ -89.947354, 35.07271 ], [ -89.94725, 35.072574 ], [ -89.946443, 35.071511 ], [ -89.946158, 35.071138 ], [ -89.945456, 35.070217 ], [ -89.945305, 35.07002 ], [ -89.945021, 35.069648 ], [ -89.944522, 35.068987 ], [ -89.944351, 35.068762 ], [ -89.944455, 35.068717 ], [ -89.94482, 35.068575 ], [ -89.944946, 35.068532 ], [ -89.945103, 35.068509 ], [ -89.945234, 35.068518 ], [ -89.946597, 35.068564 ], [ -89.949681, 35.068653 ], [ -89.950063, 35.068605 ], [ -89.950445, 35.068564 ], [ -89.952147, 35.068654 ], [ -89.952355, 35.068663 ], [ -89.95375, 35.068724 ], [ -89.953805, 35.068726 ], [ -89.954207, 35.068744 ], [ -89.95415, 35.068352 ], [ -89.954085, 35.0679 ], [ -89.954062, 35.067596 ], [ -89.95405, 35.067151 ], [ -89.954073, 35.066642 ], [ -89.954105, 35.065664 ], [ -89.954101, 35.065593 ], [ -89.95409, 35.065338 ], [ -89.954039, 35.065038 ], [ -89.953938, 35.064691 ], [ -89.953851, 35.064445 ], [ -89.953755, 35.06423 ], [ -89.953584, 35.063923 ], [ -89.953506, 35.063801 ], [ -89.953128, 35.063279 ], [ -89.952996, 35.063119 ], [ -89.952757, 35.062822 ], [ -89.952099, 35.062006 ], [ -89.951994, 35.061895 ], [ -89.951856, 35.061855 ], [ -89.951654, 35.061602 ], [ -89.95073, 35.060449 ], [ -89.950532, 35.060123 ], [ -89.950461, 35.060005 ], [ -89.950312, 35.059681 ], [ -89.950267, 35.059565 ], [ -89.950155, 35.059192 ], [ -89.950094, 35.05886 ], [ -89.95008, 35.058722 ], [ -89.950068, 35.058313 ], [ -89.95009, 35.05793 ], [ -89.950168, 35.05731 ], [ -89.950296, 35.056741 ], [ -89.950372, 35.056474 ], [ -89.950482, 35.056156 ], [ -89.950594, 35.055838 ], [ -89.950718, 35.055702 ], [ -89.950856, 35.055381 ], [ -89.951077, 35.054768 ], [ -89.951366, 35.05397 ], [ -89.951455, 35.053693 ], [ -89.951533, 35.053318 ], [ -89.951587, 35.052889 ], [ -89.951653, 35.052381 ], [ -89.951673, 35.052244 ], [ -89.952299, 35.052256 ], [ -89.953854, 35.052286 ], [ -89.95418, 35.052296 ], [ -89.954807, 35.052316 ], [ -89.954933, 35.052319 ], [ -89.955312, 35.05233 ], [ -89.955439, 35.052334 ], [ -89.956251, 35.052356 ], [ -89.957772, 35.052399 ], [ -89.958689, 35.052428 ], [ -89.959502, 35.052455 ], [ -89.959594, 35.052459 ], [ -89.959712, 35.052518 ], [ -89.9602, 35.052538 ], [ -89.962223, 35.052622 ], [ -89.962336, 35.052624 ], [ -89.963049, 35.05264 ], [ -89.963789, 35.052663 ], [ -89.963981, 35.052668 ], [ -89.963984, 35.052614 ], [ -89.963986, 35.052536 ], [ -89.963984, 35.051689 ], [ -89.96399, 35.051099 ], [ -89.963986, 35.050481 ], [ -89.963983, 35.049992 ], [ -89.963983, 35.049945 ], [ -89.963981, 35.04809 ], [ -89.963971, 35.044888 ], [ -89.963969, 35.044305 ], [ -89.963969, 35.044248 ], [ -89.963969, 35.044207 ], [ -89.963967, 35.04386 ], [ -89.963962, 35.042329 ], [ -89.963962, 35.042169 ], [ -89.96396, 35.04169 ], [ -89.963958, 35.041176 ], [ -89.963957, 35.040567 ], [ -89.963956, 35.040311 ], [ -89.963956, 35.039634 ], [ -89.963956, 35.039121 ], [ -89.963956, 35.038955 ], [ -89.963953, 35.0385 ], [ -89.963948, 35.037686 ], [ -89.963923, 35.037218 ], [ -89.963905, 35.036906 ], [ -89.963886, 35.036639 ], [ -89.963848, 35.036072 ], [ -89.963844, 35.03602 ], [ -89.963737, 35.034471 ], [ -89.963736, 35.034444 ], [ -89.963732, 35.03304 ], [ -89.963729, 35.031978 ], [ -89.963718, 35.030631 ], [ -89.963717, 35.030466 ], [ -89.963713, 35.029816 ], [ -89.963711, 35.029357 ], [ -89.963699, 35.028265 ], [ -89.963698, 35.028201 ], [ -89.963694, 35.028004 ], [ -89.963669, 35.027169 ], [ -89.963661, 35.02678 ], [ -89.963653, 35.02633 ], [ -89.963699, 35.025488 ], [ -89.963753, 35.02468 ], [ -89.963756, 35.024635 ], [ -89.963758, 35.024554 ], [ -89.963722, 35.023285 ], [ -89.963719, 35.023164 ], [ -89.963693, 35.022329 ], [ -89.963688, 35.022151 ], [ -89.96365, 35.020936 ], [ -89.963647, 35.020845 ], [ -89.964066, 35.020848 ], [ -89.964876, 35.020855 ], [ -89.965855, 35.020865 ], [ -89.968566, 35.02089 ], [ -89.969742, 35.020901 ], [ -89.969796, 35.020902 ], [ -89.970006, 35.020904 ], [ -89.970637, 35.02091 ], [ -89.970848, 35.020912 ], [ -89.971612, 35.02092 ], [ -89.972251, 35.020927 ], [ -89.972476, 35.020929 ], [ -89.97268, 35.02093 ], [ -89.973059, 35.020932 ], [ -89.975142, 35.020944 ], [ -89.977707, 35.020972 ], [ -89.978514, 35.020967 ], [ -89.979695, 35.020976 ], [ -89.981908, 35.020994 ], [ -89.98349, 35.021005 ], [ -89.98374, 35.021007 ], [ -89.984971, 35.021011 ], [ -89.986519, 35.021017 ], [ -89.986743, 35.021018 ], [ -89.987155, 35.021019 ], [ -89.988237, 35.021038 ], [ -89.988836, 35.021049 ], [ -89.98982, 35.021048 ], [ -89.989819, 35.021118 ], [ -89.989819, 35.021583 ], [ -89.989819, 35.021879 ], [ -89.989819, 35.02261 ], [ -89.989819, 35.022956 ], [ -89.98982, 35.023352 ], [ -89.98982, 35.023415 ], [ -89.98982, 35.023557 ], [ -89.989821, 35.024375 ], [ -89.989822, 35.025207 ], [ -89.989822, 35.025645 ], [ -89.989825, 35.026806 ], [ -89.989825, 35.02696 ], [ -89.989827, 35.027399 ], [ -89.989826, 35.027542 ], [ -89.989826, 35.027763 ], [ -89.989826, 35.028858 ], [ -89.989826, 35.029223 ], [ -89.989824, 35.029402 ], [ -89.989822, 35.029939 ], [ -89.989822, 35.030119 ], [ -89.989822, 35.030298 ], [ -89.989825, 35.030837 ], [ -89.989826, 35.031017 ], [ -89.989825, 35.03193 ], [ -89.989825, 35.032616 ], [ -89.989824, 35.034669 ], [ -89.989824, 35.035049 ], [ -89.989822, 35.035582 ], [ -89.989821, 35.036168 ], [ -89.989816, 35.037454 ], [ -89.989814, 35.03814 ], [ -89.989826, 35.039244 ], [ -89.989828, 35.03967 ], [ -89.989827, 35.039694 ], [ -89.989827, 35.039722 ], [ -89.989821, 35.040043 ], [ -89.989813, 35.043072 ], [ -89.989813, 35.043298 ], [ -89.98981, 35.043631 ], [ -89.989809, 35.043711 ], [ -89.989783, 35.046256 ], [ -89.989782, 35.046326 ], [ -89.989777, 35.046585 ], [ -89.989772, 35.047359 ], [ -89.989769, 35.047963 ], [ -89.989765, 35.0497 ], [ -89.989764, 35.049875 ], [ -89.989759, 35.050554 ], [ -89.989757, 35.050923 ], [ -89.989754, 35.051569 ], [ -89.989767, 35.051987 ], [ -89.989788, 35.052365 ], [ -89.989794, 35.05259 ], [ -89.989798, 35.05269 ], [ -89.989798, 35.053137 ], [ -89.989798, 35.053216 ], [ -89.989798, 35.05327 ], [ -89.989868, 35.053379 ], [ -89.989868, 35.053423 ], [ -89.989868, 35.053546 ], [ -89.989866, 35.053836 ], [ -89.989859, 35.054168 ], [ -89.98988, 35.054408 ], [ -89.989949, 35.054725 ], [ -89.990223, 35.055554 ], [ -89.99033, 35.055876 ], [ -89.990352, 35.055962 ], [ -89.990374, 35.056122 ], [ -89.990476, 35.056378 ], [ -89.990581, 35.056741 ], [ -89.990602, 35.056832 ], [ -89.990667, 35.057296 ], [ -89.990681, 35.057627 ], [ -89.990668, 35.057977 ] ] ] } },
{ "type": "Feature", "properties": { "STATEFP": "47", "COUNTYFP": "157", "TRACTCE": "004600", "GEOID": "47157004600", "GEOIDFQ": "1400000US47157004600", "NAME": "46", "NAMELSAD": "Census Tract 46", "MTFCC": "G5020", "FUNCSTAT": "S", "ALAND": 1281529, "AWATER": 0, "INTPTLAT": "+35.1286244", "INTPTLON": "-090.0280481", "geoid": "47157004600" }, "geometry": { "type": "Polygon", "coordinates": [ [ [ -90.035285, 35.125 ], [ -90.03528, 35.125106 ], [ -90.035259, 35.125617 ], [ -90.035252, 35.12579 ], [ -90.035244, 35.126018 ], [ -90.035213, 35.126999 ], [ -90.035213, 35.127063 ], [ -90.035194, 35.12744 ], [ -90.03518, 35.12793 ], [ -90.035173, 35.128129 ], [ -90.035152, 35.12873 ], [ -90.035146, 35.12893 ], [ -90.035144, 35.128959 ], [ -90.035142, 35.129049 ], [ -90.035142, 35.129079 ], [ -90.035137, 35.129215 ], [ -90.035125, 35.129624 ], [ -90.035121, 35.129761 ], [ -90.035116, 35.129889 ], [ -90.035104, 35.130277 ], [ -90.0351, 35.130406 ], [ -90.035064, 35.131466 ], [ -90.035048, 35.131926 ], [ -90.035037, 35.132253 ], [ -90.035007, 35.133236 ], [ -90.034997, 35.133564 ], [ -90.034998, 35.133622 ], [ -90.035001, 35.133796 ], [ -90.035002, 35.133855 ], [ -90.03467, 35.133824 ], [ -90.033676, 35.133732 ], [ -90.033345, 35.133702 ], [ -90.033218, 35.133691 ], [ -90.03284, 35.133658 ], [ -90.032714, 35.133647 ], [ -90.032376, 35.133617 ], [ -90.032145, 35.133597 ], [ -90.032078, 35.133592 ], [ -90.031364, 35.133524 ], [ -90.031269, 35.133515 ], [ -90.031028, 35.133482 ], [ -90.030883, 35.13344 ], [ -90.03085, 35.133431 ], [ -90.030558, 35.133283 ], [ -90.030486, 35.133234 ], [ -90.030362, 35.13315 ], [ -90.030235, 35.133098 ], [ -90.030137, 35.133059 ], [ -90.029972, 35.133009 ], [ -90.029844, 35.132989 ], [ -90.029786, 35.13298 ], [ -90.029709, 35.132977 ], [ -90.029439, 35.132967 ], [ -90.028629, 35.132937 ], [ -90.028359, 35.132928 ], [ -90.02809, 35.132917 ], [ -90.027284, 35.132885 ], [ -90.027016, 35.132875 ], [ -90.026819, 35.132871 ], [ -90.026228, 35.132859 ], [ -90.026031, 35.132856 ], [ -90.025768, 35.132853 ], [ -90.02539, 35.132851 ], [ -90.024981, 35.132846 ], [ -90.024719, 35.132843 ], [ -90.024613, 35.13284 ], [ -90.024298, 35.132831 ], [ -90.024278, 35.132831 ], [ -90.024252, 35.13283 ], [ -90.024194, 35.132828 ], [ -90.024138, 35.132826 ], [ -90.024043, 35.132824 ], [ -90.023973, 35.132823 ], [ -90.023917, 35.132821 ], [ -90.023889, 35.13282 ], [ -90.023801, 35.132818 ], [ -90.023657, 35.132815 ], [ -90.023637, 35.132814 ], [ -90.023453, 35.132809 ], [ -90.023338, 35.132807 ], [ -90.02086, 35.132738 ], [ -90.020829, 35.132737 ], [ -90.020813, 35.132276 ], [ -90.020835, 35.131738 ], [ -90.02086, 35.131603 ], [ -90.020916, 35.130807 ], [ -90.021001, 35.129804 ], [ -90.021072, 35.128698 ], [ -90.021122, 35.127655 ], [ -90.021161, 35.126633 ], [ -90.021169, 35.126433 ], [ -90.021195, 35.125835 ], [ -90.021204, 35.125636 ], [ -90.021211, 35.125434 ], [ -90.021233, 35.124828 ], [ -90.021241, 35.124627 ], [ -90.021246, 35.1245 ], [ -90.021261, 35.124119 ], [ -90.021266, 35.123992 ], [ -90.021274, 35.123774 ], [ -90.021301, 35.123122 ], [ -90.021309, 35.122943 ], [ -90.021311, 35.122905 ], [ -90.021594, 35.12295 ], [ -90.021707, 35.122967 ], [ -90.022084, 35.123027 ], [ -90.022476, 35.123127 ], [ -90.022884, 35.123225 ], [ -90.023275, 35.123319 ], [ -90.023332, 35.123339 ], [ -90.023503, 35.1234 ], [ -90.023561, 35.123421 ], [ -90.023926, 35.123538 ], [ -90.024077, 35.123587 ], [ -90.025029, 35.123877 ], [ -90.025199, 35.123932 ], [ -90.025393, 35.123994 ], [ -90.025461, 35.124012 ], [ -90.026153, 35.124197 ], [ -90.026187, 35.124202 ], [ -90.026691, 35.124277 ], [ -90.02782, 35.12436 ], [ -90.028641, 35.124419 ], [ -90.028971, 35.124443 ], [ -90.029461, 35.124476 ], [ -90.029966, 35.124486 ], [ -90.031483, 35.124517 ], [ -90.031609, 35.12452 ], [ -90.031989, 35.124515 ], [ -90.032068, 35.124516 ], [ -90.032308, 35.124522 ], [ -90.032388, 35.124524 ], [ -90.032965, 35.124539 ], [ -90.034698, 35.124585 ], [ -90.035276, 35.124601 ], [ -90.035276, 35.124656 ], [ -90.035279, 35.124823 ], [ -90.035281, 35.124879 ], [ -90.035285, 35.125 ] ] ] } },
{ "type": "Feature", "properties": { "STATEFP": "47", "COUNTYFP": "157", "TRACTCE": "003500", "GEOID": "47157003500", "GEOIDFQ": "1400000US47157003500", "NAME": "35", "NAMELSAD": "Census Tract 35", "MTFCC": "G5020", "FUNCSTAT": "S", "ALAND": 1413184, "AWATER": 0, "INTPTLAT": "+35.1279252", "INTPTLON": "-090.0135950", "geoid": "47157003500" }, "geometry": { "type": "Polygon", "coordinates": [ [ [ -90.021309, 35.122943 ], [ -90.021301, 35.123122 ], [ -90.021274, 35.123774 ], [ -90.021266, 35.123992 ], [ -90.021261, 35.124119 ], [ -90.021246, 35.1245 ], [ -90.021241, 35.124627 ], [ -90.021233, 35.124828 ], [ -90.021211, 35.125434 ], [ -90.021204, 35.125636 ], [ -90.021195, 35.125835 ], [ -90.021169, 35.126433 ], [ -90.021161, 35.126633 ], [ -90.021122, 35.127655 ], [ -90.021072, 35.128698 ], [ -90.021001, 35.129804 ], [ -90.020916, 35.130807 ], [ -90.02086, 35.131603 ], [ -90.020835, 35.131738 ], [ -90.020813, 35.132276 ], [ -90.020829, 35.132737 ], [ -90.020757, 35.132733 ], [ -90.020268, 35.132713 ], [ -90.017536, 35.132615 ], [ -90.016857, 35.1326 ], [ -90.016334, 35.132581 ], [ -90.014767, 35.132527 ], [ -90.014245, 35.132509 ], [ -90.014055, 35.132502 ], [ -90.013487, 35.132483 ], [ -90.013298, 35.132477 ], [ -90.012652, 35.132456 ], [ -90.010714, 35.132393 ], [ -90.010069, 35.132372 ], [ -90.009329, 35.132325 ], [ -90.007112, 35.132185 ], [ -90.006373, 35.132139 ], [ -90.00619, 35.132133 ], [ -90.005642, 35.132118 ], [ -90.00546, 35.132113 ], [ -90.005497, 35.13157 ], [ -90.005603, 35.130053 ], [ -90.005606, 35.129942 ], [ -90.005617, 35.129659 ], [ -90.0056, 35.129399 ], [ -90.005559, 35.1291 ], [ -90.005555, 35.129085 ], [ -90.005426, 35.128556 ], [ -90.005348, 35.128169 ], [ -90.005346, 35.128157 ], [ -90.005306, 35.127843 ], [ -90.005291, 35.127622 ], [ -90.00529, 35.127603 ], [ -90.005304, 35.126958 ], [ -90.00531, 35.126737 ], [ -90.005311, 35.126646 ], [ -90.005316, 35.126376 ], [ -90.005317, 35.126358 ], [ -90.005317, 35.126335 ], [ -90.005318, 35.126286 ], [ -90.005511, 35.126291 ], [ -90.006093, 35.126306 ], [ -90.006288, 35.126311 ], [ -90.006319, 35.125497 ], [ -90.006332, 35.124897 ], [ -90.006364, 35.123805 ], [ -90.006367, 35.123735 ], [ -90.006792, 35.123707 ], [ -90.00807, 35.123627 ], [ -90.008496, 35.123601 ], [ -90.00886, 35.123581 ], [ -90.00952, 35.123545 ], [ -90.009955, 35.12353 ], [ -90.010321, 35.123518 ], [ -90.010637, 35.123505 ], [ -90.01091, 35.123494 ], [ -90.011589, 35.123467 ], [ -90.011906, 35.123455 ], [ -90.011971, 35.123448 ], [ -90.01212, 35.123431 ], [ -90.012309, 35.123411 ], [ -90.012764, 35.12338 ], [ -90.01298, 35.123366 ], [ -90.013294, 35.123358 ], [ -90.014649, 35.123321 ], [ -90.015965, 35.123287 ], [ -90.01821, 35.123164 ], [ -90.018661, 35.123127 ], [ -90.019112, 35.123088 ], [ -90.019476, 35.123039 ], [ -90.019648, 35.123012 ], [ -90.019916, 35.122972 ], [ -90.020254, 35.122927 ], [ -90.020631, 35.122898 ], [ -90.020876, 35.122886 ], [ -90.021072, 35.122898 ], [ -90.021311, 35.122905 ], [ -90.021309, 35.122943 ] ] ] } },
{ "type": "Feature", "properties": { "STATEFP": "47", "COUNTYFP": "157", "TRACTCE": "003600", "GEOID": "47157003600", "GEOIDFQ": "1400000US47157003600", "NAME": "36", "NAMELSAD": "Census Tract 36", "MTFCC": "G5020", "FUNCSTAT": "S", "ALAND": 1213207, "AWATER": 0, "INTPTLAT": "+35.1388723", "INTPTLON": "-090.0171880", "geoid": "47157003600" }, "geometry": { "type": "Polygon", "coordinates": [ [ [ -90.024311, 35.137812 ], [ -90.024306, 35.137857 ], [ -90.024199, 35.138336 ], [ -90.024172, 35.138417 ], [ -90.024108, 35.138614 ], [ -90.024099, 35.138641 ], [ -90.024075, 35.138725 ], [ -90.024067, 35.138753 ], [ -90.024047, 35.138819 ], [ -90.024001, 35.138926 ], [ -90.023842, 35.139306 ], [ -90.023781, 35.139436 ], [ -90.023704, 35.139605 ], [ -90.023536, 35.139977 ], [ -90.023399, 35.140281 ], [ -90.02323, 35.140752 ], [ -90.023126, 35.141129 ], [ -90.023095, 35.141245 ], [ -90.023041, 35.141529 ], [ -90.023015, 35.14167 ], [ -90.022936, 35.142094 ], [ -90.022911, 35.142236 ], [ -90.022657, 35.14407 ], [ -90.022599, 35.144584 ], [ -90.022477, 35.144573 ], [ -90.022393, 35.144566 ], [ -90.022273, 35.144554 ], [ -90.022232, 35.144551 ], [ -90.021958, 35.144528 ], [ -90.021298, 35.144467 ], [ -90.020974, 35.144437 ], [ -90.020674, 35.144409 ], [ -90.0201, 35.144356 ], [ -90.019943, 35.144342 ], [ -90.019777, 35.144326 ], [ -90.019546, 35.144305 ], [ -90.019479, 35.144299 ], [ -90.01945, 35.144296 ], [ -90.019363, 35.144288 ], [ -90.019335, 35.144286 ], [ -90.018974, 35.144253 ], [ -90.017893, 35.144157 ], [ -90.017533, 35.144125 ], [ -90.017463, 35.144118 ], [ -90.017254, 35.1441 ], [ -90.017185, 35.144094 ], [ -90.017155, 35.144091 ], [ -90.017067, 35.144084 ], [ -90.017038, 35.144082 ], [ -90.016759, 35.144058 ], [ -90.01668, 35.144052 ], [ -90.016621, 35.144047 ], [ -90.016366, 35.144025 ], [ -90.015924, 35.143982 ], [ -90.015646, 35.143956 ], [ -90.015481, 35.143939 ], [ -90.014986, 35.14389 ], [ -90.014821, 35.143874 ], [ -90.014656, 35.143857 ], [ -90.01455, 35.143847 ], [ -90.014164, 35.143812 ], [ -90.014, 35.143798 ], [ -90.013916, 35.14379 ], [ -90.013667, 35.143769 ], [ -90.013584, 35.143762 ], [ -90.013459, 35.143751 ], [ -90.013084, 35.143718 ], [ -90.01296, 35.143707 ], [ -90.012734, 35.143686 ], [ -90.012424, 35.143658 ], [ -90.012058, 35.143625 ], [ -90.011833, 35.143605 ], [ -90.011733, 35.143596 ], [ -90.011434, 35.143569 ], [ -90.011335, 35.14356 ], [ -90.011263, 35.143553 ], [ -90.011174, 35.143544 ], [ -90.010691, 35.143499 ], [ -90.010623, 35.143492 ], [ -90.010516, 35.143481 ], [ -90.010598, 35.143021 ], [ -90.010609, 35.142943 ], [ -90.010694, 35.142363 ], [ -90.010702, 35.1423 ], [ -90.010833, 35.141354 ], [ -90.01098, 35.140429 ], [ -90.011025, 35.140396 ], [ -90.011056, 35.140374 ], [ -90.011075, 35.140269 ], [ -90.011152, 35.13977 ], [ -90.011278, 35.13978 ], [ -90.011656, 35.139813 ], [ -90.011783, 35.139824 ], [ -90.011824, 35.139557 ], [ -90.01186, 35.139324 ], [ -90.011887, 35.139171 ], [ -90.01195, 35.138757 ], [ -90.011991, 35.138491 ], [ -90.012023, 35.138272 ], [ -90.01212, 35.137616 ], [ -90.012141, 35.137479 ], [ -90.012151, 35.137398 ], [ -90.012175, 35.137198 ], [ -90.012194, 35.13705 ], [ -90.012261, 35.136603 ], [ -90.012269, 35.136557 ], [ -90.012304, 35.136407 ], [ -90.012375, 35.1362 ], [ -90.012379, 35.136191 ], [ -90.012505, 35.135944 ], [ -90.012587, 35.135726 ], [ -90.012613, 35.135591 ], [ -90.012633, 35.13549 ], [ -90.012642, 35.135375 ], [ -90.012653, 35.135171 ], [ -90.01268, 35.134693 ], [ -90.012683, 35.13456 ], [ -90.012688, 35.134357 ], [ -90.012697, 35.13418 ], [ -90.012724, 35.133649 ], [ -90.012733, 35.133472 ], [ -90.012756, 35.133297 ], [ -90.012771, 35.13324 ], [ -90.012804, 35.133116 ], [ -90.012918, 35.132905 ], [ -90.013098, 35.132684 ], [ -90.013135, 35.132646 ], [ -90.013279, 35.132505 ], [ -90.013298, 35.132477 ], [ -90.013487, 35.132483 ], [ -90.014055, 35.132502 ], [ -90.014245, 35.132509 ], [ -90.014767, 35.132527 ], [ -90.016334, 35.132581 ], [ -90.016857, 35.1326 ], [ -90.017536, 35.132615 ], [ -90.020268, 35.132713 ], [ -90.020757, 35.132733 ], [ -90.020829, 35.132737 ], [ -90.020797, 35.133709 ], [ -90.020787, 35.133893 ], [ -90.020758, 35.134445 ], [ -90.020749, 35.13463 ], [ -90.020736, 35.134899 ], [ -90.020707, 35.135537 ], [ -90.020706, 35.135709 ], [ -90.020706, 35.135979 ], [ -90.020708, 35.136232 ], [ -90.02071, 35.136458 ], [ -90.020699, 35.137245 ], [ -90.020776, 35.137252 ], [ -90.021007, 35.137273 ], [ -90.021085, 35.137281 ], [ -90.021259, 35.137298 ], [ -90.021781, 35.137352 ], [ -90.021872, 35.137362 ], [ -90.021956, 35.137371 ], [ -90.022199, 35.137393 ], [ -90.022582, 35.13743 ], [ -90.022928, 35.137465 ], [ -90.023172, 35.13749 ], [ -90.02326, 35.137499 ], [ -90.023503, 35.137524 ], [ -90.023524, 35.137526 ], [ -90.023613, 35.137535 ], [ -90.023752, 35.137548 ], [ -90.024131, 35.137584 ], [ -90.02417, 35.137587 ], [ -90.024183, 35.137589 ], [ -90.024309, 35.137605 ], [ -90.024335, 35.137607 ], [ -90.024311, 35.137812 ] ] ] } },
{ "type": "Feature", "properties": { "STATEFP": "47", "COUNTYFP": "157", "TRACTCE": "003700", "GEOID": "47157003700", "GEOIDFQ": "1400000US47157003700", "NAME": "37", "NAMELSAD": "Census Tract 37", "MTFCC": "G5020", "FUNCSTAT": "S", "ALAND": 702169, "AWATER": 0, "INTPTLAT": "+35.1355504", "INTPTLON": "-090.0279679", "geoid": "47157003700" }, "geometry": { "type": "Polygon", "coordinates": [ [ [ -90.035835, 35.137202 ], [ -90.035774, 35.137258 ], [ -90.035754, 35.137278 ], [ -90.035609, 35.137413 ], [ -90.035454, 35.137528 ], [ -90.03533, 35.137583 ], [ -90.035178, 35.13762 ], [ -90.035091, 35.137624 ], [ -90.035071, 35.137623 ], [ -90.034874, 35.137616 ], [ -90.034864, 35.137824 ], [ -90.034851, 35.138124 ], [ -90.034838, 35.138451 ], [ -90.034829, 35.13866 ], [ -90.034612, 35.138641 ], [ -90.033954, 35.138586 ], [ -90.033745, 35.138567 ], [ -90.033635, 35.138556 ], [ -90.033307, 35.138526 ], [ -90.033198, 35.138516 ], [ -90.032737, 35.138465 ], [ -90.03192, 35.138375 ], [ -90.031354, 35.138314 ], [ -90.030894, 35.138264 ], [ -90.030682, 35.138241 ], [ -90.030049, 35.138174 ], [ -90.029838, 35.138152 ], [ -90.029775, 35.138145 ], [ -90.029589, 35.138127 ], [ -90.029527, 35.138121 ], [ -90.02926, 35.138094 ], [ -90.02846, 35.138015 ], [ -90.028318, 35.138002 ], [ -90.028194, 35.13799 ], [ -90.027926, 35.137963 ], [ -90.027122, 35.137882 ], [ -90.026855, 35.137856 ], [ -90.026833, 35.137853 ], [ -90.026767, 35.137846 ], [ -90.026745, 35.137844 ], [ -90.026532, 35.137823 ], [ -90.026447, 35.137815 ], [ -90.025894, 35.137759 ], [ -90.025682, 35.137738 ], [ -90.025434, 35.137713 ], [ -90.024803, 35.137652 ], [ -90.02469, 35.137641 ], [ -90.024442, 35.137617 ], [ -90.024415, 35.137614 ], [ -90.024335, 35.137607 ], [ -90.024309, 35.137605 ], [ -90.024183, 35.137589 ], [ -90.02417, 35.137587 ], [ -90.024131, 35.137584 ], [ -90.023752, 35.137548 ], [ -90.023613, 35.137535 ], [ -90.023524, 35.137526 ], [ -90.023503, 35.137524 ], [ -90.02326, 35.137499 ], [ -90.023172, 35.13749 ], [ -90.022928, 35.137465 ], [ -90.022582, 35.13743 ], [ -90.022199, 35.137393 ], [ -90.021956, 35.137371 ], [ -90.021872, 35.137362 ], [ -90.021781, 35.137352 ], [ -90.021259, 35.137298 ], [ -90.021085, 35.137281 ], [ -90.021007, 35.137273 ], [ -90.020776, 35.137252 ], [ -90.020699, 35.137245 ], [ -90.02071, 35.136458 ], [ -90.020708, 35.136232 ], [ -90.020706, 35.135979 ], [ -90.020706, 35.135709 ], [ -90.020707, 35.135537 ], [ -90.020736, 35.134899 ], [ -90.020749, 35.13463 ], [ -90.020758, 35.134445 ], [ -90.020787, 35.133893 ], [ -90.020797, 35.133709 ], [ -90.020829, 35.132737 ], [ -90.02086, 35.132738 ], [ -90.023338, 35.132807 ], [ -90.023453, 35.132809 ], [ -90.023637, 35.132814 ], [ -90.023657, 35.132815 ], [ -90.023801, 35.132818 ], [ -90.023889, 35.13282 ], [ -90.023917, 35.132821 ], [ -90.023973, 35.132823 ], [ -90.024043, 35.132824 ], [ -90.024138, 35.132826 ], [ -90.024194, 35.132828 ], [ -90.024252, 35.13283 ], [ -90.024278, 35.132831 ], [ -90.024298, 35.132831 ], [ -90.024613, 35.13284 ], [ -90.024719, 35.132843 ], [ -90.024981, 35.132846 ], [ -90.02539, 35.132851 ], [ -90.025768, 35.132853 ], [ -90.026031, 35.132856 ], [ -90.026228, 35.132859 ], [ -90.026819, 35.132871 ], [ -90.027016, 35.132875 ], [ -90.027284, 35.132885 ], [ -90.02809, 35.132917 ], [ -90.028359, 35.132928 ], [ -90.028629, 35.132937 ], [ -90.029439, 35.132967 ], [ -90.029709, 35.132977 ], [ -90.029786, 35.13298 ], [ -90.029844, 35.132989 ], [ -90.029972, 35.133009 ], [ -90.030137, 35.133059 ], [ -90.030235, 35.133098 ], [ -90.030362, 35.13315 ], [ -90.030486, 35.133234 ], [ -90.030558, 35.133283 ], [ -90.03085, 35.133431 ], [ -90.030883, 35.13344 ], [ -90.031028, 35.133482 ], [ -90.031269, 35.133515 ], [ -90.031364, 35.133524 ], [ -90.032078, 35.133592 ], [ -90.032145, 35.133597 ], [ -90.032376, 35.133617 ], [ -90.032714, 35.133647 ], [ -90.03284, 35.133658 ], [ -90.033218, 35.133691 ], [ -90.033345, 35.133702 ], [ -90.033676, 35.133732 ], [ -90.03467, 35.133824 ], [ -90.035002, 35.133855 ], [ -90.034998, 35.134042 ], [ -90.034993, 35.134328 ], [ -90.034983, 35.134605 ], [ -90.034983, 35.134633 ], [ -90.034965, 35.134792 ], [ -90.034951, 35.13491 ], [ -90.03494, 35.13499 ], [ -90.0349, 35.135308 ], [ -90.034889, 35.135547 ], [ -90.034889, 35.135589 ], [ -90.034891, 35.13579 ], [ -90.034893, 35.135867 ], [ -90.034897, 35.13595 ], [ -90.034916, 35.136097 ], [ -90.034927, 35.136174 ], [ -90.034953, 35.136286 ], [ -90.034981, 35.136353 ], [ -90.035036, 35.136426 ], [ -90.035137, 35.136562 ], [ -90.035222, 35.136648 ], [ -90.035642, 35.137002 ], [ -90.035856, 35.137183 ], [ -90.035835, 35.137202 ] ] ] } },
{ "type": "Feature", "properties": { "STATEFP": "47", "COUNTYFP": "157", "TRACTCE": "000200", "GEOID": "47157000200", "GEOIDFQ": "1400000US47157000200", "NAME": "2", "NAMELSAD": "Census Tract 2", "MTFCC": "G5020", "FUNCSTAT": "S", "ALAND": 1056567, "AWATER": 45527, "INTPTLAT": "+35.1681487", "INTPTLON": "-090.0424321", "geoid": "47157000200" }, "geometry": { "type": "Polygon", "coordinates": [ [ [ -90.049247, 35.164282 ], [ -90.049102, 35.16567 ], [ -90.049055, 35.166133 ], [ -90.048669, 35.167144 ], [ -90.048594, 35.167343 ], [ -90.048082, 35.168362 ], [ -90.047973, 35.16858 ], [ -90.047317, 35.169891 ], [ -90.047226, 35.170049 ], [ -90.046691, 35.17099 ], [ -90.046623, 35.171849 ], [ -90.046721, 35.172289 ], [ -90.047119, 35.174056 ], [ -90.047151, 35.175245 ], [ -90.046897, 35.176148 ], [ -90.046816, 35.17644 ], [ -90.046569, 35.177419 ], [ -90.046484, 35.177414 ], [ -90.046231, 35.177399 ], [ -90.046147, 35.177394 ], [ -90.045797, 35.177366 ], [ -90.044747, 35.177282 ], [ -90.044397, 35.177255 ], [ -90.044326, 35.176789 ], [ -90.044285, 35.176512 ], [ -90.044159, 35.175737 ], [ -90.044101, 35.175395 ], [ -90.044023, 35.174931 ], [ -90.043981, 35.174725 ], [ -90.043858, 35.174109 ], [ -90.043817, 35.173904 ], [ -90.043786, 35.173749 ], [ -90.043712, 35.17338 ], [ -90.043694, 35.173285 ], [ -90.043665, 35.173131 ], [ -90.043624, 35.172907 ], [ -90.043503, 35.172235 ], [ -90.043498, 35.172204 ], [ -90.043464, 35.172012 ], [ -90.043414, 35.171737 ], [ -90.043277, 35.170967 ], [ -90.043267, 35.170915 ], [ -90.043217, 35.170642 ], [ -90.043001, 35.170635 ], [ -90.042356, 35.170616 ], [ -90.042141, 35.17061 ], [ -90.041708, 35.170599 ], [ -90.041189, 35.170586 ], [ -90.04041, 35.170556 ], [ -90.039978, 35.17054 ], [ -90.039731, 35.170533 ], [ -90.038992, 35.170512 ], [ -90.038746, 35.170506 ], [ -90.038775, 35.170634 ], [ -90.038864, 35.17102 ], [ -90.038894, 35.171149 ], [ -90.038331, 35.171126 ], [ -90.036831, 35.171067 ], [ -90.036645, 35.171063 ], [ -90.036129, 35.171055 ], [ -90.036083, 35.171054 ], [ -90.036105, 35.170409 ], [ -90.03618, 35.168186 ], [ -90.036184, 35.168056 ], [ -90.036217, 35.16754 ], [ -90.036221, 35.167506 ], [ -90.036299, 35.166975 ], [ -90.036396, 35.166324 ], [ -90.036733, 35.16405 ], [ -90.036745, 35.16388 ], [ -90.036713, 35.163731 ], [ -90.036741, 35.163723 ], [ -90.036811, 35.163703 ], [ -90.038043, 35.163261 ], [ -90.038234, 35.163228 ], [ -90.038435, 35.163225 ], [ -90.038682, 35.163231 ], [ -90.039376, 35.163276 ], [ -90.039933, 35.163311 ], [ -90.03999, 35.163315 ], [ -90.040034, 35.163318 ], [ -90.040143, 35.163325 ], [ -90.040338, 35.163337 ], [ -90.040687, 35.163359 ], [ -90.040717, 35.16336 ], [ -90.040808, 35.163366 ], [ -90.040839, 35.163368 ], [ -90.040943, 35.163374 ], [ -90.041257, 35.163395 ], [ -90.041362, 35.163402 ], [ -90.041431, 35.163406 ], [ -90.041635, 35.163418 ], [ -90.042456, 35.16347 ], [ -90.042522, 35.163475 ], [ -90.04273, 35.163487 ], [ -90.042861, 35.163502 ], [ -90.043125, 35.163532 ], [ -90.043255, 35.163558 ], [ -90.043386, 35.163584 ], [ -90.043506, 35.163612 ], [ -90.043867, 35.163699 ], [ -90.043988, 35.163728 ], [ -90.044065, 35.163537 ], [ -90.044296, 35.162967 ], [ -90.044374, 35.162777 ], [ -90.044626, 35.162844 ], [ -90.045384, 35.163046 ], [ -90.045637, 35.163114 ], [ -90.046884, 35.163474 ], [ -90.047489, 35.163642 ], [ -90.047651, 35.163697 ], [ -90.047744, 35.163713 ], [ -90.04839, 35.163889 ], [ -90.049066, 35.16375 ], [ -90.049295, 35.16382 ], [ -90.049247, 35.164282 ] ] ] } },
{ "type": "Feature", "properties": { "STATEFP": "47", "COUNTYFP": "157", "TRACTCE": "011100", "GEOID": "47157011100", "GEOIDFQ": "1400000US47157011100", "NAME": "111", "NAMELSAD": "Census Tract 111", "MTFCC": "G5020", "FUNCSTAT": "S", "ALAND": 4059786, "AWATER": 0, "INTPTLAT": "+35.1731480", "INTPTLON": "-089.9567443", "geoid": "47157011100" }, "geometry": { "type": "Polygon", "coordinates": [ [ [ -89.967022, 35.159101 ], [ -89.967013, 35.159172 ], [ -89.96688, 35.160313 ], [ -89.966432, 35.16415 ], [ -89.966338, 35.164959 ], [ -89.966284, 35.16543 ], [ -89.966251, 35.165805 ], [ -89.966154, 35.16693 ], [ -89.966122, 35.167306 ], [ -89.966034, 35.168107 ], [ -89.965923, 35.169137 ], [ -89.96584, 35.169868 ], [ -89.965765, 35.170512 ], [ -89.965673, 35.171314 ], [ -89.965607, 35.171905 ], [ -89.965566, 35.172266 ], [ -89.96541, 35.173681 ], [ -89.965345, 35.174273 ], [ -89.965295, 35.174751 ], [ -89.965146, 35.176185 ], [ -89.965097, 35.176664 ], [ -89.965055, 35.177 ], [ -89.96493, 35.17801 ], [ -89.964889, 35.178347 ], [ -89.964877, 35.178448 ], [ -89.964844, 35.17875 ], [ -89.964833, 35.178852 ], [ -89.964729, 35.179672 ], [ -89.964575, 35.180895 ], [ -89.964446, 35.182139 ], [ -89.964395, 35.182632 ], [ -89.964392, 35.182793 ], [ -89.96439, 35.182878 ], [ -89.964388, 35.182964 ], [ -89.964366, 35.182958 ], [ -89.964249, 35.182908 ], [ -89.964207, 35.182898 ], [ -89.964119, 35.182888 ], [ -89.964035, 35.182866 ], [ -89.963904, 35.182847 ], [ -89.963862, 35.182854 ], [ -89.96365, 35.182905 ], [ -89.963599, 35.18291 ], [ -89.963562, 35.182915 ], [ -89.963432, 35.182936 ], [ -89.963213, 35.18296 ], [ -89.963036, 35.182967 ], [ -89.962993, 35.182974 ], [ -89.962827, 35.183023 ], [ -89.962543, 35.183122 ], [ -89.962377, 35.183172 ], [ -89.962108, 35.183296 ], [ -89.961908, 35.183371 ], [ -89.961596, 35.183507 ], [ -89.961287, 35.183623 ], [ -89.961115, 35.183688 ], [ -89.960811, 35.183833 ], [ -89.960535, 35.183962 ], [ -89.960314, 35.184066 ], [ -89.960235, 35.184098 ], [ -89.959958, 35.184225 ], [ -89.959813, 35.184293 ], [ -89.959703, 35.184354 ], [ -89.959562, 35.18444 ], [ -89.95934, 35.184557 ], [ -89.95922, 35.184604 ], [ -89.958831, 35.184774 ], [ -89.95851, 35.184892 ], [ -89.958218, 35.184981 ], [ -89.958179, 35.184994 ], [ -89.957887, 35.185078 ], [ -89.957773, 35.185106 ], [ -89.95769, 35.185126 ], [ -89.957606, 35.185146 ], [ -89.957484, 35.185213 ], [ -89.956609, 35.185368 ], [ -89.956489, 35.185389 ], [ -89.956088, 35.185415 ], [ -89.955936, 35.185469 ], [ -89.955572, 35.18552 ], [ -89.955559, 35.185523 ], [ -89.955543, 35.185525 ], [ -89.955261, 35.185572 ], [ -89.955033, 35.185577 ], [ -89.954422, 35.18567 ], [ -89.953527, 35.18579 ], [ -89.952868, 35.185848 ], [ -89.952351, 35.185842 ], [ -89.951984, 35.185841 ], [ -89.951499, 35.185894 ], [ -89.951282, 35.185937 ], [ -89.950904, 35.185989 ], [ -89.950648, 35.186055 ], [ -89.950613, 35.186068 ], [ -89.950582, 35.186085 ], [ -89.950465, 35.186166 ], [ -89.9504, 35.186196 ], [ -89.950286, 35.186214 ], [ -89.950055, 35.186218 ], [ -89.949597, 35.186185 ], [ -89.949602, 35.186049 ], [ -89.949606, 35.185913 ], [ -89.949688, 35.183482 ], [ -89.949676, 35.181841 ], [ -89.949687, 35.181468 ], [ -89.949631, 35.181461 ], [ -89.949466, 35.18144 ], [ -89.949411, 35.181433 ], [ -89.949094, 35.181381 ], [ -89.948895, 35.181339 ], [ -89.948638, 35.181286 ], [ -89.948415, 35.181155 ], [ -89.948119, 35.180912 ], [ -89.947944, 35.180547 ], [ -89.947886, 35.180426 ], [ -89.947833, 35.179861 ], [ -89.94779, 35.178811 ], [ -89.947822, 35.176318 ], [ -89.947916, 35.17507 ], [ -89.948016, 35.173764 ], [ -89.948056, 35.173243 ], [ -89.948061, 35.173153 ], [ -89.948111, 35.173109 ], [ -89.948466, 35.1728 ], [ -89.948585, 35.172697 ], [ -89.94768, 35.172954 ], [ -89.946694, 35.173235 ], [ -89.945475, 35.173628 ], [ -89.944983, 35.173785 ], [ -89.944088, 35.174073 ], [ -89.943668, 35.174186 ], [ -89.943377, 35.174279 ], [ -89.942028, 35.174717 ], [ -89.941261, 35.174949 ], [ -89.940553, 35.175164 ], [ -89.94043, 35.175202 ], [ -89.940063, 35.175316 ], [ -89.939941, 35.175355 ], [ -89.941307, 35.173917 ], [ -89.941338, 35.173882 ], [ -89.941743, 35.173342 ], [ -89.942066, 35.17296 ], [ -89.94242, 35.172604 ], [ -89.94258, 35.172466 ], [ -89.942883, 35.172208 ], [ -89.943398, 35.171772 ], [ -89.943495, 35.171697 ], [ -89.943789, 35.17147 ], [ -89.943811, 35.171453 ], [ -89.944134, 35.17122 ], [ -89.944382, 35.171044 ], [ -89.945129, 35.170517 ], [ -89.945379, 35.170342 ], [ -89.945574, 35.170205 ], [ -89.94616, 35.169797 ], [ -89.946356, 35.169661 ], [ -89.94655, 35.169523 ], [ -89.947136, 35.169111 ], [ -89.947331, 35.168974 ], [ -89.947526, 35.168837 ], [ -89.948115, 35.168426 ], [ -89.948311, 35.16829 ], [ -89.948494, 35.168153 ], [ -89.948847, 35.167891 ], [ -89.94904, 35.167736 ], [ -89.949219, 35.167594 ], [ -89.949983, 35.166959 ], [ -89.950482, 35.166539 ], [ -89.950564, 35.166472 ], [ -89.950609, 35.166435 ], [ -89.950757, 35.166309 ], [ -89.951203, 35.165935 ], [ -89.951352, 35.16581 ], [ -89.951552, 35.16565 ], [ -89.952061, 35.165247 ], [ -89.952157, 35.165177 ], [ -89.952365, 35.165027 ], [ -89.952528, 35.164908 ], [ -89.952598, 35.164858 ], [ -89.95303, 35.164571 ], [ -89.953199, 35.16446 ], [ -89.953755, 35.164105 ], [ -89.953818, 35.164066 ], [ -89.95419, 35.163827 ], [ -89.955451, 35.16302 ], [ -89.955494, 35.162991 ], [ -89.95593, 35.162714 ], [ -89.956345, 35.162462 ], [ -89.956502, 35.162375 ], [ -89.956806, 35.16221 ], [ -89.957158, 35.162038 ], [ -89.957507, 35.161884 ], [ -89.957985, 35.161696 ], [ -89.958327, 35.161574 ], [ -89.958954, 35.161352 ], [ -89.959128, 35.161288 ], [ -89.959653, 35.1611 ], [ -89.959828, 35.161037 ], [ -89.9604, 35.160832 ], [ -89.961376, 35.160483 ], [ -89.962118, 35.160218 ], [ -89.962362, 35.160132 ], [ -89.962697, 35.160032 ], [ -89.963937, 35.159738 ], [ -89.964035, 35.15972 ], [ -89.964556, 35.1596 ], [ -89.965852, 35.159305 ], [ -89.966411, 35.159178 ], [ -89.966642, 35.159127 ], [ -89.967029, 35.159034 ], [ -89.967022, 35.159101 ] ] ] } },
{ "type": "Feature", "properties": { "STATEFP": "47", "COUNTYFP": "157", "TRACTCE": "003800", "GEOID": "47157003800", "GEOIDFQ": "1400000US47157003800", "NAME": "38", "NAMELSAD": "Census Tract 38", "MTFCC": "G5020", "FUNCSTAT": "S", "ALAND": 716894, "AWATER": 0, "INTPTLAT": "+35.1416192", "INTPTLON": "-090.0282668", "geoid": "47157003800" }, "geometry": { "type": "Polygon", "coordinates": [ [ [ -90.033729, 35.138761 ], [ -90.033709, 35.139028 ], [ -90.033664, 35.139341 ], [ -90.033637, 35.139534 ], [ -90.03361, 35.139731 ], [ -90.033593, 35.139861 ], [ -90.033517, 35.140323 ], [ -90.033486, 35.14052 ], [ -90.033445, 35.140838 ], [ -90.03343, 35.140928 ], [ -90.033365, 35.141321 ], [ -90.033249, 35.142151 ], [ -90.033246, 35.142173 ], [ -90.033183, 35.142558 ], [ -90.033152, 35.142761 ], [ -90.033061, 35.143371 ], [ -90.033031, 35.143575 ], [ -90.033002, 35.143774 ], [ -90.032915, 35.144371 ], [ -90.032886, 35.14457 ], [ -90.032856, 35.144761 ], [ -90.032765, 35.145337 ], [ -90.032736, 35.145529 ], [ -90.032432, 35.145497 ], [ -90.032414, 35.145495 ], [ -90.031447, 35.14543 ], [ -90.031328, 35.145422 ], [ -90.031126, 35.145402 ], [ -90.030908, 35.145381 ], [ -90.030257, 35.14532 ], [ -90.03004, 35.1453 ], [ -90.029692, 35.145273 ], [ -90.028923, 35.145215 ], [ -90.028651, 35.145189 ], [ -90.028305, 35.145156 ], [ -90.027943, 35.145121 ], [ -90.02686, 35.145017 ], [ -90.026811, 35.145013 ], [ -90.026499, 35.144981 ], [ -90.026329, 35.144961 ], [ -90.025821, 35.144901 ], [ -90.025652, 35.144882 ], [ -90.025248, 35.14484 ], [ -90.025057, 35.144821 ], [ -90.02496, 35.144811 ], [ -90.024519, 35.144767 ], [ -90.024039, 35.14472 ], [ -90.023636, 35.144682 ], [ -90.02297, 35.144619 ], [ -90.022789, 35.144602 ], [ -90.022599, 35.144584 ], [ -90.022657, 35.14407 ], [ -90.022911, 35.142236 ], [ -90.022936, 35.142094 ], [ -90.023015, 35.14167 ], [ -90.023041, 35.141529 ], [ -90.023095, 35.141245 ], [ -90.023126, 35.141129 ], [ -90.02323, 35.140752 ], [ -90.023399, 35.140281 ], [ -90.023536, 35.139977 ], [ -90.023704, 35.139605 ], [ -90.023781, 35.139436 ], [ -90.023842, 35.139306 ], [ -90.024001, 35.138926 ], [ -90.024047, 35.138819 ], [ -90.024067, 35.138753 ], [ -90.024075, 35.138725 ], [ -90.024099, 35.138641 ], [ -90.024108, 35.138614 ], [ -90.024172, 35.138417 ], [ -90.024199, 35.138336 ], [ -90.024306, 35.137857 ], [ -90.024311, 35.137812 ], [ -90.024335, 35.137607 ], [ -90.024415, 35.137614 ], [ -90.024442, 35.137617 ], [ -90.02469, 35.137641 ], [ -90.024803, 35.137652 ], [ -90.025434, 35.137713 ], [ -90.025682, 35.137738 ], [ -90.025894, 35.137759 ], [ -90.026447, 35.137815 ], [ -90.026532, 35.137823 ], [ -90.026745, 35.137844 ], [ -90.026767, 35.137846 ], [ -90.026833, 35.137853 ], [ -90.026855, 35.137856 ], [ -90.027122, 35.137882 ], [ -90.027926, 35.137963 ], [ -90.028194, 35.13799 ], [ -90.028318, 35.138002 ], [ -90.02846, 35.138015 ], [ -90.02926, 35.138094 ], [ -90.029527, 35.138121 ], [ -90.029589, 35.138127 ], [ -90.029775, 35.138145 ], [ -90.029838, 35.138152 ], [ -90.030049, 35.138174 ], [ -90.030682, 35.138241 ], [ -90.030894, 35.138264 ], [ -90.031354, 35.138314 ], [ -90.03192, 35.138375 ], [ -90.032737, 35.138465 ], [ -90.033198, 35.138516 ], [ -90.033307, 35.138526 ], [ -90.033635, 35.138556 ], [ -90.033745, 35.138567 ], [ -90.033729, 35.138761 ] ] ] } },
{ "type": "Feature", "properties": { "STATEFP": "47", "COUNTYFP": "157", "TRACTCE": "009902", "GEOID": "47157009902", "GEOIDFQ": "1400000US47157009902", "NAME": "99.02", "NAMELSAD": "Census Tract 99.02", "MTFCC": "G5020", "FUNCSTAT": "S", "ALAND": 4022772, "AWATER": 37816, "INTPTLAT": "+35.2057894", "INTPTLON": "-090.0376506", "geoid": "47157009902" }, "geometry": { "type": "Polygon", "coordinates": [ [ [ -90.051823, 35.197778 ], [ -90.051804, 35.197876 ], [ -90.051749, 35.198053 ], [ -90.051553, 35.19846 ], [ -90.051223, 35.199097 ], [ -90.051033, 35.199498 ], [ -90.050877, 35.199905 ], [ -90.050795, 35.200149 ], [ -90.050392, 35.201359 ], [ -90.050292, 35.201633 ], [ -90.050218, 35.201781 ], [ -90.050114, 35.201921 ], [ -90.04991, 35.202096 ], [ -90.04957, 35.20232 ], [ -90.04843, 35.203053 ], [ -90.04818, 35.203186 ], [ -90.048005, 35.203253 ], [ -90.046533, 35.203651 ], [ -90.046292, 35.203748 ], [ -90.046115, 35.20386 ], [ -90.04535, 35.20449 ], [ -90.045282, 35.204536 ], [ -90.045148, 35.204629 ], [ -90.044911, 35.204759 ], [ -90.043719, 35.205342 ], [ -90.043057, 35.205651 ], [ -90.043043, 35.205657 ], [ -90.043002, 35.205676 ], [ -90.042989, 35.205683 ], [ -90.042974, 35.205726 ], [ -90.042953, 35.205862 ], [ -90.042936, 35.206442 ], [ -90.042936, 35.206468 ], [ -90.042889, 35.206676 ], [ -90.042846, 35.207724 ], [ -90.042838, 35.207939 ], [ -90.042797, 35.208726 ], [ -90.042759, 35.209489 ], [ -90.043425, 35.209506 ], [ -90.045424, 35.209558 ], [ -90.046091, 35.209576 ], [ -90.04608, 35.209788 ], [ -90.046049, 35.210427 ], [ -90.046039, 35.21064 ], [ -90.046769, 35.21066 ], [ -90.048403, 35.210707 ], [ -90.048416, 35.21071 ], [ -90.048555, 35.21074 ], [ -90.048705, 35.210808 ], [ -90.048821, 35.210894 ], [ -90.048886, 35.210967 ], [ -90.048935, 35.211059 ], [ -90.048964, 35.211178 ], [ -90.048957, 35.211301 ], [ -90.048925, 35.211397 ], [ -90.048844, 35.211522 ], [ -90.048755, 35.211609 ], [ -90.048612, 35.211693 ], [ -90.048444, 35.211737 ], [ -90.048307, 35.211747 ], [ -90.048227, 35.211745 ], [ -90.04685, 35.211714 ], [ -90.046556, 35.211703 ], [ -90.046, 35.211685 ], [ -90.045994, 35.211802 ], [ -90.045976, 35.212154 ], [ -90.045971, 35.212272 ], [ -90.045968, 35.212344 ], [ -90.045962, 35.212561 ], [ -90.045961, 35.212634 ], [ -90.045957, 35.21296 ], [ -90.045946, 35.213923 ], [ -90.045946, 35.213941 ], [ -90.04595, 35.214269 ], [ -90.045948, 35.214364 ], [ -90.045944, 35.214607 ], [ -90.045936, 35.215214 ], [ -90.04592, 35.215624 ], [ -90.045908, 35.215963 ], [ -90.045565, 35.215947 ], [ -90.045542, 35.215946 ], [ -90.044536, 35.215919 ], [ -90.044194, 35.215911 ], [ -90.043759, 35.2159 ], [ -90.042457, 35.215868 ], [ -90.04226, 35.215864 ], [ -90.04213, 35.215876 ], [ -90.042026, 35.2159 ], [ -90.041837, 35.21596 ], [ -90.04181, 35.215969 ], [ -90.041617, 35.216057 ], [ -90.041435, 35.216102 ], [ -90.041268, 35.216116 ], [ -90.04107, 35.216115 ], [ -90.040817, 35.21611 ], [ -90.040583, 35.216107 ], [ -90.04006, 35.216088 ], [ -90.039808, 35.216079 ], [ -90.039586, 35.216073 ], [ -90.038921, 35.216057 ], [ -90.0387, 35.216052 ], [ -90.038337, 35.216043 ], [ -90.037415, 35.216021 ], [ -90.03725, 35.216014 ], [ -90.036888, 35.215999 ], [ -90.036871, 35.216192 ], [ -90.036856, 35.216385 ], [ -90.036843, 35.216451 ], [ -90.036776, 35.216597 ], [ -90.036676, 35.216723 ], [ -90.036556, 35.216876 ], [ -90.036471, 35.217028 ], [ -90.036421, 35.217196 ], [ -90.036403, 35.21748 ], [ -90.036375, 35.217929 ], [ -90.034188, 35.217876 ], [ -90.034128, 35.217903 ], [ -90.033951, 35.217987 ], [ -90.033892, 35.218015 ], [ -90.033605, 35.21787 ], [ -90.033292, 35.217745 ], [ -90.033004, 35.217662 ], [ -90.031229, 35.217164 ], [ -90.030866, 35.217072 ], [ -90.030312, 35.21689 ], [ -90.030249, 35.216869 ], [ -90.030193, 35.21685 ], [ -90.029981, 35.216779 ], [ -90.029728, 35.216696 ], [ -90.029488, 35.216641 ], [ -90.02921, 35.216612 ], [ -90.028956, 35.216605 ], [ -90.028608, 35.216596 ], [ -90.027546, 35.216587 ], [ -90.025753, 35.216572 ], [ -90.024923, 35.216568 ], [ -90.024564, 35.216613 ], [ -90.024367, 35.216656 ], [ -90.023736, 35.216795 ], [ -90.023331, 35.216887 ], [ -90.02485, 35.214999 ], [ -90.025211, 35.21456 ], [ -90.02845, 35.210627 ], [ -90.029338, 35.209563 ], [ -90.030099, 35.208653 ], [ -90.031973, 35.207079 ], [ -90.032385, 35.206751 ], [ -90.03302, 35.206248 ], [ -90.033341, 35.205972 ], [ -90.033364, 35.205953 ], [ -90.033457, 35.205873 ], [ -90.033504, 35.205616 ], [ -90.033549, 35.205386 ], [ -90.033756, 35.204354 ], [ -90.033858, 35.203932 ], [ -90.033871, 35.203882 ], [ -90.033949, 35.203445 ], [ -90.033994, 35.203151 ], [ -90.03413, 35.20227 ], [ -90.034177, 35.202018 ], [ -90.034185, 35.201978 ], [ -90.034393, 35.200916 ], [ -90.034591, 35.199786 ], [ -90.034614, 35.199646 ], [ -90.034635, 35.199506 ], [ -90.034648, 35.199417 ], [ -90.03465, 35.199387 ], [ -90.034658, 35.199297 ], [ -90.034738, 35.198499 ], [ -90.034771, 35.198125 ], [ -90.034773, 35.198091 ], [ -90.034782, 35.197991 ], [ -90.034785, 35.197958 ], [ -90.034807, 35.197476 ], [ -90.034818, 35.197252 ], [ -90.034823, 35.19713 ], [ -90.034875, 35.19658 ], [ -90.034913, 35.196034 ], [ -90.034942, 35.195643 ], [ -90.034903, 35.195563 ], [ -90.034907, 35.195434 ], [ -90.034911, 35.195352 ], [ -90.034924, 35.19505 ], [ -90.03493, 35.194922 ], [ -90.034974, 35.193942 ], [ -90.035107, 35.191004 ], [ -90.035128, 35.190558 ], [ -90.035139, 35.190331 ], [ -90.035156, 35.190025 ], [ -90.035157, 35.190005 ], [ -90.035158, 35.18997 ], [ -90.035167, 35.189806 ], [ -90.03517, 35.189752 ], [ -90.035172, 35.189713 ], [ -90.035419, 35.189724 ], [ -90.035649, 35.189735 ], [ -90.03616, 35.189797 ], [ -90.036407, 35.189827 ], [ -90.036695, 35.189827 ], [ -90.037297, 35.189718 ], [ -90.037352, 35.189658 ], [ -90.037889, 35.189908 ], [ -90.038768, 35.190575 ], [ -90.039599, 35.190952 ], [ -90.04005, 35.190976 ], [ -90.040359, 35.19123 ], [ -90.040782, 35.191643 ], [ -90.041011, 35.191868 ], [ -90.04141, 35.192161 ], [ -90.042195, 35.192839 ], [ -90.043026, 35.193398 ], [ -90.044482, 35.193803 ], [ -90.044921, 35.193896 ], [ -90.045373, 35.193744 ], [ -90.045666, 35.193471 ], [ -90.045832, 35.193305 ], [ -90.045959, 35.192992 ], [ -90.046025, 35.192374 ], [ -90.045985, 35.191635 ], [ -90.045686, 35.190977 ], [ -90.044974, 35.190312 ], [ -90.044417, 35.189871 ], [ -90.044243, 35.189734 ], [ -90.04412, 35.189549 ], [ -90.046012, 35.188455 ], [ -90.046118, 35.188799 ], [ -90.046276, 35.189337 ], [ -90.046339, 35.189521 ], [ -90.046462, 35.189755 ], [ -90.046478, 35.189779 ], [ -90.046558, 35.189897 ], [ -90.0467, 35.190069 ], [ -90.046925, 35.190275 ], [ -90.047178, 35.190452 ], [ -90.047367, 35.190561 ], [ -90.047383, 35.190593 ], [ -90.047587, 35.190699 ], [ -90.047647, 35.190731 ], [ -90.047908, 35.190886 ], [ -90.048007, 35.190949 ], [ -90.048061, 35.190988 ], [ -90.048142, 35.191051 ], [ -90.048236, 35.191132 ], [ -90.048361, 35.19126 ], [ -90.048463, 35.191379 ], [ -90.04855, 35.191496 ], [ -90.048592, 35.191514 ], [ -90.048814, 35.191962 ], [ -90.048933, 35.192219 ], [ -90.049172, 35.192735 ], [ -90.049534, 35.193535 ], [ -90.050518, 35.195194 ], [ -90.050556, 35.195256 ], [ -90.05126, 35.196422 ], [ -90.051378, 35.196616 ], [ -90.051719, 35.197169 ], [ -90.051801, 35.197374 ], [ -90.051835, 35.197574 ], [ -90.051823, 35.197778 ] ] ] } },
{ "type": "Feature", "properties": { "STATEFP": "47", "COUNTYFP": "157", "TRACTCE": "022220", "GEOID": "47157022220", "GEOIDFQ": "1400000US47157022220", "NAME": "222.20", "NAMELSAD": "Census Tract 222.20", "MTFCC": "G5020", "FUNCSTAT": "S", "ALAND": 7011160, "AWATER": 0, "INTPTLAT": "+35.0659776", "INTPTLON": "-090.0748692", "geoid": "47157022220" }, "geometry": { "type": "Polygon", "coordinates": [ [ [ -90.096283, 35.066922 ], [ -90.095882, 35.067152 ], [ -90.09586, 35.067161 ], [ -90.095797, 35.067191 ], [ -90.095776, 35.067201 ], [ -90.0941, 35.067752 ], [ -90.093081, 35.06811 ], [ -90.090306, 35.069087 ], [ -90.089587, 35.069353 ], [ -90.089174, 35.069551 ], [ -90.088584, 35.069841 ], [ -90.088188, 35.070089 ], [ -90.088059, 35.07017 ], [ -90.087309, 35.070682 ], [ -90.086764, 35.071155 ], [ -90.085767, 35.072222 ], [ -90.084767, 35.073293 ], [ -90.083829, 35.074304 ], [ -90.083793, 35.074342 ], [ -90.083687, 35.074456 ], [ -90.083652, 35.074495 ], [ -90.083451, 35.074717 ], [ -90.08318, 35.075019 ], [ -90.082846, 35.07538 ], [ -90.082643, 35.075601 ], [ -90.081848, 35.076489 ], [ -90.08163, 35.076734 ], [ -90.080157, 35.078335 ], [ -90.079434, 35.079129 ], [ -90.07879, 35.079839 ], [ -90.078712, 35.079926 ], [ -90.078633, 35.080012 ], [ -90.078562, 35.079955 ], [ -90.078262, 35.079744 ], [ -90.078223, 35.079728 ], [ -90.0778, 35.079087 ], [ -90.077459, 35.078456 ], [ -90.077107, 35.077779 ], [ -90.076873, 35.077351 ], [ -90.076421, 35.076764 ], [ -90.075899, 35.076477 ], [ -90.074156, 35.076303 ], [ -90.074094, 35.076287 ], [ -90.074072, 35.076282 ], [ -90.073509, 35.076189 ], [ -90.073025, 35.076149 ], [ -90.072937, 35.076147 ], [ -90.072539, 35.076151 ], [ -90.072495, 35.076148 ], [ -90.07219, 35.076106 ], [ -90.070953, 35.076053 ], [ -90.070468, 35.076055 ], [ -90.068922, 35.076011 ], [ -90.067998, 35.075958 ], [ -90.067122, 35.075872 ], [ -90.067012, 35.075869 ], [ -90.066503, 35.075859 ], [ -90.065487, 35.075874 ], [ -90.064825, 35.075849 ], [ -90.064646, 35.075836 ], [ -90.064285, 35.07581 ], [ -90.063989, 35.075789 ], [ -90.063729, 35.07575 ], [ -90.063427, 35.075699 ], [ -90.063215, 35.075645 ], [ -90.062865, 35.075557 ], [ -90.062863, 35.075674 ], [ -90.062867, 35.075777 ], [ -90.062869, 35.075841 ], [ -90.062898, 35.076509 ], [ -90.062906, 35.076696 ], [ -90.062919, 35.076981 ], [ -90.06293, 35.077325 ], [ -90.062933, 35.077389 ], [ -90.062944, 35.077689 ], [ -90.062973, 35.078359 ], [ -90.062988, 35.078704 ], [ -90.062996, 35.078903 ], [ -90.063022, 35.079503 ], [ -90.063031, 35.079703 ], [ -90.063035, 35.079803 ], [ -90.063046, 35.080063 ], [ -90.0625, 35.080128 ], [ -90.061901, 35.080177 ], [ -90.061304, 35.080183 ], [ -90.060897, 35.080171 ], [ -90.060414, 35.08015 ], [ -90.060071, 35.080106 ], [ -90.059519, 35.080012 ], [ -90.059083, 35.079907 ], [ -90.058977, 35.079881 ], [ -90.058384, 35.079694 ], [ -90.058199, 35.079636 ], [ -90.058165, 35.079623 ], [ -90.057427, 35.079353 ], [ -90.057376, 35.079333 ], [ -90.057254, 35.079285 ], [ -90.057245, 35.079036 ], [ -90.057242, 35.078938 ], [ -90.057237, 35.078772 ], [ -90.057244, 35.078558 ], [ -90.057247, 35.078468 ], [ -90.057257, 35.078391 ], [ -90.057288, 35.078153 ], [ -90.057331, 35.077934 ], [ -90.057355, 35.077839 ], [ -90.057455, 35.077449 ], [ -90.057504, 35.077203 ], [ -90.057554, 35.076954 ], [ -90.057575, 35.076805 ], [ -90.057599, 35.076654 ], [ -90.057609, 35.076571 ], [ -90.057659, 35.076206 ], [ -90.057699, 35.075876 ], [ -90.05772, 35.075705 ], [ -90.057728, 35.075636 ], [ -90.057815, 35.07461 ], [ -90.057845, 35.074322 ], [ -90.057977, 35.074095 ], [ -90.058159, 35.073012 ], [ -90.058214, 35.07269 ], [ -90.058689, 35.068073 ], [ -90.058859, 35.066426 ], [ -90.058893, 35.066092 ], [ -90.058997, 35.065093 ], [ -90.059033, 35.06476 ], [ -90.059066, 35.064429 ], [ -90.059154, 35.063551 ], [ -90.059165, 35.063438 ], [ -90.059199, 35.063108 ], [ -90.059303, 35.061675 ], [ -90.059416, 35.060573 ], [ -90.059541, 35.059312 ], [ -90.059613, 35.058759 ], [ -90.059754, 35.057715 ], [ -90.059861, 35.056793 ], [ -90.059932, 35.056304 ], [ -90.060097, 35.055335 ], [ -90.060112, 35.055263 ], [ -90.060172, 35.055264 ], [ -90.060623, 35.055283 ], [ -90.061161, 35.055306 ], [ -90.062158, 35.055342 ], [ -90.06267, 35.055361 ], [ -90.062893, 35.055367 ], [ -90.063097, 35.055374 ], [ -90.063563, 35.055388 ], [ -90.063787, 35.055396 ], [ -90.064204, 35.055407 ], [ -90.065455, 35.055441 ], [ -90.065872, 35.055453 ], [ -90.066339, 35.055465 ], [ -90.06774, 35.055504 ], [ -90.068207, 35.055517 ], [ -90.068378, 35.055521 ], [ -90.068472, 35.055524 ], [ -90.068892, 35.055535 ], [ -90.068998, 35.055538 ], [ -90.069064, 35.05554 ], [ -90.069117, 35.055541 ], [ -90.069348, 35.055545 ], [ -90.069716, 35.055552 ], [ -90.070202, 35.055559 ], [ -90.070487, 35.055564 ], [ -90.071002, 35.055576 ], [ -90.072549, 35.055612 ], [ -90.073065, 35.055625 ], [ -90.073586, 35.05564 ], [ -90.075149, 35.055686 ], [ -90.075671, 35.055702 ], [ -90.076101, 35.055711 ], [ -90.077393, 35.055741 ], [ -90.077824, 35.055751 ], [ -90.078372, 35.055763 ], [ -90.07844, 35.055764 ], [ -90.08029, 35.055805 ], [ -90.080907, 35.055819 ], [ -90.08212, 35.055847 ], [ -90.083676, 35.055883 ], [ -90.085762, 35.055931 ], [ -90.086976, 35.05596 ], [ -90.087497, 35.055973 ], [ -90.08817, 35.05599 ], [ -90.089062, 35.056015 ], [ -90.089533, 35.056029 ], [ -90.089584, 35.056031 ], [ -90.090729, 35.056066 ], [ -90.092464, 35.056121 ], [ -90.094167, 35.05617 ], [ -90.095313, 35.056203 ], [ -90.095114, 35.056441 ], [ -90.094699, 35.056917 ], [ -90.094504, 35.057144 ], [ -90.093732, 35.058048 ], [ -90.09357, 35.058261 ], [ -90.093468, 35.058445 ], [ -90.093373, 35.058737 ], [ -90.093289, 35.059135 ], [ -90.093057, 35.060456 ], [ -90.092844, 35.061679 ], [ -90.09286, 35.06169 ], [ -90.092884, 35.061727 ], [ -90.093386, 35.062007 ], [ -90.093981, 35.062318 ], [ -90.094815, 35.062753 ], [ -90.095002, 35.062858 ], [ -90.095123, 35.062962 ], [ -90.095196, 35.063011 ], [ -90.095276, 35.063149 ], [ -90.09537, 35.063539 ], [ -90.095377, 35.063753 ], [ -90.09547, 35.064148 ], [ -90.095724, 35.064467 ], [ -90.095738, 35.064544 ], [ -90.095718, 35.064599 ], [ -90.095344, 35.064813 ], [ -90.095304, 35.06489 ], [ -90.095304, 35.064994 ], [ -90.09533, 35.06506 ], [ -90.095391, 35.065121 ], [ -90.095416, 35.065121 ], [ -90.095698, 35.065126 ], [ -90.095771, 35.065148 ], [ -90.095825, 35.065208 ], [ -90.095898, 35.065351 ], [ -90.095905, 35.065477 ], [ -90.095778, 35.065779 ], [ -90.095799, 35.066036 ], [ -90.095805, 35.066104 ], [ -90.095868, 35.066208 ], [ -90.096167, 35.066698 ], [ -90.096233, 35.066806 ], [ -90.096259, 35.066866 ], [ -90.096283, 35.066922 ] ] ] } },
{ "type": "Feature", "properties": { "STATEFP": "47", "COUNTYFP": "157", "TRACTCE": "020524", "GEOID": "47157020524", "GEOIDFQ": "1400000US47157020524", "NAME": "205.24", "NAMELSAD": "Census Tract 205.24", "MTFCC": "G5020", "FUNCSTAT": "S", "ALAND": 4628326, "AWATER": 29693, "INTPTLAT": "+35.2368266", "INTPTLON": "-089.9448346", "geoid": "47157020524" }, "geometry": { "type": "Polygon", "coordinates": [ [ [ -89.956112, 35.222789 ], [ -89.956096, 35.222843 ], [ -89.956055, 35.222991 ], [ -89.95591, 35.223581 ], [ -89.955464, 35.225505 ], [ -89.955381, 35.225862 ], [ -89.954991, 35.227545 ], [ -89.954727, 35.228662 ], [ -89.954328, 35.230351 ], [ -89.954206, 35.230763 ], [ -89.954139, 35.230939 ], [ -89.953219, 35.233049 ], [ -89.952699, 35.234217 ], [ -89.952637, 35.234375 ], [ -89.952479, 35.234717 ], [ -89.952349, 35.235016 ], [ -89.951736, 35.236437 ], [ -89.951146, 35.237818 ], [ -89.951067, 35.237977 ], [ -89.950964, 35.238171 ], [ -89.95078, 35.238441 ], [ -89.950565, 35.23868 ], [ -89.950439, 35.238796 ], [ -89.95014, 35.239027 ], [ -89.950115, 35.239043 ], [ -89.949134, 35.239723 ], [ -89.948805, 35.239966 ], [ -89.94846, 35.240307 ], [ -89.948258, 35.240557 ], [ -89.948016, 35.240913 ], [ -89.947836, 35.241178 ], [ -89.9475, 35.241677 ], [ -89.947179, 35.242157 ], [ -89.946707, 35.242863 ], [ -89.946373, 35.243358 ], [ -89.946309, 35.243454 ], [ -89.946144, 35.243705 ], [ -89.946146, 35.243502 ], [ -89.946122, 35.243449 ], [ -89.946024, 35.243331 ], [ -89.945405, 35.24307 ], [ -89.945032, 35.242922 ], [ -89.944609, 35.242805 ], [ -89.944301, 35.242744 ], [ -89.944167, 35.242725 ], [ -89.943927, 35.24266 ], [ -89.943599, 35.242646 ], [ -89.943279, 35.242652 ], [ -89.943144, 35.242656 ], [ -89.943062, 35.242665 ], [ -89.942801, 35.242696 ], [ -89.942418, 35.242765 ], [ -89.942209, 35.242823 ], [ -89.941929, 35.242297 ], [ -89.941092, 35.24072 ], [ -89.941036, 35.240614 ], [ -89.940914, 35.24034 ], [ -89.940868, 35.240172 ], [ -89.940806, 35.239888 ], [ -89.940723, 35.239505 ], [ -89.940651, 35.239143 ], [ -89.940644, 35.239036 ], [ -89.940641, 35.238988 ], [ -89.940657, 35.238747 ], [ -89.940671, 35.238576 ], [ -89.940716, 35.238064 ], [ -89.940731, 35.237894 ], [ -89.940342, 35.237887 ], [ -89.939655, 35.237877 ], [ -89.939437, 35.237894 ], [ -89.939183, 35.237948 ], [ -89.939132, 35.23796 ], [ -89.93881, 35.238054 ], [ -89.938625, 35.238103 ], [ -89.938448, 35.23813 ], [ -89.938341, 35.238147 ], [ -89.93805, 35.238154 ], [ -89.93746, 35.238135 ], [ -89.937339, 35.238131 ], [ -89.936969, 35.23812 ], [ -89.936808, 35.238115 ], [ -89.936326, 35.238102 ], [ -89.936166, 35.238098 ], [ -89.935645, 35.238083 ], [ -89.934106, 35.238041 ], [ -89.934082, 35.23804 ], [ -89.933562, 35.238019 ], [ -89.933357, 35.238026 ], [ -89.933309, 35.238028 ], [ -89.933095, 35.238059 ], [ -89.932754, 35.238126 ], [ -89.932554, 35.238166 ], [ -89.932342, 35.238205 ], [ -89.93207, 35.238199 ], [ -89.93189, 35.238196 ], [ -89.930719, 35.238167 ], [ -89.930611, 35.238165 ], [ -89.930125, 35.238157 ], [ -89.929834, 35.23815 ], [ -89.928962, 35.23813 ], [ -89.928672, 35.238124 ], [ -89.92833, 35.238116 ], [ -89.928073, 35.238109 ], [ -89.927608, 35.238098 ], [ -89.926276, 35.238064 ], [ -89.926178, 35.238062 ], [ -89.925677, 35.238054 ], [ -89.925686, 35.237298 ], [ -89.925696, 35.23661 ], [ -89.925709, 35.235772 ], [ -89.925721, 35.235032 ], [ -89.92573, 35.234504 ], [ -89.925704, 35.234279 ], [ -89.925696, 35.23421 ], [ -89.925696, 35.234147 ], [ -89.925697, 35.233944 ], [ -89.925702, 35.233886 ], [ -89.925721, 35.23368 ], [ -89.925762, 35.233461 ], [ -89.925822, 35.23331 ], [ -89.925866, 35.233201 ], [ -89.925913, 35.23305 ], [ -89.925991, 35.232749 ], [ -89.92603, 35.232601 ], [ -89.926069, 35.232365 ], [ -89.926078, 35.232281 ], [ -89.926091, 35.232016 ], [ -89.926079, 35.231831 ], [ -89.926069, 35.231663 ], [ -89.926051, 35.231543 ], [ -89.925974, 35.231207 ], [ -89.925877, 35.230935 ], [ -89.925592, 35.230315 ], [ -89.92548, 35.230071 ], [ -89.925378, 35.229825 ], [ -89.925364, 35.229786 ], [ -89.925286, 35.229478 ], [ -89.925244, 35.229196 ], [ -89.925229, 35.229 ], [ -89.925238, 35.228599 ], [ -89.925249, 35.228501 ], [ -89.925324, 35.228042 ], [ -89.925346, 35.22791 ], [ -89.925459, 35.227674 ], [ -89.92553, 35.227619 ], [ -89.925623, 35.227429 ], [ -89.925766, 35.227165 ], [ -89.925873, 35.226971 ], [ -89.925972, 35.226767 ], [ -89.926547, 35.225847 ], [ -89.926819, 35.225414 ], [ -89.927125, 35.224932 ], [ -89.927151, 35.224892 ], [ -89.927413, 35.224445 ], [ -89.927488, 35.224257 ], [ -89.927708, 35.223464 ], [ -89.92774, 35.223347 ], [ -89.927893, 35.222798 ], [ -89.928011, 35.222373 ], [ -89.928017, 35.222354 ], [ -89.928131, 35.222011 ], [ -89.928516, 35.221152 ], [ -89.928673, 35.220803 ], [ -89.928697, 35.22075 ], [ -89.929785, 35.220926 ], [ -89.929938, 35.220951 ], [ -89.930311, 35.221021 ], [ -89.930551, 35.221091 ], [ -89.930751, 35.22117 ], [ -89.930962, 35.221273 ], [ -89.931195, 35.221427 ], [ -89.931877, 35.221957 ], [ -89.93265, 35.222472 ], [ -89.932685, 35.222495 ], [ -89.933103, 35.222752 ], [ -89.933387, 35.222888 ], [ -89.933501, 35.222919 ], [ -89.933637, 35.222936 ], [ -89.933815, 35.222958 ], [ -89.93391, 35.222961 ], [ -89.934735, 35.222988 ], [ -89.935011, 35.222998 ], [ -89.936044, 35.223011 ], [ -89.936447, 35.223017 ], [ -89.937812, 35.223033 ], [ -89.938235, 35.223044 ], [ -89.939145, 35.223061 ], [ -89.940179, 35.223082 ], [ -89.940374, 35.223085 ], [ -89.940958, 35.223097 ], [ -89.941154, 35.223101 ], [ -89.942144, 35.223121 ], [ -89.942636, 35.223132 ], [ -89.945032, 35.223183 ], [ -89.945117, 35.22319 ], [ -89.945517, 35.223225 ], [ -89.945759, 35.223267 ], [ -89.946096, 35.223339 ], [ -89.946313, 35.22339 ], [ -89.946676, 35.223476 ], [ -89.9469, 35.223521 ], [ -89.946968, 35.223529 ], [ -89.94719, 35.223558 ], [ -89.947273, 35.223565 ], [ -89.947396, 35.223576 ], [ -89.947444, 35.223577 ], [ -89.947711, 35.223583 ], [ -89.94774, 35.223582 ], [ -89.949395, 35.223537 ], [ -89.949581, 35.223532 ], [ -89.949694, 35.223525 ], [ -89.949797, 35.223473 ], [ -89.949935, 35.223466 ], [ -89.950095, 35.223447 ], [ -89.950471, 35.223391 ], [ -89.950744, 35.223332 ], [ -89.951161, 35.223226 ], [ -89.951612, 35.223112 ], [ -89.952138, 35.223026 ], [ -89.953436, 35.222921 ], [ -89.954431, 35.222853 ], [ -89.954884, 35.222816 ], [ -89.955676, 35.222753 ], [ -89.956132, 35.222724 ], [ -89.956112, 35.222789 ] ] ] } },
{ "type": "Feature", "properties": { "STATEFP": "47", "COUNTYFP": "157", "TRACTCE": "020523", "GEOID": "47157020523", "GEOIDFQ": "1400000US47157020523", "NAME": "205.23", "NAMELSAD": "Census Tract 205.23", "MTFCC": "G5020", "FUNCSTAT": "S", "ALAND": 2501636, "AWATER": 0, "INTPTLAT": "+35.2457594", "INTPTLON": "-089.9346120", "geoid": "47157020523" }, "geometry": { "type": "Polygon", "coordinates": [ [ [ -89.946144, 35.243705 ], [ -89.945896, 35.244072 ], [ -89.945406, 35.244801 ], [ -89.945064, 35.245346 ], [ -89.944874, 35.245655 ], [ -89.94451, 35.246244 ], [ -89.944059, 35.246975 ], [ -89.943735, 35.247499 ], [ -89.942765, 35.249071 ], [ -89.942594, 35.24935 ], [ -89.942432, 35.249589 ], [ -89.942361, 35.249688 ], [ -89.942189, 35.249894 ], [ -89.94215, 35.249941 ], [ -89.941811, 35.250255 ], [ -89.941651, 35.250381 ], [ -89.941393, 35.250554 ], [ -89.941278, 35.250622 ], [ -89.94105, 35.250759 ], [ -89.940938, 35.250812 ], [ -89.94035, 35.251078 ], [ -89.940249, 35.251124 ], [ -89.939862, 35.251307 ], [ -89.939602, 35.251445 ], [ -89.939208, 35.251645 ], [ -89.939102, 35.251699 ], [ -89.93875, 35.251895 ], [ -89.93835, 35.252134 ], [ -89.938253, 35.252197 ], [ -89.937623, 35.252614 ], [ -89.937331, 35.252813 ], [ -89.936862, 35.253136 ], [ -89.936457, 35.253414 ], [ -89.936167, 35.253615 ], [ -89.936031, 35.253708 ], [ -89.935626, 35.253987 ], [ -89.935567, 35.254028 ], [ -89.935491, 35.25408 ], [ -89.935359, 35.25417 ], [ -89.934965, 35.254441 ], [ -89.934864, 35.254511 ], [ -89.934834, 35.254532 ], [ -89.934802, 35.254554 ], [ -89.934443, 35.254797 ], [ -89.934399, 35.254826 ], [ -89.933246, 35.255604 ], [ -89.933092, 35.255699 ], [ -89.932647, 35.255977 ], [ -89.932013, 35.25633 ], [ -89.931701, 35.256505 ], [ -89.930135, 35.257329 ], [ -89.930095, 35.25736 ], [ -89.929455, 35.2577 ], [ -89.929458, 35.25748 ], [ -89.929467, 35.256921 ], [ -89.929468, 35.256821 ], [ -89.929473, 35.256602 ], [ -89.929507, 35.255793 ], [ -89.92952, 35.25571 ], [ -89.929577, 35.255352 ], [ -89.929826, 35.254505 ], [ -89.929912, 35.254131 ], [ -89.929945, 35.253788 ], [ -89.929956, 35.253439 ], [ -89.929938, 35.253174 ], [ -89.929924, 35.253084 ], [ -89.929918, 35.253042 ], [ -89.929776, 35.252515 ], [ -89.929666, 35.252231 ], [ -89.929553, 35.252015 ], [ -89.929348, 35.25169 ], [ -89.928344, 35.250096 ], [ -89.928248, 35.249943 ], [ -89.928072, 35.24967 ], [ -89.928014, 35.249563 ], [ -89.927939, 35.249389 ], [ -89.927647, 35.24858 ], [ -89.926591, 35.245646 ], [ -89.926581, 35.24562 ], [ -89.926492, 35.245369 ], [ -89.926224, 35.244635 ], [ -89.926191, 35.244542 ], [ -89.926094, 35.244264 ], [ -89.926062, 35.244172 ], [ -89.92601, 35.24396 ], [ -89.925992, 35.243882 ], [ -89.925947, 35.243604 ], [ -89.925908, 35.243314 ], [ -89.92588, 35.243098 ], [ -89.925829, 35.242698 ], [ -89.92582, 35.242622 ], [ -89.925727, 35.241496 ], [ -89.925694, 35.241096 ], [ -89.925679, 35.240937 ], [ -89.925669, 35.240739 ], [ -89.925646, 35.240281 ], [ -89.925652, 35.239669 ], [ -89.925656, 35.239312 ], [ -89.92566, 35.23906 ], [ -89.925673, 35.238305 ], [ -89.925676, 35.238134 ], [ -89.925677, 35.238054 ], [ -89.926178, 35.238062 ], [ -89.926276, 35.238064 ], [ -89.927608, 35.238098 ], [ -89.928073, 35.238109 ], [ -89.92833, 35.238116 ], [ -89.928672, 35.238124 ], [ -89.928962, 35.23813 ], [ -89.929834, 35.23815 ], [ -89.930125, 35.238157 ], [ -89.930611, 35.238165 ], [ -89.930719, 35.238167 ], [ -89.93189, 35.238196 ], [ -89.93207, 35.238199 ], [ -89.932342, 35.238205 ], [ -89.932554, 35.238166 ], [ -89.932754, 35.238126 ], [ -89.933095, 35.238059 ], [ -89.933309, 35.238028 ], [ -89.933357, 35.238026 ], [ -89.933562, 35.238019 ], [ -89.934082, 35.23804 ], [ -89.934106, 35.238041 ], [ -89.935645, 35.238083 ], [ -89.936166, 35.238098 ], [ -89.936326, 35.238102 ], [ -89.936808, 35.238115 ], [ -89.936969, 35.23812 ], [ -89.937339, 35.238131 ], [ -89.93746, 35.238135 ], [ -89.93805, 35.238154 ], [ -89.938341, 35.238147 ], [ -89.938448, 35.23813 ], [ -89.938625, 35.238103 ], [ -89.93881, 35.238054 ], [ -89.939132, 35.23796 ], [ -89.939183, 35.237948 ], [ -89.939437, 35.237894 ], [ -89.939655, 35.237877 ], [ -89.940342, 35.237887 ], [ -89.940731, 35.237894 ], [ -89.940716, 35.238064 ], [ -89.940671, 35.238576 ], [ -89.940657, 35.238747 ], [ -89.940641, 35.238988 ], [ -89.940644, 35.239036 ], [ -89.940651, 35.239143 ], [ -89.940723, 35.239505 ], [ -89.940806, 35.239888 ], [ -89.940868, 35.240172 ], [ -89.940914, 35.24034 ], [ -89.941036, 35.240614 ], [ -89.941092, 35.24072 ], [ -89.941929, 35.242297 ], [ -89.942209, 35.242823 ], [ -89.942418, 35.242765 ], [ -89.942801, 35.242696 ], [ -89.943062, 35.242665 ], [ -89.943144, 35.242656 ], [ -89.943279, 35.242652 ], [ -89.943599, 35.242646 ], [ -89.943927, 35.24266 ], [ -89.944167, 35.242725 ], [ -89.944301, 35.242744 ], [ -89.944609, 35.242805 ], [ -89.945032, 35.242922 ], [ -89.945405, 35.24307 ], [ -89.946024, 35.243331 ], [ -89.946122, 35.243449 ], [ -89.946146, 35.243502 ], [ -89.946144, 35.243705 ] ] ] } },
{ "type": "Feature", "properties": { "STATEFP": "47", "COUNTYFP": "157", "TRACTCE": "022121", "GEOID": "47157022121", "GEOIDFQ": "1400000US47157022121", "NAME": "221.21", "NAMELSAD": "Census Tract 221.21", "MTFCC": "G5020", "FUNCSTAT": "S", "ALAND": 4373318, "AWATER": 0, "INTPTLAT": "+35.0137999", "INTPTLON": "-090.0225038", "geoid": "47157022121" }, "geometry": { "type": "Polygon", "coordinates": [ [ [ -90.038902, 35.020979 ], [ -90.038686, 35.020981 ], [ -90.038615, 35.020983 ], [ -90.038415, 35.020976 ], [ -90.037825, 35.020957 ], [ -90.037619, 35.020942 ], [ -90.037364, 35.020926 ], [ -90.037042, 35.020908 ], [ -90.036598, 35.020904 ], [ -90.036343, 35.020902 ], [ -90.036084, 35.020901 ], [ -90.03531, 35.020898 ], [ -90.035052, 35.020898 ], [ -90.034612, 35.0209 ], [ -90.033291, 35.020906 ], [ -90.032852, 35.020909 ], [ -90.032235, 35.020912 ], [ -90.032212, 35.020913 ], [ -90.030386, 35.020915 ], [ -90.029856, 35.020916 ], [ -90.02977, 35.020916 ], [ -90.029629, 35.020916 ], [ -90.029207, 35.020917 ], [ -90.029067, 35.020918 ], [ -90.028292, 35.020927 ], [ -90.027421, 35.020938 ], [ -90.027154, 35.020944 ], [ -90.026725, 35.020948 ], [ -90.025992, 35.020955 ], [ -90.025972, 35.020948 ], [ -90.025784, 35.02089 ], [ -90.025228, 35.020879 ], [ -90.02509, 35.020876 ], [ -90.024856, 35.020872 ], [ -90.024332, 35.020878 ], [ -90.024131, 35.020878 ], [ -90.023422, 35.020879 ], [ -90.023312, 35.020879 ], [ -90.021952, 35.020876 ], [ -90.021858, 35.020876 ], [ -90.020904, 35.020874 ], [ -90.02067, 35.020874 ], [ -90.019925, 35.020873 ], [ -90.019829, 35.020874 ], [ -90.019459, 35.020876 ], [ -90.018737, 35.020881 ], [ -90.01835, 35.020882 ], [ -90.017981, 35.020884 ], [ -90.017195, 35.020885 ], [ -90.016695, 35.020887 ], [ -90.015893, 35.020889 ], [ -90.014854, 35.020895 ], [ -90.01484, 35.020895 ], [ -90.014055, 35.0209 ], [ -90.013954, 35.020901 ], [ -90.013738, 35.020902 ], [ -90.012787, 35.020909 ], [ -90.012471, 35.020912 ], [ -90.012061, 35.020915 ], [ -90.010831, 35.020923 ], [ -90.010422, 35.020927 ], [ -90.010379, 35.020927 ], [ -90.010182, 35.020928 ], [ -90.009465, 35.020933 ], [ -90.009226, 35.020936 ], [ -90.0083, 35.020946 ], [ -90.007585, 35.020951 ], [ -90.007528, 35.020951 ], [ -90.007528, 35.020775 ], [ -90.00753, 35.020447 ], [ -90.007532, 35.02025 ], [ -90.007535, 35.020075 ], [ -90.007537, 35.019901 ], [ -90.007543, 35.019379 ], [ -90.007546, 35.019206 ], [ -90.007546, 35.019114 ], [ -90.007548, 35.01884 ], [ -90.007549, 35.018749 ], [ -90.00755, 35.018561 ], [ -90.007556, 35.017997 ], [ -90.007559, 35.01781 ], [ -90.00756, 35.017622 ], [ -90.007565, 35.01706 ], [ -90.007568, 35.016873 ], [ -90.00757, 35.016541 ], [ -90.007578, 35.015547 ], [ -90.007582, 35.015216 ], [ -90.007583, 35.015081 ], [ -90.007586, 35.014747 ], [ -90.007586, 35.014676 ], [ -90.007586, 35.014542 ], [ -90.007587, 35.014465 ], [ -90.007588, 35.014358 ], [ -90.007591, 35.013647 ], [ -90.007598, 35.012955 ], [ -90.007619, 35.010879 ], [ -90.007627, 35.010188 ], [ -90.007631, 35.009728 ], [ -90.007644, 35.008351 ], [ -90.007649, 35.007892 ], [ -90.007649, 35.007799 ], [ -90.007649, 35.007523 ], [ -90.00765, 35.007431 ], [ -90.007652, 35.00723 ], [ -90.007659, 35.006627 ], [ -90.007662, 35.006465 ], [ -90.007662, 35.006426 ], [ -90.00793, 35.006426 ], [ -90.008736, 35.006427 ], [ -90.009005, 35.006428 ], [ -90.009267, 35.006427 ], [ -90.010056, 35.006427 ], [ -90.01032, 35.006427 ], [ -90.010547, 35.006425 ], [ -90.011229, 35.006423 ], [ -90.011457, 35.006422 ], [ -90.011673, 35.006421 ], [ -90.012321, 35.006419 ], [ -90.012538, 35.006419 ], [ -90.012714, 35.006419 ], [ -90.013243, 35.006421 ], [ -90.01342, 35.006422 ], [ -90.013869, 35.006419 ], [ -90.01522, 35.006412 ], [ -90.01567, 35.00641 ], [ -90.01591, 35.00641 ], [ -90.016392, 35.006412 ], [ -90.016631, 35.006412 ], [ -90.016872, 35.006414 ], [ -90.017362, 35.00641 ], [ -90.018833, 35.006402 ], [ -90.019324, 35.006399 ], [ -90.019706, 35.006398 ], [ -90.020852, 35.006396 ], [ -90.021235, 35.006396 ], [ -90.022042, 35.006394 ], [ -90.023521, 35.006391 ], [ -90.024465, 35.006401 ], [ -90.025273, 35.00641 ], [ -90.025331, 35.006408 ], [ -90.02639, 35.006367 ], [ -90.026467, 35.006365 ], [ -90.027123, 35.006351 ], [ -90.028527, 35.006345 ], [ -90.029394, 35.006342 ], [ -90.029744, 35.006341 ], [ -90.030863, 35.00634 ], [ -90.031232, 35.006338 ], [ -90.032341, 35.006336 ], [ -90.032711, 35.006335 ], [ -90.033073, 35.00634 ], [ -90.034162, 35.006357 ], [ -90.034525, 35.006363 ], [ -90.034666, 35.006364 ], [ -90.035089, 35.006368 ], [ -90.035143, 35.006369 ], [ -90.035231, 35.006369 ], [ -90.035903, 35.008307 ], [ -90.036254, 35.009318 ], [ -90.036962, 35.011358 ], [ -90.03715, 35.012019 ], [ -90.03726, 35.012507 ], [ -90.037604, 35.01421 ], [ -90.037641, 35.014393 ], [ -90.037661, 35.014491 ], [ -90.037949, 35.015915 ], [ -90.038028, 35.016217 ], [ -90.038041, 35.016305 ], [ -90.038081, 35.016571 ], [ -90.038095, 35.01666 ], [ -90.038127, 35.016813 ], [ -90.038223, 35.017275 ], [ -90.038255, 35.01743 ], [ -90.038396, 35.01814 ], [ -90.038654, 35.019439 ], [ -90.038827, 35.020269 ], [ -90.038975, 35.020979 ], [ -90.038902, 35.020979 ] ] ] } },
{ "type": "Feature", "properties": { "STATEFP": "47", "COUNTYFP": "157", "TRACTCE": "005600", "GEOID": "47157005600", "GEOIDFQ": "1400000US47157005600", "NAME": "56", "NAMELSAD": "Census Tract 56", "MTFCC": "G5020", "FUNCSTAT": "S", "ALAND": 4195192, "AWATER": 0, "INTPTLAT": "+35.0890357", "INTPTLON": "-090.0447066", "geoid": "47157005600" }, "geometry": { "type": "Polygon", "coordinates": [ [ [ -90.054484, 35.090581 ], [ -90.054436, 35.091053 ], [ -90.054393, 35.091478 ], [ -90.054152, 35.093125 ], [ -90.053968, 35.094465 ], [ -90.053948, 35.094616 ], [ -90.053813, 35.095603 ], [ -90.053637, 35.096788 ], [ -90.053572, 35.097227 ], [ -90.053395, 35.098545 ], [ -90.05315, 35.100348 ], [ -90.052989, 35.101536 ], [ -90.052968, 35.101534 ], [ -90.052907, 35.101528 ], [ -90.052887, 35.101527 ], [ -90.052673, 35.101518 ], [ -90.052523, 35.101513 ], [ -90.052199, 35.101484 ], [ -90.052038, 35.10145 ], [ -90.05187, 35.101416 ], [ -90.051829, 35.101413 ], [ -90.051659, 35.101402 ], [ -90.051149, 35.101372 ], [ -90.05104, 35.101366 ], [ -90.050982, 35.101351 ], [ -90.050909, 35.101381 ], [ -90.050784, 35.101434 ], [ -90.050685, 35.101448 ], [ -90.050638, 35.101456 ], [ -90.050607, 35.101454 ], [ -90.05037, 35.101447 ], [ -90.049662, 35.101429 ], [ -90.049426, 35.101423 ], [ -90.049188, 35.101418 ], [ -90.048477, 35.101406 ], [ -90.04824, 35.101402 ], [ -90.047986, 35.101401 ], [ -90.047599, 35.1014 ], [ -90.047227, 35.101395 ], [ -90.046974, 35.101392 ], [ -90.046674, 35.10138 ], [ -90.046462, 35.101373 ], [ -90.046112, 35.101338 ], [ -90.045779, 35.101326 ], [ -90.04548, 35.101316 ], [ -90.045215, 35.101311 ], [ -90.044797, 35.101305 ], [ -90.044422, 35.101289 ], [ -90.044158, 35.101279 ], [ -90.044023, 35.101274 ], [ -90.043618, 35.101261 ], [ -90.043483, 35.101257 ], [ -90.043351, 35.101255 ], [ -90.043119, 35.101253 ], [ -90.042957, 35.10125 ], [ -90.042826, 35.101248 ], [ -90.042695, 35.101245 ], [ -90.042305, 35.101238 ], [ -90.042175, 35.101236 ], [ -90.042045, 35.101231 ], [ -90.041656, 35.101219 ], [ -90.041527, 35.101215 ], [ -90.041396, 35.101208 ], [ -90.041006, 35.101189 ], [ -90.040876, 35.101183 ], [ -90.040665, 35.101171 ], [ -90.040033, 35.101138 ], [ -90.039823, 35.101127 ], [ -90.039738, 35.101124 ], [ -90.039484, 35.101115 ], [ -90.0394, 35.101113 ], [ -90.039276, 35.101109 ], [ -90.039172, 35.101106 ], [ -90.038904, 35.101097 ], [ -90.038781, 35.101093 ], [ -90.038652, 35.101088 ], [ -90.038265, 35.101073 ], [ -90.038136, 35.101068 ], [ -90.037985, 35.101058 ], [ -90.037849, 35.101055 ], [ -90.03753, 35.101049 ], [ -90.036987, 35.101026 ], [ -90.036701, 35.101015 ], [ -90.036486, 35.101006 ], [ -90.036332, 35.101 ], [ -90.035897, 35.100985 ], [ -90.035842, 35.10098 ], [ -90.035629, 35.100963 ], [ -90.035644, 35.100898 ], [ -90.035656, 35.100851 ], [ -90.035675, 35.100775 ], [ -90.035693, 35.100706 ], [ -90.03571, 35.100643 ], [ -90.03643, 35.10001 ], [ -90.038593, 35.098113 ], [ -90.039314, 35.097482 ], [ -90.039304, 35.097449 ], [ -90.039274, 35.097353 ], [ -90.039264, 35.097322 ], [ -90.039232, 35.09723 ], [ -90.039138, 35.096956 ], [ -90.039107, 35.096865 ], [ -90.039038, 35.096678 ], [ -90.038831, 35.096118 ], [ -90.038763, 35.095932 ], [ -90.038636, 35.095582 ], [ -90.038517, 35.095253 ], [ -90.038256, 35.094534 ], [ -90.038215, 35.094422 ], [ -90.038107, 35.094195 ], [ -90.038076, 35.094113 ], [ -90.037973, 35.09375 ], [ -90.037921, 35.093595 ], [ -90.037721, 35.092999 ], [ -90.037301, 35.091814 ], [ -90.037092, 35.091222 ], [ -90.036955, 35.090826 ], [ -90.036891, 35.090638 ], [ -90.036844, 35.090409 ], [ -90.036821, 35.090127 ], [ -90.036824, 35.0899 ], [ -90.036828, 35.089586 ], [ -90.036835, 35.089168 ], [ -90.03684, 35.08897 ], [ -90.036858, 35.088378 ], [ -90.036865, 35.088181 ], [ -90.03687, 35.087979 ], [ -90.036884, 35.087375 ], [ -90.03689, 35.087174 ], [ -90.036895, 35.086973 ], [ -90.036912, 35.08637 ], [ -90.036919, 35.08617 ], [ -90.036444, 35.08616 ], [ -90.035019, 35.08613 ], [ -90.034545, 35.086121 ], [ -90.034464, 35.086119 ], [ -90.034224, 35.086116 ], [ -90.034144, 35.086115 ], [ -90.033713, 35.086107 ], [ -90.033543, 35.086104 ], [ -90.032421, 35.086082 ], [ -90.031991, 35.086074 ], [ -90.03185, 35.08607 ], [ -90.031573, 35.086063 ], [ -90.031456, 35.086102 ], [ -90.031437, 35.086101 ], [ -90.031297, 35.086099 ], [ -90.031035, 35.086088 ], [ -90.030727, 35.086077 ], [ -90.030596, 35.08606 ], [ -90.030458, 35.086033 ], [ -90.030356, 35.085999 ], [ -90.030265, 35.085964 ], [ -90.030221, 35.085947 ], [ -90.030113, 35.085888 ], [ -90.030038, 35.085836 ], [ -90.029888, 35.085709 ], [ -90.029799, 35.085612 ], [ -90.029234, 35.084996 ], [ -90.02914, 35.084885 ], [ -90.028929, 35.084636 ], [ -90.029045, 35.084566 ], [ -90.03005, 35.083963 ], [ -90.030466, 35.083712 ], [ -90.030993, 35.083396 ], [ -90.032017, 35.082801 ], [ -90.034497, 35.081312 ], [ -90.035091, 35.08096 ], [ -90.036636, 35.080048 ], [ -90.036726, 35.079995 ], [ -90.036997, 35.079838 ], [ -90.037088, 35.079786 ], [ -90.037988, 35.079231 ], [ -90.038443, 35.078962 ], [ -90.039393, 35.078402 ], [ -90.040049, 35.078013 ], [ -90.040559, 35.077744 ], [ -90.041145, 35.07748 ], [ -90.041801, 35.077237 ], [ -90.042367, 35.07706 ], [ -90.042739, 35.076973 ], [ -90.043149, 35.076878 ], [ -90.044303, 35.076707 ], [ -90.044528, 35.076682 ], [ -90.044684, 35.076666 ], [ -90.046306, 35.077154 ], [ -90.047065, 35.077357 ], [ -90.048249, 35.077625 ], [ -90.048792, 35.077724 ], [ -90.049433, 35.07782 ], [ -90.05049, 35.077942 ], [ -90.051288, 35.078015 ], [ -90.051558, 35.078031 ], [ -90.052123, 35.078092 ], [ -90.052437, 35.078121 ], [ -90.052462, 35.078262 ], [ -90.052537, 35.078732 ], [ -90.052563, 35.078893 ], [ -90.052633, 35.079322 ], [ -90.052848, 35.080582 ], [ -90.052885, 35.080784 ], [ -90.053001, 35.081414 ], [ -90.053044, 35.081569 ], [ -90.053174, 35.082034 ], [ -90.053218, 35.08219 ], [ -90.053282, 35.082554 ], [ -90.053477, 35.083647 ], [ -90.053542, 35.084012 ], [ -90.053759, 35.08515 ], [ -90.053775, 35.085238 ], [ -90.054002, 35.086477 ], [ -90.054271, 35.087794 ], [ -90.0543, 35.087984 ], [ -90.054335, 35.088214 ], [ -90.054412, 35.088722 ], [ -90.054476, 35.089368 ], [ -90.05448, 35.089482 ], [ -90.054495, 35.089908 ], [ -90.054484, 35.090581 ] ] ] } },
{ "type": "Feature", "properties": { "STATEFP": "47", "COUNTYFP": "157", "TRACTCE": "005800", "GEOID": "47157005800", "GEOIDFQ": "1400000US47157005800", "NAME": "58", "NAMELSAD": "Census Tract 58", "MTFCC": "G5020", "FUNCSTAT": "S", "ALAND": 706631, "AWATER": 0, "INTPTLAT": "+35.1117123", "INTPTLON": "-090.0511301", "geoid": "47157005800" }, "geometry": { "type": "Polygon", "coordinates": [ [ [ -90.055327, 35.107693 ], [ -90.05532, 35.107851 ], [ -90.055319, 35.107876 ], [ -90.055316, 35.108625 ], [ -90.055316, 35.108792 ], [ -90.055313, 35.108884 ], [ -90.055292, 35.1095 ], [ -90.05529, 35.109591 ], [ -90.055265, 35.11135 ], [ -90.055257, 35.111967 ], [ -90.055256, 35.112015 ], [ -90.055255, 35.112064 ], [ -90.055253, 35.112184 ], [ -90.055251, 35.112355 ], [ -90.05525, 35.112453 ], [ -90.055248, 35.112649 ], [ -90.055247, 35.112898 ], [ -90.055243, 35.112943 ], [ -90.055247, 35.112988 ], [ -90.055244, 35.11324 ], [ -90.055243, 35.113437 ], [ -90.05524, 35.113615 ], [ -90.055235, 35.114149 ], [ -90.055233, 35.114328 ], [ -90.05523, 35.114493 ], [ -90.055225, 35.11499 ], [ -90.055224, 35.115156 ], [ -90.055221, 35.115333 ], [ -90.055215, 35.115864 ], [ -90.055213, 35.116042 ], [ -90.055147, 35.116041 ], [ -90.055094, 35.11604 ], [ -90.054739, 35.116034 ], [ -90.054621, 35.116032 ], [ -90.054443, 35.116029 ], [ -90.053909, 35.11602 ], [ -90.053732, 35.116017 ], [ -90.053501, 35.116012 ], [ -90.052811, 35.115997 ], [ -90.052581, 35.115992 ], [ -90.052545, 35.115991 ], [ -90.052438, 35.115988 ], [ -90.052403, 35.115988 ], [ -90.052169, 35.115982 ], [ -90.051467, 35.115965 ], [ -90.051234, 35.11596 ], [ -90.050632, 35.115946 ], [ -90.049447, 35.115921 ], [ -90.048829, 35.115908 ], [ -90.048228, 35.115896 ], [ -90.04811, 35.115892 ], [ -90.047898, 35.115887 ], [ -90.047756, 35.115883 ], [ -90.047638, 35.11588 ], [ -90.047524, 35.115877 ], [ -90.047442, 35.115875 ], [ -90.047185, 35.115871 ], [ -90.047072, 35.11587 ], [ -90.047032, 35.115746 ], [ -90.047024, 35.115542 ], [ -90.047034, 35.114967 ], [ -90.047035, 35.114913 ], [ -90.047059, 35.114056 ], [ -90.047093, 35.113152 ], [ -90.047099, 35.112966 ], [ -90.047117, 35.112407 ], [ -90.047124, 35.112222 ], [ -90.04689, 35.112217 ], [ -90.046914, 35.111162 ], [ -90.046916, 35.110969 ], [ -90.046924, 35.110392 ], [ -90.046927, 35.1102 ], [ -90.046944, 35.109643 ], [ -90.046998, 35.107971 ], [ -90.047016, 35.107415 ], [ -90.047209, 35.107419 ], [ -90.047586, 35.107427 ], [ -90.047788, 35.107431 ], [ -90.047981, 35.107436 ], [ -90.048404, 35.107444 ], [ -90.049094, 35.107459 ], [ -90.049204, 35.107462 ], [ -90.04954, 35.107469 ], [ -90.050394, 35.107487 ], [ -90.050634, 35.107492 ], [ -90.050889, 35.107498 ], [ -90.051357, 35.107508 ], [ -90.051598, 35.107514 ], [ -90.051632, 35.107514 ], [ -90.051736, 35.107516 ], [ -90.051771, 35.107517 ], [ -90.052043, 35.107525 ], [ -90.052197, 35.10753 ], [ -90.052376, 35.107537 ], [ -90.052862, 35.107552 ], [ -90.05293, 35.107555 ], [ -90.053135, 35.107561 ], [ -90.053187, 35.107562 ], [ -90.053343, 35.107565 ], [ -90.053365, 35.107566 ], [ -90.053396, 35.107567 ], [ -90.053479, 35.107568 ], [ -90.053681, 35.107572 ], [ -90.053728, 35.107572 ], [ -90.053812, 35.107574 ], [ -90.053957, 35.107575 ], [ -90.054393, 35.107579 ], [ -90.054539, 35.107581 ], [ -90.054697, 35.107582 ], [ -90.055136, 35.107587 ], [ -90.055172, 35.107588 ], [ -90.055273, 35.107592 ], [ -90.055331, 35.107593 ], [ -90.055327, 35.107693 ] ] ] } },
{ "type": "Feature", "properties": { "STATEFP": "47", "COUNTYFP": "157", "TRACTCE": "005900", "GEOID": "47157005900", "GEOIDFQ": "1400000US47157005900", "NAME": "59", "NAMELSAD": "Census Tract 59", "MTFCC": "G5020", "FUNCSTAT": "S", "ALAND": 1419382, "AWATER": 0, "INTPTLAT": "+35.1114587", "INTPTLON": "-090.0387174", "geoid": "47157005900" }, "geometry": { "type": "Polygon", "coordinates": [ [ [ -90.047117, 35.112407 ], [ -90.047099, 35.112966 ], [ -90.047093, 35.113152 ], [ -90.047059, 35.114056 ], [ -90.047035, 35.114913 ], [ -90.047034, 35.114967 ], [ -90.047024, 35.115542 ], [ -90.047032, 35.115746 ], [ -90.047072, 35.11587 ], [ -90.046934, 35.115866 ], [ -90.043428, 35.115787 ], [ -90.043293, 35.115783 ], [ -90.040992, 35.115732 ], [ -90.040569, 35.115722 ], [ -90.040405, 35.115719 ], [ -90.039302, 35.115692 ], [ -90.03888, 35.115683 ], [ -90.037797, 35.115659 ], [ -90.03717, 35.115644 ], [ -90.036039, 35.115617 ], [ -90.03463, 35.115587 ], [ -90.034455, 35.115583 ], [ -90.033974, 35.115572 ], [ -90.033931, 35.115571 ], [ -90.033757, 35.115567 ], [ -90.033067, 35.115552 ], [ -90.033051, 35.115552 ], [ -90.032982, 35.11555 ], [ -90.031707, 35.115521 ], [ -90.031497, 35.115516 ], [ -90.030814, 35.115501 ], [ -90.030715, 35.115498 ], [ -90.030418, 35.115492 ], [ -90.03032, 35.11549 ], [ -90.030348, 35.114583 ], [ -90.030382, 35.113876 ], [ -90.030398, 35.113407 ], [ -90.0304, 35.113294 ], [ -90.030422, 35.112525 ], [ -90.030441, 35.111784 ], [ -90.030368, 35.111781 ], [ -90.030403, 35.111075 ], [ -90.030391, 35.110747 ], [ -90.0304, 35.110311 ], [ -90.030405, 35.110192 ], [ -90.03042, 35.109897 ], [ -90.030424, 35.109838 ], [ -90.030426, 35.10981 ], [ -90.030431, 35.109721 ], [ -90.030461, 35.10931 ], [ -90.030468, 35.1092 ], [ -90.030489, 35.108873 ], [ -90.030497, 35.108764 ], [ -90.03051, 35.108421 ], [ -90.030551, 35.107393 ], [ -90.030565, 35.107051 ], [ -90.03138, 35.107072 ], [ -90.032453, 35.107094 ], [ -90.032551, 35.107095 ], [ -90.032854, 35.107098 ], [ -90.032955, 35.107099 ], [ -90.033036, 35.1071 ], [ -90.033272, 35.107103 ], [ -90.033362, 35.107106 ], [ -90.033459, 35.107108 ], [ -90.03375, 35.107117 ], [ -90.033847, 35.10712 ], [ -90.033903, 35.107121 ], [ -90.034071, 35.107126 ], [ -90.034127, 35.107128 ], [ -90.034412, 35.107135 ], [ -90.035269, 35.107158 ], [ -90.035555, 35.107166 ], [ -90.035619, 35.107167 ], [ -90.035811, 35.107172 ], [ -90.035875, 35.107174 ], [ -90.036018, 35.107177 ], [ -90.036054, 35.107177 ], [ -90.036594, 35.107191 ], [ -90.03665, 35.107193 ], [ -90.036774, 35.107195 ], [ -90.036963, 35.107194 ], [ -90.036999, 35.107182 ], [ -90.037433, 35.107126 ], [ -90.037676, 35.107126 ], [ -90.0379, 35.107138 ], [ -90.038028, 35.10715 ], [ -90.038234, 35.10717 ], [ -90.038414, 35.107175 ], [ -90.038543, 35.10718 ], [ -90.038612, 35.107181 ], [ -90.038821, 35.107185 ], [ -90.038891, 35.107187 ], [ -90.038961, 35.107188 ], [ -90.039171, 35.107192 ], [ -90.039241, 35.107194 ], [ -90.039306, 35.107195 ], [ -90.039502, 35.107199 ], [ -90.039568, 35.107201 ], [ -90.039646, 35.107202 ], [ -90.039883, 35.107208 ], [ -90.039962, 35.10721 ], [ -90.040096, 35.107213 ], [ -90.040498, 35.107222 ], [ -90.040633, 35.107225 ], [ -90.040687, 35.107226 ], [ -90.040849, 35.107229 ], [ -90.040903, 35.107231 ], [ -90.040978, 35.107232 ], [ -90.041206, 35.107237 ], [ -90.041282, 35.107239 ], [ -90.041413, 35.107241 ], [ -90.041809, 35.107249 ], [ -90.041941, 35.107252 ], [ -90.042022, 35.107253 ], [ -90.042265, 35.107259 ], [ -90.042346, 35.107261 ], [ -90.042395, 35.107262 ], [ -90.042542, 35.107265 ], [ -90.042592, 35.107267 ], [ -90.042723, 35.107269 ], [ -90.043118, 35.107278 ], [ -90.04325, 35.107281 ], [ -90.043362, 35.107281 ], [ -90.043596, 35.107283 ], [ -90.04369, 35.107334 ], [ -90.043801, 35.107348 ], [ -90.044026, 35.107352 ], [ -90.044558, 35.107362 ], [ -90.044701, 35.107365 ], [ -90.044927, 35.10737 ], [ -90.04499, 35.107371 ], [ -90.045181, 35.107376 ], [ -90.045245, 35.107378 ], [ -90.045306, 35.107379 ], [ -90.045367, 35.107379 ], [ -90.045733, 35.107385 ], [ -90.045856, 35.107387 ], [ -90.046087, 35.107393 ], [ -90.046417, 35.107402 ], [ -90.046783, 35.107409 ], [ -90.047016, 35.107415 ], [ -90.046998, 35.107971 ], [ -90.046944, 35.109643 ], [ -90.046927, 35.1102 ], [ -90.046924, 35.110392 ], [ -90.046916, 35.110969 ], [ -90.046914, 35.111162 ], [ -90.04689, 35.112217 ], [ -90.047124, 35.112222 ], [ -90.047117, 35.112407 ] ] ] } },
{ "type": "Feature", "properties": { "STATEFP": "47", "COUNTYFP": "157", "TRACTCE": "006000", "GEOID": "47157006000", "GEOIDFQ": "1400000US47157006000", "NAME": "60", "NAMELSAD": "Census Tract 60", "MTFCC": "G5020", "FUNCSTAT": "S", "ALAND": 1522991, "AWATER": 0, "INTPTLAT": "+35.1045937", "INTPTLON": "-090.0188179", "geoid": "47157006000" }, "geometry": { "type": "Polygon", "coordinates": [ [ [ -90.02948, 35.102842 ], [ -90.029439, 35.103805 ], [ -90.029412, 35.104474 ], [ -90.029409, 35.104556 ], [ -90.029394, 35.104902 ], [ -90.029354, 35.105894 ], [ -90.029352, 35.10594 ], [ -90.029344, 35.106176 ], [ -90.02934, 35.106287 ], [ -90.029333, 35.106433 ], [ -90.029316, 35.106871 ], [ -90.02931, 35.107018 ], [ -90.029198, 35.107015 ], [ -90.029171, 35.107015 ], [ -90.029094, 35.107013 ], [ -90.028862, 35.107006 ], [ -90.028751, 35.107004 ], [ -90.028719, 35.107003 ], [ -90.028625, 35.107 ], [ -90.028594, 35.107 ], [ -90.028553, 35.106999 ], [ -90.028493, 35.106998 ], [ -90.028439, 35.106996 ], [ -90.028394, 35.106995 ], [ -90.028287, 35.106992 ], [ -90.028269, 35.106992 ], [ -90.027968, 35.106983 ], [ -90.027862, 35.106981 ], [ -90.027765, 35.106979 ], [ -90.027689, 35.106977 ], [ -90.027364, 35.10697 ], [ -90.027173, 35.106965 ], [ -90.027001, 35.106962 ], [ -90.026832, 35.106957 ], [ -90.026325, 35.106945 ], [ -90.026156, 35.106941 ], [ -90.025986, 35.106937 ], [ -90.025972, 35.106937 ], [ -90.025476, 35.106925 ], [ -90.025307, 35.106921 ], [ -90.025138, 35.106917 ], [ -90.024631, 35.106905 ], [ -90.024463, 35.106901 ], [ -90.024294, 35.106896 ], [ -90.023791, 35.106884 ], [ -90.023623, 35.10688 ], [ -90.023457, 35.106876 ], [ -90.022961, 35.106866 ], [ -90.022796, 35.106863 ], [ -90.022648, 35.106858 ], [ -90.022205, 35.106845 ], [ -90.022057, 35.106847 ], [ -90.022004, 35.106848 ], [ -90.021935, 35.106851 ], [ -90.021845, 35.106856 ], [ -90.021793, 35.106859 ], [ -90.02167, 35.106866 ], [ -90.021302, 35.106887 ], [ -90.021274, 35.106889 ], [ -90.02118, 35.106892 ], [ -90.021362, 35.107744 ], [ -90.021528, 35.108544 ], [ -90.021653, 35.109147 ], [ -90.021721, 35.10948 ], [ -90.018399, 35.109376 ], [ -90.017195, 35.109337 ], [ -90.016906, 35.109327 ], [ -90.016041, 35.1093 ], [ -90.015753, 35.109291 ], [ -90.015576, 35.109285 ], [ -90.015197, 35.109273 ], [ -90.015048, 35.109262 ], [ -90.014872, 35.109251 ], [ -90.014641, 35.109235 ], [ -90.014597, 35.109232 ], [ -90.014198, 35.10922 ], [ -90.01395, 35.109213 ], [ -90.01372, 35.109207 ], [ -90.013456, 35.109201 ], [ -90.012664, 35.109186 ], [ -90.0124, 35.109182 ], [ -90.011469, 35.109158 ], [ -90.010688, 35.109124 ], [ -90.010551, 35.109117 ], [ -90.010331, 35.109111 ], [ -90.009981, 35.109109 ], [ -90.009806, 35.108866 ], [ -90.009758, 35.108799 ], [ -90.009654, 35.108603 ], [ -90.009629, 35.108484 ], [ -90.00962, 35.108327 ], [ -90.009675, 35.106571 ], [ -90.009695, 35.106162 ], [ -90.00971, 35.105881 ], [ -90.009724, 35.105422 ], [ -90.009739, 35.104935 ], [ -90.009752, 35.104527 ], [ -90.009761, 35.104322 ], [ -90.009789, 35.103707 ], [ -90.009799, 35.103503 ], [ -90.009808, 35.103043 ], [ -90.009834, 35.101876 ], [ -90.009812, 35.101666 ], [ -90.009756, 35.101481 ], [ -90.00965, 35.101237 ], [ -90.009576, 35.101066 ], [ -90.00951, 35.100913 ], [ -90.009486, 35.100756 ], [ -90.00948, 35.100583 ], [ -90.009484, 35.100524 ], [ -90.0095, 35.100339 ], [ -90.009804, 35.100342 ], [ -90.00983, 35.100343 ], [ -90.010716, 35.100372 ], [ -90.011021, 35.100382 ], [ -90.011198, 35.100391 ], [ -90.011603, 35.100413 ], [ -90.011729, 35.100431 ], [ -90.011905, 35.100457 ], [ -90.011932, 35.100462 ], [ -90.012062, 35.100499 ], [ -90.012532, 35.100634 ], [ -90.012563, 35.100643 ], [ -90.012654, 35.100667 ], [ -90.01269, 35.100676 ], [ -90.012887, 35.100708 ], [ -90.013171, 35.100726 ], [ -90.013185, 35.100726 ], [ -90.014292, 35.100753 ], [ -90.014679, 35.100768 ], [ -90.015177, 35.100789 ], [ -90.0157, 35.10081 ], [ -90.017272, 35.100854 ], [ -90.017796, 35.100869 ], [ -90.017942, 35.100874 ], [ -90.018111, 35.10088 ], [ -90.018279, 35.100868 ], [ -90.018379, 35.100849 ], [ -90.018523, 35.100824 ], [ -90.018802, 35.100751 ], [ -90.018859, 35.100735 ], [ -90.018895, 35.100723 ], [ -90.019076, 35.100654 ], [ -90.019204, 35.100617 ], [ -90.019405, 35.100595 ], [ -90.019522, 35.100582 ], [ -90.019716, 35.100565 ], [ -90.020016, 35.100569 ], [ -90.020366, 35.100589 ], [ -90.020856, 35.100579 ], [ -90.020984, 35.100579 ], [ -90.021035, 35.100579 ], [ -90.021264, 35.100579 ], [ -90.021851, 35.100605 ], [ -90.022391, 35.100625 ], [ -90.02296, 35.100658 ], [ -90.02343, 35.100672 ], [ -90.024277, 35.100689 ], [ -90.024797, 35.100707 ], [ -90.025556, 35.100722 ], [ -90.026304, 35.10074 ], [ -90.027195, 35.10078 ], [ -90.028031, 35.100775 ], [ -90.028572, 35.100805 ], [ -90.028705, 35.100809 ], [ -90.028883, 35.100815 ], [ -90.029019, 35.100821 ], [ -90.029104, 35.100825 ], [ -90.029237, 35.100831 ], [ -90.029303, 35.101019 ], [ -90.029405, 35.101438 ], [ -90.029422, 35.101557 ], [ -90.029464, 35.101834 ], [ -90.029486, 35.102165 ], [ -90.02948, 35.102842 ] ] ] } },
{ "type": "Feature", "properties": { "STATEFP": "47", "COUNTYFP": "157", "TRACTCE": "006200", "GEOID": "47157006200", "GEOIDFQ": "1400000US47157006200", "NAME": "62", "NAMELSAD": "Census Tract 62", "MTFCC": "G5020", "FUNCSTAT": "S", "ALAND": 1624460, "AWATER": 0, "INTPTLAT": "+35.1174682", "INTPTLON": "-090.0110796", "geoid": "47157006200" }, "geometry": { "type": "Polygon", "coordinates": [ [ [ -90.021359, 35.121696 ], [ -90.021356, 35.121789 ], [ -90.021342, 35.12214 ], [ -90.021337, 35.122289 ], [ -90.021333, 35.122363 ], [ -90.021327, 35.122525 ], [ -90.021324, 35.122587 ], [ -90.021321, 35.122662 ], [ -90.021318, 35.12271 ], [ -90.021317, 35.122748 ], [ -90.021316, 35.12277 ], [ -90.021312, 35.122856 ], [ -90.021311, 35.122905 ], [ -90.021072, 35.122898 ], [ -90.020876, 35.122886 ], [ -90.020631, 35.122898 ], [ -90.020254, 35.122927 ], [ -90.019916, 35.122972 ], [ -90.019648, 35.123012 ], [ -90.019476, 35.123039 ], [ -90.019112, 35.123088 ], [ -90.018661, 35.123127 ], [ -90.01821, 35.123164 ], [ -90.015965, 35.123287 ], [ -90.014649, 35.123321 ], [ -90.013294, 35.123358 ], [ -90.01298, 35.123366 ], [ -90.012764, 35.12338 ], [ -90.012309, 35.123411 ], [ -90.01212, 35.123431 ], [ -90.011971, 35.123448 ], [ -90.011906, 35.123455 ], [ -90.011589, 35.123467 ], [ -90.01091, 35.123494 ], [ -90.010637, 35.123505 ], [ -90.010321, 35.123518 ], [ -90.009955, 35.12353 ], [ -90.00952, 35.123545 ], [ -90.00886, 35.123581 ], [ -90.008496, 35.123601 ], [ -90.00807, 35.123627 ], [ -90.006792, 35.123707 ], [ -90.006367, 35.123735 ], [ -90.00637, 35.123648 ], [ -90.00637, 35.123625 ], [ -90.006382, 35.123295 ], [ -90.006387, 35.123186 ], [ -90.006093, 35.123176 ], [ -90.005215, 35.123149 ], [ -90.004922, 35.12314 ], [ -90.004931, 35.12294 ], [ -90.004961, 35.122343 ], [ -90.004972, 35.122144 ], [ -90.004981, 35.121942 ], [ -90.005009, 35.121339 ], [ -90.005019, 35.121138 ], [ -90.005064, 35.120142 ], [ -90.005107, 35.119197 ], [ -90.004942, 35.119079 ], [ -90.005042, 35.118958 ], [ -90.005067, 35.118021 ], [ -90.005073, 35.117817 ], [ -90.005084, 35.117457 ], [ -90.005089, 35.117206 ], [ -90.005094, 35.117003 ], [ -90.005094, 35.116885 ], [ -90.005095, 35.116531 ], [ -90.005096, 35.116522 ], [ -90.005034, 35.116433 ], [ -90.005013, 35.116405 ], [ -90.00495, 35.116321 ], [ -90.00493, 35.116294 ], [ -90.004908, 35.11626 ], [ -90.004853, 35.116178 ], [ -90.004846, 35.11616 ], [ -90.004832, 35.116123 ], [ -90.004815, 35.115966 ], [ -90.004824, 35.115774 ], [ -90.004874, 35.114725 ], [ -90.004891, 35.114376 ], [ -90.004898, 35.114186 ], [ -90.004919, 35.113616 ], [ -90.004926, 35.113426 ], [ -90.004932, 35.113229 ], [ -90.004951, 35.112638 ], [ -90.004958, 35.112442 ], [ -90.004964, 35.112252 ], [ -90.004981, 35.111684 ], [ -90.004988, 35.111495 ], [ -90.004995, 35.111302 ], [ -90.005016, 35.110726 ], [ -90.005024, 35.110534 ], [ -90.005037, 35.110218 ], [ -90.005076, 35.10927 ], [ -90.005082, 35.109128 ], [ -90.005086, 35.109052 ], [ -90.005091, 35.108955 ], [ -90.005281, 35.10896 ], [ -90.005852, 35.108978 ], [ -90.006043, 35.108984 ], [ -90.006802, 35.109008 ], [ -90.008797, 35.109074 ], [ -90.009081, 35.109083 ], [ -90.009841, 35.109108 ], [ -90.010005, 35.109267 ], [ -90.010027, 35.109289 ], [ -90.010398, 35.109648 ], [ -90.010498, 35.109745 ], [ -90.010662, 35.109905 ], [ -90.011007, 35.110224 ], [ -90.01144, 35.110644 ], [ -90.012236, 35.111416 ], [ -90.01262, 35.111831 ], [ -90.013562, 35.112851 ], [ -90.013664, 35.112973 ], [ -90.013843, 35.113187 ], [ -90.014356, 35.113796 ], [ -90.014661, 35.114181 ], [ -90.015193, 35.114853 ], [ -90.015568, 35.115346 ], [ -90.015867, 35.115738 ], [ -90.016106, 35.116014 ], [ -90.016357, 35.116303 ], [ -90.016807, 35.116858 ], [ -90.017038, 35.117143 ], [ -90.017435, 35.117651 ], [ -90.018093, 35.118495 ], [ -90.018645, 35.119162 ], [ -90.018717, 35.11925 ], [ -90.019074, 35.119645 ], [ -90.019532, 35.120025 ], [ -90.020907, 35.121167 ], [ -90.021366, 35.121548 ], [ -90.021359, 35.121696 ] ] ] } },
{ "type": "Feature", "properties": { "STATEFP": "47", "COUNTYFP": "157", "TRACTCE": "022111", "GEOID": "47157022111", "GEOIDFQ": "1400000US47157022111", "NAME": "221.11", "NAMELSAD": "Census Tract 221.11", "MTFCC": "G5020", "FUNCSTAT": "S", "ALAND": 4156342, "AWATER": 0, "INTPTLAT": "+35.0283165", "INTPTLON": "-090.0262104", "geoid": "47157022111" }, "geometry": { "type": "Polygon", "coordinates": [ [ [ -90.041812, 35.035315 ], [ -90.041694, 35.035314 ], [ -90.041655, 35.035314 ], [ -90.041426, 35.035313 ], [ -90.040741, 35.035313 ], [ -90.040513, 35.035313 ], [ -90.04025, 35.035311 ], [ -90.039462, 35.035308 ], [ -90.0392, 35.035307 ], [ -90.038363, 35.035305 ], [ -90.035852, 35.035299 ], [ -90.035016, 35.035298 ], [ -90.033993, 35.035297 ], [ -90.033965, 35.035297 ], [ -90.033409, 35.035296 ], [ -90.033369, 35.035296 ], [ -90.033245, 35.035296 ], [ -90.033208, 35.035296 ], [ -90.032975, 35.035296 ], [ -90.032858, 35.035297 ], [ -90.032168, 35.0353 ], [ -90.0319, 35.035302 ], [ -90.031832, 35.035301 ], [ -90.031631, 35.035299 ], [ -90.031564, 35.035299 ], [ -90.031314, 35.035299 ], [ -90.030566, 35.035301 ], [ -90.030317, 35.035302 ], [ -90.029866, 35.035304 ], [ -90.028516, 35.035311 ], [ -90.028066, 35.035314 ], [ -90.028021, 35.035314 ], [ -90.027788, 35.035316 ], [ -90.026957, 35.035324 ], [ -90.026793, 35.035326 ], [ -90.02668, 35.035333 ], [ -90.026373, 35.035366 ], [ -90.026266, 35.035378 ], [ -90.025695, 35.035466 ], [ -90.025456, 35.035486 ], [ -90.025311, 35.035499 ], [ -90.025149, 35.035504 ], [ -90.024998, 35.035504 ], [ -90.024547, 35.035506 ], [ -90.024397, 35.035508 ], [ -90.024166, 35.035509 ], [ -90.023475, 35.035513 ], [ -90.023245, 35.035515 ], [ -90.02304, 35.035515 ], [ -90.022424, 35.035516 ], [ -90.02222, 35.035517 ], [ -90.022003, 35.035518 ], [ -90.021351, 35.035521 ], [ -90.021135, 35.035523 ], [ -90.020867, 35.035523 ], [ -90.020064, 35.035526 ], [ -90.019797, 35.035528 ], [ -90.019445, 35.035529 ], [ -90.018388, 35.035533 ], [ -90.018037, 35.035535 ], [ -90.017894, 35.035535 ], [ -90.017465, 35.035537 ], [ -90.017323, 35.035539 ], [ -90.016803, 35.035541 ], [ -90.015242, 35.035549 ], [ -90.014723, 35.035552 ], [ -90.014053, 35.035553 ], [ -90.013564, 35.035555 ], [ -90.012578, 35.03556 ], [ -90.012047, 35.03556 ], [ -90.011378, 35.035562 ], [ -90.011374, 35.035368 ], [ -90.011372, 35.035209 ], [ -90.011385, 35.034787 ], [ -90.011391, 35.034594 ], [ -90.011499, 35.034586 ], [ -90.011704, 35.034483 ], [ -90.01186, 35.034373 ], [ -90.011907, 35.034314 ], [ -90.011964, 35.034246 ], [ -90.012014, 35.034131 ], [ -90.012035, 35.033966 ], [ -90.012034, 35.033195 ], [ -90.012057, 35.032536 ], [ -90.012065, 35.03231 ], [ -90.01207, 35.031933 ], [ -90.01207, 35.031506 ], [ -90.012071, 35.031368 ], [ -90.012071, 35.030225 ], [ -90.012072, 35.029798 ], [ -90.012072, 35.029602 ], [ -90.012073, 35.029014 ], [ -90.012074, 35.028819 ], [ -90.012072, 35.028448 ], [ -90.01207, 35.027684 ], [ -90.012061, 35.027337 ], [ -90.012053, 35.027028 ], [ -90.012056, 35.026967 ], [ -90.012058, 35.026763 ], [ -90.012066, 35.026151 ], [ -90.01207, 35.025948 ], [ -90.012078, 35.025361 ], [ -90.012084, 35.024958 ], [ -90.012103, 35.024664 ], [ -90.012142, 35.024436 ], [ -90.012176, 35.024376 ], [ -90.012391, 35.024161 ], [ -90.012496, 35.024066 ], [ -90.012519, 35.024027 ], [ -90.012547, 35.023914 ], [ -90.012561, 35.023797 ], [ -90.012561, 35.023762 ], [ -90.012571, 35.023281 ], [ -90.012565, 35.023177 ], [ -90.012555, 35.023009 ], [ -90.012554, 35.02293 ], [ -90.012548, 35.022189 ], [ -90.012547, 35.021943 ], [ -90.012535, 35.021736 ], [ -90.01253, 35.021637 ], [ -90.012488, 35.021382 ], [ -90.012474, 35.021118 ], [ -90.012472, 35.021059 ], [ -90.012471, 35.02099 ], [ -90.012471, 35.020912 ], [ -90.012787, 35.020909 ], [ -90.013738, 35.020902 ], [ -90.013954, 35.020901 ], [ -90.014055, 35.0209 ], [ -90.01484, 35.020895 ], [ -90.014854, 35.020895 ], [ -90.015893, 35.020889 ], [ -90.016695, 35.020887 ], [ -90.017195, 35.020885 ], [ -90.017981, 35.020884 ], [ -90.01835, 35.020882 ], [ -90.018737, 35.020881 ], [ -90.019459, 35.020876 ], [ -90.019829, 35.020874 ], [ -90.019925, 35.020873 ], [ -90.02067, 35.020874 ], [ -90.020904, 35.020874 ], [ -90.021858, 35.020876 ], [ -90.021952, 35.020876 ], [ -90.023312, 35.020879 ], [ -90.023422, 35.020879 ], [ -90.024131, 35.020878 ], [ -90.024332, 35.020878 ], [ -90.024856, 35.020872 ], [ -90.02509, 35.020876 ], [ -90.025228, 35.020879 ], [ -90.025784, 35.02089 ], [ -90.025972, 35.020948 ], [ -90.025992, 35.020955 ], [ -90.026725, 35.020948 ], [ -90.027154, 35.020944 ], [ -90.027421, 35.020938 ], [ -90.028292, 35.020927 ], [ -90.029067, 35.020918 ], [ -90.029207, 35.020917 ], [ -90.029629, 35.020916 ], [ -90.02977, 35.020916 ], [ -90.029856, 35.020916 ], [ -90.030386, 35.020915 ], [ -90.032212, 35.020913 ], [ -90.032235, 35.020912 ], [ -90.032852, 35.020909 ], [ -90.033291, 35.020906 ], [ -90.034612, 35.0209 ], [ -90.035052, 35.020898 ], [ -90.03531, 35.020898 ], [ -90.036084, 35.020901 ], [ -90.036343, 35.020902 ], [ -90.036598, 35.020904 ], [ -90.037042, 35.020908 ], [ -90.037364, 35.020926 ], [ -90.037619, 35.020942 ], [ -90.037825, 35.020957 ], [ -90.038415, 35.020976 ], [ -90.038615, 35.020983 ], [ -90.038686, 35.020981 ], [ -90.038902, 35.020979 ], [ -90.038975, 35.020979 ], [ -90.039133, 35.021756 ], [ -90.039607, 35.024087 ], [ -90.039766, 35.024864 ], [ -90.03985, 35.025283 ], [ -90.040072, 35.026379 ], [ -90.040104, 35.026543 ], [ -90.040189, 35.026963 ], [ -90.040383, 35.027952 ], [ -90.040517, 35.028632 ], [ -90.040738, 35.029761 ], [ -90.040961, 35.030921 ], [ -90.041153, 35.031912 ], [ -90.041189, 35.032077 ], [ -90.041297, 35.032574 ], [ -90.041333, 35.03274 ], [ -90.041436, 35.033255 ], [ -90.041748, 35.0348 ], [ -90.041852, 35.035316 ], [ -90.041812, 35.035315 ] ] ] } },
{ "type": "Feature", "properties": { "STATEFP": "47", "COUNTYFP": "157", "TRACTCE": "006400", "GEOID": "47157006400", "GEOIDFQ": "1400000US47157006400", "NAME": "64", "NAMELSAD": "Census Tract 64", "MTFCC": "G5020", "FUNCSTAT": "S", "ALAND": 987409, "AWATER": 0, "INTPTLAT": "+35.1126617", "INTPTLON": "-089.9984106", "geoid": "47157006400" }, "geometry": { "type": "Polygon", "coordinates": [ [ [ -90.005086, 35.109052 ], [ -90.005082, 35.109128 ], [ -90.005076, 35.10927 ], [ -90.005037, 35.110218 ], [ -90.005024, 35.110534 ], [ -90.005016, 35.110726 ], [ -90.004995, 35.111302 ], [ -90.004988, 35.111495 ], [ -90.004981, 35.111684 ], [ -90.004964, 35.112252 ], [ -90.004958, 35.112442 ], [ -90.004951, 35.112638 ], [ -90.004932, 35.113229 ], [ -90.004926, 35.113426 ], [ -90.004919, 35.113616 ], [ -90.004898, 35.114186 ], [ -90.004891, 35.114376 ], [ -90.004874, 35.114725 ], [ -90.004824, 35.115774 ], [ -90.004815, 35.115966 ], [ -90.004832, 35.116123 ], [ -90.004846, 35.11616 ], [ -90.004853, 35.116178 ], [ -90.004908, 35.11626 ], [ -90.00493, 35.116294 ], [ -90.00495, 35.116321 ], [ -90.005013, 35.116405 ], [ -90.005034, 35.116433 ], [ -90.003068, 35.116391 ], [ -90.002124, 35.116377 ], [ -90.002002, 35.116378 ], [ -90.001876, 35.116378 ], [ -90.001708, 35.116379 ], [ -90.001608, 35.116377 ], [ -90.000831, 35.116365 ], [ -90.000807, 35.116364 ], [ -90.000621, 35.11636 ], [ -90.00054, 35.116358 ], [ -90.000175, 35.116349 ], [ -89.999689, 35.116337 ], [ -89.999083, 35.116321 ], [ -89.99872, 35.116312 ], [ -89.997979, 35.116293 ], [ -89.996242, 35.11625 ], [ -89.995759, 35.116238 ], [ -89.995539, 35.116232 ], [ -89.995019, 35.11622 ], [ -89.994697, 35.116212 ], [ -89.994606, 35.11621 ], [ -89.994478, 35.116207 ], [ -89.993731, 35.116191 ], [ -89.993585, 35.116187 ], [ -89.99341, 35.116184 ], [ -89.993207, 35.116178 ], [ -89.9926, 35.116163 ], [ -89.992398, 35.116158 ], [ -89.992164, 35.116151 ], [ -89.991462, 35.116132 ], [ -89.991229, 35.116126 ], [ -89.991231, 35.116094 ], [ -89.991239, 35.115999 ], [ -89.991242, 35.115968 ], [ -89.991217, 35.114926 ], [ -89.991263, 35.114739 ], [ -89.991402, 35.114541 ], [ -89.991418, 35.114487 ], [ -89.991441, 35.114322 ], [ -89.991444, 35.114268 ], [ -89.991495, 35.113442 ], [ -89.991513, 35.113167 ], [ -89.991638, 35.111302 ], [ -89.991681, 35.11086 ], [ -89.991728, 35.110671 ], [ -89.991749, 35.110619 ], [ -89.991758, 35.110594 ], [ -89.991784, 35.110539 ], [ -89.991887, 35.110355 ], [ -89.991949, 35.110269 ], [ -89.992002, 35.110207 ], [ -89.992238, 35.109997 ], [ -89.992411, 35.109883 ], [ -89.992607, 35.109781 ], [ -89.992924, 35.109672 ], [ -89.994442, 35.109247 ], [ -89.994708, 35.109172 ], [ -89.995507, 35.108951 ], [ -89.995774, 35.108877 ], [ -89.996252, 35.108745 ], [ -89.996515, 35.108686 ], [ -89.996901, 35.108667 ], [ -89.997539, 35.108679 ], [ -89.997595, 35.108682 ], [ -89.997671, 35.108685 ], [ -89.99801, 35.108693 ], [ -89.998159, 35.108696 ], [ -89.999366, 35.108782 ], [ -90.0003, 35.108837 ], [ -90.002148, 35.108881 ], [ -90.003556, 35.108916 ], [ -90.003624, 35.108917 ], [ -90.004813, 35.108944 ], [ -90.005091, 35.108955 ], [ -90.005086, 35.109052 ] ] ] } },
{ "type": "Feature", "properties": { "STATEFP": "47", "COUNTYFP": "157", "TRACTCE": "007400", "GEOID": "47157007400", "GEOIDFQ": "1400000US47157007400", "NAME": "74", "NAMELSAD": "Census Tract 74", "MTFCC": "G5020", "FUNCSTAT": "S", "ALAND": 1692929, "AWATER": 0, "INTPTLAT": "+35.1118644", "INTPTLON": "-089.9358941", "geoid": "47157007400" }, "geometry": { "type": "Polygon", "coordinates": [ [ [ -89.946041, 35.107958 ], [ -89.946034, 35.108099 ], [ -89.946006, 35.108753 ], [ -89.945997, 35.108971 ], [ -89.945994, 35.109027 ], [ -89.945987, 35.109196 ], [ -89.945985, 35.109253 ], [ -89.945978, 35.109406 ], [ -89.945961, 35.109867 ], [ -89.945956, 35.110021 ], [ -89.945948, 35.110216 ], [ -89.945927, 35.110802 ], [ -89.94592, 35.110998 ], [ -89.945917, 35.111077 ], [ -89.945908, 35.111314 ], [ -89.945905, 35.111393 ], [ -89.945904, 35.111415 ], [ -89.945902, 35.111484 ], [ -89.945902, 35.111507 ], [ -89.945893, 35.111706 ], [ -89.94587, 35.112305 ], [ -89.945863, 35.112505 ], [ -89.945858, 35.112619 ], [ -89.945843, 35.112965 ], [ -89.945839, 35.11308 ], [ -89.945835, 35.113161 ], [ -89.945827, 35.113406 ], [ -89.945824, 35.113488 ], [ -89.945818, 35.113644 ], [ -89.945812, 35.113809 ], [ -89.945811, 35.113871 ], [ -89.94578, 35.114775 ], [ -89.945769, 35.115097 ], [ -89.945766, 35.115135 ], [ -89.945759, 35.11525 ], [ -89.945757, 35.115289 ], [ -89.944872, 35.115612 ], [ -89.944482, 35.115756 ], [ -89.943781, 35.115991 ], [ -89.94322, 35.116136 ], [ -89.942744, 35.116218 ], [ -89.94226, 35.116269 ], [ -89.94214, 35.116275 ], [ -89.941752, 35.116296 ], [ -89.9412, 35.116282 ], [ -89.94076, 35.116275 ], [ -89.940643, 35.116274 ], [ -89.938973, 35.11625 ], [ -89.938417, 35.116243 ], [ -89.937373, 35.116223 ], [ -89.934241, 35.116164 ], [ -89.934119, 35.116162 ], [ -89.933197, 35.116145 ], [ -89.93278, 35.116132 ], [ -89.931529, 35.116094 ], [ -89.931113, 35.116082 ], [ -89.930091, 35.116052 ], [ -89.927025, 35.115965 ], [ -89.926726, 35.115956 ], [ -89.926004, 35.115937 ], [ -89.926005, 35.115895 ], [ -89.92601, 35.115771 ], [ -89.926012, 35.11573 ], [ -89.925976, 35.115305 ], [ -89.925975, 35.115178 ], [ -89.925975, 35.114921 ], [ -89.926002, 35.114274 ], [ -89.926033, 35.113521 ], [ -89.926057, 35.112969 ], [ -89.926085, 35.112318 ], [ -89.926171, 35.110364 ], [ -89.9262, 35.109714 ], [ -89.926205, 35.109249 ], [ -89.926222, 35.107857 ], [ -89.926228, 35.107461 ], [ -89.926229, 35.107393 ], [ -89.926511, 35.107399 ], [ -89.927359, 35.10742 ], [ -89.927642, 35.107427 ], [ -89.927897, 35.107433 ], [ -89.928664, 35.107452 ], [ -89.92892, 35.107459 ], [ -89.929177, 35.107464 ], [ -89.929949, 35.107482 ], [ -89.930207, 35.107489 ], [ -89.930299, 35.10749 ], [ -89.930335, 35.107491 ], [ -89.930575, 35.107497 ], [ -89.930668, 35.1075 ], [ -89.930877, 35.107504 ], [ -89.931505, 35.107518 ], [ -89.931715, 35.107523 ], [ -89.932238, 35.107535 ], [ -89.933808, 35.107572 ], [ -89.934332, 35.107585 ], [ -89.934466, 35.107588 ], [ -89.934869, 35.107598 ], [ -89.93496, 35.107601 ], [ -89.935004, 35.107602 ], [ -89.93506, 35.107603 ], [ -89.935228, 35.107606 ], [ -89.935284, 35.107608 ], [ -89.935372, 35.107609 ], [ -89.935636, 35.107615 ], [ -89.935724, 35.107617 ], [ -89.938543, 35.107685 ], [ -89.938887, 35.107691 ], [ -89.940523, 35.107741 ], [ -89.940729, 35.107746 ], [ -89.94135, 35.107764 ], [ -89.941557, 35.10777 ], [ -89.941735, 35.107775 ], [ -89.942269, 35.10779 ], [ -89.942447, 35.107795 ], [ -89.943166, 35.107815 ], [ -89.945324, 35.107877 ], [ -89.945535, 35.107884 ], [ -89.945973, 35.107883 ], [ -89.946044, 35.107882 ], [ -89.946041, 35.107958 ] ] ] } },
{ "type": "Feature", "properties": { "STATEFP": "47", "COUNTYFP": "157", "TRACTCE": "007500", "GEOID": "47157007500", "GEOIDFQ": "1400000US47157007500", "NAME": "75", "NAMELSAD": "Census Tract 75", "MTFCC": "G5020", "FUNCSTAT": "S", "ALAND": 1726745, "AWATER": 0, "INTPTLAT": "+35.0927785", "INTPTLON": "-090.0318123", "geoid": "47157007500" }, "geometry": { "type": "Polygon", "coordinates": [ [ [ -90.039314, 35.097482 ], [ -90.038593, 35.098113 ], [ -90.03643, 35.10001 ], [ -90.03571, 35.100643 ], [ -90.035715, 35.100623 ], [ -90.035729, 35.100565 ], [ -90.035735, 35.100546 ], [ -90.03562, 35.100542 ], [ -90.035594, 35.100541 ], [ -90.03555, 35.100547 ], [ -90.035538, 35.10055 ], [ -90.035454, 35.100595 ], [ -90.035084, 35.100846 ], [ -90.034968, 35.100926 ], [ -90.034928, 35.100946 ], [ -90.034874, 35.100972 ], [ -90.034736, 35.100995 ], [ -90.034639, 35.10099 ], [ -90.034472, 35.100984 ], [ -90.033751, 35.10096 ], [ -90.033455, 35.100951 ], [ -90.033388, 35.100949 ], [ -90.033282, 35.100946 ], [ -90.032763, 35.100933 ], [ -90.032591, 35.100929 ], [ -90.03236, 35.100922 ], [ -90.03192, 35.100909 ], [ -90.031689, 35.100904 ], [ -90.031667, 35.100903 ], [ -90.031436, 35.100899 ], [ -90.03129, 35.100895 ], [ -90.030855, 35.100886 ], [ -90.03071, 35.100883 ], [ -90.030487, 35.100875 ], [ -90.02982, 35.100854 ], [ -90.029598, 35.100847 ], [ -90.029525, 35.100843 ], [ -90.029344, 35.100836 ], [ -90.029309, 35.100834 ], [ -90.029237, 35.100831 ], [ -90.029109, 35.100497 ], [ -90.028994, 35.100252 ], [ -90.028609, 35.099502 ], [ -90.028493, 35.099275 ], [ -90.027971, 35.098244 ], [ -90.027393, 35.097094 ], [ -90.027056, 35.096366 ], [ -90.026722, 35.095526 ], [ -90.026642, 35.095316 ], [ -90.026467, 35.094822 ], [ -90.026259, 35.094124 ], [ -90.026211, 35.093945 ], [ -90.026069, 35.093409 ], [ -90.026022, 35.093231 ], [ -90.025994, 35.093127 ], [ -90.025916, 35.092767 ], [ -90.025901, 35.092684 ], [ -90.02575, 35.091809 ], [ -90.025667, 35.091067 ], [ -90.025663, 35.091022 ], [ -90.025617, 35.090464 ], [ -90.025615, 35.090444 ], [ -90.025589, 35.089918 ], [ -90.025584, 35.089761 ], [ -90.025574, 35.089386 ], [ -90.025583, 35.088676 ], [ -90.025601, 35.087652 ], [ -90.025615, 35.08695 ], [ -90.025615, 35.086881 ], [ -90.025617, 35.086674 ], [ -90.025618, 35.086606 ], [ -90.025618, 35.086578 ], [ -90.025619, 35.086525 ], [ -90.025625, 35.086284 ], [ -90.025628, 35.086204 ], [ -90.025636, 35.085661 ], [ -90.025659, 35.084174 ], [ -90.025666, 35.084033 ], [ -90.025697, 35.083491 ], [ -90.025801, 35.083491 ], [ -90.025836, 35.083492 ], [ -90.026113, 35.083497 ], [ -90.026217, 35.083499 ], [ -90.026296, 35.083499 ], [ -90.026449, 35.083499 ], [ -90.026534, 35.0835 ], [ -90.026614, 35.083502 ], [ -90.027164, 35.083512 ], [ -90.027348, 35.083516 ], [ -90.027558, 35.083531 ], [ -90.027702, 35.083559 ], [ -90.027872, 35.083617 ], [ -90.028028, 35.083695 ], [ -90.028131, 35.083769 ], [ -90.028252, 35.083876 ], [ -90.028565, 35.084222 ], [ -90.028595, 35.084255 ], [ -90.028911, 35.084615 ], [ -90.028929, 35.084636 ], [ -90.02914, 35.084885 ], [ -90.029234, 35.084996 ], [ -90.029799, 35.085612 ], [ -90.029888, 35.085709 ], [ -90.030038, 35.085836 ], [ -90.030113, 35.085888 ], [ -90.030221, 35.085947 ], [ -90.030265, 35.085964 ], [ -90.030356, 35.085999 ], [ -90.030458, 35.086033 ], [ -90.030596, 35.08606 ], [ -90.030727, 35.086077 ], [ -90.031035, 35.086088 ], [ -90.031297, 35.086099 ], [ -90.031437, 35.086101 ], [ -90.031456, 35.086102 ], [ -90.031573, 35.086063 ], [ -90.03185, 35.08607 ], [ -90.031991, 35.086074 ], [ -90.032421, 35.086082 ], [ -90.033543, 35.086104 ], [ -90.033713, 35.086107 ], [ -90.034144, 35.086115 ], [ -90.034224, 35.086116 ], [ -90.034464, 35.086119 ], [ -90.034545, 35.086121 ], [ -90.035019, 35.08613 ], [ -90.036444, 35.08616 ], [ -90.036919, 35.08617 ], [ -90.036912, 35.08637 ], [ -90.036895, 35.086973 ], [ -90.03689, 35.087174 ], [ -90.036884, 35.087375 ], [ -90.03687, 35.087979 ], [ -90.036865, 35.088181 ], [ -90.036858, 35.088378 ], [ -90.03684, 35.08897 ], [ -90.036835, 35.089168 ], [ -90.036828, 35.089586 ], [ -90.036824, 35.0899 ], [ -90.036821, 35.090127 ], [ -90.036844, 35.090409 ], [ -90.036891, 35.090638 ], [ -90.036955, 35.090826 ], [ -90.037092, 35.091222 ], [ -90.037301, 35.091814 ], [ -90.037721, 35.092999 ], [ -90.037921, 35.093595 ], [ -90.037973, 35.09375 ], [ -90.038076, 35.094113 ], [ -90.038107, 35.094195 ], [ -90.038215, 35.094422 ], [ -90.038256, 35.094534 ], [ -90.038517, 35.095253 ], [ -90.038636, 35.095582 ], [ -90.038763, 35.095932 ], [ -90.038831, 35.096118 ], [ -90.039038, 35.096678 ], [ -90.039107, 35.096865 ], [ -90.039138, 35.096956 ], [ -90.039232, 35.09723 ], [ -90.039264, 35.097322 ], [ -90.039274, 35.097353 ], [ -90.039304, 35.097449 ], [ -90.039314, 35.097482 ] ] ] } },
{ "type": "Feature", "properties": { "STATEFP": "47", "COUNTYFP": "157", "TRACTCE": "022310", "GEOID": "47157022310", "GEOIDFQ": "1400000US47157022310", "NAME": "223.10", "NAMELSAD": "Census Tract 223.10", "MTFCC": "G5020", "FUNCSTAT": "S", "ALAND": 6561019, "AWATER": 15679, "INTPTLAT": "+35.0452222", "INTPTLON": "-090.0741350", "geoid": "47157022310" }, "geometry": { "type": "Polygon", "coordinates": [ [ [ -90.098798, 35.036097 ], [ -90.09855, 35.036406 ], [ -90.097359, 35.037606 ], [ -90.097306, 35.037674 ], [ -90.097178, 35.03784 ], [ -90.09712, 35.037928 ], [ -90.096976, 35.038165 ], [ -90.096873, 35.038378 ], [ -90.096748, 35.038735 ], [ -90.096711, 35.038895 ], [ -90.0967, 35.038969 ], [ -90.096655, 35.039278 ], [ -90.096638, 35.040396 ], [ -90.096623, 35.041528 ], [ -90.096612, 35.042383 ], [ -90.096575, 35.043293 ], [ -90.096521, 35.044635 ], [ -90.09653, 35.045165 ], [ -90.096552, 35.046025 ], [ -90.096568, 35.046593 ], [ -90.096577, 35.046936 ], [ -90.096584, 35.047217 ], [ -90.096608, 35.048061 ], [ -90.096616, 35.048343 ], [ -90.096622, 35.048604 ], [ -90.096643, 35.049387 ], [ -90.096651, 35.049649 ], [ -90.096651, 35.049798 ], [ -90.096651, 35.050247 ], [ -90.096652, 35.050397 ], [ -90.096652, 35.050601 ], [ -90.096652, 35.051215 ], [ -90.096653, 35.05142 ], [ -90.096653, 35.051558 ], [ -90.096655, 35.051974 ], [ -90.096656, 35.052113 ], [ -90.096673, 35.052855 ], [ -90.096687, 35.053352 ], [ -90.09669, 35.05373 ], [ -90.096645, 35.054103 ], [ -90.09657, 35.054406 ], [ -90.096456, 35.054705 ], [ -90.096331, 35.05495 ], [ -90.096088, 35.05531 ], [ -90.095943, 35.05548 ], [ -90.095816, 35.055624 ], [ -90.095439, 35.056058 ], [ -90.095313, 35.056203 ], [ -90.094167, 35.05617 ], [ -90.092464, 35.056121 ], [ -90.090729, 35.056066 ], [ -90.089584, 35.056031 ], [ -90.089533, 35.056029 ], [ -90.089062, 35.056015 ], [ -90.08817, 35.05599 ], [ -90.087497, 35.055973 ], [ -90.086976, 35.05596 ], [ -90.085762, 35.055931 ], [ -90.083676, 35.055883 ], [ -90.08212, 35.055847 ], [ -90.080907, 35.055819 ], [ -90.08029, 35.055805 ], [ -90.07844, 35.055764 ], [ -90.078372, 35.055763 ], [ -90.077824, 35.055751 ], [ -90.077393, 35.055741 ], [ -90.076101, 35.055711 ], [ -90.075671, 35.055702 ], [ -90.075149, 35.055686 ], [ -90.073586, 35.05564 ], [ -90.073065, 35.055625 ], [ -90.072549, 35.055612 ], [ -90.071002, 35.055576 ], [ -90.070487, 35.055564 ], [ -90.070202, 35.055559 ], [ -90.069716, 35.055552 ], [ -90.069348, 35.055545 ], [ -90.069117, 35.055541 ], [ -90.069064, 35.05554 ], [ -90.068998, 35.055538 ], [ -90.068892, 35.055535 ], [ -90.068472, 35.055524 ], [ -90.068378, 35.055521 ], [ -90.068207, 35.055517 ], [ -90.06774, 35.055504 ], [ -90.066339, 35.055465 ], [ -90.065872, 35.055453 ], [ -90.065455, 35.055441 ], [ -90.064204, 35.055407 ], [ -90.063787, 35.055396 ], [ -90.063563, 35.055388 ], [ -90.063097, 35.055374 ], [ -90.062893, 35.055367 ], [ -90.06267, 35.055361 ], [ -90.062158, 35.055342 ], [ -90.061161, 35.055306 ], [ -90.060623, 35.055283 ], [ -90.060172, 35.055264 ], [ -90.060112, 35.055263 ], [ -90.060122, 35.055213 ], [ -90.060304, 35.054388 ], [ -90.060485, 35.053657 ], [ -90.060541, 35.053432 ], [ -90.060824, 35.05247 ], [ -90.061144, 35.051507 ], [ -90.061534, 35.050453 ], [ -90.061687, 35.050093 ], [ -90.061991, 35.049379 ], [ -90.062164, 35.049012 ], [ -90.0625, 35.048306 ], [ -90.062901, 35.047538 ], [ -90.063155, 35.047074 ], [ -90.063308, 35.046798 ], [ -90.063963, 35.045719 ], [ -90.064255, 35.045268 ], [ -90.064599, 35.044767 ], [ -90.064974, 35.044222 ], [ -90.065561, 35.043434 ], [ -90.065671, 35.043292 ], [ -90.065739, 35.043207 ], [ -90.066047, 35.042815 ], [ -90.066252, 35.042568 ], [ -90.066314, 35.042494 ], [ -90.066636, 35.042111 ], [ -90.066644, 35.042102 ], [ -90.067451, 35.041198 ], [ -90.067878, 35.040744 ], [ -90.068516, 35.040099 ], [ -90.06867, 35.039944 ], [ -90.069161, 35.039446 ], [ -90.069256, 35.039353 ], [ -90.069807, 35.038807 ], [ -90.069863, 35.03875 ], [ -90.070926, 35.037684 ], [ -90.071005, 35.037606 ], [ -90.07196, 35.036656 ], [ -90.07265, 35.035971 ], [ -90.072661, 35.03596 ], [ -90.072706, 35.035914 ], [ -90.072772, 35.035847 ], [ -90.073108, 35.035509 ], [ -90.073221, 35.035397 ], [ -90.073313, 35.035393 ], [ -90.073979, 35.03537 ], [ -90.074268, 35.035359 ], [ -90.074981, 35.035334 ], [ -90.076672, 35.035283 ], [ -90.077076, 35.035272 ], [ -90.077409, 35.035263 ], [ -90.078457, 35.035238 ], [ -90.079288, 35.035226 ], [ -90.079723, 35.035221 ], [ -90.080591, 35.035209 ], [ -90.080834, 35.035206 ], [ -90.08178, 35.035193 ], [ -90.082612, 35.035182 ], [ -90.082976, 35.035177 ], [ -90.084071, 35.035164 ], [ -90.084437, 35.035161 ], [ -90.084981, 35.035156 ], [ -90.085027, 35.035156 ], [ -90.086613, 35.035144 ], [ -90.087158, 35.03514 ], [ -90.087622, 35.035135 ], [ -90.089015, 35.035122 ], [ -90.08948, 35.035119 ], [ -90.089589, 35.035118 ], [ -90.089918, 35.035117 ], [ -90.090028, 35.035117 ], [ -90.090686, 35.035114 ], [ -90.092196, 35.035108 ], [ -90.092661, 35.035105 ], [ -90.09332, 35.035103 ], [ -90.093506, 35.035111 ], [ -90.093867, 35.03515 ], [ -90.093925, 35.035162 ], [ -90.094219, 35.035228 ], [ -90.094496, 35.035327 ], [ -90.094763, 35.035447 ], [ -90.095078, 35.035617 ], [ -90.095313, 35.035717 ], [ -90.095444, 35.035766 ], [ -90.095623, 35.035813 ], [ -90.095695, 35.035832 ], [ -90.095979, 35.035888 ], [ -90.096224, 35.035911 ], [ -90.096756, 35.035919 ], [ -90.097305, 35.035928 ], [ -90.098353, 35.035923 ], [ -90.098886, 35.035921 ], [ -90.098798, 35.036097 ] ] ] } },
{ "type": "Feature", "properties": { "STATEFP": "47", "COUNTYFP": "157", "TRACTCE": "022321", "GEOID": "47157022321", "GEOIDFQ": "1400000US47157022321", "NAME": "223.21", "NAMELSAD": "Census Tract 223.21", "MTFCC": "G5020", "FUNCSTAT": "S", "ALAND": 4246491, "AWATER": 13290, "INTPTLAT": "+35.0483055", "INTPTLON": "-090.0497240", "geoid": "47157022321" }, "geometry": { "type": "Polygon", "coordinates": [ [ [ -90.073108, 35.035509 ], [ -90.072772, 35.035847 ], [ -90.072706, 35.035914 ], [ -90.072661, 35.03596 ], [ -90.07265, 35.035971 ], [ -90.07196, 35.036656 ], [ -90.071005, 35.037606 ], [ -90.070926, 35.037684 ], [ -90.069863, 35.03875 ], [ -90.069807, 35.038807 ], [ -90.069256, 35.039353 ], [ -90.069161, 35.039446 ], [ -90.06867, 35.039944 ], [ -90.068516, 35.040099 ], [ -90.067878, 35.040744 ], [ -90.067451, 35.041198 ], [ -90.066644, 35.042102 ], [ -90.066636, 35.042111 ], [ -90.066314, 35.042494 ], [ -90.066252, 35.042568 ], [ -90.066047, 35.042815 ], [ -90.065739, 35.043207 ], [ -90.065671, 35.043292 ], [ -90.065561, 35.043434 ], [ -90.064974, 35.044222 ], [ -90.064599, 35.044767 ], [ -90.064255, 35.045268 ], [ -90.063963, 35.045719 ], [ -90.063308, 35.046798 ], [ -90.063155, 35.047074 ], [ -90.062901, 35.047538 ], [ -90.0625, 35.048306 ], [ -90.062164, 35.049012 ], [ -90.061991, 35.049379 ], [ -90.061687, 35.050093 ], [ -90.061534, 35.050453 ], [ -90.061144, 35.051507 ], [ -90.060824, 35.05247 ], [ -90.060541, 35.053432 ], [ -90.060485, 35.053657 ], [ -90.060304, 35.054388 ], [ -90.060122, 35.055213 ], [ -90.060112, 35.055263 ], [ -90.059495, 35.055246 ], [ -90.058574, 35.055221 ], [ -90.057647, 35.055187 ], [ -90.057031, 35.055166 ], [ -90.056875, 35.05516 ], [ -90.056836, 35.055159 ], [ -90.056684, 35.055154 ], [ -90.05641, 35.055145 ], [ -90.056255, 35.055141 ], [ -90.056043, 35.055135 ], [ -90.055407, 35.055118 ], [ -90.055196, 35.055113 ], [ -90.055004, 35.055107 ], [ -90.054429, 35.05509 ], [ -90.054238, 35.055085 ], [ -90.053803, 35.055071 ], [ -90.0525, 35.05503 ], [ -90.052066, 35.055017 ], [ -90.051667, 35.055008 ], [ -90.050995, 35.054994 ], [ -90.05047, 35.054989 ], [ -90.050264, 35.054988 ], [ -90.050071, 35.054986 ], [ -90.04968, 35.054975 ], [ -90.048507, 35.054944 ], [ -90.048116, 35.054934 ], [ -90.047966, 35.05493 ], [ -90.047518, 35.054918 ], [ -90.047369, 35.054914 ], [ -90.046647, 35.052846 ], [ -90.046111, 35.051311 ], [ -90.045631, 35.049923 ], [ -90.044678, 35.047164 ], [ -90.044492, 35.04664 ], [ -90.043761, 35.044577 ], [ -90.043641, 35.044067 ], [ -90.043479, 35.043376 ], [ -90.043308, 35.042533 ], [ -90.043204, 35.04202 ], [ -90.042923, 35.040721 ], [ -90.042915, 35.040682 ], [ -90.042517, 35.038573 ], [ -90.042125, 35.036656 ], [ -90.041852, 35.035316 ], [ -90.042025, 35.035315 ], [ -90.042205, 35.035313 ], [ -90.042369, 35.035312 ], [ -90.04277, 35.035287 ], [ -90.043115, 35.035237 ], [ -90.043258, 35.035204 ], [ -90.043603, 35.035127 ], [ -90.043986, 35.035027 ], [ -90.044578, 35.034873 ], [ -90.044956, 35.034789 ], [ -90.045142, 35.034765 ], [ -90.045341, 35.03474 ], [ -90.045537, 35.034731 ], [ -90.04638, 35.034724 ], [ -90.04891, 35.034704 ], [ -90.049754, 35.034698 ], [ -90.050176, 35.034693 ], [ -90.051443, 35.034681 ], [ -90.051866, 35.034677 ], [ -90.052032, 35.034674 ], [ -90.052741, 35.034672 ], [ -90.055369, 35.034667 ], [ -90.056245, 35.034666 ], [ -90.056749, 35.034663 ], [ -90.057859, 35.034657 ], [ -90.058262, 35.034662 ], [ -90.058301, 35.034663 ], [ -90.058638, 35.034691 ], [ -90.058692, 35.034696 ], [ -90.058765, 35.034707 ], [ -90.05893, 35.034732 ], [ -90.05903, 35.034747 ], [ -90.059161, 35.034776 ], [ -90.059443, 35.034839 ], [ -90.059916, 35.034986 ], [ -90.060264, 35.035126 ], [ -90.060308, 35.035144 ], [ -90.06048, 35.035214 ], [ -90.060541, 35.035239 ], [ -90.060684, 35.03529 ], [ -90.060892, 35.035349 ], [ -90.061111, 35.035412 ], [ -90.061484, 35.035484 ], [ -90.061528, 35.03549 ], [ -90.061744, 35.035519 ], [ -90.062076, 35.035544 ], [ -90.062192, 35.035544 ], [ -90.062713, 35.035544 ], [ -90.063541, 35.03554 ], [ -90.063991, 35.035538 ], [ -90.064082, 35.035537 ], [ -90.064358, 35.035536 ], [ -90.06445, 35.035536 ], [ -90.064749, 35.035532 ], [ -90.065493, 35.035525 ], [ -90.065646, 35.035521 ], [ -90.065945, 35.035515 ], [ -90.066014, 35.035514 ], [ -90.066085, 35.035513 ], [ -90.066198, 35.035511 ], [ -90.066605, 35.035503 ], [ -90.066763, 35.035502 ], [ -90.067896, 35.035497 ], [ -90.069115, 35.03549 ], [ -90.069217, 35.035489 ], [ -90.069453, 35.035488 ], [ -90.070036, 35.035488 ], [ -90.070424, 35.035476 ], [ -90.070772, 35.035466 ], [ -90.071588, 35.035442 ], [ -90.071902, 35.035434 ], [ -90.071977, 35.035432 ], [ -90.072225, 35.035425 ], [ -90.072569, 35.035416 ], [ -90.072972, 35.035404 ], [ -90.073051, 35.035402 ], [ -90.073221, 35.035397 ], [ -90.073108, 35.035509 ] ] ] } },
{ "type": "Feature", "properties": { "STATEFP": "47", "COUNTYFP": "157", "TRACTCE": "006500", "GEOID": "47157006500", "GEOIDFQ": "1400000US47157006500", "NAME": "65", "NAMELSAD": "Census Tract 65", "MTFCC": "G5020", "FUNCSTAT": "S", "ALAND": 2132581, "AWATER": 0, "INTPTLAT": "+35.1043230", "INTPTLON": "-089.9974849", "geoid": "47157006500" }, "geometry": { "type": "Polygon", "coordinates": [ [ [ -90.009841, 35.109108 ], [ -90.009081, 35.109083 ], [ -90.008797, 35.109074 ], [ -90.006802, 35.109008 ], [ -90.006043, 35.108984 ], [ -90.005852, 35.108978 ], [ -90.005281, 35.10896 ], [ -90.005091, 35.108955 ], [ -90.004813, 35.108944 ], [ -90.003624, 35.108917 ], [ -90.003556, 35.108916 ], [ -90.002148, 35.108881 ], [ -90.0003, 35.108837 ], [ -89.999366, 35.108782 ], [ -89.998159, 35.108696 ], [ -89.99801, 35.108693 ], [ -89.997671, 35.108685 ], [ -89.997595, 35.108682 ], [ -89.997539, 35.108679 ], [ -89.996901, 35.108667 ], [ -89.996515, 35.108686 ], [ -89.996252, 35.108745 ], [ -89.995774, 35.108877 ], [ -89.995507, 35.108951 ], [ -89.994708, 35.109172 ], [ -89.994442, 35.109247 ], [ -89.992924, 35.109672 ], [ -89.992607, 35.109781 ], [ -89.992411, 35.109883 ], [ -89.992238, 35.109997 ], [ -89.992002, 35.110207 ], [ -89.991949, 35.110269 ], [ -89.991887, 35.110355 ], [ -89.991784, 35.110539 ], [ -89.991401, 35.110322 ], [ -89.991266, 35.110233 ], [ -89.991174, 35.110172 ], [ -89.990113, 35.109479 ], [ -89.98982, 35.109319 ], [ -89.989732, 35.109266 ], [ -89.989215, 35.108954 ], [ -89.989126, 35.108899 ], [ -89.988693, 35.108579 ], [ -89.988448, 35.108379 ], [ -89.988407, 35.108336 ], [ -89.988391, 35.10832 ], [ -89.988117, 35.108034 ], [ -89.988071, 35.107992 ], [ -89.987858, 35.107753 ], [ -89.987645, 35.107475 ], [ -89.987493, 35.107252 ], [ -89.987218, 35.10684 ], [ -89.9872, 35.106817 ], [ -89.98697, 35.106514 ], [ -89.986762, 35.10627 ], [ -89.986737, 35.106244 ], [ -89.986454, 35.105949 ], [ -89.986151, 35.105684 ], [ -89.986009, 35.105579 ], [ -89.985945, 35.105533 ], [ -89.985738, 35.105385 ], [ -89.985654, 35.105329 ], [ -89.985723, 35.105192 ], [ -89.985732, 35.105165 ], [ -89.985802, 35.104963 ], [ -89.985898, 35.104645 ], [ -89.985951, 35.104472 ], [ -89.986083, 35.104043 ], [ -89.986103, 35.103981 ], [ -89.986371, 35.103102 ], [ -89.986663, 35.102119 ], [ -89.986715, 35.101932 ], [ -89.986871, 35.101373 ], [ -89.986924, 35.101187 ], [ -89.98694, 35.101127 ], [ -89.986944, 35.101113 ], [ -89.986987, 35.100947 ], [ -89.987003, 35.100888 ], [ -89.987041, 35.10074 ], [ -89.987105, 35.100502 ], [ -89.987147, 35.100295 ], [ -89.987179, 35.100146 ], [ -89.987242, 35.099797 ], [ -89.987268, 35.09966 ], [ -89.987305, 35.099316 ], [ -89.987335, 35.098738 ], [ -89.987355, 35.098384 ], [ -89.987363, 35.098181 ], [ -89.987387, 35.097573 ], [ -89.987396, 35.097371 ], [ -89.987401, 35.097191 ], [ -89.987418, 35.09665 ], [ -89.987424, 35.096471 ], [ -89.987425, 35.096423 ], [ -89.98743, 35.096287 ], [ -89.987431, 35.096234 ], [ -89.987942, 35.096485 ], [ -89.989478, 35.097238 ], [ -89.98999, 35.09749 ], [ -89.990967, 35.097991 ], [ -89.991653, 35.098343 ], [ -89.993906, 35.09948 ], [ -89.994107, 35.099582 ], [ -89.994873, 35.100002 ], [ -89.995005, 35.100077 ], [ -89.995401, 35.100302 ], [ -89.995534, 35.100377 ], [ -89.995788, 35.100515 ], [ -89.995958, 35.100601 ], [ -89.996297, 35.100771 ], [ -89.996904, 35.101077 ], [ -89.997378, 35.101318 ], [ -89.998308, 35.10179 ], [ -89.998597, 35.101938 ], [ -89.999362, 35.102332 ], [ -89.999683, 35.102146 ], [ -90.000232, 35.101831 ], [ -90.000639, 35.101573 ], [ -90.000953, 35.101375 ], [ -90.001386, 35.101123 ], [ -90.001629, 35.100983 ], [ -90.002247, 35.100623 ], [ -90.002683, 35.100366 ], [ -90.003064, 35.100144 ], [ -90.003116, 35.100114 ], [ -90.00318, 35.100117 ], [ -90.003374, 35.100126 ], [ -90.003439, 35.10013 ], [ -90.003695, 35.100149 ], [ -90.003859, 35.100154 ], [ -90.004968, 35.100189 ], [ -90.005123, 35.10019 ], [ -90.005545, 35.100195 ], [ -90.005605, 35.100197 ], [ -90.005788, 35.100204 ], [ -90.005849, 35.100207 ], [ -90.005956, 35.100211 ], [ -90.00628, 35.100223 ], [ -90.006388, 35.100228 ], [ -90.006888, 35.100242 ], [ -90.007215, 35.100252 ], [ -90.008388, 35.100298 ], [ -90.008888, 35.100319 ], [ -90.00901, 35.100322 ], [ -90.009377, 35.100334 ], [ -90.0095, 35.100339 ], [ -90.009484, 35.100524 ], [ -90.00948, 35.100583 ], [ -90.009486, 35.100756 ], [ -90.00951, 35.100913 ], [ -90.009576, 35.101066 ], [ -90.00965, 35.101237 ], [ -90.009756, 35.101481 ], [ -90.009812, 35.101666 ], [ -90.009834, 35.101876 ], [ -90.009808, 35.103043 ], [ -90.009799, 35.103503 ], [ -90.009789, 35.103707 ], [ -90.009761, 35.104322 ], [ -90.009752, 35.104527 ], [ -90.009739, 35.104935 ], [ -90.009724, 35.105422 ], [ -90.00971, 35.105881 ], [ -90.009695, 35.106162 ], [ -90.009675, 35.106571 ], [ -90.00962, 35.108327 ], [ -90.009629, 35.108484 ], [ -90.009654, 35.108603 ], [ -90.009758, 35.108799 ], [ -90.009806, 35.108866 ], [ -90.009981, 35.109109 ], [ -90.009841, 35.109108 ] ] ] } },
{ "type": "Feature", "properties": { "STATEFP": "47", "COUNTYFP": "157", "TRACTCE": "980200", "GEOID": "47157980200", "GEOIDFQ": "1400000US47157980200", "NAME": "9802", "NAMELSAD": "Census Tract 9802", "MTFCC": "G5020", "FUNCSTAT": "S", "ALAND": 35090790, "AWATER": 9721141, "INTPTLAT": "+35.1037821", "INTPTLON": "-090.1408240", "geoid": "47157980200" }, "geometry": { "type": "Polygon", "coordinates": [ [ [ -90.186663, 35.07617 ], [ -90.185435, 35.079306 ], [ -90.185128, 35.080065 ], [ -90.184463, 35.081853 ], [ -90.184143, 35.082594 ], [ -90.18398, 35.083166 ], [ -90.183728, 35.083836 ], [ -90.18359, 35.084502 ], [ -90.183246, 35.085926 ], [ -90.183033, 35.086679 ], [ -90.182738, 35.087592 ], [ -90.182384, 35.088795 ], [ -90.182169, 35.089648 ], [ -90.181445, 35.092163 ], [ -90.181262, 35.092803 ], [ -90.180758, 35.094281 ], [ -90.1804, 35.095209 ], [ -90.179917, 35.096461 ], [ -90.179321, 35.097968 ], [ -90.178953, 35.09876 ], [ -90.178868, 35.099343 ], [ -90.178333, 35.101097 ], [ -90.177822, 35.102508 ], [ -90.177396, 35.103585 ], [ -90.176694, 35.105348 ], [ -90.175888, 35.107373 ], [ -90.175424, 35.108692 ], [ -90.174979, 35.109685 ], [ -90.174755, 35.1103 ], [ -90.174536, 35.111104 ], [ -90.174415, 35.111658 ], [ -90.174341, 35.112149 ], [ -90.174305, 35.112648 ], [ -90.174286, 35.11318 ], [ -90.174259, 35.113434 ], [ -90.174216, 35.113837 ], [ -90.174049, 35.114284 ], [ -90.173917, 35.114551 ], [ -90.173732, 35.114925 ], [ -90.173557, 35.115192 ], [ -90.173381, 35.115458 ], [ -90.173005, 35.115978 ], [ -90.172767, 35.116309 ], [ -90.172485, 35.116628 ], [ -90.172261, 35.116883 ], [ -90.171722, 35.117483 ], [ -90.171425, 35.117814 ], [ -90.170954, 35.118339 ], [ -90.170713, 35.118592 ], [ -90.170392, 35.118836 ], [ -90.17001, 35.119251 ], [ -90.16954, 35.119715 ], [ -90.169145, 35.120025 ], [ -90.168764, 35.12038 ], [ -90.168383, 35.120729 ], [ -90.1679, 35.121132 ], [ -90.167397, 35.121529 ], [ -90.16682, 35.121904 ], [ -90.166249, 35.122361 ], [ -90.165808, 35.122721 ], [ -90.165413, 35.123026 ], [ -90.165026, 35.123319 ], [ -90.164484, 35.123683 ], [ -90.164016, 35.123965 ], [ -90.163657, 35.124177 ], [ -90.162563, 35.124804 ], [ -90.161218, 35.125335 ], [ -90.159851, 35.125898 ], [ -90.157964, 35.126711 ], [ -90.156729, 35.127308 ], [ -90.155988, 35.127624 ], [ -90.153315, 35.128357 ], [ -90.150294, 35.129203 ], [ -90.147606, 35.129924 ], [ -90.145244, 35.130518 ], [ -90.143835, 35.130835 ], [ -90.142852, 35.130974 ], [ -90.142308, 35.130989 ], [ -90.141114, 35.131008 ], [ -90.140033, 35.131043 ], [ -90.138897, 35.13106 ], [ -90.138669, 35.131519 ], [ -90.137911, 35.131482 ], [ -90.13665, 35.131392 ], [ -90.136304, 35.131358 ], [ -90.135393, 35.131266 ], [ -90.134143, 35.131104 ], [ -90.132696, 35.13087 ], [ -90.130932, 35.130515 ], [ -90.129234, 35.1301 ], [ -90.127326, 35.129542 ], [ -90.125, 35.128724 ], [ -90.122528, 35.127671 ], [ -90.120162, 35.126466 ], [ -90.118114, 35.125244 ], [ -90.115132, 35.123153 ], [ -90.112241, 35.121983 ], [ -90.109744, 35.121031 ], [ -90.108574, 35.120654 ], [ -90.107469, 35.120278 ], [ -90.105308, 35.119645 ], [ -90.10387, 35.119309 ], [ -90.102265, 35.11904 ], [ -90.101115, 35.118865 ], [ -90.100677, 35.118804 ], [ -90.100048, 35.118771 ], [ -90.099276, 35.118735 ], [ -90.097834, 35.118693 ], [ -90.09555, 35.118915 ], [ -90.094021, 35.119141 ], [ -90.091906, 35.119459 ], [ -90.091331, 35.11958 ], [ -90.089782, 35.120194 ], [ -90.088832, 35.120525 ], [ -90.087428, 35.120948 ], [ -90.086546, 35.121268 ], [ -90.085577, 35.121624 ], [ -90.084954, 35.122017 ], [ -90.084532, 35.12229 ], [ -90.083901, 35.122728 ], [ -90.083405, 35.123094 ], [ -90.082473, 35.123712 ], [ -90.081464, 35.124469 ], [ -90.080552, 35.125108 ], [ -90.079152, 35.126007 ], [ -90.07762, 35.127135 ], [ -90.076376, 35.128028 ], [ -90.076036, 35.127755 ], [ -90.075893, 35.127641 ], [ -90.075698, 35.127489 ], [ -90.075194, 35.127096 ], [ -90.074682, 35.126697 ], [ -90.074343, 35.126434 ], [ -90.074258, 35.126358 ], [ -90.074245, 35.126347 ], [ -90.074173, 35.126281 ], [ -90.07396, 35.126084 ], [ -90.073865, 35.125996 ], [ -90.074083, 35.125741 ], [ -90.074739, 35.124979 ], [ -90.074959, 35.124725 ], [ -90.075021, 35.124643 ], [ -90.075207, 35.124397 ], [ -90.07527, 35.124316 ], [ -90.075935, 35.123603 ], [ -90.076282, 35.123233 ], [ -90.076611, 35.122858 ], [ -90.076781, 35.122563 ], [ -90.076873, 35.122226 ], [ -90.077012, 35.121658 ], [ -90.077176, 35.121098 ], [ -90.077187, 35.121037 ], [ -90.077233, 35.12079 ], [ -90.077264, 35.120445 ], [ -90.077223, 35.12007 ], [ -90.077058, 35.119717 ], [ -90.076837, 35.119472 ], [ -90.076803, 35.119444 ], [ -90.076641, 35.119312 ], [ -90.076281, 35.119099 ], [ -90.074774, 35.118401 ], [ -90.074528, 35.118287 ], [ -90.074264, 35.118141 ], [ -90.074196, 35.118104 ], [ -90.074098, 35.118049 ], [ -90.073017, 35.117441 ], [ -90.07289, 35.117388 ], [ -90.072512, 35.117229 ], [ -90.072387, 35.117176 ], [ -90.072238, 35.117108 ], [ -90.071892, 35.116951 ], [ -90.071791, 35.116912 ], [ -90.071777, 35.116907 ], [ -90.072073, 35.116479 ], [ -90.072752, 35.115469 ], [ -90.073124, 35.114893 ], [ -90.073295, 35.114687 ], [ -90.073399, 35.114517 ], [ -90.073609, 35.114218 ], [ -90.073877, 35.11384 ], [ -90.074138, 35.113442 ], [ -90.074518, 35.112837 ], [ -90.074643, 35.112589 ], [ -90.074742, 35.112356 ], [ -90.074845, 35.11208 ], [ -90.074976, 35.11158 ], [ -90.075152, 35.110701 ], [ -90.07545, 35.109127 ], [ -90.075471, 35.109015 ], [ -90.07566, 35.108036 ], [ -90.075777, 35.108037 ], [ -90.075851, 35.108041 ], [ -90.076076, 35.108048 ], [ -90.076334, 35.108058 ], [ -90.076754, 35.10807 ], [ -90.076879, 35.108074 ], [ -90.076981, 35.108077 ], [ -90.077319, 35.108079 ], [ -90.077677, 35.108087 ], [ -90.077707, 35.108088 ], [ -90.078298, 35.108115 ], [ -90.079888, 35.108143 ], [ -90.080615, 35.108156 ], [ -90.08078, 35.108149 ], [ -90.081275, 35.108128 ], [ -90.081441, 35.108122 ], [ -90.081872, 35.10812 ], [ -90.083167, 35.108115 ], [ -90.083599, 35.108114 ], [ -90.084071, 35.103633 ], [ -90.084873, 35.096026 ], [ -90.087894, 35.090995 ], [ -90.090215, 35.087133 ], [ -90.090466, 35.086718 ], [ -90.09051, 35.086644 ], [ -90.090717, 35.086302 ], [ -90.091204, 35.085497 ], [ -90.091396, 35.085179 ], [ -90.091692, 35.084691 ], [ -90.09185, 35.084524 ], [ -90.092009, 35.084356 ], [ -90.093536, 35.082746 ], [ -90.095063, 35.081136 ], [ -90.095476, 35.080701 ], [ -90.097415, 35.079057 ], [ -90.099697, 35.076972 ], [ -90.100054, 35.076646 ], [ -90.10041, 35.076321 ], [ -90.100756, 35.076014 ], [ -90.10567, 35.073375 ], [ -90.107436, 35.072428 ], [ -90.117306, 35.073652 ], [ -90.120458, 35.074042 ], [ -90.123795, 35.074456 ], [ -90.132169, 35.076731 ], [ -90.134282, 35.077306 ], [ -90.140516, 35.07999 ], [ -90.146531, 35.082897 ], [ -90.14957, 35.083914 ], [ -90.153136, 35.084669 ], [ -90.154818, 35.084916 ], [ -90.156504, 35.085015 ], [ -90.157843, 35.084832 ], [ -90.163422, 35.084072 ], [ -90.164483, 35.083927 ], [ -90.166767, 35.082589 ], [ -90.169895, 35.080758 ], [ -90.173023, 35.078927 ], [ -90.173688, 35.078537 ], [ -90.174352, 35.078147 ], [ -90.175247, 35.077674 ], [ -90.17539, 35.0776 ], [ -90.175611, 35.077484 ], [ -90.176428, 35.077052 ], [ -90.177934, 35.076256 ], [ -90.178105, 35.076167 ], [ -90.178914, 35.076032 ], [ -90.180718, 35.075913 ], [ -90.183519, 35.07573 ], [ -90.18393, 35.075732 ], [ -90.184961, 35.075738 ], [ -90.186136, 35.075744 ], [ -90.18633, 35.075746 ], [ -90.186815, 35.075748 ], [ -90.186663, 35.07617 ] ] ] } }
]
}
