{
"type": "FeatureCollection",
"name": "selected_low_growth_community_zcta_overlap",
"crs": { "type": "name", "properties": { "name": "urn:ogc:def:crs:EPSG::5070" } },
"features": [
{ "type": "Feature", "properties": { "community_id": "Selected low-growth community", "zcta": "72301", "overlap_sq_m": 1103658.9106815136, "overlap_sq_miles": 0.4261250877087368, "share_of_community_area": 0.0019841780687994757 }, "geometry": { "type": "Polygon", "coordinates": [ [ [ 525956.141539855743758, 1350683.540039084386081 ], [ 525939.174752303631976, 1350710.525626974180341 ], [ 525927.788909389753826, 1350727.764104833593592 ], [ 525914.955107779824175, 1350740.541791862808168 ], [ 525906.072467203252017, 1350753.898042169166729 ], [ 525894.90401377051603, 1350773.50406349892728 ], [ 525883.69326894544065, 1350792.322783068520948 ], [ 525874.468945449101739, 1350803.864464180078357 ], [ 525864.621608417946845, 1350825.569378873566166 ], [ 525858.186166544561274, 1350834.479457983979955 ], [ 525850.185797386337072, 1350848.226163033163175 ], [ 525836.606565824244171, 1350865.778718922985718 ], [ 525829.396826666546986, 1350878.452874347334728 ], [ 525816.572752226609737, 1350894.033889050129801 ], [ 525800.581385853583924, 1350908.075536626623943 ], [ 525787.926004242501222, 1350917.949653282295913 ], [ 525774.409091199748218, 1350927.098360522883013 ], [ 525730.467939531081356, 1350935.951835676562041 ], [ 525714.884064020006917, 1350931.521533788647503 ], [ 525697.720775803434663, 1350923.295053498120978 ], [ 525686.912691318197176, 1350917.812245891429484 ], [ 525679.583802678389475, 1350913.215285348705947 ], [ 525671.96100383088924, 1350906.021941707469523 ], [ 525663.017166530829854, 1350896.729791193269193 ], [ 525658.873558759340085, 1350890.422287877881899 ], [ 525478.434887902345508, 1350969.610148546751589 ], [ 525331.592388069489971, 1351037.294609398115426 ], [ 525276.411860906868242, 1351061.044390462338924 ], [ 525346.84047109936364, 1351348.979306058958173 ], [ 525357.673137625097297, 1351396.95052669942379 ], [ 525447.054067593766376, 1351753.983402288286015 ], [ 525469.568919304874726, 1351840.449800956062973 ], [ 525517.352160740527324, 1352043.819977600360289 ], [ 525541.161636974895373, 1352128.348318950738758 ], [ 525551.957913052057847, 1352193.133714463096112 ], [ 525570.115443617803976, 1352269.356524164788425 ], [ 525578.011632603243925, 1352344.502198018599302 ], [ 525599.310433494043536, 1352505.444862806005403 ], [ 525613.37883671047166, 1352590.722168762702495 ], [ 525633.751711576944217, 1352694.322812871541828 ], [ 525657.463095697574317, 1352830.638820143882185 ], [ 525671.025892937206663, 1352927.096098224865273 ], [ 525719.14180528500583, 1353211.991347724571824 ], [ 525721.536634155549109, 1353130.07671285723336 ], [ 525722.866800827905536, 1353102.468137023737654 ], [ 525723.762598575092852, 1353070.124500480480492 ], [ 525726.262609353289008, 1352973.194265447556973 ], [ 525759.078623264096677, 1352683.171261369017884 ], [ 525809.565996570512652, 1352413.73868891200982 ], [ 525950.317658450338058, 1352022.602654816349968 ], [ 526068.335694697569124, 1351848.679194025695324 ], [ 526225.412880943156779, 1351739.595894705038518 ], [ 526332.952714931336232, 1351630.278038117801771 ], [ 526346.199437444796786, 1351604.858422577613965 ], [ 525969.891214417177252, 1350661.738192863995209 ], [ 525956.141539855743758, 1350683.540039084386081 ] ] ] } },
{ "type": "Feature", "properties": { "community_id": "Selected low-growth community", "zcta": "72364", "overlap_sq_m": 24378.848920117132, "overlap_sq_miles": 0.0094127261908373994, "share_of_community_area": 4.3828738119825733e-05 }, "geometry": { "type": "Polygon", "coordinates": [ [ [ 535266.312874785275199, 1358148.094023023499176 ], [ 535169.024161566281691, 1357851.633574769366533 ], [ 535153.289110156823881, 1357829.572997041977942 ], [ 535027.086914771003649, 1357883.022551925387233 ], [ 535266.312874785275199, 1358148.094023023499176 ] ] ] } },
{ "type": "Feature", "properties": { "community_id": "Selected low-growth community", "zcta": "38112", "overlap_sq_m": 6573366.652243821, "overlap_sq_miles": 2.53799105332227, "share_of_community_area": 0.011817718158507943 }, "geometry": { "type": "MultiPolygon", "coordinates": [ [ [ [ 546049.875943495193496, 1360895.219221465056762 ], [ 546005.484775149263442, 1360891.493211385793984 ], [ 545987.835067976731807, 1360890.032101133372635 ], [ 545967.119968903600238, 1360888.375696195987985 ], [ 545864.714129091706127, 1360881.62662059138529 ], [ 545858.035281656775624, 1360881.313247454585508 ], [ 545837.804192437557504, 1360880.585023218533024 ], [ 545831.028071642504074, 1360880.377603107132018 ], [ 545816.941992844920605, 1360879.816642698133364 ], [ 545774.669527026009746, 1360878.357251768466085 ], [ 545760.576333695673384, 1360877.908059706678614 ], [ 545739.714132620836608, 1360877.139867233578116 ], [ 545676.925872103776783, 1360875.159137967042625 ], [ 545655.966399104567245, 1360874.49708322272636 ], [ 545643.420126070966944, 1360873.922342042904347 ], [ 545605.57965238543693, 1360872.521773793967441 ], [ 545592.936107885558158, 1360872.053041154518723 ], [ 545571.352634222363122, 1360871.239330056821927 ], [ 545506.331733330735005, 1360868.781302493065596 ], [ 545484.650988553650677, 1360868.073745552450418 ], [ 545450.964917465928011, 1360866.826222397387028 ], [ 545380.235572641482577, 1360864.454263771651313 ], [ 545370.026310850167647, 1360864.140809085452929 ], [ 545352.507083182572387, 1360863.474217166658491 ], [ 545349.802320971386507, 1360863.302061176626012 ], [ 545323.981379808741622, 1360862.219263913109899 ], [ 545316.033194070332684, 1360861.937653983477503 ], [ 545300.872307398589328, 1360861.197008078219369 ], [ 545298.160437067504972, 1360861.136544471606612 ], [ 545255.347000824520364, 1360859.64528804901056 ], [ 545240.074632952106185, 1360859.234040562063456 ], [ 545227.618507204810157, 1360858.665645638946444 ], [ 545190.062703348346986, 1360857.060771996853873 ], [ 545177.509311103960499, 1360856.598389255115762 ], [ 545173.812799768289551, 1360856.363185115158558 ], [ 545162.709053875529207, 1360855.880934660788625 ], [ 545158.915277819847688, 1360855.751676599495113 ], [ 545142.67247835570015, 1360854.942472573369741 ], [ 545093.659387258347124, 1360852.721190303331241 ], [ 545077.319320362294093, 1360852.018050609622151 ], [ 544995.723341203760356, 1360848.285201692953706 ], [ 544909.057132679852657, 1360844.567060261964798 ], [ 544825.074370211339556, 1360841.356814444297925 ], [ 544808.103179301833734, 1360840.614057227736339 ], [ 544757.175401006708853, 1360838.609340358758345 ], [ 544740.197107172105461, 1360837.97839419147931 ], [ 544723.09315436379984, 1360837.900132612790912 ], [ 544696.299591622548178, 1360837.878673563478515 ], [ 544671.586790471454151, 1360837.87744324398227 ], [ 544654.378488413989544, 1360838.016940725501627 ], [ 544637.07293128175661, 1360838.262418405618519 ], [ 544584.975961001473479, 1360838.987600321182981 ], [ 544567.573159721447155, 1360839.33916465821676 ], [ 544556.678135648369789, 1360589.162575070979074 ], [ 544495.672088785446249, 1360586.182607252150774 ], [ 544480.233154876856133, 1360585.537900984054431 ], [ 544470.932310312404297, 1360585.171134184347466 ], [ 544443.015583567554131, 1360584.294247539481148 ], [ 544433.617481006192975, 1360584.033468856709078 ], [ 544415.535473902709782, 1360583.669448511209339 ], [ 544398.798797501833178, 1360583.50307052815333 ], [ 544360.967234579497017, 1360584.799693467095494 ], [ 544342.731221178197302, 1360585.43518866575323 ], [ 544319.479565927991644, 1360586.649112606421113 ], [ 544249.71047597809229, 1360590.51461689430289 ], [ 544226.451770017156377, 1360591.840470289811492 ], [ 544209.644198711146601, 1360592.791229837341234 ], [ 544159.110080653219484, 1360595.973011046648026 ], [ 544142.205279346439056, 1360597.02985388180241 ], [ 544127.770305502112024, 1360597.682938148500398 ], [ 544084.285083181457594, 1360599.630886589642614 ], [ 544069.752871442004107, 1360600.390020402381197 ], [ 544054.700967902084813, 1360600.779798679752275 ], [ 544037.539898814633489, 1360601.596319637726992 ], [ 543940.711665221955627, 1360606.773699558107182 ], [ 543908.37315770261921, 1360608.533146387431771 ], [ 543880.106111645931378, 1360610.326897605322301 ], [ 543877.289841893245466, 1360610.484514745883644 ], [ 543783.954970521386713, 1360617.679423569934443 ], [ 543752.843395319650881, 1360620.077952756779268 ], [ 543751.442163520725444, 1360615.055442105047405 ], [ 543726.334288333193399, 1360552.801446465775371 ], [ 543632.28566383884754, 1360595.496946819126606 ], [ 543579.085662512923591, 1360616.45327688800171 ], [ 543544.674254271783866, 1360628.061867374228314 ], [ 543514.819299152586609, 1360634.913913555443287 ], [ 543473.566759147681296, 1360643.061404835898429 ], [ 543351.761316950316541, 1360649.576435806928203 ], [ 543337.153333782916889, 1360650.107740721665323 ], [ 543336.680432623019442, 1360640.434856940759346 ], [ 543336.26746178616304, 1360632.671928026014939 ], [ 543335.467941018869169, 1360618.156887440243736 ], [ 543334.41071294224821, 1360599.140441274968907 ], [ 543331.037757299141958, 1360558.112465221900493 ], [ 543330.734275837079622, 1360551.477751709287986 ], [ 543329.702050747349858, 1360529.211233536014333 ], [ 543328.648568192496896, 1360507.279751998605207 ], [ 543325.217554920469411, 1360441.468179804971442 ], [ 543324.066776157589629, 1360419.642674567643553 ], [ 543323.443706594407558, 1360408.054141730535775 ], [ 543321.852957415743731, 1360383.173332524718717 ], [ 543321.199657384422608, 1360373.489036056911573 ], [ 543320.925870623905212, 1360370.668515449156985 ], [ 543320.569491206086241, 1360362.012185114901513 ], [ 543320.175384022761136, 1360339.674044940853491 ], [ 543318.708347323583439, 1360272.86585193220526 ], [ 543318.216954531148076, 1360250.633688113186508 ], [ 543317.205802540527657, 1360228.032193737104535 ], [ 543313.866364542045631, 1360160.768970807082951 ], [ 543312.757912333705463, 1360138.27345344889909 ], [ 543311.88123252929654, 1360113.550114113837481 ], [ 543310.508825445431285, 1360075.228090529097244 ], [ 543308.665279260487296, 1360047.19180635525845 ], [ 543307.7111802570289, 1360039.394613746087998 ], [ 543304.649172246921808, 1360014.869117682799697 ], [ 543303.508093540905975, 1360001.453772084088996 ], [ 543299.612736568786204, 1359961.514191257301718 ], [ 543298.374383105081506, 1359948.204812170937657 ], [ 543294.164510935894214, 1359904.657285749912262 ], [ 543284.320582669577561, 1359802.895649891346693 ], [ 543282.520304463803768, 1359784.168631536653265 ], [ 543281.617556967772543, 1359774.132203892571852 ], [ 543277.670832219999284, 1359730.713573569431901 ], [ 543244.647838088101707, 1359744.653993309708312 ], [ 543219.717557927942835, 1359755.183147503295913 ], [ 543192.177623980911449, 1359766.892455630004406 ], [ 543144.985577789484523, 1359784.420119860908017 ], [ 543124.026719187269919, 1359792.28599875443615 ], [ 543111.183496622135863, 1359794.947882859734818 ], [ 543087.518046924495138, 1359798.381530516780913 ], [ 543074.864104326232336, 1359799.485704946098849 ], [ 542999.002404263243079, 1359806.563566952012479 ], [ 542965.43252112949267, 1359809.14568788302131 ], [ 542937.495649144868366, 1359811.412089716177434 ], [ 542928.865835387958214, 1359811.874441211577505 ], [ 542882.117072448600084, 1359813.846149060409516 ], [ 542862.145296036964282, 1359814.711278983158991 ], [ 542794.243760257959366, 1359819.043579966761172 ], [ 542741.688884734292515, 1359821.208899145713076 ], [ 542694.843036505277269, 1359823.287595845758915 ], [ 542691.846218884107657, 1359823.434179509291425 ], [ 542659.623810151824728, 1359824.757318256422877 ], [ 542553.660394096863456, 1359829.708615235285833 ], [ 542521.333751919446513, 1359831.24992046225816 ], [ 542518.336943796952255, 1359831.396564858034253 ], [ 542501.362104460829869, 1359832.115891947643831 ], [ 542499.086654136772268, 1359832.308211479801685 ], [ 542476.369702492025681, 1359948.040966342203319 ], [ 542468.690053269034252, 1359977.828635941026732 ], [ 542425.081724183051847, 1360104.685010159155354 ], [ 542405.346970965038054, 1360151.873979225056246 ], [ 542370.877191013307311, 1360224.479809619020671 ], [ 542362.407443590811454, 1360242.444419900188223 ], [ 542351.9753010206623, 1360259.948453250341117 ], [ 542341.136509089614265, 1360275.296375619014725 ], [ 542320.030016031698324, 1360304.122271279804409 ], [ 542290.343907758477144, 1360332.629477663896978 ], [ 542262.93500715540722, 1360359.486885941121727 ], [ 542258.30494365375489, 1360362.55764083750546 ], [ 542255.543483506655321, 1360363.279888203600422 ], [ 542250.071748839574866, 1360362.485113158589229 ], [ 542243.728353593382053, 1360359.729045753367245 ], [ 542219.944804387749173, 1360323.577199142891914 ], [ 542194.764467352651991, 1360289.46744157676585 ], [ 542165.590083048329689, 1360254.095935371005908 ], [ 542136.646622196538374, 1360210.778264707885683 ], [ 542132.896374848671257, 1360202.804342536954209 ], [ 542129.119231699383818, 1360188.101202655350789 ], [ 542126.040199372102506, 1360169.5178498912137 ], [ 542123.602429235470481, 1360142.229302630061284 ], [ 542124.569120112922974, 1360104.055756218032911 ], [ 542130.622935564257205, 1360015.523498632246628 ], [ 542130.823482528910972, 1359998.044667224399745 ], [ 542127.404523347504437, 1359973.385088842594996 ], [ 542125.333686742000282, 1359964.620443441672251 ], [ 542118.037442540167831, 1359939.715578925097361 ], [ 542111.813096840749495, 1359923.624292999040335 ], [ 542104.948799814446829, 1359909.062279913108796 ], [ 542097.497720560524613, 1359898.051153933862224 ], [ 542082.034964786260389, 1359874.872214855393395 ], [ 542081.315657139522955, 1359879.087459482485428 ], [ 542075.566780049470253, 1359889.824156425893307 ], [ 542065.102546800277196, 1359899.253444687696174 ], [ 542062.615193963283673, 1359902.796222488861531 ], [ 542061.033254968002439, 1359909.199400018667802 ], [ 542062.577522056410089, 1359947.755960156209767 ], [ 542063.469928902690299, 1359967.994916836032644 ], [ 542063.919848237419501, 1359980.917757904855534 ], [ 542067.575798104284331, 1360059.075967998011038 ], [ 542074.104549393057823, 1360166.232159822946414 ], [ 542080.951904797228053, 1360315.567769119981676 ], [ 542082.76392005989328, 1360344.162259676028043 ], [ 542085.342276402399875, 1360387.83005387079902 ], [ 542085.885520833893679, 1360427.893225090345368 ], [ 542086.254839026834816, 1360456.39647562848404 ], [ 542084.734831210458651, 1360463.25209638196975 ], [ 542079.78831365169026, 1360464.17253730352968 ], [ 542074.877123417449184, 1360464.534588217269629 ], [ 541967.082050559925847, 1360471.395040470873937 ], [ 541962.243782628094777, 1360377.576413520146161 ], [ 541961.93136860569939, 1360335.285395665792748 ], [ 541966.257640071213245, 1360264.023092577699572 ], [ 541967.004719779943116, 1360229.311519572511315 ], [ 541956.931095896288753, 1360066.541427562013268 ], [ 541947.662875420763157, 1359859.53322949889116 ], [ 541831.242841170169413, 1359862.374439573148265 ], [ 541834.047800622414798, 1359909.644205962307751 ], [ 541838.366337687242776, 1360017.445013685617596 ], [ 541862.589593587676063, 1360477.56868519121781 ], [ 541868.855705050867982, 1360597.490697534522042 ], [ 541868.972464126651175, 1360598.507211218820885 ], [ 541869.685938385897316, 1360611.558893975336105 ], [ 541874.825568896136247, 1360709.208947453415021 ], [ 541874.895848056185059, 1360726.704994010273367 ], [ 541878.605485312757082, 1360806.885229920269921 ], [ 541881.43413117621094, 1360856.623716111993417 ], [ 541883.447961533092894, 1360884.894659139914438 ], [ 541889.385016593965702, 1360969.925185869215056 ], [ 541889.956687288009562, 1360979.492045474704355 ], [ 541891.121210626210086, 1360998.290729345055297 ], [ 541854.353228858672082, 1361000.001899962779135 ], [ 541840.182749171741307, 1361000.787629498867318 ], [ 541773.608526882948354, 1361005.772025949321687 ], [ 541743.908201985061169, 1361007.369946492603049 ], [ 541707.028987417463213, 1361009.411087446846068 ], [ 541662.422896298929118, 1361011.973022718448192 ], [ 541528.417495640926063, 1361019.760506264632568 ], [ 541483.714353721821681, 1361022.429354133084416 ], [ 541450.462789275683463, 1361024.364475988782942 ], [ 541350.437762554967776, 1361030.153527321061119 ], [ 541317.089077034732327, 1361032.195150616578758 ], [ 541285.099824951961637, 1361034.210660163545981 ], [ 541188.854677930474281, 1361040.352501899236813 ], [ 541156.768305049510673, 1361042.474476264789701 ], [ 541095.717384704272263, 1361046.018933267099783 ], [ 540985.143249047105201, 1361052.603624189738184 ], [ 540940.705546945333481, 1361053.946532480884343 ], [ 540912.437131331535056, 1361052.946705256821588 ], [ 540896.077955693355761, 1361051.129047606606036 ], [ 540852.470681266160682, 1361040.751690090633929 ], [ 540852.768943869043142, 1361047.498030398273841 ], [ 540853.082387731643394, 1361059.739465216174722 ], [ 540853.495608022087254, 1361076.135833683190867 ], [ 540854.931313156499527, 1361096.409008943242952 ], [ 540855.785680049564689, 1361108.68459603516385 ], [ 540918.210107650491409, 1361137.853652066318318 ], [ 541064.942175981588662, 1361206.545191205572337 ], [ 541105.850165600772016, 1361223.817139892373234 ], [ 541168.96909922931809, 1361250.56524332636036 ], [ 541169.511738907545805, 1361262.036336207762361 ], [ 541170.87622898304835, 1361296.320857648504898 ], [ 541171.321646985947154, 1361307.897940470837057 ], [ 541193.744898306904361, 1361306.847560683498159 ], [ 541260.654090516152792, 1361303.673991760937497 ], [ 541282.98016844142694, 1361302.729830281808972 ], [ 541292.718384151230566, 1361301.887437950354069 ], [ 541296.623234954546206, 1361301.685639325529337 ], [ 541304.98325374990236, 1361305.465471605071798 ], [ 541330.390268833492883, 1361303.03420057753101 ], [ 541330.129272167338058, 1361294.271895386278629 ], [ 541329.219259430770762, 1361269.995222909608856 ], [ 541327.821673125843517, 1361234.811550647718832 ], [ 541494.033068923628889, 1361225.804896302754059 ], [ 541712.546396605088376, 1361209.904708902584389 ], [ 541716.352453334606253, 1361211.266616017790511 ], [ 541858.727228138479404, 1361202.778134335763752 ], [ 541855.418974433443509, 1361142.020813087699935 ], [ 541860.503014790243469, 1361141.78171559702605 ], [ 541897.118342091096565, 1361139.612444992177188 ], [ 541898.235389922279865, 1361163.4538320354186 ], [ 541901.579380920855328, 1361235.08970094891265 ], [ 541902.181281390599906, 1361248.470789410406724 ], [ 541902.40099757630378, 1361256.445647828979418 ], [ 541902.508996649296023, 1361259.031381866894662 ], [ 541916.235358903883025, 1361258.105560555122793 ], [ 541932.410027695237659, 1361257.110371154500172 ], [ 542084.646681008278392, 1361248.688826713012531 ], [ 542146.036445525358431, 1361245.509264904772863 ], [ 542196.987810779246502, 1361242.790814330335706 ], [ 542208.06443358422257, 1361242.258402404608205 ], [ 542318.201445206184871, 1361235.437590626999736 ], [ 542349.822752187727019, 1361233.514785086968914 ], [ 542369.624971310375258, 1361232.413663665065542 ], [ 542377.427835714770481, 1361237.84118823078461 ], [ 542386.056170928291976, 1361237.378269431646913 ], [ 542399.498063024249859, 1361236.659459131769836 ], [ 542400.843480957904831, 1361259.730586102465168 ], [ 542404.685194869409315, 1361329.155937041155994 ], [ 542405.843174600158818, 1361352.327345990110189 ], [ 542407.140785656054504, 1361374.72271320852451 ], [ 542410.83908649685327, 1361442.120783369289711 ], [ 542411.949265221133828, 1361464.61643148236908 ], [ 542413.239734819973819, 1361487.123499043285847 ], [ 542414.800655025523156, 1361515.366164908278733 ], [ 542416.999693702440709, 1361554.974057462532073 ], [ 542418.192883829004131, 1361577.587113738059998 ], [ 542424.471499212668277, 1361689.99950621696189 ], [ 542427.98715575307142, 1361753.125397218856961 ], [ 542428.193758926587179, 1361805.613986674929038 ], [ 542426.936922576860525, 1361818.316909434273839 ], [ 542425.425583030213602, 1361823.603324492229149 ], [ 542432.481910341768526, 1361826.516896154265851 ], [ 542451.959257327252999, 1361834.814155197469518 ], [ 542676.196311741950922, 1361929.859244061866775 ], [ 542850.532115633133799, 1362013.899427671683952 ], [ 542897.073157541570254, 1362035.013365899445489 ], [ 542909.778219745145179, 1362040.191497320076451 ], [ 542947.60872512916103, 1362055.932224322808906 ], [ 542960.209426952060312, 1362061.32807642640546 ], [ 542975.097285201190971, 1362067.765932609094307 ], [ 543019.84379971656017, 1362087.197051077149808 ], [ 543034.63434800284449, 1362093.740976924542338 ], [ 543034.993951604934409, 1362083.784385434817523 ], [ 543036.044441925478168, 1362054.361332570435479 ], [ 543036.306817409349605, 1362044.510709312045947 ], [ 543037.183638386544771, 1362020.68305115448311 ], [ 543039.51532026741188, 1361949.62967854551971 ], [ 543040.294898664229549, 1361925.908003909280524 ], [ 543045.413952989852987, 1361925.111211076378822 ], [ 543057.732538729091175, 1361923.537386539159343 ], [ 543060.721567601896822, 1361923.502604202600196 ], [ 543065.783991016913205, 1361923.599255805835128 ], [ 543085.527250924380496, 1361913.41377481399104 ], [ 543101.52305033034645, 1361905.233324635308236 ], [ 543112.300681581138633, 1361899.413159925024956 ], [ 543125.102662588236853, 1361888.7877224360127 ], [ 543224.386994454194792, 1361934.551649508066475 ], [ 543238.022419944638386, 1361933.622221114346758 ], [ 543237.349839093047194, 1361907.117384060518816 ], [ 543234.392950690235011, 1361903.790306412614882 ], [ 543234.557873704470694, 1361862.64983327081427 ], [ 543234.853827921207994, 1361800.886167992372066 ], [ 543285.121337044169195, 1361788.93647953751497 ], [ 543286.567852497799322, 1361748.998585407854989 ], [ 543286.838889156584628, 1361743.297256474616006 ], [ 543287.165252485661767, 1361732.44155907467939 ], [ 543376.598138252273202, 1361713.781653882004321 ], [ 543410.804866329650395, 1361706.756803354714066 ], [ 543440.549863977124915, 1361701.579495708923787 ], [ 543467.814453484490514, 1361699.833034388488159 ], [ 543493.024913187371567, 1361699.0776265503373 ], [ 543513.835379293654114, 1361700.622093222569674 ], [ 543517.621676319511607, 1361700.862300439039245 ], [ 543567.182870520045981, 1361704.343060735380277 ], [ 543606.654344735783525, 1361707.071763705462217 ], [ 543660.008879046421498, 1361710.681630885927007 ], [ 543660.216378736775368, 1361705.985421356977895 ], [ 543660.459312772145495, 1361700.730820522643626 ], [ 543667.761456849519163, 1361701.194203770486638 ], [ 543689.660799434990622, 1361702.696069133467972 ], [ 543696.86570456600748, 1361703.265434411354363 ], [ 543708.044292028876953, 1361703.974861267954111 ], [ 543741.475723097217269, 1361706.320864216191694 ], [ 543752.557068618596531, 1361707.136305790860206 ], [ 543760.400106375105679, 1361707.634098283248022 ], [ 543783.658767390297726, 1361709.110352723393589 ], [ 543791.404564905562438, 1361709.714129754109308 ], [ 543809.337292001582682, 1361710.964528656797484 ], [ 543862.865006825886667, 1361714.698781952029094 ], [ 543880.700483018998057, 1361716.055285483365878 ], [ 543899.091034448589198, 1361717.222809449303895 ], [ 543954.158342534094118, 1361720.943250496638939 ], [ 543972.451642806176096, 1361722.216886162525043 ], [ 543996.334220771794207, 1361723.845464224694297 ], [ 544067.960648932610638, 1361729.066631754394621 ], [ 544091.738871905021369, 1361730.913106670137495 ], [ 544117.673586160875857, 1361733.008738514734432 ], [ 544159.251756176818162, 1361736.770824358798563 ], [ 544182.84551776945591, 1361741.521177284885198 ], [ 544191.282031253445894, 1361744.075375882443041 ], [ 544208.985598166007549, 1361750.357841769233346 ], [ 544259.662125963135622, 1361769.050829583546147 ], [ 544377.887371557881124, 1361811.54646848491393 ], [ 544381.782953550689854, 1361812.915291838813573 ], [ 544412.850322636077181, 1361823.971891855355352 ], [ 544428.432602091459557, 1361829.447259910404682 ], [ 544467.914915712783113, 1361843.393535587005317 ], [ 544475.089181510498747, 1361845.867805775720626 ], [ 544490.581238984013908, 1361851.337558201979846 ], [ 544510.849010659730993, 1361858.568550701951608 ], [ 544571.64503657235764, 1361880.373495278647169 ], [ 544591.815434045623988, 1361887.71062780614011 ], [ 544591.970826457603835, 1361895.233143856516108 ], [ 544592.278116680914536, 1361903.213832081994042 ], [ 544596.167442982667126, 1362031.400267211720347 ], [ 544609.310849231784232, 1362462.475926580838859 ], [ 544612.040292667690665, 1362553.362269744509831 ], [ 544613.563774549751543, 1362606.272186936112121 ], [ 544613.875868444563821, 1362648.340662172762677 ], [ 544614.631692204042338, 1362774.534711994929239 ], [ 544614.846428088610992, 1362816.709192010341212 ], [ 544679.659196263062768, 1362846.395718001993373 ], [ 544754.3041639062576, 1362880.856846916722134 ], [ 544874.770725261536427, 1362933.370782529935241 ], [ 544939.930356547585689, 1362961.848037023795769 ], [ 544940.079553492134437, 1362959.502792621729895 ], [ 544940.33266156562604, 1362952.67894787224941 ], [ 544940.384617057396099, 1362950.439647737657651 ], [ 544943.432091965107247, 1362875.506263230461627 ], [ 544943.834392614080571, 1362866.337180665927008 ], [ 544954.793141996837221, 1362614.405306322267279 ], [ 544958.415937750949524, 1362530.426220956025645 ], [ 544958.960311405477114, 1362519.023606966016814 ], [ 544962.779316136962734, 1362429.114195736357942 ], [ 544972.701994848321192, 1362187.769670672947541 ], [ 544973.78156930138357, 1362125.270093321334571 ], [ 544973.929814261267893, 1362114.40296710235998 ], [ 544974.90086405724287, 1362036.534802272217348 ], [ 544979.987268551602028, 1362039.100957833928987 ], [ 545085.273483967292123, 1362094.239288361044601 ], [ 545222.281182377133518, 1362165.750429158331826 ], [ 545295.419699192163534, 1362204.044489164603874 ], [ 545392.636259025894105, 1362255.085091458400711 ], [ 545423.800926605938002, 1362273.103810157394037 ], [ 545452.607508355635218, 1362291.196768843336031 ], [ 545502.489320174907334, 1362326.554297261871397 ], [ 545522.629902535700239, 1362342.862260282970965 ], [ 545557.283936837571673, 1362372.877382548293099 ], [ 545598.376023247954436, 1362409.806253757560626 ], [ 545741.315425349981524, 1362538.666471979115158 ], [ 545787.612755863461643, 1362580.525363163091242 ], [ 545792.978465188178234, 1362577.279052385129035 ], [ 545799.94772551394999, 1362573.013608346227556 ], [ 545752.355205841944553, 1362530.175094126258045 ], [ 545754.13427305908408, 1362527.821565642720088 ], [ 545794.156631645280868, 1362496.283762680366635 ], [ 545967.545045656035654, 1362368.851416668388993 ], [ 545986.719651390449144, 1362343.498559512896463 ], [ 546005.095111785572954, 1362302.284417981980368 ], [ 546016.173424504580908, 1362291.777471931651235 ], [ 546020.850570784299634, 1362163.013532186159864 ], [ 546022.457061641733162, 1362117.927423220593482 ], [ 546026.120772708556615, 1362023.523040174506605 ], [ 546026.265516249113716, 1362019.83197034872137 ], [ 546028.287184094660915, 1361966.811141718644649 ], [ 545979.327789935516194, 1361965.260605015559122 ], [ 545980.457076284918003, 1361940.439703068230301 ], [ 545981.0406994887162, 1361927.021293438505381 ], [ 545994.0005936503876, 1361928.183635768247768 ], [ 545995.101374054676853, 1361920.853208463871852 ], [ 546029.964793091407046, 1361920.608342006336898 ], [ 546030.40851805685088, 1361907.965927253942937 ], [ 546032.904358867905103, 1361887.268815831281245 ], [ 546035.224744089995511, 1361855.123264987487346 ], [ 546037.540585558745079, 1361796.066244672983885 ], [ 546037.882271695532836, 1361786.444848048966378 ], [ 546038.802941203699447, 1361757.798269484424964 ], [ 546039.047357379691675, 1361748.282806364586577 ], [ 546039.519514470477588, 1361739.454638646915555 ], [ 546040.554031789302826, 1361713.282184889307246 ], [ 546040.838770028320141, 1361704.554204381071031 ], [ 546041.474660330452025, 1361688.896555626532063 ], [ 546043.097635356825776, 1361642.129736421164125 ], [ 546043.636250903015025, 1361626.578026075148955 ], [ 546044.597213136730716, 1361598.718963798834011 ], [ 545996.197978722513653, 1361596.867772716563195 ], [ 545999.246429904713295, 1361513.525450078537688 ], [ 546006.660236965399235, 1361513.661544036818668 ], [ 546008.301933472277597, 1361489.321913735941052 ], [ 546000.195356448879465, 1361488.69315123395063 ], [ 546000.415977578377351, 1361480.970269293058664 ], [ 545995.45048718736507, 1361480.765951690496877 ], [ 545996.16694648785051, 1361475.205131723545492 ], [ 545997.01147894305177, 1361454.851370899239555 ], [ 546009.392191529041156, 1361163.991759313968942 ], [ 546016.793072806322016, 1360954.109076829627156 ], [ 546068.403642754885368, 1360953.92224713251926 ], [ 546069.167562691611238, 1360931.993631679797545 ], [ 546070.493746919906698, 1360896.981755809625611 ], [ 546049.875943495193496, 1360895.219221465056762 ] ] ], [ [ [ 540852.169840972055681, 1361029.744430185295641 ], [ 540851.53209673287347, 1361022.640285633038729 ], [ 540850.630242541315965, 1361002.512950152624398 ], [ 540847.549886798369698, 1360942.33155948179774 ], [ 540846.460624495637603, 1360922.304535262752324 ], [ 540845.263017923571169, 1360899.691799776162952 ], [ 540841.30242822796572, 1360831.942534710979089 ], [ 540839.917396521079354, 1360809.430114251561463 ], [ 540822.568486242555082, 1360517.819684455869719 ], [ 540789.620508430059999, 1359967.003609235165641 ], [ 540784.815475028241053, 1359902.565421682549641 ], [ 540781.111504163360223, 1359902.44379187328741 ], [ 540771.385910744662397, 1359903.063391116214916 ], [ 540765.20509500161279, 1359903.458204590249807 ], [ 540721.336415327619761, 1359905.735478131566197 ], [ 540713.247966818627901, 1359906.234201732091606 ], [ 540706.706483374349773, 1359906.606298535130918 ], [ 540697.716349350987002, 1359907.048140248050913 ], [ 540670.565618739812635, 1359908.362343467539176 ], [ 540661.485321968910284, 1359908.798533943248913 ], [ 540663.369742145412602, 1359946.366822362178937 ], [ 540614.394116008770652, 1359950.677007041871548 ], [ 540610.842321686097421, 1359951.01354584726505 ], [ 540623.67159226955846, 1360137.948808385757729 ], [ 540636.920437474036589, 1360137.439226927934214 ], [ 540639.763084487989545, 1360159.819158622995019 ], [ 540625.027904270915315, 1360162.365315722767264 ], [ 540635.612913477583788, 1360359.026334369089454 ], [ 540637.711209707078524, 1360397.50525962584652 ], [ 540643.360621206578799, 1360513.125646894099191 ], [ 540648.049067278741859, 1360513.421475894050673 ], [ 540648.823668951052241, 1360522.664561793673784 ], [ 540645.457851830055006, 1360531.534272785764188 ], [ 540660.588293311186135, 1360821.097921244101599 ], [ 540663.507780793006532, 1360891.023815039778128 ], [ 540612.958323738654144, 1360893.104045897256583 ], [ 540613.669455647352152, 1360903.35227945074439 ], [ 540613.848991174250841, 1360932.067580696428195 ], [ 540612.197567671653815, 1360946.763870187103748 ], [ 540544.207444130908698, 1360932.607198430690914 ], [ 540521.365103948395699, 1360928.81151401088573 ], [ 540521.748185459640808, 1360934.217673376668245 ], [ 540522.88333345123101, 1360950.659513748018071 ], [ 540523.259365738951601, 1360956.177354517159984 ], [ 540523.417110715294257, 1360957.981303942855448 ], [ 540523.717075100750662, 1360963.270096538355574 ], [ 540523.860728592961095, 1360965.29740687017329 ], [ 540524.605741706560366, 1360976.444770466070622 ], [ 540524.932450689026155, 1360982.744375332957134 ], [ 540526.140769456978887, 1361002.33033777307719 ], [ 540526.594294740003534, 1361006.619696223409846 ], [ 540526.930915418313816, 1361009.892555392580107 ], [ 540527.143586279591545, 1361012.260595617583022 ], [ 540527.549226518021896, 1361015.874184043845162 ], [ 540528.036541521199979, 1361021.062674360815436 ], [ 540568.779384349356405, 1361010.850888332817703 ], [ 540608.52915445365943, 1361002.034255650127307 ], [ 540622.27824485860765, 1360999.313789563719183 ], [ 540640.292928325594403, 1360996.414004521677271 ], [ 540645.557289670687169, 1360996.185564344516024 ], [ 540655.585896180593409, 1360996.482010223437101 ], [ 540669.109496485441923, 1360997.33538938104175 ], [ 540685.060295460978523, 1360998.45408452488482 ], [ 540709.323775412049145, 1361002.676282192813233 ], [ 540710.752195817301981, 1361002.99067786661908 ], [ 540722.504944049054757, 1361006.087012435309589 ], [ 540748.49957621737849, 1361012.997453753836453 ], [ 540826.573405414586887, 1361033.734943157527596 ], [ 540852.470681266160682, 1361040.751690090633929 ], [ 540852.169840972055681, 1361029.744430185295641 ] ] ] ] } },
{ "type": "Feature", "properties": { "community_id": "Selected low-growth community", "zcta": "38152", "overlap_sq_m": 255857.55893000789, "overlap_sq_miles": 0.098787155782277078, "share_of_community_area": 0.00045998537433273185 }, "geometry": { "type": "Polygon", "coordinates": [ [ [ 547259.994935185648501, 1357394.864269927842543 ], [ 547259.337609308073297, 1357422.18114301119931 ], [ 547258.828206040430814, 1357440.088846641825512 ], [ 547256.924942921847105, 1357494.012281699571759 ], [ 547256.318205299088731, 1357512.025908740935847 ], [ 547255.797375578200445, 1357524.438697790727019 ], [ 547254.144687717198394, 1357561.671314165694639 ], [ 547253.526531448937021, 1357574.190021202201024 ], [ 547253.11229055467993, 1357589.188533629756421 ], [ 547251.570458096917719, 1357634.613492114469409 ], [ 547251.058887134771794, 1357649.717924965778366 ], [ 547250.856395978946239, 1357658.563001259695739 ], [ 547249.978341236128472, 1357685.080958486534655 ], [ 547249.678525212337263, 1357694.031950318487361 ], [ 547249.304912580992095, 1357705.557145084487274 ], [ 547247.892103834426962, 1357740.450475052930415 ], [ 547247.421165969339199, 1357752.081587316934019 ], [ 547272.461245511076413, 1357752.783352612284943 ], [ 547339.789366913726553, 1357754.95212763408199 ], [ 547347.379710898036137, 1357755.212582659907639 ], [ 547372.293942504678853, 1357756.467237227596343 ], [ 547399.686131217400543, 1357757.207457963377237 ], [ 547481.660920689464547, 1357759.752137501956895 ], [ 547502.267357497126795, 1357760.395631354767829 ], [ 547506.086470469948836, 1357758.733428131556138 ], [ 547507.790923889027908, 1357756.151257941266522 ], [ 547509.106570960604586, 1357749.731935944175348 ], [ 547509.795961615862325, 1357740.357310224324465 ], [ 547512.92494865693152, 1357692.791120866779238 ], [ 547513.930746869882569, 1357677.045479588210583 ], [ 547531.74855756550096, 1357677.398774009896442 ], [ 547584.931418216088787, 1357678.441593422787264 ], [ 547588.816819392726757, 1357678.577690797159448 ], [ 547601.719954834901728, 1357672.225914562586695 ], [ 547609.550396551843733, 1357670.147270573303103 ], [ 547628.721115249092691, 1357670.587201224174351 ], [ 547651.228950966149569, 1357671.240395345259458 ], [ 547709.81371148780454, 1357674.198913567932323 ], [ 547722.177191907772794, 1357674.876830721506849 ], [ 547736.809751031338237, 1357675.475514301564544 ], [ 547763.729868808295578, 1357676.523094183532521 ], [ 547844.219638314214535, 1357679.649046822683886 ], [ 547871.042421201011166, 1357680.80286990175955 ], [ 547873.605052121565677, 1357609.54170166910626 ], [ 547881.098064053338021, 1357395.970262811752036 ], [ 547882.678776918561198, 1357349.987168620340526 ], [ 547883.070059425430372, 1357336.781215219059959 ], [ 547880.356393117690459, 1357325.395082886563614 ], [ 547875.672035093884915, 1357317.919555291766301 ], [ 547866.648524272372015, 1357311.736462249187753 ], [ 547855.642641382291913, 1357308.229845077497885 ], [ 547832.336347058182582, 1357307.300888787023723 ], [ 547673.597603622009046, 1357301.305695081362501 ], [ 547620.649859829107299, 1357299.380476844729856 ], [ 547549.10028126288671, 1357296.603675779420882 ], [ 547334.249711426324211, 1357288.600350436754525 ], [ 547262.602776522398926, 1357285.931852561421692 ], [ 547262.04280563921202, 1357313.1427885631565 ], [ 547259.994935185648501, 1357394.864269927842543 ] ] ] } },
{ "type": "Feature", "properties": { "community_id": "Selected low-growth community", "zcta": "38132", "overlap_sq_m": 2013838.0832477768, "overlap_sq_miles": 0.77754723089694833, "share_of_community_area": 0.003620514744384188 }, "geometry": { "type": "Polygon", "coordinates": [ [ [ 543221.982292557368055, 1350754.246595990145579 ], [ 543203.331107277423143, 1350753.962442678166553 ], [ 543116.296424569096416, 1350753.048287101089954 ], [ 543087.222338551538996, 1350752.777177955722436 ], [ 543078.994072070112452, 1350752.480480700032786 ], [ 543070.946335792192258, 1350752.195220423629507 ], [ 543068.553432194865309, 1350811.465386553434655 ], [ 543067.405770814162679, 1350862.517803653143346 ], [ 543067.811261130264029, 1350884.742527588969097 ], [ 543071.137088300311007, 1350928.117922089062631 ], [ 543075.835379153490067, 1350961.265507783507928 ], [ 543083.644283477566205, 1351006.830752285663038 ], [ 543084.69256417977158, 1351013.175649486016482 ], [ 543096.917102860636078, 1351059.132614991860464 ], [ 543105.711819838150404, 1351086.261094874469563 ], [ 543123.689938703435473, 1351134.376301318174228 ], [ 543145.598527183523402, 1351181.955638313433155 ], [ 543157.574907596572302, 1351207.491813866654411 ], [ 543181.389338672044687, 1351257.882784347282723 ], [ 543319.113716490101069, 1351551.495035449974239 ], [ 543361.460259498795494, 1351641.180612998781726 ], [ 543371.638880994403735, 1351665.033739150268957 ], [ 543377.748418983188458, 1351677.305236036889255 ], [ 543345.415759322815575, 1351675.593344189459458 ], [ 543328.523847253178246, 1351674.747540635056794 ], [ 543304.730080026201904, 1351674.137291992781684 ], [ 543297.773620122810826, 1351679.526762541616336 ], [ 543204.97523257182911, 1351675.331022624857724 ], [ 543168.198840597528033, 1351673.674726914381608 ], [ 543163.137464266386814, 1351673.466326424386352 ], [ 543157.715066097676754, 1351673.235067100729793 ], [ 543156.953017761232331, 1351683.837956913281232 ], [ 543154.692737694364041, 1351705.221355275483802 ], [ 543148.184913637815043, 1351749.319847553037107 ], [ 543144.93892398767639, 1351770.528721862472594 ], [ 543140.992499613435939, 1351797.07488334341906 ], [ 543132.279206600273028, 1351833.07341585541144 ], [ 543113.250341850565746, 1351891.739202819997445 ], [ 543087.632771439151838, 1351968.599371784832329 ], [ 543068.72459410096053, 1352025.366937738843262 ], [ 543067.875308427261189, 1352027.331280414946377 ], [ 543065.299170897575095, 1352033.670988919213414 ], [ 543062.73010717832949, 1352039.899028586223722 ], [ 543045.071157207828946, 1352042.592935720225796 ], [ 543029.243443312356248, 1352040.693879612255841 ], [ 543021.483466569334269, 1352038.74504667124711 ], [ 543010.212400663061999, 1352035.004284156253561 ], [ 542983.916669994941913, 1352025.267057068180293 ], [ 542950.535049353493378, 1352012.951115979114547 ], [ 542935.237932115676813, 1352008.395006125792861 ], [ 542923.980932272970676, 1352004.431017501512542 ], [ 542901.703955547418445, 1351995.621149949962273 ], [ 542894.793162916204892, 1351991.70807332592085 ], [ 542888.36026232864242, 1351988.834308561170474 ], [ 542881.004161965334788, 1351991.956456730840728 ], [ 542877.13582443096675, 1351992.944901623530313 ], [ 542865.178509399760514, 1351994.318303816253319 ], [ 542853.314711003564298, 1351992.782588092843071 ], [ 542849.47627814183943, 1351991.866941700689495 ], [ 542838.226291187107563, 1351987.791395835578442 ], [ 542835.125633857096545, 1351985.240689091384411 ], [ 542822.006411033449695, 1351976.337931539164856 ], [ 542816.089968190295622, 1351971.030326715204865 ], [ 542808.136292794020846, 1351962.118158393772319 ], [ 542806.647647670819424, 1351958.436191630084068 ], [ 542800.294941258616745, 1351927.089768792735413 ], [ 542797.602519727079198, 1351919.519635252188891 ], [ 542797.247983213863336, 1351913.667098396690562 ], [ 542792.110037855338305, 1351907.511845437344164 ], [ 542787.934983785729855, 1351903.323525601765141 ], [ 542780.583098677569069, 1351896.355470922077075 ], [ 542770.397407209151424, 1351884.050701280822977 ], [ 542765.057717010611668, 1351878.219053297303617 ], [ 542755.066619598073885, 1351865.702386062592268 ], [ 542730.246607504785061, 1351845.52036368381232 ], [ 542725.473441022564657, 1351842.191170909209177 ], [ 542717.46045860578306, 1351842.80531574296765 ], [ 542701.62527357856743, 1351841.018535622861236 ], [ 542697.689440067857504, 1351840.208917380310595 ], [ 542690.054803256527521, 1351837.707746664294973 ], [ 542682.837701251264662, 1351834.33606384252198 ], [ 542645.276605189661495, 1351820.747904267394915 ], [ 542629.853430136106908, 1351816.744984713150188 ], [ 542617.98229800676927, 1351815.32126569445245 ], [ 542610.032885652850382, 1351814.930479502305388 ], [ 542598.496823128894903, 1351818.23690119991079 ], [ 542590.574089115019888, 1351818.856873992364854 ], [ 542578.556189946481027, 1351818.320861307904124 ], [ 542559.412959394045174, 1351812.961574480636045 ], [ 542555.804376092506573, 1351811.275787465041503 ], [ 542552.411618347046897, 1351809.043069225503132 ], [ 542537.081013680202886, 1351796.413167535793036 ], [ 542530.184030413627625, 1351792.277049415046349 ], [ 542524.072645046166144, 1351787.181575485970825 ], [ 542510.26451857900247, 1351779.13270672201179 ], [ 542487.763691039639525, 1351770.982530392473564 ], [ 542464.663236637716182, 1351765.14894726802595 ], [ 542461.900660621700808, 1351764.413643663516268 ], [ 542429.657770179212093, 1351756.992898599244654 ], [ 542409.866871525184251, 1351753.274754238082096 ], [ 542406.028294531395659, 1351752.359307483537123 ], [ 542394.88924840267282, 1351747.95504580065608 ], [ 542391.28767021431122, 1351746.157658397220075 ], [ 542374.371419679489918, 1351735.670139759546146 ], [ 542367.154120886698365, 1351732.298724551452324 ], [ 542361.296159641351551, 1351730.358671882422641 ], [ 542332.852379508083686, 1351721.608898913022131 ], [ 542286.100895117386244, 1351711.477485517272726 ], [ 542266.336564045283012, 1351708.770412306068465 ], [ 542262.497955514932983, 1351707.855029985774308 ], [ 542242.558640880510211, 1351706.482349701225758 ], [ 542206.787867093924433, 1351706.12702063168399 ], [ 542174.992364456760697, 1351708.826035554055125 ], [ 542167.18101729976479, 1351709.117092503001913 ], [ 542147.574490929371677, 1351708.214134875684977 ], [ 542136.134773236233741, 1351705.697198020061478 ], [ 542124.765631141606718, 1351702.063571824226528 ], [ 542121.261296818498522, 1351700.160332303261384 ], [ 542118.055958729120903, 1351697.82752590929158 ], [ 542115.538869484094903, 1351694.641288412036374 ], [ 542107.811571526690386, 1351680.698910878272727 ], [ 542106.419884956092574, 1351676.911106676096097 ], [ 542104.878910785191692, 1351669.750371775589883 ], [ 542096.936428165412508, 1351669.248390574939549 ], [ 542085.007094915257767, 1351670.176193731604144 ], [ 542076.946127240080386, 1351670.115208751056343 ], [ 542072.99605847580824, 1351669.529218735173345 ], [ 542057.690888708108105, 1351665.086353077553213 ], [ 542031.677970073535107, 1351655.145836910232902 ], [ 542024.028893859591335, 1351652.868602438597009 ], [ 542012.101033034035936, 1351652.339086723513901 ], [ 542000.116719942772761, 1351652.702951806364581 ], [ 541996.235726461047307, 1351652.457712020492181 ], [ 541984.762096027028747, 1351649.041910297470167 ], [ 541980.819070092751645, 1351648.344292233232409 ], [ 541953.083812291384675, 1351645.58275722945109 ], [ 541913.273971537011676, 1351643.179595817811787 ], [ 541897.283129531773739, 1351643.851054740371183 ], [ 541881.740653631626628, 1351647.465893895132467 ], [ 541874.301495880703442, 1351650.471524520544335 ], [ 541863.541137290536426, 1351655.846021767007187 ], [ 541854.592958497814834, 1351661.22289676591754 ], [ 541859.757013380993158, 1351669.845737244468182 ], [ 541862.190999833866954, 1351672.914526970125735 ], [ 541888.355819719145074, 1351697.663483305135742 ], [ 541898.88306771335192, 1351703.14957994944416 ], [ 541902.686430363915861, 1351704.623152943328023 ], [ 541918.249710066593252, 1351707.848771099001169 ], [ 541921.976923754205927, 1351709.093308974057436 ], [ 541929.104138118331321, 1351712.458647173363715 ], [ 541932.21926180110313, 1351714.785680867033079 ], [ 541936.491826592129655, 1351726.043046154081821 ], [ 541936.78640546859242, 1351729.985734610119835 ], [ 541936.104939270881005, 1351737.902946121292189 ], [ 541933.371430219849572, 1351749.61458017071709 ], [ 541930.641154933255166, 1351751.235936921089888 ], [ 541926.669951407704502, 1351750.985026073409244 ], [ 541918.776932589360513, 1351749.701515074819326 ], [ 541886.825324539444409, 1351749.140340933809057 ], [ 541878.964654796407558, 1351750.213355760788545 ], [ 541858.221423967042938, 1351754.396595254307613 ], [ 541847.56847155909054, 1351756.638635036768392 ], [ 541839.779814397101291, 1351755.137556814821437 ], [ 541828.849256432615221, 1351750.298749199137092 ], [ 541820.977390826796181, 1351748.680315859848633 ], [ 541806.33371218747925, 1351742.373701240401715 ], [ 541798.810193876503035, 1351739.544013443635777 ], [ 541791.530492314719595, 1351742.896133331116289 ], [ 541787.614270617486909, 1351743.209341917419806 ], [ 541783.657170883030631, 1351742.735155687201768 ], [ 541772.232973976526409, 1351738.53794035804458 ], [ 541765.00136775826104, 1351735.390372459311038 ], [ 541764.289264168008231, 1351732.318252673605457 ], [ 541768.155128261889331, 1351712.717845025239512 ], [ 541771.599079475505278, 1351705.535701429471374 ], [ 541772.929015979520045, 1351701.695634814212099 ], [ 541774.850013751653023, 1351689.932645223801956 ], [ 541772.040875128121115, 1351687.064417757792398 ], [ 541762.424581643077545, 1351680.066393327666447 ], [ 541758.815805168123916, 1351678.380942628718913 ], [ 541747.446498477947898, 1351674.747816654155031 ], [ 541693.476679069572128, 1351661.248747075675055 ], [ 541638.832608932629228, 1351648.380146658048034 ], [ 541636.753857915755361, 1351658.339331472292542 ], [ 541636.071288947714493, 1351660.538551868405193 ], [ 541628.729455844964832, 1351684.964723046636209 ], [ 541623.226628362201154, 1351703.228523484431207 ], [ 541612.283101021545008, 1351733.033090060576797 ], [ 541594.852576535311528, 1351772.294287568656728 ], [ 541587.261315960204229, 1351789.192967870971188 ], [ 541571.80105937353801, 1351823.084930936107412 ], [ 541551.952240373939276, 1351814.544113119132817 ], [ 541576.470291280187666, 1351769.227603975217789 ], [ 541595.411097650066949, 1351726.137672446668148 ], [ 541606.501237623626366, 1351695.445417638169602 ], [ 541618.615309463930316, 1351654.278920655837283 ], [ 541621.417500234907493, 1351642.90790559980087 ], [ 541605.043133039958775, 1351638.174114522757009 ], [ 541593.771026493282989, 1351634.435221240157261 ], [ 541556.791449306183495, 1351620.216009540949017 ], [ 541520.494298741570674, 1351603.797729663550854 ], [ 541503.868717645993456, 1351592.994016737211496 ], [ 541500.871896407334134, 1351590.226154684787616 ], [ 541494.460823590285145, 1351585.561009331140667 ], [ 541488.640630827168934, 1351580.148359869373962 ], [ 541483.487474517081864, 1351574.217244845116511 ], [ 541472.013353845104575, 1351556.451276607112959 ], [ 541455.642262816545554, 1351511.46839131671004 ], [ 541448.89495440479368, 1351480.546955989208072 ], [ 541446.558072195737623, 1351477.372314164415002 ], [ 541438.317673425306566, 1351468.667694016825408 ], [ 541435.014766502426937, 1351466.441119708353654 ], [ 541401.559944794513285, 1351453.790536656975746 ], [ 541393.889407494454645, 1351451.848879144759849 ], [ 541382.677668179967441, 1351450.020066227531061 ], [ 541358.358763433876447, 1351446.242857304867357 ], [ 541346.437681056326255, 1351445.602596076903865 ], [ 541342.507259453414008, 1351446.139348454540595 ], [ 541324.647827602457255, 1351454.878404679941013 ], [ 541317.146668976172805, 1351457.432134051807225 ], [ 541297.964324583881535, 1351462.724284945754334 ], [ 541274.367782339570113, 1351466.168302341829985 ], [ 541238.878400026354939, 1351468.525589073076844 ], [ 541234.816808006493375, 1351468.269303289474919 ], [ 541227.027813073364086, 1351466.768783584935591 ], [ 541223.300409289659001, 1351465.524549366906285 ], [ 541216.687444633804262, 1351461.183238345198333 ], [ 541212.89528045640327, 1351462.401466552866623 ], [ 541183.472001498332247, 1351474.895795221906155 ], [ 541165.938608811702579, 1351484.216319244122133 ], [ 541158.666029705433175, 1351487.457298326073214 ], [ 541146.936950122239068, 1351489.520198845304549 ], [ 541134.993465985753573, 1351490.672663853736594 ], [ 541123.079493144643493, 1351489.921041970606893 ], [ 541115.276415438740514, 1351488.643965799594298 ], [ 541107.619951360858977, 1351486.479221347020939 ], [ 541053.425392577657476, 1351473.64283064706251 ], [ 541033.799864584580064, 1351470.162594462512061 ], [ 541020.581304741208442, 1351468.54402005369775 ], [ 541008.589823050308041, 1351469.020940593909472 ], [ 540953.543422143440694, 1351476.872823491925374 ], [ 540922.203511905157939, 1351482.408104600850493 ], [ 540906.398833493469283, 1351484.438541084062308 ], [ 540818.762052977923304, 1351483.172873453237116 ], [ 540755.087033284944482, 1351481.288515034830198 ], [ 540640.18923208292108, 1351474.045697867870331 ], [ 540624.116350349737331, 1351473.14474938926287 ], [ 540616.2299927205313, 1351471.750766748562455 ], [ 540581.333403749275021, 1351463.272944390773773 ], [ 540570.16503423335962, 1351459.317744258325547 ], [ 540559.449175301473588, 1351453.93358026444912 ], [ 540545.638845997047611, 1351445.887886965181679 ], [ 540539.609329018276185, 1351440.911195358727127 ], [ 540536.201868306961842, 1351438.902622001012787 ], [ 540518.447372821858153, 1351422.98459954187274 ], [ 540512.828115164418705, 1351417.24897701619193 ], [ 540505.059169337037019, 1351408.238676876761019 ], [ 540500.391733144642785, 1351401.778237304650247 ], [ 540494.338887667981908, 1351391.418592054862529 ], [ 540483.452380902599543, 1351365.730968052288517 ], [ 540480.469499749247916, 1351354.107286746380851 ], [ 540477.083607748616487, 1351334.498053339542821 ], [ 540475.256604295107536, 1351318.911073222756386 ], [ 540472.808452004333958, 1351298.800361746922135 ], [ 540472.790983017883264, 1351294.763124736724421 ], [ 540471.231334573705681, 1351274.932632771786302 ], [ 540470.508520506438799, 1351259.078893042169511 ], [ 540468.039213318726979, 1351239.303207260556519 ], [ 540466.924545221496373, 1351235.421069503528997 ], [ 540453.811754630762152, 1351206.229818901978433 ], [ 540446.261852824129164, 1351192.300355424406007 ], [ 540440.02120831864886, 1351182.041063227690756 ], [ 540429.636793466983363, 1351169.951097894459963 ], [ 540423.919997720979154, 1351164.321529399836436 ], [ 540417.111827476532198, 1351160.192812561523169 ], [ 540402.793287875130773, 1351153.012304828502238 ], [ 540391.422804499627091, 1351149.380986984353513 ], [ 540367.755711748381145, 1351145.311381091829389 ], [ 540343.997151243966073, 1351142.693570151925087 ], [ 540244.793212389340624, 1351136.557072225026786 ], [ 540241.758330453187227, 1351137.262847064062953 ], [ 540243.180242244736291, 1351147.779055492253974 ], [ 540244.609182205516845, 1351158.183593446388841 ], [ 540249.489108234993182, 1351194.367614582646638 ], [ 540272.500017854385078, 1351365.67074873438105 ], [ 540280.132900534081273, 1351422.881637256126851 ], [ 540287.966064155916683, 1351481.226333817932755 ], [ 540311.284102816716768, 1351656.249262337572873 ], [ 540319.019350614864379, 1351714.700085094431415 ], [ 540320.868758057826199, 1351728.494645282858983 ], [ 540326.208279446465895, 1351770.313654700526968 ], [ 540327.89121327700559, 1351783.873507118085399 ], [ 540338.979620755999349, 1351783.338773317169398 ], [ 540359.232960946043022, 1351782.596630812855437 ], [ 540419.962445569573902, 1351783.732024868484586 ], [ 540446.115075566223823, 1351785.716207570396364 ], [ 540457.743801584118046, 1351786.673172044567764 ], [ 540505.131853173836134, 1351792.462174028391019 ], [ 540577.29958129208535, 1351806.203737009549513 ], [ 540730.012133243493736, 1351844.531480569625273 ], [ 540793.197995006805286, 1351862.753869231557474 ], [ 540855.668630326981656, 1351880.819523456972092 ], [ 540907.532720407587476, 1351896.086544021498412 ], [ 540911.537769181421027, 1351897.236048526596278 ], [ 540923.643162746913731, 1351900.690265246666968 ], [ 540927.550911803380586, 1351901.945757020497695 ], [ 540992.60183341242373, 1351922.1932630345691 ], [ 541013.515400540782139, 1351928.221275873715058 ], [ 541122.330411246744916, 1351959.975479358341545 ], [ 541160.762829978601076, 1351971.257443999871612 ], [ 541272.089815203798935, 1352003.396342256106436 ], [ 541358.31750948401168, 1352028.346663806820288 ], [ 541371.234838682576083, 1352031.852783239912242 ], [ 541410.535328162484802, 1352042.293769605923444 ], [ 541516.314416992128827, 1352073.3009329859633 ], [ 541533.39587489515543, 1352078.303497727727517 ], [ 541619.969104221323505, 1352103.502595382975414 ], [ 541703.064416899811476, 1352127.810236358549446 ], [ 541847.502279458218254, 1352169.335778570733964 ], [ 541879.533756739459932, 1352178.647062331903726 ], [ 541966.014903454808518, 1352203.843963757390156 ], [ 541969.041059329756536, 1352204.707889729412273 ], [ 541977.946080694440752, 1352207.176596934674308 ], [ 541980.874927892931737, 1352208.146495123859495 ], [ 541983.81788800295908, 1352208.893052199855447 ], [ 541992.361902512027882, 1352211.338962035952136 ], [ 541995.200497160549276, 1352212.303161949152127 ], [ 541998.143454879056662, 1352213.049723956501111 ], [ 542006.687461970723234, 1352215.495648114942014 ], [ 542009.435804163804278, 1352216.454149418044835 ], [ 542067.987283928203396, 1352233.384350049542263 ], [ 542090.495742548722774, 1352239.96435431856662 ], [ 542142.5646166409133, 1352254.803595239762217 ], [ 542243.488214596291073, 1352283.7192636821419 ], [ 542275.616227862774394, 1352292.926067003281787 ], [ 542301.955675684963353, 1352300.53369057783857 ], [ 542359.978748501394875, 1352317.208311344496906 ], [ 542368.258884974988177, 1352319.52580498252064 ], [ 542440.967901120893657, 1352340.381121005164459 ], [ 542857.705647313618101, 1352460.254853662801906 ], [ 542883.95391907566227, 1352467.858558711828664 ], [ 542962.868155158939771, 1352487.99006669037044 ], [ 542997.565779869095422, 1352495.232107355026528 ], [ 543015.369342415593565, 1352498.825914962682873 ], [ 543030.833548148395494, 1352502.159521801630035 ], [ 543068.663100528530777, 1352508.591097366996109 ], [ 543086.404653231846169, 1352511.732656570384279 ], [ 543144.157407623599283, 1352519.762548701139167 ], [ 543167.488824482425116, 1352521.912867557490245 ], [ 543213.693329805391841, 1352526.29678573901765 ], [ 543231.894822339294478, 1352527.898126460146159 ], [ 543336.216051995637827, 1352531.703537265071645 ], [ 543412.231679758639075, 1352530.353138218401 ], [ 543433.996957892319188, 1352530.050465706037357 ], [ 543441.890852670068853, 1352529.87794614979066 ], [ 543493.863882590201683, 1352529.022978675086051 ], [ 543497.043737930245697, 1352528.88813382666558 ], [ 543498.133771895314567, 1352528.845092150382698 ], [ 543505.569363768328913, 1352528.755706093506888 ], [ 543510.839041536091827, 1352528.529066180810332 ], [ 543515.011608623899519, 1352528.457138907397166 ], [ 543514.241786826984026, 1352522.017599146347493 ], [ 543511.744740528054535, 1352502.799213935621083 ], [ 543510.87758792063687, 1352496.465626624878496 ], [ 543509.290138217387721, 1352482.910812662681565 ], [ 543504.354324529063888, 1352442.123273409670219 ], [ 543502.669519332353957, 1352428.674417511792853 ], [ 543489.277451306465082, 1352318.286170615814626 ], [ 543488.328817579662427, 1352310.377779685193673 ], [ 543487.289932347717695, 1352302.463670460274443 ], [ 543486.348369488026947, 1352294.443610968766734 ], [ 543485.461671420489438, 1352286.987620028667152 ], [ 543484.012141102575697, 1352274.114290495868772 ], [ 543482.760847455705516, 1352263.832243106793612 ], [ 543477.683009925764054, 1352219.560154529521242 ], [ 543475.346598455333151, 1352193.512817459646612 ], [ 543474.63826617016457, 1352170.371604802552611 ], [ 543474.577440515859053, 1352139.871635196963325 ], [ 543476.424029447720386, 1352099.289798817364499 ], [ 543479.982168313348666, 1352073.167532262625173 ], [ 543497.511212829034775, 1351946.688078644685447 ], [ 543521.748496968881227, 1351778.701835494954139 ], [ 543528.987231480539776, 1351728.819700982188806 ], [ 543533.670931215281598, 1351696.378147875191644 ], [ 543534.622893964289688, 1351689.935650195460767 ], [ 543535.645621628500521, 1351682.376460984349251 ], [ 543541.028178725624457, 1351640.337096055503935 ], [ 543542.725037719821557, 1351626.429928109748289 ], [ 543544.515631198068149, 1351609.613645395031199 ], [ 543551.043135200627148, 1351562.377341548446566 ], [ 543560.26026629190892, 1351495.578830065671355 ], [ 543563.462601224775426, 1351453.625611238181591 ], [ 543564.718628928414546, 1351430.945375041104853 ], [ 543562.882384801283479, 1351386.991121853934601 ], [ 543560.784808148513548, 1351370.04059838806279 ], [ 543556.897650386439636, 1351339.858950298046693 ], [ 543550.166344871628098, 1351307.36685685114935 ], [ 543542.61382991343271, 1351276.392384550068527 ], [ 543539.008475599926896, 1351266.073375880951062 ], [ 543532.613696260610595, 1351248.289998829597607 ], [ 543516.158751881332137, 1351211.930433704983443 ], [ 543487.092931118211709, 1351152.909061146201566 ], [ 543478.329918764065951, 1351135.312055101851001 ], [ 543468.49252038996201, 1351116.077354731038213 ], [ 543458.509924785699695, 1351096.272887687431648 ], [ 543432.213307117694058, 1351043.59368326049298 ], [ 543410.093573122052476, 1350999.363734509330243 ], [ 543409.46343706396874, 1350997.866296940017492 ], [ 543367.051681739394553, 1350913.446528519038111 ], [ 543342.828206466045231, 1350862.356588831637055 ], [ 543286.615080919698812, 1350749.706808040617034 ], [ 543265.741705524618737, 1350761.614591399673373 ], [ 543262.859911111881956, 1350755.602028754539788 ], [ 543221.982292557368055, 1350754.246595990145579 ] ] ] } },
{ "type": "Feature", "properties": { "community_id": "Selected low-growth community", "zcta": "38002", "overlap_sq_m": 3960890.1129332809, "overlap_sq_miles": 1.5293082223529717, "share_of_community_area": 0.0071209603066167094 }, "geometry": { "type": "Polygon", "coordinates": [ [ [ 550954.868113089818507, 1375300.211597735527903 ], [ 550957.463923459639773, 1375300.603093413868919 ], [ 550960.891376516898163, 1375300.711716193240136 ], [ 550979.850360380369239, 1375301.03575405292213 ], [ 550997.182028515613638, 1375301.367154666455463 ], [ 551013.062721420545131, 1375300.371499973116443 ], [ 551020.857193629955873, 1375298.630665894597769 ], [ 551024.824689351371489, 1375298.774103469215333 ], [ 551035.910063427290879, 1375302.067618448287249 ], [ 551054.721484831767157, 1375303.279494622489437 ], [ 551075.700261651305482, 1375304.518898573936895 ], [ 551087.624329211190343, 1375304.614241752773523 ], [ 551127.112170673790388, 1375308.952787733869627 ], [ 551142.978487713146023, 1375308.180741775780916 ], [ 551155.248189682839438, 1375308.522744636517018 ], [ 551174.718430470791645, 1375309.328747051768005 ], [ 551206.652692295610905, 1375307.461410509655252 ], [ 551218.519188459147699, 1375308.450405685929582 ], [ 551246.097310452489182, 1375312.470607853028923 ], [ 551261.79809732537251, 1375314.267506445758045 ], [ 551273.660950890160166, 1375313.91057367878966 ], [ 551277.671630633529276, 1375313.384026740444824 ], [ 551285.552598758134991, 1375313.106922883540392 ], [ 551301.242555191973224, 1375313.669573049992323 ], [ 551305.181254312745295, 1375314.25987509964034 ], [ 551332.971672977670096, 1375313.58384476788342 ], [ 551376.430496772401966, 1375316.609435959719121 ], [ 551404.192129816161469, 1375316.380371230421588 ], [ 551410.29818294744473, 1375316.99829188012518 ], [ 551412.091116223717108, 1375317.226021403912455 ], [ 551439.780754854436964, 1375318.11390731506981 ], [ 551459.463405883987434, 1375319.831433618906885 ], [ 551491.052122763008811, 1375323.32596568739973 ], [ 551498.97270188794937, 1375323.836645755218342 ], [ 551520.142241370282136, 1375326.323067274410278 ], [ 551539.821257763309404, 1375329.498466455610469 ], [ 551547.720226699253544, 1375330.344241889426485 ], [ 551551.637303813477047, 1375331.269707630621269 ], [ 551559.543472289224155, 1375332.003810583148152 ], [ 551571.543142443173565, 1375332.328999031335115 ], [ 551587.416711214464158, 1375331.446094165788963 ], [ 551591.337404994526878, 1375330.913890161085874 ], [ 551603.214683024678379, 1375330.334047760115936 ], [ 551631.008710930589586, 1375331.004990324843675 ], [ 551646.785085969720967, 1375330.228074423037469 ], [ 551654.734470233437605, 1375330.292165477061644 ], [ 551686.445640635443851, 1375329.085110593354329 ], [ 551698.351749792811461, 1375328.058667290490121 ], [ 551706.200364705873653, 1375326.882679655216634 ], [ 551729.861403401126154, 1375324.371520486660302 ], [ 551741.82871856726706, 1375323.797676378628239 ], [ 551753.576354875578545, 1375325.228340919595212 ], [ 551761.439298107870854, 1375326.632729728939012 ], [ 551776.80870499741286, 1375330.764308945741504 ], [ 551847.632814656477422, 1375339.707103662891313 ], [ 551859.582050152705051, 1375340.814478205982596 ], [ 551863.556742891203612, 1375340.846621699398383 ], [ 551903.015430194674991, 1375345.635481951059774 ], [ 551918.917727666441351, 1375347.110152349574491 ], [ 551950.697166291531175, 1375349.048626346047968 ], [ 551970.599451740039513, 1375348.762841803720221 ], [ 552002.307156316703185, 1375346.210953386267647 ], [ 552010.278166879317723, 1375345.940325871109962 ], [ 552018.205932685988955, 1375346.339803748531267 ], [ 552046.018076202366501, 1375345.331041386118159 ], [ 552109.475624147104099, 1375356.379997137701139 ], [ 552124.76926130685024, 1375360.283026267774403 ], [ 552148.404841776471585, 1375362.369453319581226 ], [ 552160.260535233188421, 1375362.125433125300333 ], [ 552164.220806890632957, 1375362.381082083797082 ], [ 552219.618828645674512, 1375354.069683473324403 ], [ 552239.316027197404765, 1375352.761946555925533 ], [ 552274.710121014853939, 1375354.710700137075037 ], [ 552282.511820566374809, 1375355.663025448331609 ], [ 552286.500939686666243, 1375355.471999970031902 ], [ 552294.392644162173383, 1375356.430147628998384 ], [ 552329.736243188730441, 1375359.160908174468204 ], [ 552361.23466069297865, 1375362.652841679984704 ], [ 552369.155203402391635, 1375363.164327529259026 ], [ 552392.761909968568943, 1375365.698160502593964 ], [ 552412.350635669077747, 1375368.869754199171439 ], [ 552466.133464323240332, 1375382.773176310351118 ], [ 552468.25032627035398, 1375383.582793931476772 ], [ 552480.749837280600332, 1375388.763931487686932 ], [ 552488.1804843719583, 1375391.262560410425067 ], [ 552499.103152371593751, 1375395.668984073214233 ], [ 552561.425449705682695, 1375438.273931158939376 ], [ 552605.166619028896093, 1375478.893868755549192 ], [ 552613.194154865457676, 1375486.141424778383225 ], [ 552658.371484387898818, 1375525.508680569240823 ], [ 552733.804138706298545, 1375542.831443714443594 ], [ 552777.607342139584944, 1375546.110784095944837 ], [ 552781.131942865904421, 1375546.114270332502201 ], [ 552828.110075356555171, 1375529.636540888343006 ], [ 552846.79626408603508, 1375522.993868339108303 ], [ 552898.42650111077819, 1375504.462070814333856 ], [ 552906.930729919695295, 1375501.535174009855837 ], [ 553016.315797635819763, 1375505.354368102038279 ], [ 553040.094305023434572, 1375510.817003303673118 ], [ 553084.447187090525404, 1375520.974544171476737 ], [ 553168.267445986275561, 1375539.96503314236179 ], [ 553204.876378664746881, 1375548.276608878048137 ], [ 553319.060341402888298, 1375567.325950373895466 ], [ 553331.340316800633445, 1375568.905398854520172 ], [ 553454.250256846426055, 1375589.979022418148816 ], [ 553634.781825105776079, 1375607.494223077548668 ], [ 553709.685744021437131, 1375614.810182553483173 ], [ 553816.626020381343551, 1375628.462752243736759 ], [ 553860.194088547839783, 1375633.975441577844322 ], [ 553884.914445509784855, 1375629.071524580009282 ], [ 553863.980479964637198, 1375599.229869855102152 ], [ 553856.441000933293253, 1375588.648175915004686 ], [ 553826.484589080442674, 1375545.998085355851799 ], [ 553790.085956447641365, 1375493.959055834682658 ], [ 553590.719737128005363, 1375210.212734713219106 ], [ 553537.333467973512597, 1375134.30942337657325 ], [ 553524.26120427553542, 1375115.631787312682718 ], [ 553512.279501371900551, 1375098.258386705303565 ], [ 553489.302107374998741, 1375065.033390711760148 ], [ 553384.123239712091163, 1374913.668423789087683 ], [ 553348.967908515944146, 1374863.282389981904998 ], [ 553320.654633561964147, 1374823.096052806824446 ], [ 553252.573379454901442, 1374726.954994509462267 ], [ 553235.608652679133229, 1374702.755213603377342 ], [ 553207.294246662640944, 1374662.569297486450523 ], [ 553158.12314358423464, 1374592.661275053629652 ], [ 553119.962759749032557, 1374538.381271667545661 ], [ 553093.799852514988743, 1374501.250818585976958 ], [ 553031.710598059929907, 1374413.013421564595774 ], [ 553022.754153914749622, 1374400.546722696628422 ], [ 552989.552576577407308, 1374353.429086541756988 ], [ 552951.299903127597645, 1374299.144109027227387 ], [ 552940.122076420346275, 1374283.281651845434681 ], [ 552753.487258653272875, 1374018.439789159223437 ], [ 552698.33182302408386, 1373940.298272196669132 ], [ 552673.270371578284539, 1373904.249999502440915 ], [ 552640.820947482483461, 1373856.622002545045689 ], [ 552620.378360671224073, 1373826.031076371669769 ], [ 552605.933919479022734, 1373803.341508821584284 ], [ 552532.43224907910917, 1373688.690070078941062 ], [ 552501.284465237171389, 1373643.277641365770251 ], [ 552465.333181320340373, 1373591.050661401590332 ], [ 552450.443028243724257, 1373590.649869793094695 ], [ 552395.934289334109053, 1373593.410428331233561 ], [ 552348.948134532663971, 1373595.871972996974364 ], [ 552215.796929654432461, 1373602.75274749705568 ], [ 552187.583000832353719, 1373604.296084125991911 ], [ 552118.083532078075223, 1373608.221645090496168 ], [ 552023.859669213648885, 1373614.25324463355355 ], [ 551909.542492605512962, 1373620.671808246057481 ], [ 551898.847555975546129, 1373621.103340473491699 ], [ 551826.107622611103579, 1373624.822208698373288 ], [ 551769.442556499852799, 1373628.793389363912866 ], [ 551702.151088593876921, 1373633.537574910093099 ], [ 551509.409280154504813, 1373643.539708629017696 ], [ 551422.413738903822377, 1373648.249494177056476 ], [ 551241.019396387739107, 1373654.727466972544789 ], [ 551074.573062598356046, 1373660.714199716923758 ], [ 551040.598226727219298, 1373661.890203721122816 ], [ 551021.765541356639005, 1373665.163049764698371 ], [ 551009.475852390518412, 1373669.305923993466422 ], [ 550992.015593229793012, 1373677.938073870493099 ], [ 550987.784699473530054, 1373680.469231240916997 ], [ 550918.286801880341955, 1373722.30977003229782 ], [ 550899.912129313568585, 1373731.107506420463324 ], [ 550888.281528726802208, 1373734.844405720708892 ], [ 550874.800134591758251, 1373739.247165945358574 ], [ 550867.511979534407146, 1373740.123627903405577 ], [ 550877.821374445687979, 1373895.885021613677964 ], [ 550881.163930250331759, 1373946.453743849182501 ], [ 550921.142907900037244, 1374559.440030526835471 ], [ 550925.784547463990748, 1374662.80165947903879 ], [ 550926.404987756512128, 1374678.429999186424538 ], [ 550933.614157724310644, 1374946.812939946074039 ], [ 550935.293006193358451, 1375069.497703780187294 ], [ 550935.285086056683213, 1375113.122395628597587 ], [ 550938.695640531834215, 1375241.189798780716956 ], [ 550939.294824629789218, 1375265.564336845185608 ], [ 550939.547302447608672, 1375272.870168659836054 ], [ 550939.908208158216439, 1375286.911819308297709 ], [ 550940.232967327814549, 1375298.708198414649814 ], [ 550954.868113089818507, 1375300.211597735527903 ] ] ] } },
{ "type": "Feature", "properties": { "community_id": "Selected low-growth community", "zcta": "38103", "overlap_sq_m": 7667901.9752586, "overlap_sq_miles": 2.9605935041392297, "share_of_community_area": 0.013785493675412173 }, "geometry": { "type": "MultiPolygon", "coordinates": [ [ [ [ 534983.475296248914674, 1357837.583541641477495 ], [ 535011.24614288972225, 1357865.55246523511596 ], [ 535027.086914771003649, 1357883.022551925387233 ], [ 535153.289110156823881, 1357829.572997041977942 ], [ 535169.024161566281691, 1357851.633574769366533 ], [ 535266.312874785275199, 1358148.094023023499176 ], [ 535279.184343864326365, 1358162.352051657624543 ], [ 535399.061285749077797, 1358315.929728379007429 ], [ 535436.46701883233618, 1358378.025596533203498 ], [ 535547.592615107889287, 1358561.443396111950278 ], [ 535642.721425702562556, 1358748.684500430012122 ], [ 535684.122170574613847, 1358838.052280321484432 ], [ 535713.953940715175122, 1358902.479459152789786 ], [ 535748.65076497301925, 1358977.4137905347161 ], [ 535768.471113668521866, 1359042.672986913705245 ], [ 536052.625328048830852, 1358956.171201756689698 ], [ 536097.090549489948899, 1358942.919534850399941 ], [ 536142.298312359023839, 1358929.378186616813764 ], [ 536154.236887081991881, 1358929.564478399697691 ], [ 536205.483149567153305, 1358909.22558637149632 ], [ 536211.186731931869872, 1358906.330981535138562 ], [ 536228.026964341639541, 1358897.630262705963105 ], [ 536233.550203431164846, 1358894.724388028029352 ], [ 536237.789969240431674, 1358892.074566779891029 ], [ 536283.390965457656421, 1358869.364741644123569 ], [ 536274.775367059162818, 1358853.689479442546144 ], [ 536260.900363796274178, 1358825.127748393453658 ], [ 536233.884809238486923, 1358769.283659451408312 ], [ 536189.475619354634546, 1358686.115555124357343 ], [ 536154.466604939079843, 1358616.205321939196438 ], [ 536153.871552948374301, 1358612.692401630803943 ], [ 536154.063421966624446, 1358602.389441997511312 ], [ 536157.130162890302017, 1358522.976722023217008 ], [ 536153.467411143705249, 1358428.119126595323905 ], [ 536153.80404998420272, 1358419.843381981831044 ], [ 536162.253441498032771, 1358420.820438508642837 ], [ 536173.567772866343148, 1358422.313091285293922 ], [ 536268.91430398717057, 1358426.484621810959652 ], [ 536271.175901660812087, 1358426.514014401705936 ], [ 536321.12473265605513, 1358428.406232260167599 ], [ 536340.160620899288915, 1358429.485352927353233 ], [ 536397.164108903845772, 1358432.940687719266862 ], [ 536416.102813760749996, 1358434.126014456851408 ], [ 536429.734623139491305, 1358434.754983344813809 ], [ 536470.262319599627517, 1358436.731121383607388 ], [ 536483.796951096854173, 1358437.466212815605104 ], [ 536498.351572762592696, 1358437.816698242211714 ], [ 536541.994464946794324, 1358439.203347594011575 ], [ 536546.87140602292493, 1358439.396542620379478 ], [ 536556.444919547764584, 1358439.771649016067386 ], [ 536569.993531379848719, 1358440.283513431204483 ], [ 536610.368812537402846, 1358441.802295522298664 ], [ 536623.737054834840819, 1358442.30295179085806 ], [ 536640.809842417598702, 1358442.923468578839675 ], [ 536692.021209492813796, 1358444.896904464578256 ], [ 536709.087001653737389, 1358445.629238720051944 ], [ 536710.023060309002176, 1358419.115559184923768 ], [ 536712.900411206064746, 1358339.915247432887554 ], [ 536713.739271474420093, 1358313.507624979363754 ], [ 536668.86108951701317, 1358311.594313647598028 ], [ 536658.392567408271134, 1358311.050929402001202 ], [ 536654.821042640018277, 1358378.210977201117203 ], [ 536596.17216693633236, 1358376.444843171397224 ], [ 536595.672450582380407, 1358362.735007634619251 ], [ 536549.247408382594585, 1358360.949697284726426 ], [ 536551.46595346077811, 1358306.710783399874344 ], [ 536557.524344428209588, 1358173.780462970724329 ], [ 536539.73652183287777, 1358173.003263249062002 ], [ 536494.746464662021026, 1358171.420260888524354 ], [ 536495.799241929897107, 1358145.923037428176031 ], [ 536497.444087120704353, 1358100.842070869170129 ], [ 536499.672066659317352, 1358069.588244255166501 ], [ 536501.439348281361163, 1358044.247887246543542 ], [ 536546.208445912925526, 1358045.032219854649156 ], [ 536590.609804441570304, 1358045.905882119666785 ], [ 536597.575286180595867, 1358046.005610280670226 ], [ 536680.25919817131944, 1358047.146316873608157 ], [ 536724.945127823506482, 1358047.814254839206114 ], [ 536726.03978667629417, 1358023.104503547307104 ], [ 536729.143366837874055, 1357948.963985008886084 ], [ 536730.050640481291339, 1357924.354639642173424 ], [ 536709.806193418218754, 1357923.759638391202316 ], [ 536648.892473907792009, 1357921.963627639226615 ], [ 536628.550845528836362, 1357921.474852375220507 ], [ 536635.815208855550736, 1357892.218190472573042 ], [ 536643.462059073499404, 1357861.191587225534022 ], [ 536680.36299414455425, 1357822.802954441867769 ], [ 536699.341099241748452, 1357803.137200029799715 ], [ 536699.413189555169083, 1357797.647895452566445 ], [ 536699.539267149055377, 1357781.174335707910359 ], [ 536699.514171616407111, 1357775.791065457742661 ], [ 536674.822035738499835, 1357775.366143281338736 ], [ 536600.454090822604485, 1357774.40990702714771 ], [ 536575.664781096507795, 1357774.091305025620386 ], [ 536563.176440298673697, 1357773.982225329149514 ], [ 536525.614240688155405, 1357773.76113076065667 ], [ 536513.028721371549182, 1357773.758159468416125 ], [ 536501.019303347915411, 1357773.230674043530598 ], [ 536464.984056664165109, 1357771.759999765781686 ], [ 536452.877455914160237, 1357771.338617803994566 ], [ 536415.690015953616239, 1357770.917222551070154 ], [ 536303.83619661082048, 1357769.972118558827788 ], [ 536266.551604858250357, 1357769.657408337108791 ], [ 536266.663404605234973, 1357767.870509010041133 ], [ 536266.887650017626584, 1357762.839211857877672 ], [ 536266.902270872029476, 1357761.158350894227624 ], [ 536235.501050946302712, 1357760.875525321345776 ], [ 536202.282035004696809, 1357760.703331880737096 ], [ 536143.503305380814709, 1357760.950548965716735 ], [ 536140.970960697392002, 1357760.90426461212337 ], [ 536109.472587528056465, 1357760.727940558223054 ], [ 536109.402733144932427, 1357761.844753937562928 ], [ 536109.263024376239628, 1357764.078380734892562 ], [ 536109.193169990670867, 1357765.195194151252508 ], [ 536109.123315604869276, 1357766.312007574597374 ], [ 536095.428203313960694, 1357765.231180895818397 ], [ 536054.412091124686413, 1357762.329517035046592 ], [ 536040.619795109378174, 1357761.35481861489825 ], [ 536023.241399294696748, 1357758.361983522539958 ], [ 535994.749093299498782, 1357753.552992392797023 ], [ 535971.607186451205052, 1357745.715121623827145 ], [ 535954.569744851556607, 1357740.165032471064478 ], [ 535942.305457828100771, 1357735.025552417850122 ], [ 535915.196195242227986, 1357724.024699667235836 ], [ 535905.73479356081225, 1357718.948407914256677 ], [ 535893.803869100636803, 1357712.820782094961032 ], [ 535877.883534855442122, 1357706.780107293277979 ], [ 535830.032214128295891, 1357688.6526232175529 ], [ 535814.01462217560038, 1357682.718111044960096 ], [ 535805.649389593396336, 1357677.486226218985394 ], [ 535806.223564567393623, 1357663.955848040757701 ], [ 535807.249267238890752, 1357648.996164334006608 ], [ 535808.070217945612967, 1357589.512883653631434 ], [ 535809.097529430873692, 1357516.58839935483411 ], [ 535809.701865214970894, 1357496.781330619938672 ], [ 535801.202669729478657, 1357496.586394524434581 ], [ 535794.160543328966014, 1357496.258311477489769 ], [ 535705.73423629894387, 1357494.206957218237221 ], [ 535598.783762926701456, 1357490.10204505873844 ], [ 535591.013101442018524, 1357489.840723190456629 ], [ 535546.921548841986805, 1357488.319048243807629 ], [ 535521.9516930882819, 1357486.534724907716736 ], [ 535480.642202278249897, 1357485.411442783195525 ], [ 535420.481606554589234, 1357484.568321413127705 ], [ 535386.553613368072547, 1357485.588346273638308 ], [ 535361.734283295576461, 1357490.092467957409099 ], [ 535329.98902756231837, 1357499.65785085875541 ], [ 535323.959008127101697, 1357501.972065218258649 ], [ 535320.347151341265999, 1357493.113449898315594 ], [ 535296.56646459212061, 1357504.185432376107201 ], [ 535275.567432001116686, 1357517.112949633970857 ], [ 535256.98927707853727, 1357531.873452539555728 ], [ 535190.815589965321124, 1357591.087683534715325 ], [ 535181.633591393590905, 1357600.380699487868696 ], [ 535161.04878195526544, 1357621.182565703988075 ], [ 535154.094682976719923, 1357628.148129099048674 ], [ 535152.845474763540551, 1357629.30342569691129 ], [ 535144.64915529685095, 1357637.312612092820928 ], [ 535112.240085974801332, 1357664.776105807395652 ], [ 535063.279816206311807, 1357706.454453413607553 ], [ 535015.083369509316981, 1357747.508041502675042 ], [ 534996.436428811517544, 1357763.385964217828587 ], [ 534982.74438893632032, 1357775.312730083009228 ], [ 534950.176437516580336, 1357803.888066484127194 ], [ 534959.026532121468335, 1357812.961357875261456 ], [ 534983.475296248914674, 1357837.583541641477495 ] ] ], [ [ [ 537038.493043671478517, 1359102.545012454967946 ], [ 537050.451084750005975, 1359129.866909909062088 ], [ 537057.4883648987161, 1359149.032027783337981 ], [ 537068.140986450831406, 1359178.402447738684714 ], [ 537071.798349267453887, 1359187.937652692431584 ], [ 537077.30252419190947, 1359207.006721624871716 ], [ 537080.523457837873138, 1359227.838751680217683 ], [ 537082.85287549754139, 1359242.672527088783681 ], [ 537083.100772762089036, 1359245.939558253856376 ], [ 537086.614570007892326, 1359301.098844125401229 ], [ 537087.721032621571794, 1359319.555965422885492 ], [ 537089.006196795962751, 1359340.939426084980369 ], [ 537091.232248476473615, 1359379.087837259052321 ], [ 537093.485828796634451, 1359405.241074863588437 ], [ 537095.221807672991417, 1359426.652809476712719 ], [ 537097.385577022447251, 1359439.794427327346057 ], [ 537098.719245209591463, 1359448.847673983778805 ], [ 537105.534948959364556, 1359478.762613872997463 ], [ 537108.434064603177831, 1359491.726090022595599 ], [ 537112.206072910572402, 1359506.650333656929433 ], [ 537123.15430976706557, 1359551.51215931517072 ], [ 537126.738908497383818, 1359566.536794583545998 ], [ 537129.466264176182449, 1359576.462261876789853 ], [ 537137.356767948716879, 1359606.556763669243082 ], [ 537139.986920721596107, 1359616.58826747070998 ], [ 537143.212431240594015, 1359628.675268731778488 ], [ 537152.618381828418933, 1359664.919329894240946 ], [ 537155.746676204958931, 1359677.112370389513671 ], [ 537158.681454396923073, 1359688.059952173847705 ], [ 537167.291390596074052, 1359721.114768805447966 ], [ 537168.592422934598289, 1359726.353894043946639 ], [ 537170.03878997976426, 1359732.162735658232123 ], [ 537173.174024421838112, 1359744.244106744183227 ], [ 537182.385319835040718, 1359780.700293116504326 ], [ 537185.423339650616981, 1359792.887702986598015 ], [ 537188.40618496760726, 1359804.51105113979429 ], [ 537197.333656805800274, 1359839.716155077097937 ], [ 537200.219291168730706, 1359851.445541194174439 ], [ 537203.05675520549994, 1359862.499182748375461 ], [ 537211.645258753676899, 1359895.889136348851025 ], [ 537214.385515941423364, 1359907.0488149758894 ], [ 537216.946280173840933, 1359916.739666182314977 ], [ 537224.337019557249732, 1359946.130316853290424 ], [ 537226.710417078342289, 1359955.921550296945497 ], [ 537228.309016042971052, 1359962.188447842141613 ], [ 537230.073944614036009, 1359968.690016905311495 ], [ 537240.233614826807752, 1360007.336132718948647 ], [ 537243.499923041090369, 1360020.210638985270634 ], [ 537249.326891823788173, 1360042.776018297532573 ], [ 537266.606230066274293, 1360110.79594454029575 ], [ 537272.335878508980386, 1360133.467384612420574 ], [ 537278.14865284843836, 1360156.256168653257191 ], [ 537295.593749304884113, 1360224.510886404430494 ], [ 537301.309202408883721, 1360247.405731291277334 ], [ 537307.239963375963271, 1360269.753478968981653 ], [ 537315.474683867883869, 1360301.551817601779476 ], [ 537324.47002242913004, 1360337.097893617115915 ], [ 537330.116133430390619, 1360359.652075975667685 ], [ 537381.242818093858659, 1360345.479461930226535 ], [ 537446.45904096076265, 1360327.481747346231714 ], [ 537534.630065065226518, 1360304.309310179902241 ], [ 537585.798593979794532, 1360290.925359389744699 ], [ 537606.478060412104242, 1360285.94395703682676 ], [ 537668.315265659359284, 1360271.32378277159296 ], [ 537688.897664366755635, 1360266.448605172103271 ], [ 537689.648988268454559, 1360241.492545300396159 ], [ 537690.119043301790953, 1360222.461305313045159 ], [ 537691.067446312401444, 1360214.560158526757732 ], [ 537697.869701258488931, 1360185.498932568123564 ], [ 537697.306314252666198, 1360177.166556551354006 ], [ 537695.501624795841053, 1360168.419922932516783 ], [ 537690.301024281652644, 1360144.547984489938244 ], [ 537733.887885542353615, 1360133.716412051115185 ], [ 537740.963864544057287, 1360132.03015053155832 ], [ 537747.686189580592327, 1360130.209578708745539 ], [ 537732.091062373598106, 1360070.030548709211871 ], [ 537727.94349883007817, 1360048.130759618477896 ], [ 537726.232730810064822, 1360033.559689540416002 ], [ 537726.050619257148355, 1360014.823921981733292 ], [ 537728.149790547671728, 1359997.240410966565832 ], [ 537733.495956952101551, 1359978.403080220799893 ], [ 537744.659676882321946, 1359951.970188841456547 ], [ 537746.125282582244836, 1359948.810632441891357 ], [ 537763.086560799973086, 1359913.659734962508082 ], [ 537765.587033091112971, 1359908.434814566513523 ], [ 537774.749392119934782, 1359887.930940633174032 ], [ 537784.706076666829176, 1359861.982966541778296 ], [ 537792.404778037103824, 1359841.72362248855643 ], [ 537797.876354483072646, 1359822.333607021253556 ], [ 537801.493225458310917, 1359796.436262486735359 ], [ 537802.148875048733316, 1359780.219777677906677 ], [ 537802.213855573325418, 1359776.299599849851802 ], [ 537799.82947916269768, 1359752.26805875916034 ], [ 537797.001615454559214, 1359738.187509422656149 ], [ 537795.818220850313082, 1359733.964743026299402 ], [ 537790.384288730681874, 1359716.693363675614819 ], [ 537790.255455617327243, 1359701.436751446919516 ], [ 537787.56906826782506, 1359693.756017908686772 ], [ 537773.038565544527955, 1359669.971344786696136 ], [ 537792.199767851852812, 1359666.128380303969607 ], [ 537798.242193293059245, 1359665.050015037413687 ], [ 537842.900556439184584, 1359653.052802941994742 ], [ 537865.977131336345337, 1359644.522398181026801 ], [ 537878.084986090194434, 1359639.115692951716483 ], [ 537905.929606709745713, 1359626.736177768558264 ], [ 537915.401499438798055, 1359621.500425601145253 ], [ 537920.092364280833863, 1359618.879723377525806 ], [ 537934.150954749435186, 1359611.240995401283726 ], [ 537938.744648347026668, 1359608.726324607152492 ], [ 537952.802302004769444, 1359602.545147045282647 ], [ 537992.643957566702738, 1359585.088722251588479 ], [ 538008.906916207750328, 1359579.830935597419739 ], [ 538025.821155643207021, 1359575.73528494220227 ], [ 538030.871786931296811, 1359574.594809049274772 ], [ 538044.588929859688506, 1359569.513612965354696 ], [ 538276.449089283822104, 1359505.813596006948501 ], [ 538314.628571414505132, 1359496.102726032491773 ], [ 538353.377252178150229, 1359485.979292906820774 ], [ 538364.145022438373417, 1359483.179983186535537 ], [ 538446.777712526032701, 1359460.453345152316615 ], [ 538469.664946228731424, 1359456.397484404034913 ], [ 538508.744524784386158, 1359449.659180065151304 ], [ 538514.661954732728191, 1359449.13406045967713 ], [ 538528.480637451750226, 1359448.208501592744142 ], [ 538532.267929934198037, 1359448.44650553050451 ], [ 538538.122197282267734, 1359448.92652901285328 ], [ 538559.510590587859042, 1359445.673685688525438 ], [ 538576.637638082960621, 1359445.40460962895304 ], [ 538590.219839424011298, 1359445.361261699814349 ], [ 538692.20683560310863, 1359441.68075160891749 ], [ 538714.072089092456736, 1359440.924947449937463 ], [ 538730.706175963510759, 1359441.29791959701106 ], [ 538732.170628995052539, 1359477.04477389389649 ], [ 538732.891339806024916, 1359487.181062888354063 ], [ 538735.993319317814894, 1359531.440034122439101 ], [ 538740.625755476648919, 1359624.792614144040272 ], [ 538740.741804065881297, 1359627.266597402980551 ], [ 538743.719427231582813, 1359670.620837276801467 ], [ 538765.387512555811554, 1359672.992221991764382 ], [ 538785.799101055017672, 1359676.630127572920173 ], [ 538821.420397331356071, 1359683.130510521586984 ], [ 538847.457668727380224, 1359686.561690336791798 ], [ 538900.916220312705263, 1359688.690066734561697 ], [ 538912.235637627658434, 1359690.074661261402071 ], [ 538946.540509502985515, 1359694.474580376641825 ], [ 538954.210930206580088, 1359696.302469322225079 ], [ 538979.038497215951793, 1359703.133764981525019 ], [ 538983.657142146257684, 1359704.545489311916754 ], [ 538999.34343551332131, 1359709.904908031458035 ], [ 539011.236663004150614, 1359713.680299480911344 ], [ 539037.798463503830135, 1359720.284488967387006 ], [ 539065.437572709168307, 1359724.153471104800701 ], [ 539072.484940530383028, 1359724.372559379786253 ], [ 539077.451356029836461, 1359724.572865839581937 ], [ 539090.464042981504463, 1359724.942996033234522 ], [ 539102.693297594320029, 1359724.8153688441962 ], [ 539148.018729468109086, 1359722.39722316712141 ], [ 539245.050756896613166, 1359718.299564419779927 ], [ 539245.944483422790654, 1359702.658637335756794 ], [ 539244.786773888743483, 1359667.827779026236385 ], [ 539241.226772974361666, 1359567.590461934451014 ], [ 539240.183679504320025, 1359536.691147047560662 ], [ 539239.762201742618345, 1359526.125115771545097 ], [ 539235.860382391954772, 1359504.688453006092459 ], [ 539220.471581122954376, 1359457.189334203023463 ], [ 539218.542858282686211, 1359448.995163996936753 ], [ 539216.738260377547704, 1359441.705783974612132 ], [ 539213.551862532040104, 1359418.968701941194013 ], [ 539212.204059376148507, 1359395.786703132791445 ], [ 539208.139476728392765, 1359326.575774218887091 ], [ 539206.694410132127814, 1359303.499799736076966 ], [ 539181.96299280889798, 1359305.195262057473883 ], [ 539107.498300288803875, 1359310.265059272758663 ], [ 539082.669739045668393, 1359312.066815798170865 ], [ 539082.424908807617612, 1359305.884699348825961 ], [ 539081.759511819342151, 1359287.679064884083346 ], [ 539081.417477239272557, 1359281.602957252645865 ], [ 539080.397239185287617, 1359264.720470168394968 ], [ 539077.412600912037306, 1359214.302056123735383 ], [ 539076.295128454687074, 1359197.525586252799258 ], [ 539057.113385447300971, 1359198.78567047114484 ], [ 538999.561181723838672, 1359202.67786115501076 ], [ 538980.282271808362566, 1359204.044125977205113 ], [ 538981.33338037901558, 1359181.573732481803745 ], [ 538983.46006537869107, 1359131.925380306551233 ], [ 538983.654027019161731, 1359114.446573974564672 ], [ 538983.879480588482693, 1359092.14851364097558 ], [ 538984.626054767868482, 1359068.762014842126518 ], [ 538986.754501985386014, 1358998.931913998909295 ], [ 538987.403856575489044, 1358975.651441655587405 ], [ 538988.309695342904888, 1358952.611348350299522 ], [ 538990.825761894695461, 1358883.814791423268616 ], [ 538991.634383806027472, 1358860.880724019836634 ], [ 538962.131810744060203, 1358867.88289309758693 ], [ 538947.05438044143375, 1358871.531686761183664 ], [ 538906.467932105180807, 1358876.267315302975476 ], [ 538872.743321577552706, 1358879.864891720470041 ], [ 538842.841398727032356, 1358883.14234242355451 ], [ 538830.721123191295192, 1358884.398474122863263 ], [ 538794.256101951003075, 1358888.384662779746577 ], [ 538782.038644403102808, 1358889.74687395687215 ], [ 538781.290477001806721, 1358916.048378923675045 ], [ 538780.820510348188691, 1358932.164324876852334 ], [ 538776.75572193111293, 1359051.542460163123906 ], [ 538776.340374841354787, 1359059.589103227946907 ], [ 538773.94285801704973, 1359102.044592866906896 ], [ 538744.417595793376677, 1359103.664200972765684 ], [ 538684.090602284530178, 1359107.04772589658387 ], [ 538655.599460358964279, 1359108.059910603566095 ], [ 538625.929008117178455, 1359109.110189418075606 ], [ 538608.114965286571532, 1359108.775420656427741 ], [ 538606.304402188048698, 1359108.77374966815114 ], [ 538598.487060909974389, 1359107.833954015281051 ], [ 538585.039816974429414, 1359102.840333523694426 ], [ 538574.243857927503996, 1359095.995168771827593 ], [ 538561.073486533830874, 1359082.27351360861212 ], [ 538548.945212678634562, 1359066.374941513175145 ], [ 538547.282023890642449, 1359064.027994587551802 ], [ 538542.174201425397769, 1359057.428210672689602 ], [ 538540.413812959217466, 1359055.18727874243632 ], [ 538560.982177854748443, 1359036.185862547485158 ], [ 538601.34159411303699, 1358999.031290574697778 ], [ 538609.610384483239613, 1358989.908527903957292 ], [ 538619.673001981223933, 1358975.292444115970284 ], [ 538625.145222327671945, 1358967.451511052204296 ], [ 538628.140509982942604, 1358960.127632755087689 ], [ 538631.271308235474862, 1358947.766810345696285 ], [ 538632.803755393251777, 1358939.229779945220798 ], [ 538635.548983408021741, 1358922.920479520689696 ], [ 538636.492296715034172, 1358913.673695381963626 ], [ 538637.213136614998803, 1358905.085657332092524 ], [ 538594.186308683827519, 1358908.323905342957005 ], [ 538587.637249220279045, 1358908.809294482460245 ], [ 538503.098883317783475, 1358911.345344964647666 ], [ 538464.776575126801617, 1358913.198030292056501 ], [ 538421.549532598699443, 1358915.303344373591244 ], [ 538371.70436262304429, 1358917.553724589059129 ], [ 538356.358840240980498, 1358918.271544289309531 ], [ 538341.103501312551089, 1358918.995056259213015 ], [ 538222.270319647970609, 1358928.461440845625475 ], [ 538172.403316643438302, 1358932.505533937364817 ], [ 538172.779174129012972, 1358951.02910645888187 ], [ 538172.560769843636081, 1358955.94871701579541 ], [ 538168.954021406359971, 1359026.35850115516223 ], [ 538167.751768366550095, 1359049.828438577475026 ], [ 538109.173321208334528, 1359052.765202067326754 ], [ 538085.100898889941163, 1359054.056738240411505 ], [ 537933.312183157540858, 1359063.588153950870037 ], [ 537874.587754654465243, 1359067.414309527492151 ], [ 537873.049773632083088, 1359042.875420725205913 ], [ 537869.752288403804414, 1358992.998912641545758 ], [ 537868.983805041527376, 1358969.181063083931804 ], [ 537868.077006789972074, 1358944.681813310133293 ], [ 537816.1021662192652, 1358947.698700026841834 ], [ 537765.75760899297893, 1358950.706078006420285 ], [ 537761.851885986281559, 1358950.909478090936318 ], [ 537765.230032403604127, 1359016.824222672730684 ], [ 537763.890049740555696, 1359029.521909857168794 ], [ 537759.3433316887822, 1359034.169918860774487 ], [ 537654.409982273238711, 1359040.031422376865521 ], [ 537643.97555589734111, 1359041.843454364221543 ], [ 537627.296034509316087, 1359046.515214988961816 ], [ 537619.315363871748559, 1359017.872259735129774 ], [ 537616.705603019683622, 1359008.96312813856639 ], [ 537612.184671693947166, 1358994.440193592105061 ], [ 537608.777483985177241, 1358973.708375608315691 ], [ 537608.083362504839897, 1358963.125493136001751 ], [ 537604.253820222336799, 1358963.557984439423308 ], [ 537596.684915841557086, 1358964.428629132686183 ], [ 537581.92183887900319, 1358965.969203406246379 ], [ 537546.373861389118247, 1358969.793915378861129 ], [ 537503.209772999631241, 1358972.356247190851718 ], [ 537476.847837950917892, 1358974.066498618107289 ], [ 537439.80982395762112, 1358975.667907411931083 ], [ 537359.80923517094925, 1358979.508796995971352 ], [ 537328.549726736964658, 1358981.360891981981695 ], [ 537291.469800132443197, 1358983.633030771045014 ], [ 537255.583227517898194, 1358985.643779214471579 ], [ 537232.740896540577523, 1358983.2027265985962 ], [ 537211.051538707339205, 1358978.255242141894996 ], [ 537176.198555756476708, 1358968.109999421052635 ], [ 537133.508579386631027, 1358954.44646036811173 ], [ 537110.950686032068916, 1358951.799325680360198 ], [ 537091.291694159153849, 1358950.567250529769808 ], [ 537076.028850708738901, 1358952.862209572922438 ], [ 537055.630407657008618, 1358959.095928326016292 ], [ 537038.56780640326906, 1358966.996297020930797 ], [ 536986.204700399306603, 1358996.454204613808542 ], [ 536999.30121470359154, 1359022.950360815273598 ], [ 537037.377533519640565, 1359100.120580829912797 ], [ 537038.493043671478517, 1359102.545012454967946 ] ] ], [ [ [ 536717.164065862307325, 1360750.661783659132197 ], [ 536716.354987636907026, 1360746.238353619351983 ], [ 536715.863786063971929, 1360743.965149249415845 ], [ 536713.567105797003023, 1360732.945474293082952 ], [ 536712.570706733386032, 1360728.622433467069641 ], [ 536712.12147765874397, 1360725.679128502961248 ], [ 536703.909904434462078, 1360725.276881853118539 ], [ 536682.195286953006871, 1360723.692484894534573 ], [ 536678.22124223515857, 1360723.555687599116936 ], [ 536652.622734770178795, 1360721.840217372169718 ], [ 536644.938130106427707, 1360721.695276393322274 ], [ 536593.109210256719962, 1360719.682620046194643 ], [ 536563.307366322958842, 1360718.601153369992971 ], [ 536546.703889372758567, 1360717.785661400062963 ], [ 536496.699144964455627, 1360715.55145520879887 ], [ 536479.991517888964154, 1360714.953814557986334 ], [ 536355.417162984726019, 1360708.163873152807355 ], [ 535908.235598887084052, 1360678.501025829929858 ], [ 535836.211160811362788, 1360673.772264502476901 ], [ 535887.248253491823561, 1360850.527687653200701 ], [ 535856.504731705179438, 1361081.593038951978087 ], [ 535845.036923670908436, 1361167.994216327089816 ], [ 535795.312290369533002, 1361541.949707488296553 ], [ 535749.294317085877992, 1362021.645357991801575 ], [ 535726.178023048909381, 1362262.496335692238063 ], [ 535710.308518907986581, 1362579.932402666890994 ], [ 535704.745992400799878, 1362690.586226986953989 ], [ 535679.122913152794354, 1363200.153579423669726 ], [ 535677.266638619475998, 1363271.796532303094864 ], [ 535672.951926088426262, 1363427.60276666819118 ], [ 535673.215796286705881, 1363487.044839899521321 ], [ 535673.342191515373997, 1363558.811967259040102 ], [ 535786.169039125670679, 1363673.171470646979287 ], [ 535795.434196562157013, 1363682.720965309767053 ], [ 535838.637337644118816, 1363721.079088123282418 ], [ 535951.522168908151798, 1363821.429269022773951 ], [ 535983.92000298073981, 1363850.25430146837607 ], [ 536150.291504806140438, 1363973.464369860710576 ], [ 536222.137529996340163, 1364026.848457927815616 ], [ 536270.704819255042821, 1364074.851274837041274 ], [ 536268.567504266742617, 1364065.635343880625442 ], [ 536264.403177975909784, 1364048.33164060022682 ], [ 536270.660703121800907, 1364040.874705334426835 ], [ 536276.321541592245921, 1364034.277412039926276 ], [ 536286.178600372979417, 1364037.249220222933218 ], [ 536295.945527630508877, 1364040.215396545827389 ], [ 536313.133192651788704, 1364025.818409205880016 ], [ 536345.819670581491664, 1363928.63481012894772 ], [ 536354.054885863792151, 1363905.492196829523891 ], [ 536358.561388436239213, 1363892.767938160803169 ], [ 536366.993914745398797, 1363876.589425792684779 ], [ 536374.076770721236244, 1363868.960000000428408 ], [ 536385.138424611533992, 1363862.813121188664809 ], [ 536398.6179381912807, 1363859.957167938118801 ], [ 536411.985546889947727, 1363858.888221926987171 ], [ 536417.817446363391355, 1363856.786719847703353 ], [ 536422.279423043481074, 1363862.111778870690614 ], [ 536434.673388858675025, 1363866.476000435650349 ], [ 536448.13568782794755, 1363869.673780729062855 ], [ 536491.198359072674066, 1363879.883353784447536 ], [ 536502.525557432905771, 1363882.498986450722441 ], [ 536592.19967713963706, 1363904.038243488641456 ], [ 536596.837287888512947, 1363905.113661296898499 ], [ 536600.670754297752865, 1363906.026576986303553 ], [ 536670.282918712473474, 1363922.833943064557388 ], [ 536686.857500887010247, 1363926.899870213819668 ], [ 536704.185509646311402, 1363934.825291172368452 ], [ 536714.900128245702945, 1363941.439326954772696 ], [ 536724.471084229880944, 1363947.533209785353392 ], [ 536780.29179640149232, 1363989.490293812705204 ], [ 536813.042481583659537, 1364014.080051029101014 ], [ 536911.293409935780801, 1364087.850098579190671 ], [ 536943.946217284887098, 1364112.546409375267103 ], [ 536950.688853818108328, 1364117.566259124549106 ], [ 537020.962824571412057, 1364169.961891039973125 ], [ 537176.011374484631233, 1364285.868005782132968 ], [ 537243.266522932448424, 1364338.749107192503288 ], [ 537252.055503178853542, 1364341.430820387322456 ], [ 537267.138055098359473, 1364346.189231219701469 ], [ 537281.661723969154991, 1364346.876079224515706 ], [ 537296.908296194043942, 1364344.693031053757295 ], [ 537316.962279079947621, 1364337.990198995452374 ], [ 537325.548780088196509, 1364332.361972315935418 ], [ 537331.16222561779432, 1364325.089592118980363 ], [ 537334.730893312953413, 1364317.24042479833588 ], [ 537335.085345383384265, 1364315.917152611073107 ], [ 537335.968457188108005, 1364311.936027854913846 ], [ 537336.225780013715848, 1364310.718787805177271 ], [ 537343.957777395029552, 1364286.984709424898028 ], [ 537367.153976154280826, 1364215.78254444967024 ], [ 537374.788980083656497, 1364192.154544323449954 ], [ 537384.175309070851654, 1364162.245271267136559 ], [ 537390.310389177873731, 1364142.335454755928367 ], [ 537399.653605954139493, 1364104.462577203987166 ], [ 537405.500102572608739, 1364070.406837668735534 ], [ 537410.80392346100416, 1364039.232325362972915 ], [ 537414.407444045413285, 1364010.642149992985651 ], [ 537425.03782243328169, 1363924.860362802632153 ], [ 537428.55126204888802, 1363896.264564974699169 ], [ 537431.840458575985394, 1363871.242718922439963 ], [ 537441.701098277349956, 1363796.288904732093215 ], [ 537444.893197368364781, 1363771.373114493908361 ], [ 537452.79444383608643, 1363713.227343541570008 ], [ 537480.227936510345899, 1363539.921262727351859 ], [ 537484.747006979421712, 1363511.164420168846846 ], [ 537489.370243082870729, 1363482.189871917944402 ], [ 537457.635110883973539, 1363483.225902701728046 ], [ 537362.40878368052654, 1363486.669757348718122 ], [ 537330.666706091724336, 1363487.817944317357615 ], [ 537323.060660464456305, 1363487.90142766549252 ], [ 537300.152395865414292, 1363488.146264423150569 ], [ 537292.456221389002167, 1363488.224121135426685 ], [ 537277.052219655364752, 1363377.487590051954612 ], [ 537271.79708197619766, 1363344.417510954895988 ], [ 537255.228996778023429, 1363242.129654161632061 ], [ 537266.442376117454842, 1363109.516786056105047 ], [ 537314.695018533617258, 1362914.419413480907679 ], [ 537326.6109661932569, 1362865.832129756221548 ], [ 537326.499425419140607, 1362769.510338644031435 ], [ 537284.866905280039646, 1362661.390113202854991 ], [ 537277.77095030376222, 1362643.229440245777369 ], [ 537227.821452957578003, 1362493.10219684173353 ], [ 537219.522881900542416, 1362468.138761540874839 ], [ 537180.50666023476515, 1362351.437917402945459 ], [ 537175.139577552909032, 1362328.78874663868919 ], [ 537147.424084066064097, 1362213.693877405719832 ], [ 537146.429560391348787, 1362161.718315359205008 ], [ 537143.078083600732498, 1362005.880836279131472 ], [ 537141.986197141814046, 1361954.011393952649087 ], [ 537142.457212222041562, 1361932.064759435830638 ], [ 537144.63368281093426, 1361819.405249543720856 ], [ 537132.441153899184428, 1361717.954248753376305 ], [ 537097.924748601391912, 1361569.806173425167799 ], [ 537030.254937892081216, 1361472.614355992991477 ], [ 536893.873683170531876, 1361320.774101704824716 ], [ 536830.305425920058042, 1361247.611285578226671 ], [ 536730.587276954785921, 1360809.469608745304868 ], [ 536717.164065862307325, 1360750.661783659132197 ] ] ] ] } },
{ "type": "Feature", "properties": { "community_id": "Selected low-growth community", "zcta": "38111", "overlap_sq_m": 14705743.300226821, "overlap_sq_miles": 5.6779192311886861, "share_of_community_area": 0.026438252850862095 }, "geometry": { "type": "Polygon", "coordinates": [ [ [ 543733.631930041010492, 1357038.366531871957704 ], [ 543806.605365445255302, 1357131.461079602595419 ], [ 543840.891690394608304, 1357183.41915966081433 ], [ 543874.339372826274484, 1357234.315100889652967 ], [ 543893.141183200641535, 1357267.687584409490228 ], [ 543925.123158264439553, 1357324.545479029649869 ], [ 543948.302247022395022, 1357368.847665045876056 ], [ 543966.144772797939368, 1357403.056498198071495 ], [ 543983.444032805738971, 1357438.688520313473418 ], [ 544034.980079299071804, 1357545.561955947894603 ], [ 544052.181419920059852, 1357581.300105341942981 ], [ 544105.61823542159982, 1357676.746055142022669 ], [ 544228.377956180251203, 1357922.580015550367534 ], [ 544275.074502779869363, 1358017.151071219472215 ], [ 544296.518692912533879, 1358058.765650427201763 ], [ 544317.969745697453618, 1358100.268622080795467 ], [ 544323.768220769707114, 1358111.625110632739961 ], [ 544353.495041522430256, 1358173.948412274708971 ], [ 544362.705336268991232, 1358191.464259285014123 ], [ 544379.55716553889215, 1358226.956981095019728 ], [ 544392.160975508973934, 1358253.77054882561788 ], [ 544398.347324077738449, 1358270.42163120303303 ], [ 544406.936227702884935, 1358290.589085015468299 ], [ 544408.346764912363142, 1358294.042435798095539 ], [ 544416.109757599188015, 1358314.381694111973047 ], [ 544429.782255625235848, 1358355.727386499755085 ], [ 544433.247713938821107, 1358368.169171135406941 ], [ 544440.233308120979927, 1358393.616850188933313 ], [ 544448.280755783896893, 1358423.729134556371719 ], [ 544449.162289745989256, 1358428.38227129005827 ], [ 544459.26130136300344, 1358484.637985535664484 ], [ 544464.024179310072213, 1358536.518235583091155 ], [ 544467.316891433787532, 1358573.056055802153423 ], [ 544476.161904239444993, 1358573.505850441753864 ], [ 544502.696940568392165, 1358574.855289113940671 ], [ 544511.541951979510486, 1358575.30512026255019 ], [ 544530.32835826871451, 1358576.050219261087477 ], [ 544586.500111502828076, 1358578.385977009311318 ], [ 544605.189235785626806, 1358579.23718425212428 ], [ 544624.877466018893756, 1358580.039797394769266 ], [ 544683.747591512626968, 1358582.659794284263626 ], [ 544703.338537586387247, 1358583.568530714372173 ], [ 544722.756214827182703, 1358584.354173574130982 ], [ 544780.987945919274352, 1358587.046389527386054 ], [ 544782.611234391690232, 1358587.149575280258432 ], [ 544800.258645238005556, 1358588.719871201552451 ], [ 544795.463721089763567, 1358647.056832787347957 ], [ 544793.720809053629637, 1358667.352932208916172 ], [ 544795.726358467829414, 1358681.384020425844938 ], [ 544802.706862339517102, 1358699.767893263604492 ], [ 544849.149242371087894, 1358803.857905745506287 ], [ 544871.636438854387961, 1358854.623015248449519 ], [ 544876.242057891911827, 1358864.782926848623902 ], [ 544883.599237663438544, 1358881.50897245365195 ], [ 544890.037540399236605, 1358895.597705235471949 ], [ 544894.545830450369976, 1358905.863570865010843 ], [ 544971.485980717698112, 1359078.496771809644997 ], [ 544977.318975845002569, 1359093.556257151532918 ], [ 545015.871819733991288, 1359078.179917379049584 ], [ 545033.614199875853956, 1359071.123068172484636 ], [ 545086.834420435130596, 1359050.064418838825077 ], [ 545104.479641306214035, 1359043.113657380919904 ], [ 545166.660624602693133, 1359019.261663608020172 ], [ 545215.479733221116476, 1359000.502720035146922 ], [ 545352.804602826945484, 1358946.898014336358756 ], [ 545414.730719230487011, 1358922.80728170229122 ], [ 545429.647576768067665, 1358917.477550404611975 ], [ 545463.000566573347896, 1358905.584510880289599 ], [ 545474.120620896108449, 1358901.582968861330301 ], [ 545481.901822226238437, 1358898.826567792333663 ], [ 545489.016232079244219, 1358896.588364585069939 ], [ 545498.816932822694071, 1358893.399888305692002 ], [ 545505.841172730666585, 1358891.155959116760641 ], [ 545527.934325779788196, 1358884.040654405718669 ], [ 545537.637768952990882, 1358880.958156673936173 ], [ 545541.719412190606818, 1358879.423954388592392 ], [ 545553.94302424788475, 1358875.156381501117721 ], [ 545557.920275778626092, 1358873.839794454863295 ], [ 545612.795178473112173, 1358856.701929154340178 ], [ 545640.232718065730296, 1358848.133129571797326 ], [ 545777.153030163492076, 1358803.815731044625863 ], [ 545805.438112168107182, 1358794.740784015972167 ], [ 545831.793903100420721, 1358786.103684273082763 ], [ 545955.486077883397229, 1358746.216506330994889 ], [ 545966.300481721176766, 1358742.756743436912075 ], [ 546062.152057264582254, 1358712.08592866640538 ], [ 546085.50162173435092, 1358705.1641939827241 ], [ 546155.258664473774843, 1358684.717154120560735 ], [ 546178.511091951280832, 1358677.901601464021951 ], [ 546197.389788863016292, 1358672.937774267746136 ], [ 546253.921605572919361, 1358658.264142476255074 ], [ 546272.703097611200064, 1358653.406407595844939 ], [ 546280.719767503556795, 1358651.226350469281897 ], [ 546301.618191394605674, 1358645.830851740669459 ], [ 546304.755566858802922, 1358644.909570761956275 ], [ 546306.962648014072329, 1358644.377497649518773 ], [ 546312.674953624838963, 1358642.835468351840973 ], [ 546325.668261736631393, 1358639.29078478529118 ], [ 546364.27328880270943, 1358628.857202624669299 ], [ 546377.169341566506773, 1358625.418521663174033 ], [ 546391.63410317862872, 1358621.519235934596509 ], [ 546435.021354029537179, 1358609.9331993998494 ], [ 546443.496145972167142, 1358607.670372394146398 ], [ 546449.479052566224709, 1358606.145685073221102 ], [ 546487.244280399521813, 1358596.107602360891178 ], [ 546515.611575777060352, 1358588.609943988500163 ], [ 546614.443061160389334, 1358562.39596193889156 ], [ 546703.423718467820436, 1358540.151911124587059 ], [ 546714.077307925443165, 1358537.80407481873408 ], [ 546771.078492216882296, 1358525.742621454177424 ], [ 546780.531240648822859, 1358523.76676370180212 ], [ 546788.519685924053192, 1358522.033875662833452 ], [ 546807.05022252665367, 1358518.282539120642468 ], [ 546833.645175786456093, 1358513.027496292022988 ], [ 546837.406825690995902, 1358512.258363363798708 ], [ 546886.384275802294724, 1358502.488885964266956 ], [ 546912.791846666834317, 1358497.334253063192591 ], [ 546944.966546201147139, 1358491.202214615186676 ], [ 546977.231482222559862, 1358485.076053147437051 ], [ 547033.051486633718014, 1358474.510697171557695 ], [ 547041.483833223697729, 1358472.918499642750248 ], [ 547073.644486602046527, 1358467.01029115379788 ], [ 547114.550893445964903, 1358458.857315813656896 ], [ 547135.274682315648533, 1358454.798173631541431 ], [ 547157.379773013642989, 1358450.378755840472877 ], [ 547237.256384230684489, 1358434.62291122879833 ], [ 547278.148882207460701, 1358426.694064772920683 ], [ 547293.54944675497245, 1358423.753035139525309 ], [ 547298.227294724318199, 1358422.81835104082711 ], [ 547358.462656800751574, 1358411.191493372432888 ], [ 547378.450967749929987, 1358407.310208798153326 ], [ 547404.394022998167202, 1358402.351642382564023 ], [ 547482.223394915577956, 1358387.476416465826333 ], [ 547496.708004528190941, 1358384.701487803598866 ], [ 547508.076402766746469, 1358382.512404370587319 ], [ 547546.859545958810486, 1358375.010697213467211 ], [ 547608.18503349320963, 1358363.343070607632399 ], [ 547628.631662121159025, 1358359.379511876264587 ], [ 547662.924613777082413, 1358352.712688424857333 ], [ 547684.745486690895632, 1358348.500692093512043 ], [ 547701.610744439763948, 1358345.3175935940817 ], [ 547716.831272043637, 1358342.365801510866731 ], [ 547741.955971518415026, 1358337.468062415486202 ], [ 547762.222370618372224, 1358333.49329648213461 ], [ 547767.809323929366656, 1358332.504837400279939 ], [ 547777.338485994376242, 1358330.759191623423249 ], [ 547829.052456325269304, 1358320.721362858312204 ], [ 547843.815018183086067, 1358317.852645819541067 ], [ 547849.228761233855039, 1358316.741039017681032 ], [ 547869.675644231028855, 1358312.778058007825166 ], [ 548018.773617661790922, 1358283.738320544594899 ], [ 548064.61635729088448, 1358274.896257560933009 ], [ 548086.895753559307195, 1358270.602454031817615 ], [ 548136.410375703359023, 1358260.986429273616523 ], [ 548163.367913845577277, 1358255.758603590540588 ], [ 548209.39136755943764, 1358246.928854805417359 ], [ 548244.038951094262302, 1358240.399112911196426 ], [ 548270.899308319552802, 1358235.27752909809351 ], [ 548329.583081176970154, 1358223.894464151933789 ], [ 548332.331543135340326, 1358223.397534924559295 ], [ 548505.350614189170301, 1358189.953717816621065 ], [ 548525.978563248063438, 1358186.00385326333344 ], [ 548549.369320305180736, 1358181.333837767597288 ], [ 548563.944910407299176, 1358178.566493285587057 ], [ 548564.551136727561243, 1358154.946248115738854 ], [ 548565.160085970419459, 1358129.868516295682639 ], [ 548565.162159774103202, 1358121.346910445718095 ], [ 548566.528718002256937, 1358084.432096935342997 ], [ 548567.308152896352112, 1358060.935085531556979 ], [ 548567.885392777156085, 1358049.086455706041306 ], [ 548569.415289564756677, 1358013.864040310494602 ], [ 548569.805001893430017, 1358002.11554096871987 ], [ 548570.146377384895459, 1357993.952045311685652 ], [ 548570.990123195108026, 1357969.450016885763034 ], [ 548571.143971149460413, 1357961.386649159248918 ], [ 548572.043860881240107, 1357940.252059752587229 ], [ 548574.548840407514945, 1357877.060110081918538 ], [ 548575.261191806639545, 1357856.025661166058853 ], [ 548575.549805436981842, 1357850.101356346160173 ], [ 548576.220969717600383, 1357832.540239537367597 ], [ 548576.32205402420368, 1357826.716061342041939 ], [ 548577.064687646925449, 1357808.038244165014476 ], [ 548578.092526740743779, 1357777.829520814586431 ], [ 548579.121042606653646, 1357754.684898063540459 ], [ 548579.299722768831998, 1357751.893139887601137 ], [ 548579.854817197890952, 1357733.31545974011533 ], [ 548580.684909882373177, 1357716.100916011724621 ], [ 548582.97335409547668, 1357664.780765579547733 ], [ 548583.608761928975582, 1357647.778027211083099 ], [ 548585.902627339004539, 1357593.542936669662595 ], [ 548591.011343877180479, 1357469.856838165316731 ], [ 548515.155085514532402, 1357466.459879706148058 ], [ 548516.684354955679737, 1357442.562476238003001 ], [ 548521.260378801962361, 1357380.96100192097947 ], [ 548526.40866181999445, 1357381.178331214468926 ], [ 548527.032116465386935, 1357374.26633327268064 ], [ 548527.74847188743297, 1357365.90262553608045 ], [ 548532.850460220943205, 1357308.819942759117112 ], [ 548598.107854288653471, 1357310.865855189273134 ], [ 548598.31783449370414, 1357306.169946589507163 ], [ 548598.753087705816142, 1357292.294016283471137 ], [ 548598.865723958355375, 1357287.704005595063791 ], [ 548605.150304948096164, 1357240.45213454705663 ], [ 548606.148181730648503, 1357226.275839337846264 ], [ 548607.984982480411418, 1357197.576699263649061 ], [ 548610.173796160961501, 1357125.170500114792958 ], [ 548612.759353128843941, 1357040.904270382365212 ], [ 548614.539708586875349, 1356979.124094451544806 ], [ 548616.666776428115554, 1356906.265576034318656 ], [ 548622.874446372035891, 1356687.567070617107674 ], [ 548624.903979048947804, 1356614.814625222701579 ], [ 548627.776212442549877, 1356562.859574682312086 ], [ 548636.191019278019667, 1356407.318023494677618 ], [ 548638.479892872623168, 1356363.062453224556521 ], [ 548638.875664620776661, 1356355.463188495486975 ], [ 548613.394642270752229, 1356354.505218075122684 ], [ 548536.749721450149082, 1356351.955224394798279 ], [ 548511.171345361275598, 1356351.103454862954095 ], [ 548488.125888266135007, 1356350.301695343572646 ], [ 548418.801958478754386, 1356347.996916074538603 ], [ 548395.659150418592617, 1356347.301303510786965 ], [ 548372.440422861953266, 1356346.376644665608183 ], [ 548302.672600856167264, 1356343.932283725822344 ], [ 548279.349379807128571, 1356343.225445999763906 ], [ 548271.043257594108582, 1356342.806339557282627 ], [ 548267.788688528817147, 1356342.710316196782514 ], [ 548246.096322665223852, 1356341.995745816035196 ], [ 548237.685710338177159, 1356341.794241356430575 ], [ 548238.142767440411262, 1356334.647404087241739 ], [ 548241.799223229754716, 1356277.47272200579755 ], [ 548241.961601760005578, 1356272.101059123175219 ], [ 548242.382585461251438, 1356254.187825973145664 ], [ 548249.274854229995981, 1356088.345915663987398 ], [ 548250.333281496539712, 1356063.297427471494302 ], [ 548253.360457462142222, 1355993.300306839169934 ], [ 548253.737067256937735, 1355984.578586924122646 ], [ 548254.94996314169839, 1355958.530869113281369 ], [ 548255.229219554690644, 1355949.915051645832136 ], [ 548258.630330800544471, 1355872.653751368401572 ], [ 548268.5057073533535, 1355641.746196135180071 ], [ 548271.776252380223013, 1355563.691879193531349 ], [ 548272.841748325503431, 1355538.53183376416564 ], [ 548276.114148091524839, 1355463.280835961923003 ], [ 548277.082273152889684, 1355438.226711103692651 ], [ 548278.326281824614853, 1355410.274981350870803 ], [ 548281.975208233925514, 1355326.302394225494936 ], [ 548283.121842270251364, 1355298.45659001194872 ], [ 548284.298942414694466, 1355272.967365634860471 ], [ 548287.545287184882909, 1355196.705753918271512 ], [ 548288.534795955521986, 1355171.31668094266206 ], [ 548289.015867837821133, 1355162.377454871078953 ], [ 548290.257220688974485, 1355135.883246404817328 ], [ 548290.640931232366711, 1355127.049921752884984 ], [ 548291.615443404647522, 1355106.144898081431165 ], [ 548294.441606822190806, 1355043.535748003749177 ], [ 548295.318749476340599, 1355022.736637768568471 ], [ 548295.897877926123329, 1355009.43082977226004 ], [ 548297.613834427087568, 1354969.848418854642659 ], [ 548298.095597173669375, 1354956.648515304317698 ], [ 548299.408334195846692, 1354929.037673485698178 ], [ 548303.144658067263663, 1354846.528651641914621 ], [ 548304.26265447284095, 1354819.129632313968614 ], [ 548305.187148240860552, 1354799.006338463397697 ], [ 548307.765889650676399, 1354738.848273952491581 ], [ 548308.502787541714497, 1354718.825122331967577 ], [ 548303.255548551795073, 1354718.713819669792429 ], [ 548287.333385187899694, 1354718.368392093572766 ], [ 548281.995923065580428, 1354718.251333008054644 ], [ 548279.642973942449316, 1354718.212997433030978 ], [ 548265.178666853345931, 1354717.736585095990449 ], [ 548214.539312110980973, 1354716.292669791495427 ], [ 548197.624693470192142, 1354715.883953576674685 ], [ 548190.753433825680986, 1354715.66888718935661 ], [ 548170.049431493040174, 1354715.017952863126993 ], [ 548163.087948431144468, 1354714.797140454407781 ], [ 548120.326592115685344, 1354713.408940240740776 ], [ 548112.726406400674023, 1354713.259462979389355 ], [ 547991.771851238794625, 1354709.228320275666192 ], [ 547948.920270411414094, 1354707.835208638105541 ], [ 547883.047416871180758, 1354705.195496881147847 ], [ 547682.983132452936843, 1354698.692914452170953 ], [ 547592.227437923895195, 1354695.587312099523842 ], [ 547566.442384071997367, 1354695.061832040781155 ], [ 547559.473769277101383, 1354694.953178159426898 ], [ 547544.655696911038831, 1354694.343265894800425 ], [ 547531.822544606868178, 1354693.860131553607062 ], [ 547334.410381669993512, 1354686.974424063460901 ], [ 547278.364741847966798, 1354685.078807185636833 ], [ 547190.030818991479464, 1354682.356287837959826 ], [ 547121.956908838241361, 1354680.142578371334821 ], [ 547110.116213697823696, 1354679.7234041322954 ], [ 547053.966097098775208, 1354678.046834715176374 ], [ 547026.300608763122, 1354677.178756179753691 ], [ 546981.53294656611979, 1354676.004607089795172 ], [ 546943.145066250814125, 1354674.228538765339181 ], [ 546915.410721918800846, 1354673.020055903121829 ], [ 546885.670082356198691, 1354672.020066564669833 ], [ 546796.448161452193744, 1354669.020717516774312 ], [ 546766.700399461202323, 1354668.132809933042154 ], [ 546743.470123355975375, 1354667.324224958196282 ], [ 546701.076768091646954, 1354665.854446902405471 ], [ 546673.62732382514514, 1354664.440666046226397 ], [ 546650.328179330797866, 1354663.291573431808501 ], [ 546650.888018643134274, 1354647.405786788789555 ], [ 546651.274661734234542, 1354635.657513906713575 ], [ 546653.020429523661733, 1354581.277014898601919 ], [ 546653.610925402026623, 1354559.226429437985644 ], [ 546654.339151184074581, 1354537.85736703616567 ], [ 546656.321998142520897, 1354474.073705391259864 ], [ 546656.945745035773143, 1354452.922244010958821 ], [ 546657.920659801457077, 1354424.841557439183816 ], [ 546660.657795533887111, 1354340.699701855890453 ], [ 546661.535339761758223, 1354312.724958353443071 ], [ 546662.944194518146105, 1354269.31116067036055 ], [ 546665.550604205927812, 1354184.376229129498824 ], [ 546664.943889504764229, 1354151.261382766766474 ], [ 546663.706353635760024, 1354139.409616423072293 ], [ 546659.820372142945416, 1354103.73115204856731 ], [ 546658.359806189779192, 1354096.798564739292488 ], [ 546653.070814983453602, 1354070.336842635879293 ], [ 546645.438102048588917, 1354042.26812876551412 ], [ 546631.586149785318412, 1354005.169541950104758 ], [ 546619.957137554418296, 1353980.097670945571736 ], [ 546576.73501412931364, 1353903.453946374822408 ], [ 546572.914058514870703, 1353896.595184908248484 ], [ 546568.684641757397912, 1353889.0376574289985 ], [ 546501.791932952706702, 1353771.530873276293278 ], [ 546420.647976374719292, 1353630.243876089574769 ], [ 546410.56432560342364, 1353615.025510344887152 ], [ 546392.420585012645461, 1353591.22082498925738 ], [ 546379.748464618576691, 1353575.389091450022534 ], [ 546366.539739853702486, 1353560.86865359544754 ], [ 546323.468210489023477, 1353523.030439750989899 ], [ 546318.490631759050302, 1353518.676949185784906 ], [ 546313.6864060027292, 1353514.446627401281148 ], [ 546250.478453285410069, 1353461.310828306246549 ], [ 546241.867347888182849, 1353454.259263364365324 ], [ 546206.204367661150172, 1353423.845179963624105 ], [ 546191.77267425856553, 1353414.292631742544472 ], [ 546165.82125116372481, 1353402.10036017280072 ], [ 546142.278186636976898, 1353394.770649485522881 ], [ 546130.126805775449611, 1353392.090721312444657 ], [ 546093.35752950666938, 1353390.421892020618543 ], [ 546054.622157871373929, 1353389.749241049401462 ], [ 546033.672862826148048, 1353388.639546748483554 ], [ 546030.687918506446294, 1353388.561607244657353 ], [ 546008.183255325537175, 1353387.68930445658043 ], [ 545994.067940511507913, 1353384.548163678497076 ], [ 545983.504692613962106, 1353378.269559149630368 ], [ 545968.400005345814861, 1353363.629105294821784 ], [ 545963.638180785928853, 1353358.728972324403003 ], [ 545940.440636341460049, 1353380.124861551448703 ], [ 545909.839976392569952, 1353408.225291431648657 ], [ 545882.715506735024974, 1353432.959225914441049 ], [ 545870.411705875652842, 1353444.06087415991351 ], [ 545865.024360082461499, 1353448.987644173437729 ], [ 545850.037601740914397, 1353462.385206768056378 ], [ 545846.95811510249041, 1353465.216463963966817 ], [ 545806.110680884565227, 1353503.428663843777031 ], [ 545765.277811509091407, 1353541.417734164511785 ], [ 545726.484513054252602, 1353575.836784332292154 ], [ 545724.100711081293412, 1353577.703264920040965 ], [ 545719.102894642623141, 1353582.206426562042907 ], [ 545704.109475794364698, 1353595.715930128237233 ], [ 545699.104573509073816, 1353600.330773261375725 ], [ 545695.065982596948743, 1353603.998019338818267 ], [ 545682.950229893554933, 1353614.999769748887047 ], [ 545678.814311453141272, 1353618.772951056947932 ], [ 545674.108563507674262, 1353622.958359318319708 ], [ 545659.977135006105527, 1353635.737938849953935 ], [ 545655.264299349393696, 1353640.035027257399634 ], [ 545633.542541974573396, 1353659.619553965050727 ], [ 545630.171173309907317, 1353662.76867731846869 ], [ 545603.27633417933248, 1353688.190794875612482 ], [ 545555.57679178006947, 1353733.03181117051281 ], [ 545551.628554257913493, 1353736.704870079876855 ], [ 545531.370190699002706, 1353757.503957940032706 ], [ 545536.409800124820322, 1353762.309419153956696 ], [ 545546.280117629561573, 1353772.355547234881669 ], [ 545568.889678220963106, 1353795.769769250880927 ], [ 545580.233496972592548, 1353813.98243193840608 ], [ 545584.855986814480275, 1353823.918973850086331 ], [ 545587.720702465507202, 1353830.155796290142462 ], [ 545591.883480894612148, 1353845.893410360440612 ], [ 545615.566350656212308, 1353842.466926286928356 ], [ 545618.121285259025171, 1353842.18100604834035 ], [ 545650.896360875107348, 1353839.669508217833936 ], [ 545680.383262342540547, 1353840.424655630718917 ], [ 545697.083406140678562, 1353841.375272099394351 ], [ 545723.250866434304044, 1353843.040542217437178 ], [ 545761.889579904149286, 1353846.620832320069894 ], [ 545792.324218588881195, 1353849.566994450753555 ], [ 545877.93791104760021, 1353852.43781696469523 ], [ 545916.628513572388329, 1353853.779677469981834 ], [ 545935.980923909926787, 1353854.339004093781114 ], [ 545966.911531917983666, 1353855.187051920918748 ], [ 545959.50745154696051, 1354226.175583890639246 ], [ 545994.245450883056037, 1354228.387454028939828 ], [ 545991.185910757747479, 1354300.623567727394402 ], [ 545970.405074436217546, 1354299.748859126819298 ], [ 545967.072537049185485, 1354309.403422072995454 ], [ 545956.076384878833778, 1354388.197947044158354 ], [ 545941.608812900842167, 1354444.683402164373547 ], [ 545950.008906170260161, 1354544.670802295673639 ], [ 545948.73560886643827, 1354770.965168676804751 ], [ 545948.231239518849179, 1354783.154425595188513 ], [ 545961.876201470498927, 1354783.686893830308691 ], [ 545956.284287702175789, 1354909.917420965386555 ], [ 545915.960221683839336, 1354908.695330711547285 ], [ 545916.668634922825731, 1354853.463914474938065 ], [ 545886.700714620994404, 1354851.780138316098601 ], [ 545886.54451388376765, 1354835.736647359328344 ], [ 545809.625981177901849, 1354835.885346750030294 ], [ 545795.738343857927248, 1354812.128287277184427 ], [ 545790.489583677262999, 1354799.236443306785077 ], [ 545789.397069360944442, 1354796.475957029033452 ], [ 545788.463124720845371, 1354789.80127477645874 ], [ 545787.417630177806132, 1354783.455860105110332 ], [ 545788.250942005310208, 1354764.672315711854026 ], [ 545744.519074075389653, 1354762.897781713632867 ], [ 545613.226117714541033, 1354757.681446995353326 ], [ 545569.396906155976467, 1354756.013735145097598 ], [ 545567.089414738235064, 1354819.328188150888309 ], [ 545559.784577154321596, 1355009.583798487437889 ], [ 545557.372547290637158, 1355073.115987331373617 ], [ 545555.773558138520457, 1355112.48143503558822 ], [ 545550.615663786767982, 1355230.554894325556234 ], [ 545548.919316435814835, 1355270.026324699865654 ], [ 545544.015868179965764, 1355375.558363663265482 ], [ 545540.656282984884456, 1355389.920579520519823 ], [ 545535.142937106313184, 1355401.118432344635949 ], [ 545526.258236173540354, 1355411.204787746537477 ], [ 545509.37059842934832, 1355421.79105037660338 ], [ 545495.66187394305598, 1355432.243235867470503 ], [ 545489.542713117203675, 1355440.151004388695583 ], [ 545483.241639001294971, 1355453.765476947650313 ], [ 545479.711650077835657, 1355470.807830120204017 ], [ 545479.078471448505297, 1355490.725446719909087 ], [ 545475.109662461909465, 1355602.932414630427957 ], [ 545473.721827063825913, 1355640.40538166789338 ], [ 545473.201655369601212, 1355654.275564239127561 ], [ 545471.363388233701698, 1355695.98057347536087 ], [ 545470.745893838931806, 1355709.956693982239813 ], [ 545469.816201155306771, 1355747.346722499933094 ], [ 545466.666197427664883, 1355859.493918802589178 ], [ 545465.548925749608316, 1355896.984185771783814 ], [ 545465.076943692052737, 1355915.790899095125496 ], [ 545463.293031329638325, 1355972.299769310513511 ], [ 545462.723721394431777, 1355991.212426207493991 ], [ 545462.398144193342887, 1356004.870786016341299 ], [ 545461.309876463143155, 1356046.175149640534073 ], [ 545460.886977539979853, 1356059.939447549171746 ], [ 545460.709974216413684, 1356066.99197426205501 ], [ 545460.067436624201946, 1356088.478831941727549 ], [ 545459.793117292574607, 1356095.637292242143303 ], [ 545459.081681845593266, 1356116.78340059123002 ], [ 545457.651072080829181, 1356154.926558919716626 ], [ 545457.488603463978507, 1356180.256186004960909 ], [ 545457.311294689425267, 1356201.548418852733448 ], [ 545434.522088089375757, 1356200.995430778712034 ], [ 545365.883850243757479, 1356199.319614017382264 ], [ 545343.004439411102794, 1356198.761130566475913 ], [ 545322.228223860729486, 1356197.887999997008592 ], [ 545259.878262719488703, 1356195.603925954317674 ], [ 545238.997630995814689, 1356194.948603231227025 ], [ 545216.215531793539412, 1356194.284523674752563 ], [ 545147.598612377070822, 1356192.275439115706831 ], [ 545124.726306501426734, 1356191.605866316938773 ], [ 545113.699639671714976, 1356191.241078964667395 ], [ 545080.515230170683935, 1356190.364410324720666 ], [ 545069.39125526510179, 1356190.105616288492456 ], [ 545068.825327923288569, 1356197.581905901897699 ], [ 545066.680228494456969, 1356227.046116700861603 ], [ 545021.34425594296772, 1356226.406172281131148 ], [ 545018.721137776155956, 1356226.351527958875522 ], [ 545005.354149355669506, 1356420.933066430967301 ], [ 545026.407525814371184, 1356421.710961232893169 ], [ 545032.890214879764244, 1356420.889761994360015 ], [ 545034.6767486280296, 1356428.403511076699942 ], [ 545027.530508840689436, 1356509.46310274489224 ], [ 545073.793340120348148, 1356511.171217133523896 ], [ 545072.934952484560199, 1356528.94432187685743 ], [ 545070.074969136388972, 1356582.469790294766426 ], [ 545069.029069017618895, 1356600.343107137829065 ], [ 545064.87970340566244, 1356600.07927218475379 ], [ 545052.236997727304697, 1356599.499653405277058 ], [ 545047.990327720995992, 1356599.341763648902997 ], [ 545037.14459345547948, 1356598.988546590320766 ], [ 545004.495887465076521, 1356598.258260203059763 ], [ 544993.552850233041681, 1356598.011035865405574 ], [ 544962.556209736620076, 1356596.937445421470329 ], [ 544869.274379181326367, 1356594.035163909895346 ], [ 544838.180435934569687, 1356593.067962327739224 ], [ 544822.117083318531513, 1356592.159151910804212 ], [ 544801.61955375992693, 1356591.192810911452398 ], [ 544790.182917441590689, 1356591.587218197761104 ], [ 544773.830648152623326, 1356593.79959933902137 ], [ 544757.74190344742965, 1356596.140881295781583 ], [ 544751.981011934811249, 1356597.008148347726092 ], [ 544734.608142118901014, 1356599.604240763466805 ], [ 544728.749956334824674, 1356600.577464121161029 ], [ 544730.783821985707618, 1356619.879847869277 ], [ 544731.470622258493677, 1356644.70281932502985 ], [ 544731.747076531290077, 1356660.30557819432579 ], [ 544726.07867357309442, 1356778.011678786482662 ], [ 544723.885730928741395, 1356822.49760877341032 ], [ 544722.857698225299828, 1356842.950947390403599 ], [ 544719.745205419603735, 1356904.757676580222324 ], [ 544718.61987003381364, 1356925.316970681073144 ], [ 544718.13320920697879, 1356935.825696991523728 ], [ 544716.568831164739095, 1356967.569495774572715 ], [ 544715.984872399945743, 1356978.184167057974264 ], [ 544715.989915141719393, 1356979.529975534882396 ], [ 544715.727348083630204, 1356983.661878577200696 ], [ 544715.635094791068695, 1356985.113628323655576 ], [ 544714.956828287453391, 1356998.637532873544842 ], [ 544714.294808031525463, 1357010.480610899627209 ], [ 544713.524286974687129, 1357025.456268637441099 ], [ 544706.918461661436595, 1357025.372867366997525 ], [ 544665.923431058996357, 1357024.898269842145965 ], [ 544569.135668725823052, 1357021.664071462582797 ], [ 544549.8948679669993, 1357020.89023117814213 ], [ 544491.887676622136496, 1357018.775127541972324 ], [ 544472.549580918042921, 1357018.107404674869031 ], [ 544457.284635518910363, 1357017.474188547115773 ], [ 544411.302305199322291, 1357015.67491934960708 ], [ 544395.940066344337538, 1357015.147757183760405 ], [ 544379.849141348502599, 1357014.686469406588003 ], [ 544331.576367452275008, 1357013.302787322085351 ], [ 544315.388152686064132, 1357012.947566179092973 ], [ 544301.122487193904817, 1357012.26595875271596 ], [ 544258.040707305190153, 1357010.427444809582084 ], [ 544243.677749517839402, 1357009.851879449794069 ], [ 544210.157089913729578, 1357008.620660725282505 ], [ 544109.303239481057972, 1357005.245635529281572 ], [ 544075.685288398060948, 1357004.120890837395564 ], [ 543999.970643431530334, 1357001.333707213401794 ], [ 543916.748182318755426, 1356998.407164983684197 ], [ 543772.513563961838372, 1356993.629046836402267 ], [ 543721.271291011711583, 1356991.948305122321472 ], [ 543696.673281980212778, 1356991.397189935669303 ], [ 543733.631930041010492, 1357038.366531871957704 ] ], [ [ 547334.249711426324211, 1357288.600350436754525 ], [ 547549.10028126288671, 1357296.603675779420882 ], [ 547620.649859829107299, 1357299.380476844729856 ], [ 547673.597603622009046, 1357301.305695081362501 ], [ 547832.336347058182582, 1357307.300888787023723 ], [ 547855.642641382291913, 1357308.229845077497885 ], [ 547866.648524272372015, 1357311.736462249187753 ], [ 547875.672035093884915, 1357317.919555291766301 ], [ 547880.356393117690459, 1357325.395082886563614 ], [ 547883.070059425430372, 1357336.781215219059959 ], [ 547882.678776918561198, 1357349.987168620340526 ], [ 547881.098064053338021, 1357395.970262811752036 ], [ 547873.605052121565677, 1357609.54170166910626 ], [ 547871.042421201011166, 1357680.80286990175955 ], [ 547844.219638314214535, 1357679.649046822683886 ], [ 547763.729868808295578, 1357676.523094183532521 ], [ 547736.809751031338237, 1357675.475514301564544 ], [ 547722.177191907772794, 1357674.876830721506849 ], [ 547709.81371148780454, 1357674.198913567932323 ], [ 547651.228950966149569, 1357671.240395345259458 ], [ 547628.721115249092691, 1357670.587201224174351 ], [ 547609.550396551843733, 1357670.147270573303103 ], [ 547601.719954834901728, 1357672.225914562586695 ], [ 547588.816819392726757, 1357678.577690797159448 ], [ 547584.931418216088787, 1357678.441593422787264 ], [ 547531.74855756550096, 1357677.398774009896442 ], [ 547513.930746869882569, 1357677.045479588210583 ], [ 547512.92494865693152, 1357692.791120866779238 ], [ 547509.795961615862325, 1357740.357310224324465 ], [ 547509.106570960604586, 1357749.731935944175348 ], [ 547507.790923889027908, 1357756.151257941266522 ], [ 547506.086470469948836, 1357758.733428131556138 ], [ 547502.267357497126795, 1357760.395631354767829 ], [ 547481.660920689464547, 1357759.752137501956895 ], [ 547399.686131217400543, 1357757.207457963377237 ], [ 547372.293942504678853, 1357756.467237227596343 ], [ 547347.379710898036137, 1357755.212582659907639 ], [ 547339.789366913726553, 1357754.95212763408199 ], [ 547272.461245511076413, 1357752.783352612284943 ], [ 547247.421165969339199, 1357752.081587316934019 ], [ 547247.892103834426962, 1357740.450475052930415 ], [ 547249.304912580992095, 1357705.557145084487274 ], [ 547249.678525212337263, 1357694.031950318487361 ], [ 547249.978341236128472, 1357685.080958486534655 ], [ 547250.856395978946239, 1357658.563001259695739 ], [ 547251.058887134771794, 1357649.717924965778366 ], [ 547251.570458096917719, 1357634.613492114469409 ], [ 547253.11229055467993, 1357589.188533629756421 ], [ 547253.526531448937021, 1357574.190021202201024 ], [ 547254.144687717198394, 1357561.671314165694639 ], [ 547255.797375578200445, 1357524.438697790727019 ], [ 547256.318205299088731, 1357512.025908740935847 ], [ 547256.924942921847105, 1357494.012281699571759 ], [ 547258.828206040430814, 1357440.088846641825512 ], [ 547259.337609308073297, 1357422.18114301119931 ], [ 547259.994935185648501, 1357394.864269927842543 ], [ 547262.04280563921202, 1357313.1427885631565 ], [ 547262.602776522398926, 1357285.931852561421692 ], [ 547334.249711426324211, 1357288.600350436754525 ] ] ] } },
{ "type": "Feature", "properties": { "community_id": "Selected low-growth community", "zcta": "38117", "overlap_sq_m": 11288.053173909577, "overlap_sq_miles": 0.0043583416961883942, "share_of_community_area": 2.0293867362773476e-05 }, "geometry": { "type": "Polygon", "coordinates": [ [ [ 548592.672488637501374, 1357431.167051235679537 ], [ 548594.868945168680511, 1357377.037957008229569 ], [ 548595.379103818442672, 1357367.651907397899777 ], [ 548596.916725351475179, 1357339.382093172520399 ], [ 548597.329540026606992, 1357330.101943824440241 ], [ 548597.489491295418702, 1357326.187723896931857 ], [ 548598.045246520778164, 1357314.674177402164787 ], [ 548598.107854288653471, 1357310.865855189273134 ], [ 548532.850460220943205, 1357308.819942759117112 ], [ 548527.74847188743297, 1357365.90262553608045 ], [ 548527.032116465386935, 1357374.26633327268064 ], [ 548526.40866181999445, 1357381.178331214468926 ], [ 548521.260378801962361, 1357380.96100192097947 ], [ 548516.684354955679737, 1357442.562476238003001 ], [ 548515.155085514532402, 1357466.459879706148058 ], [ 548591.011343877180479, 1357469.856838165316731 ], [ 548592.672488637501374, 1357431.167051235679537 ] ] ] } },
{ "type": "Feature", "properties": { "community_id": "Selected low-growth community", "zcta": "38113", "overlap_sq_m": 42362120.69023329, "overlap_sq_miles": 16.356106238934679, "share_of_community_area": 0.076159391282850014 }, "geometry": { "type": "Polygon", "coordinates": [ [ [ 525731.273552253609523, 1353284.482838776661083 ], [ 525766.633095084223896, 1353452.343356418423355 ], [ 525792.582933044759557, 1353557.968942800769582 ], [ 525827.592363208765164, 1353700.472741943085566 ], [ 525871.050074779661372, 1353872.082213152898476 ], [ 525898.830610680859536, 1353962.574423 ], [ 525902.506849305005744, 1354028.158139725914225 ], [ 525938.76460217568092, 1354227.017502176808193 ], [ 525975.204583797953092, 1354387.435863459017128 ], [ 526006.262117706355639, 1354510.080623573856428 ], [ 526057.51972578081768, 1354710.870799417374656 ], [ 526116.361820890102535, 1354941.499447818379849 ], [ 526149.184095457545482, 1355091.384017589036375 ], [ 526182.525311620905995, 1355204.75354193081148 ], [ 526198.518568384461105, 1355274.681678189197555 ], [ 526212.764824546175078, 1355365.691168571356684 ], [ 526219.883304046816193, 1355428.236160907428712 ], [ 526223.1933824790176, 1355483.48460822715424 ], [ 526223.020370350219309, 1355539.4161681025289 ], [ 526221.087449464946985, 1355598.939321078825742 ], [ 526221.781984900939278, 1355627.457555216737092 ], [ 526222.89847261889372, 1355672.705897309351712 ], [ 526234.899671223713085, 1355723.555156338494271 ], [ 526244.977289189235307, 1355754.106795677216724 ], [ 526259.102483888040297, 1355796.902568175690249 ], [ 526273.059003766975366, 1355827.692377369385213 ], [ 526287.112479308852926, 1355858.376066510099918 ], [ 526317.466433174209669, 1355918.536196207161993 ], [ 526336.666904553887434, 1355956.823090143268928 ], [ 526359.918714130530134, 1355994.013482328737155 ], [ 526378.377041790634394, 1356023.734649203717709 ], [ 526422.885058887652121, 1356093.733136207098141 ], [ 526447.406892059487291, 1356132.34715339075774 ], [ 526486.294011622434482, 1356193.592716411687434 ], [ 526506.298654742306098, 1356223.185007862746716 ], [ 526533.58146997296717, 1356252.215397242922336 ], [ 526565.1936020180583, 1356300.682559510692954 ], [ 526604.407317303237505, 1356355.110209149774164 ], [ 526637.911733793793246, 1356391.922442256705835 ], [ 526669.844195820507593, 1356433.683201206382364 ], [ 526701.817504153121263, 1356474.773962372913957 ], [ 526742.620755527634174, 1356522.461376512190327 ], [ 526785.268793524242938, 1356569.589735002024099 ], [ 526834.742409944883548, 1356614.671409629750997 ], [ 526883.111368094570935, 1356668.878560435026884 ], [ 526920.41932568338234, 1356711.531433806987479 ], [ 526953.955223632976413, 1356747.786556490464136 ], [ 526986.851609969628043, 1356782.65719763818197 ], [ 527033.241376488702372, 1356826.317430382128805 ], [ 527073.518932329840027, 1356860.409063391853124 ], [ 527104.445057726581581, 1356886.078134091105312 ], [ 527198.8175320092123, 1356962.175156342796981 ], [ 527316.487854210310616, 1357028.943890622118488 ], [ 527435.920840514008887, 1357099.410392948426306 ], [ 527600.536018803599291, 1357200.687426417600363 ], [ 527707.824648743844591, 1357274.222375077661127 ], [ 527772.487154809408821, 1357313.630766712827608 ], [ 528008.538053737604059, 1357410.346117355395108 ], [ 528275.193611017079093, 1357521.623180869733915 ], [ 528512.669280774192885, 1357617.095660949125886 ], [ 528721.612376356380992, 1357696.576674141222611 ], [ 528846.508434272021987, 1357739.821620451984927 ], [ 528934.20872344437521, 1357760.816906083608046 ], [ 528983.169435098068789, 1357765.520145444432274 ], [ 529090.726857969770208, 1357774.289043684722856 ], [ 529187.982212987379171, 1357784.217047933489084 ], [ 529290.322063139290549, 1357792.442107499344274 ], [ 529307.719785527209751, 1357844.976449508685619 ], [ 529376.339400383760221, 1357845.066136762499809 ], [ 529490.690541539108381, 1357842.039366842946038 ], [ 529522.131063355016522, 1357840.169848553137854 ], [ 529604.92953342362307, 1357834.971098284702748 ], [ 529718.785962403868325, 1357823.844605890568346 ], [ 529850.907477212604135, 1357805.776518421713263 ], [ 530012.455908492323942, 1357775.964288484072313 ], [ 530168.467486022040248, 1357739.085727209458128 ], [ 530344.409080135053955, 1357687.410792874405161 ], [ 530559.850962692522444, 1357609.034691623644903 ], [ 530790.090596089139581, 1357505.233370097354054 ], [ 531011.826975687756203, 1357383.869868059409782 ], [ 531205.004849116900004, 1357258.836039150832221 ], [ 531488.450941731920466, 1357041.975751783698797 ], [ 531757.321915119653568, 1356927.477332171052694 ], [ 531989.150001179426908, 1356835.12894748011604 ], [ 532097.298850678023882, 1356799.574320766609162 ], [ 532199.578599373926409, 1356763.768745626090094 ], [ 532398.895449930219911, 1356705.177135735284537 ], [ 532530.937767536495812, 1356675.708493601996452 ], [ 532677.580041123437695, 1356654.660729851340875 ], [ 532782.528210779651999, 1356641.562744905240834 ], [ 532822.460642012185417, 1356637.205712442751974 ], [ 532879.427554231835529, 1356637.046970452414826 ], [ 532949.31438130128663, 1356637.355496955337003 ], [ 533079.679044284508564, 1356640.752583493944257 ], [ 533284.160518871154636, 1356678.360518876463175 ], [ 533420.509879455319606, 1356712.181988775962964 ], [ 533609.077094566891901, 1356759.570647451095283 ], [ 533660.101901824935339, 1356776.313004817347974 ], [ 533795.554198365076445, 1356853.585618124343455 ], [ 533878.942708016373217, 1356895.889033822808415 ], [ 534002.641157750622369, 1356951.019039195263758 ], [ 534101.003003622638062, 1356750.069256466114894 ], [ 534177.210239533218555, 1356526.886644866317511 ], [ 534202.578661517356522, 1356452.565267079276964 ], [ 534236.433891853434034, 1356340.87786632636562 ], [ 534337.913550939876586, 1356005.811481778742746 ], [ 534371.674393080407754, 1355894.231099160388112 ], [ 534372.556476166588254, 1355890.249939409084618 ], [ 534375.188806312158704, 1355878.529823733959347 ], [ 534375.973719162982889, 1355874.654722942272201 ], [ 534385.996347546693869, 1355828.639615168562159 ], [ 534415.974473709939048, 1355690.588846005499363 ], [ 534425.90022898837924, 1355644.679913839092478 ], [ 534428.215314580942504, 1355623.522412293124944 ], [ 534435.146675714873709, 1355560.273295361315832 ], [ 534437.364603345282376, 1355539.221868270076811 ], [ 534425.976544437464327, 1355036.127088894369081 ], [ 534406.566708849160932, 1354182.067992864875123 ], [ 534168.983464745571837, 1353603.224725311622024 ], [ 533986.403535842197016, 1353158.876367174088955 ], [ 533966.63908333494328, 1353111.119283506879583 ], [ 533963.183071561972611, 1353102.607820491539314 ], [ 533946.881334402016364, 1353063.250584434019402 ], [ 533908.530989563209005, 1352970.612977151293308 ], [ 533893.4154566177167, 1352934.020446710055694 ], [ 533870.096414243802428, 1352877.858312352094799 ], [ 533856.99903219321277, 1352858.320367502979934 ], [ 533843.818295043776743, 1352838.665149352047592 ], [ 533717.206331274006516, 1352650.285566128557548 ], [ 533590.588433824013919, 1352461.908122294582427 ], [ 533556.338592632673681, 1352411.009089470375329 ], [ 533392.76643375272397, 1352216.524780609412119 ], [ 533201.291902508586645, 1351970.869127351790667 ], [ 533171.334999441169202, 1351932.458974455017596 ], [ 533141.461125874309801, 1351894.166225833352655 ], [ 533112.364561685011722, 1351857.939902515616268 ], [ 532687.161310331779532, 1351535.664969165809453 ], [ 532534.333624895778485, 1351420.007869596593082 ], [ 531635.010733787668869, 1351501.441491982201114 ], [ 531347.821459018625319, 1351527.368359957356006 ], [ 531043.771051858784631, 1351554.951386163709685 ], [ 530272.251710617798381, 1351762.264590605860576 ], [ 530077.575132488505915, 1351814.693058485165238 ], [ 529496.425393793033436, 1352079.693025928456336 ], [ 528933.5410950233927, 1352370.857217835262418 ], [ 528652.275692020892166, 1352467.528669134713709 ], [ 528325.259861254366115, 1352532.018524331506342 ], [ 528171.766464549233206, 1352550.254793694708496 ], [ 528018.930538898566738, 1352551.942428194917738 ], [ 527899.348841976025142, 1352524.065489599248394 ], [ 527401.082313593593426, 1352408.209698441438377 ], [ 527306.325115075684153, 1352386.127873936435208 ], [ 527109.38256211404223, 1352224.023927052505314 ], [ 526839.642429751809686, 1352002.185221537714824 ], [ 526569.888242256478406, 1351780.355349732097238 ], [ 526512.542846162221394, 1351733.114066290436313 ], [ 526455.287068990292028, 1351685.878721845336258 ], [ 526377.750436675152741, 1351628.094490782357752 ], [ 526365.351015630294569, 1351619.037818033713847 ], [ 526346.199437444796786, 1351604.858422577613965 ], [ 526332.952714931336232, 1351630.278038117801771 ], [ 526225.412880943156779, 1351739.595894705038518 ], [ 526068.335694697569124, 1351848.679194025695324 ], [ 525950.317658450338058, 1352022.602654816349968 ], [ 525809.565996570512652, 1352413.73868891200982 ], [ 525759.078623264096677, 1352683.171261369017884 ], [ 525726.262609353289008, 1352973.194265447556973 ], [ 525723.762598575092852, 1353070.124500480480492 ], [ 525722.866800827905536, 1353102.468137023737654 ], [ 525721.536634155549109, 1353130.07671285723336 ], [ 525719.14180528500583, 1353211.991347724571824 ], [ 525731.273552253609523, 1353284.482838776661083 ] ] ] } },
{ "type": "Feature", "properties": { "community_id": "Selected low-growth community", "zcta": "38109", "overlap_sq_m": 160375370.9034057, "overlap_sq_miles": 61.9212768828503, "share_of_community_area": 0.2883257595642672 }, "geometry": { "type": "Polygon", "coordinates": [ [ [ 537893.407510671182536, 1343073.478601348120719 ], [ 537561.865486038150266, 1343052.265926168067381 ], [ 537286.059344630106352, 1343034.665851560654119 ], [ 536808.897989166667685, 1343004.034776192624122 ], [ 536800.057978458702564, 1343003.257879578508437 ], [ 535528.923319886322133, 1342921.637847188627347 ], [ 534845.345299366512336, 1342877.683657179586589 ], [ 534710.28888570854906, 1342869.04754601418972 ], [ 534166.732839644653723, 1342834.093035390134901 ], [ 534074.049184659379534, 1342828.103212194750085 ], [ 533495.622728661401197, 1342790.910319782327861 ], [ 533437.166971199796535, 1342787.278402127558365 ], [ 532511.038035465520807, 1342727.660443927627057 ], [ 531517.185262039187364, 1342654.421781910117716 ], [ 531286.151276640826836, 1342637.320717672817409 ], [ 531262.680866145761684, 1342635.532197285443544 ], [ 530627.004301918437704, 1342588.377533272141591 ], [ 530424.415083459345624, 1342573.281879967544228 ], [ 530342.160295359208249, 1342567.304183490108699 ], [ 530339.269054899225011, 1342567.125604816479608 ], [ 530322.394058969803154, 1342565.747038734378293 ], [ 530193.069675949751399, 1342564.150107196066529 ], [ 529946.460165610769764, 1342551.05582771776244 ], [ 529747.764224469545297, 1342540.476209425367415 ], [ 529708.169574038824067, 1342538.369755810592324 ], [ 529631.69079702696763, 1342534.324589586816728 ], [ 529599.240789407980628, 1342532.547245249617845 ], [ 529546.093359868507832, 1342529.60563252447173 ], [ 529386.630319262389094, 1342521.11778687313199 ], [ 529368.101324559887871, 1342520.087518231710419 ], [ 529375.547239763778634, 1342512.587661347584799 ], [ 529333.385591134196147, 1342518.283593111205846 ], [ 529317.296089320443571, 1342517.403824018780142 ], [ 529291.080300515284762, 1342516.011963757220656 ], [ 529227.528553360956721, 1342512.655178189044818 ], [ 529164.074019566294737, 1342509.192758114309981 ], [ 529121.671457250486128, 1342507.028068319661543 ], [ 529113.171497084782459, 1342506.616376576712355 ], [ 528310.174718124209903, 1342463.673383626155555 ], [ 527689.046615620027296, 1342430.635463408427313 ], [ 525875.245066715287976, 1342339.424397944938391 ], [ 525093.42209773871582, 1342300.321702901273966 ], [ 525078.416491770418361, 1342299.516181262442842 ], [ 525063.49440979224164, 1342298.827887301333249 ], [ 525042.337894259602763, 1342297.758403693325818 ], [ 525037.187710478785448, 1342297.443489891244099 ], [ 525013.953047576360404, 1342296.247006611898541 ], [ 524865.308408165117726, 1342288.841109219240025 ], [ 524815.669818781665526, 1342286.367526141926646 ], [ 524769.012908407836221, 1342284.076454006601125 ], [ 524535.832213884219527, 1342272.407061968464404 ], [ 523698.582965615263674, 1342230.606478628469631 ], [ 523696.233740628522355, 1342230.463200988946483 ], [ 523416.304368064971641, 1342216.533711646683514 ], [ 523284.297597828379367, 1342209.945264826994389 ], [ 523242.526349760824814, 1342207.848152614664286 ], [ 522919.295858975790907, 1342191.632686568656936 ], [ 522888.186458607786335, 1342190.186598625965416 ], [ 522784.564533074386418, 1342185.11020434089005 ], [ 522756.082218685885891, 1342183.712448301492259 ], [ 522741.708926567633171, 1342182.949515641899779 ], [ 522698.582245519501157, 1342180.772540321573615 ], [ 522684.20215126342373, 1342180.121382219484076 ], [ 522575.255961908434983, 1342174.611336174421012 ], [ 522515.219191854528617, 1342171.63036646717228 ], [ 522397.043068579747342, 1342165.785123047884554 ], [ 522382.217973650316708, 1342164.995307177305222 ], [ 522367.476439205522183, 1342164.322692151647061 ], [ 522315.307337986538187, 1342161.709656753577292 ], [ 522008.25594461383298, 1342146.400630052434281 ], [ 521839.175319951144047, 1342138.029104537330568 ], [ 521542.701694188988768, 1342123.267514687264338 ], [ 521295.589207827462815, 1342111.064332716632634 ], [ 520653.675630512530915, 1342070.997729357797652 ], [ 520461.410436170175672, 1342059.11795401154086 ], [ 520357.326349899813067, 1342052.697830194141716 ], [ 520317.214746182900853, 1342050.155107520986348 ], [ 520196.602024647931103, 1342042.623322487343103 ], [ 520156.393249859975185, 1342040.187557499855757 ], [ 520152.146479721413925, 1342039.930307921487838 ], [ 520142.568657242460176, 1342039.350135731045157 ], [ 520139.31581172440201, 1342039.153098549693823 ], [ 520134.978684251371305, 1342038.89038422331214 ], [ 520130.731913471245207, 1342038.633145235478878 ], [ 520122.238371531653684, 1342038.118673562072217 ], [ 520117.8108867011033, 1342037.850494849029928 ], [ 520113.473758568870835, 1342037.587791385361925 ], [ 520049.056082538387273, 1342033.574127899715677 ], [ 520040.291464938200079, 1342033.043320421827957 ], [ 519824.539341117080767, 1342019.643385752337053 ], [ 518957.64876964665018, 1341965.751359759131446 ], [ 518668.614771783875767, 1341947.952069389168173 ], [ 518662.018653642444406, 1341947.553655275376514 ], [ 518660.844002435740549, 1341947.482705348636955 ], [ 518649.007132030965295, 1341946.767757359659299 ], [ 518637.267363782972097, 1341945.946601606206968 ], [ 518629.406234812922776, 1341945.471808583242819 ], [ 518153.718759957992006, 1341915.970267410390079 ], [ 518107.455396440869663, 1341913.178791796555743 ], [ 516726.44167176465271, 1341829.516926077194512 ], [ 516509.489483281213325, 1341816.464648203458637 ], [ 516250.391744470049161, 1341806.040021488443017 ], [ 516248.7585632490227, 1341806.053923344239593 ], [ 516244.873114422603976, 1341805.820335365831852 ], [ 515428.489949944952969, 1341773.144221369642764 ], [ 515422.105592321779113, 1341834.184386710636318 ], [ 515416.44986319844611, 1341869.488420293899253 ], [ 515410.681870110624004, 1341888.53318079537712 ], [ 515403.404069803946186, 1341913.091653884621337 ], [ 515398.003432743018493, 1341941.125402142526582 ], [ 515391.694931216887198, 1341979.752896307036281 ], [ 515385.831821073195897, 1342015.492885550484061 ], [ 515381.935104221862275, 1342066.818872768897563 ], [ 515375.063901015557349, 1342111.80158607638441 ], [ 515373.477625128696673, 1342148.807094885036349 ], [ 515367.330696318822447, 1342178.70159443677403 ], [ 515365.710361795441713, 1342222.318204948678613 ], [ 515369.873817621788476, 1342254.176588449627161 ], [ 515373.544955113669857, 1342289.704304457176477 ], [ 515381.599665105983149, 1342327.736882540164515 ], [ 515390.07981827162439, 1342360.190671365242451 ], [ 515395.478273166983854, 1342388.088112003635615 ], [ 515401.141036961809732, 1342416.113517335848883 ], [ 515406.079730859899428, 1342456.200881727971137 ], [ 515415.373386718449183, 1342482.650871085934341 ], [ 515422.368262969539501, 1342506.609058815287426 ], [ 515432.336111581767909, 1342549.015941640362144 ], [ 515446.280563076783437, 1342579.556149626383558 ], [ 515455.255284537735861, 1342612.82440727786161 ], [ 515468.128399912209716, 1342646.102548492141068 ], [ 515480.763539877603762, 1342681.832360895816237 ], [ 515491.539289586304221, 1342706.241831886116415 ], [ 515511.414880636206362, 1342748.234969613375142 ], [ 515518.034027525864076, 1342775.421301305061206 ], [ 515526.340825301420409, 1342792.621095607290044 ], [ 515541.071858384704683, 1342814.578049798030406 ], [ 515552.630372650222853, 1342838.025857714470476 ], [ 515556.040901806904003, 1342859.751471095718443 ], [ 515564.896318619430531, 1342876.872179446974769 ], [ 515574.115873210714199, 1342898.498275521444157 ], [ 515582.452019772375934, 1342919.735077311052009 ], [ 515590.698158401646651, 1342937.940119090024382 ], [ 515607.279082347347867, 1342960.792940607760102 ], [ 515619.888202956935856, 1342981.838051051367074 ], [ 515634.71293295751093, 1342999.205260108225048 ], [ 515649.790844912582543, 1343024.43385863956064 ], [ 515665.197341492632404, 1343044.189920554868877 ], [ 515677.417963506130036, 1343065.66016498208046 ], [ 515693.985393962124363, 1343085.710196880623698 ], [ 515708.39472929231124, 1343103.949322005501017 ], [ 515724.299179974710569, 1343125.977190466597676 ], [ 515737.463670362427365, 1343143.805339906364679 ], [ 515753.197564364643767, 1343164.141711256001145 ], [ 515765.225869603455067, 1343193.334655777318403 ], [ 515776.212059328041505, 1343209.68697241297923 ], [ 515789.740796227706596, 1343228.994257179787382 ], [ 515803.467642388190143, 1343243.49367765057832 ], [ 515813.781020150578115, 1343260.478166381129995 ], [ 515828.028251662792172, 1343284.424315746873617 ], [ 515838.127774648892228, 1343298.930054035270587 ], [ 515841.908293755725026, 1343302.407755555817857 ], [ 515851.505971825972665, 1343316.21083248546347 ], [ 515868.665105596650392, 1343333.94299216195941 ], [ 515889.414144161972217, 1343353.796404828550294 ], [ 515910.03299176285509, 1343371.28819583542645 ], [ 515934.533394446247257, 1343387.5561482924968 ], [ 515959.295468168915249, 1343399.468451470369473 ], [ 515979.276041734206956, 1343410.981378957396373 ], [ 516004.757648444676306, 1343421.479914333671331 ], [ 516032.015550563053694, 1343434.102888457709923 ], [ 516055.519290453405119, 1343445.827767466660589 ], [ 516074.610798633715604, 1343451.010529794031754 ], [ 516135.254157150280662, 1343485.928775360109285 ], [ 516161.53013048262801, 1343504.321773533010855 ], [ 516208.212717183225323, 1343525.62314124731347 ], [ 516250.600298437755555, 1343539.941181340487674 ], [ 516285.66039140050998, 1343552.473728092620149 ], [ 516325.950413637736347, 1343563.975884657818824 ], [ 516367.427515249524731, 1343578.351858619367704 ], [ 516403.867184783273842, 1343599.598740094108507 ], [ 516444.962485121097416, 1343614.288410996552557 ], [ 516470.988017290830612, 1343626.278288514120504 ], [ 516485.002714140689932, 1343632.950024302583188 ], [ 516523.801908369117882, 1343649.631654994562268 ], [ 516565.788969287008513, 1343669.083333369577304 ], [ 516590.637560030270834, 1343676.519211382139474 ], [ 516621.620918158267159, 1343690.489235354820266 ], [ 516661.585134182707407, 1343702.870146494125947 ], [ 516703.739696668810211, 1343719.530384314246476 ], [ 516747.16474710276816, 1343739.181636564200744 ], [ 516769.462514330982231, 1343749.827204056316987 ], [ 516794.404846386518329, 1343755.700087931007147 ], [ 516825.198139078449458, 1343765.287956054555252 ], [ 516846.443238271691371, 1343770.82633463316597 ], [ 516874.204391563660465, 1343782.585725205484778 ], [ 516893.98967995372368, 1343791.286935660988092 ], [ 516906.859228377521504, 1343798.899260733975098 ], [ 516935.685889670974575, 1343805.006444095866755 ], [ 516963.321954066050239, 1343820.345476209418848 ], [ 516988.678221130219754, 1343828.373575208941475 ], [ 517030.791250873007812, 1343845.705539836082608 ], [ 517069.605822763580363, 1343860.597263474948704 ], [ 517098.807017024548259, 1343877.039836299605668 ], [ 517132.02234131062869, 1343896.078200068557635 ], [ 517180.975371924054343, 1343918.754922333406284 ], [ 517213.953864146780688, 1343944.728940354427323 ], [ 517253.965775027987547, 1343978.861084121279418 ], [ 517283.193949708133005, 1344002.367643823381513 ], [ 517320.342525314539671, 1344032.852819623891264 ], [ 517340.523311896889936, 1344056.038600272964686 ], [ 517372.425984409812372, 1344093.830050440505147 ], [ 517401.726019196445122, 1344129.671342550776899 ], [ 517425.180323680746369, 1344157.20200516586192 ], [ 517456.852699897950515, 1344191.2809806431178 ], [ 517479.26193007233087, 1344221.102732037194073 ], [ 517501.672694009903353, 1344255.408272028202191 ], [ 517532.671647574345116, 1344290.119542624102905 ], [ 517557.041247490036767, 1344328.018171247793362 ], [ 517582.402120444923639, 1344353.982956014340743 ], [ 517621.850015521398745, 1344392.903022908372805 ], [ 517653.516292044601869, 1344421.041707387659699 ], [ 517735.620857143716421, 1344477.218616758473217 ], [ 517779.389560905809049, 1344509.11419901298359 ], [ 517817.357813347363845, 1344537.969956382643431 ], [ 517858.027487009938341, 1344562.617314564064145 ], [ 517897.52917389862705, 1344579.572219652822241 ], [ 517936.220472923887428, 1344597.935608018888161 ], [ 517969.207363954978064, 1344616.179164932807907 ], [ 517998.258753106754739, 1344636.539297088049352 ], [ 518081.601963397406507, 1344666.116850200807676 ], [ 518115.732913400745019, 1344675.91111106891185 ], [ 518143.164610383100808, 1344688.551796446321532 ], [ 518180.919311251724139, 1344704.393813498783857 ], [ 518207.581005959713366, 1344717.772877756739035 ], [ 518313.84703559911577, 1344761.06669325218536 ], [ 518351.055288312432822, 1344770.935648124199361 ], [ 518377.87430512876017, 1344783.203856762032956 ], [ 518392.879337349091657, 1344789.938760133925825 ], [ 518431.405941513658036, 1344798.99095751484856 ], [ 518447.373721842828672, 1344800.291607700521126 ], [ 518510.462262641231064, 1344818.449890098068863 ], [ 518553.566853576572612, 1344831.254026694223285 ], [ 518629.280555521487258, 1344850.512164881918579 ], [ 518654.840077079948969, 1344858.10941356793046 ], [ 518676.587125452875625, 1344862.786170351086184 ], [ 518693.203160207660403, 1344865.35946759977378 ], [ 518757.867428571102209, 1344875.432120038662106 ], [ 518801.211853565531783, 1344882.759518849197775 ], [ 518842.173319113499019, 1344898.013743719086051 ], [ 518897.995232360844966, 1344901.387950961245224 ], [ 518937.186977556382772, 1344909.922223630128428 ], [ 518991.006461279757787, 1344916.426662654150277 ], [ 519051.585178630717564, 1344926.5908305675257 ], [ 519074.080666763999034, 1344938.375691550085321 ], [ 519119.846479430969339, 1344952.128328393213451 ], [ 519161.718869554228149, 1344964.300632177852094 ], [ 519197.022836787102278, 1344966.660086521413177 ], [ 519228.124508896784391, 1344969.550144402543083 ], [ 519271.715676142601296, 1344971.290263135451823 ], [ 519338.066798938612919, 1344989.427983403904364 ], [ 519365.170172935060691, 1344998.465924617834389 ], [ 519409.116412639385089, 1345004.824032700620592 ], [ 519460.560253468633164, 1345016.119796441867948 ], [ 519490.84940212033689, 1345023.445359803037718 ], [ 519549.978739948826842, 1345027.584483480080962 ], [ 519572.757270395115484, 1345034.679942759918049 ], [ 519629.942912271886598, 1345043.970338939223439 ], [ 519680.299978075840045, 1345053.744451811071485 ], [ 519716.484605961304624, 1345059.522171460557729 ], [ 519763.142067917564418, 1345063.019763393560424 ], [ 519825.886953925713897, 1345073.32066413294524 ], [ 519859.906036919332109, 1345080.42506574257277 ], [ 519883.85803109430708, 1345083.108716508140787 ], [ 519931.540748522209469, 1345089.135376950260252 ], [ 519987.255898286879528, 1345100.244707649340853 ], [ 520050.62788718752563, 1345107.670842743711546 ], [ 520095.993450364971068, 1345111.540365198859945 ], [ 520135.406688554619905, 1345116.394566760165617 ], [ 520184.313061118649784, 1345123.169356283033267 ], [ 520229.859399700362701, 1345131.534284252673388 ], [ 520289.220816470100544, 1345142.306128860684112 ], [ 520340.344453878642526, 1345149.888777568470687 ], [ 520394.717240949627012, 1345151.727756478823721 ], [ 520460.434704663872253, 1345153.358185228891671 ], [ 520510.817245603946503, 1345144.755438170861453 ], [ 520573.709832819295116, 1345139.153530453331769 ], [ 520658.503902594558895, 1345135.665160630829632 ], [ 520723.051931415568106, 1345126.689840142615139 ], [ 520767.602251382078975, 1345120.088743670610711 ], [ 520831.477542200300377, 1345116.229726951103657 ], [ 520885.573099375353195, 1345109.199560119537637 ], [ 520937.105647917720489, 1345107.058409869903699 ], [ 520982.35602918243967, 1345108.347472006687894 ], [ 521016.99337101081619, 1345106.750701556215063 ], [ 521028.749491263937671, 1345098.272570722270757 ], [ 521065.653775073238648, 1345102.642482268158346 ], [ 521088.937611077795736, 1345095.424676588736475 ], [ 521117.04891824896913, 1345096.794959967723116 ], [ 521139.027106467925478, 1345099.138110275613144 ], [ 521164.618782377627213, 1345092.733182823983952 ], [ 521223.741039052139968, 1345092.5117712917272 ], [ 521266.241112201299984, 1345094.307885250076652 ], [ 521318.455546119657811, 1345097.366747350199148 ], [ 521361.506476530979853, 1345100.541919494047761 ], [ 521410.457754421338905, 1345105.084561616182327 ], [ 521439.03383465152001, 1345110.743715189862996 ], [ 521472.132889448839705, 1345116.56564383697696 ], [ 521517.20477705867961, 1345119.303906248183921 ], [ 521567.262742636608891, 1345120.551857174606994 ], [ 521602.534172596293502, 1345124.936970190377906 ], [ 521643.591024121444207, 1345128.104489436140284 ], [ 521697.566313546558376, 1345133.514568223617971 ], [ 521766.091110687295441, 1345135.21349222259596 ], [ 521813.473254582146183, 1345135.739759181858972 ], [ 521864.69119945919374, 1345141.767936680465937 ], [ 521911.704600490804296, 1345146.868209342472255 ], [ 521958.064648250176106, 1345156.749085621442646 ], [ 522008.699723946803715, 1345163.415259041124955 ], [ 522056.260980862134602, 1345172.921347284456715 ], [ 522123.43799716263311, 1345184.85389243834652 ], [ 522169.369649601459969, 1345201.771855868864805 ], [ 522222.069402798952069, 1345214.730133024742827 ], [ 522266.06201888754731, 1345226.2622027520556 ], [ 522322.136579342943151, 1345243.349776317598298 ], [ 522376.467436424049083, 1345250.355147948255762 ], [ 522424.999123555026017, 1345258.801435757661238 ], [ 522513.252395828836598, 1345280.427024301839992 ], [ 522584.595576292369515, 1345296.876491296105087 ], [ 522620.813761281140614, 1345313.990265884203836 ], [ 522659.442433709278703, 1345325.758304157759994 ], [ 522715.518686773255467, 1345339.822060683509335 ], [ 522759.182860636210535, 1345350.77625695313327 ], [ 522790.459236290771514, 1345361.200373985106125 ], [ 522835.744103128381539, 1345373.82302019209601 ], [ 522881.875760551716667, 1345385.937019002158195 ], [ 522919.136570652073715, 1345393.363307185471058 ], [ 522960.139464894717094, 1345398.887931689154357 ], [ 522978.727135119552258, 1345401.81395458150655 ], [ 523027.153639618773013, 1345410.481511406600475 ], [ 523083.622343034890946, 1345422.553929386893287 ], [ 523135.861266419407912, 1345435.601990311406553 ], [ 523204.545753849495668, 1345455.481786839896813 ], [ 523256.70626462448854, 1345472.785474190488458 ], [ 523301.66136700817151, 1345489.313913234043866 ], [ 523328.553642724233214, 1345500.25745356711559 ], [ 523343.073386437492445, 1345505.962860304862261 ], [ 523388.733884064888116, 1345525.785575112793595 ], [ 523428.216590211319271, 1345544.335044654319063 ], [ 523450.101565895834938, 1345551.16236580722034 ], [ 523468.380232494382653, 1345551.716612321557477 ], [ 523518.499427406757604, 1345559.369287446141243 ], [ 523523.676669018925168, 1345560.693926517153159 ], [ 523550.444092519755941, 1345572.191061842953786 ], [ 523611.575881494907662, 1345598.451442002085969 ], [ 523659.472553221974522, 1345606.866153673036024 ], [ 523692.60449652269017, 1345613.595612157136202 ], [ 523721.929362841998227, 1345620.317099946085364 ], [ 523751.025847795652226, 1345627.809430412715301 ], [ 523779.90075890609296, 1345635.960920692887157 ], [ 523808.637593229010236, 1345644.888761146226898 ], [ 523837.152840144815855, 1345654.475757750682533 ], [ 523865.356174790184014, 1345664.716395985567942 ], [ 523884.10837572888704, 1345684.244777681538835 ], [ 523979.604246189992409, 1345805.421575837302953 ], [ 524393.941329778288491, 1346331.353161243721843 ], [ 524474.362161097931676, 1346433.45604732260108 ], [ 524723.688062619185075, 1346750.016001655254513 ], [ 525192.402083606924862, 1347355.996760667767376 ], [ 525352.407162389485165, 1347614.651759129017591 ], [ 525494.91146146459505, 1347834.797709586564451 ], [ 525513.225367216975428, 1347862.823279140749946 ], [ 525524.646527180913836, 1347880.561954404227436 ], [ 525578.468130897497758, 1347963.67367189982906 ], [ 525881.368124201777391, 1348596.544163855491206 ], [ 526006.820095232571475, 1348945.022357694339007 ], [ 526055.017049835762009, 1349138.886587360175326 ], [ 525860.697241158806719, 1349121.593541402835399 ], [ 525873.720267200260423, 1349139.767506743548438 ], [ 525889.162892128690146, 1349161.340755969053134 ], [ 525898.644267898285761, 1349179.633996097138152 ], [ 525906.860780223272741, 1349188.993676588404924 ], [ 525913.725623660371639, 1349201.185160798951983 ], [ 525921.814593279152177, 1349215.581624847371131 ], [ 525928.375599753693677, 1349229.772335172630847 ], [ 525934.348254762589931, 1349246.169025565963238 ], [ 525939.627301969449036, 1349263.532122504431754 ], [ 525944.57687441399321, 1349277.399869359564036 ], [ 525951.543817867175676, 1349295.314859392121434 ], [ 525961.571196004399098, 1349326.869713839842007 ], [ 525964.451091633061878, 1349340.498503571376204 ], [ 525976.15434262517374, 1349366.887335730949417 ], [ 525986.035192180657759, 1349397.872755913529545 ], [ 525991.424320164253004, 1349422.305102330166847 ], [ 525995.152887048316188, 1349445.738835627678782 ], [ 525998.544650117284618, 1349473.187606040155515 ], [ 525999.579543672618456, 1349481.434513849904761 ], [ 526001.114499057177454, 1349497.783439596649259 ], [ 526012.42779253993649, 1349539.394375862088054 ], [ 526011.29545191838406, 1349554.907165738288313 ], [ 526017.40728872793261, 1349588.239966153632849 ], [ 526022.073924983036704, 1349612.62808910291642 ], [ 526025.589985190541483, 1349639.524030374828726 ], [ 526026.85971695324406, 1349670.542141316458583 ], [ 526028.783604983356781, 1349679.067783104488626 ], [ 526031.592219410464168, 1349690.898643048712984 ], [ 526036.545078540802933, 1349709.138717068359256 ], [ 526039.60153630701825, 1349734.661282456945628 ], [ 526043.350862228195183, 1349750.3613196243532 ], [ 526048.827257476979867, 1349771.884488670155406 ], [ 526054.761241540196352, 1349800.722391596995294 ], [ 526060.032113837543875, 1349825.59605663176626 ], [ 526060.942371714743786, 1349850.650753232184798 ], [ 526065.801030481467023, 1349880.767983968369663 ], [ 526069.595655233832076, 1349909.026337722083554 ], [ 526075.792148275650106, 1349936.535165670793504 ], [ 526082.375838224659674, 1349962.162004379788414 ], [ 526088.815655998303555, 1349990.134192120749503 ], [ 526089.252602924243547, 1350014.038882499095052 ], [ 526090.178280544350855, 1350032.928921739337966 ], [ 526092.596250923117623, 1350051.125758079113439 ], [ 526093.819546746090055, 1350060.729518324369565 ], [ 526098.407734998734668, 1350083.431462045758963 ], [ 526100.827569429297, 1350095.686971401795745 ], [ 526103.43040735356044, 1350110.868381895357743 ], [ 526106.913486948003992, 1350132.381542404647917 ], [ 526107.429502719431184, 1350143.175070931436494 ], [ 526108.792749344138429, 1350162.316178396344185 ], [ 526109.425192164373584, 1350171.211099595762789 ], [ 526111.448408789816312, 1350182.545476811937988 ], [ 526112.346576104173437, 1350201.882276616990566 ], [ 526111.144801993505098, 1350225.910726570989937 ], [ 526109.621276324032806, 1350238.933349383762106 ], [ 526108.751955855521373, 1350261.973268062109128 ], [ 526107.581265169894323, 1350289.927245785715058 ], [ 526101.534243545960635, 1350307.268690407508984 ], [ 526099.680740266456269, 1350324.194696311606094 ], [ 526097.726794838323258, 1350361.965733538847417 ], [ 526095.340819336357526, 1350397.916636961745098 ], [ 526091.822623433312401, 1350416.870527748716995 ], [ 526092.032314823940396, 1350426.748471883125603 ], [ 526091.631901847547852, 1350437.7100336891599 ], [ 526087.503618411486968, 1350457.747549733379856 ], [ 526085.480138742364943, 1350478.923079608241096 ], [ 526078.647533319192007, 1350503.166788350325078 ], [ 526069.139408051269129, 1350516.372407695278525 ], [ 526058.788356628152542, 1350534.458892377559096 ], [ 526045.979582979343832, 1350552.730986621696502 ], [ 526031.504961888422258, 1350571.573568877764046 ], [ 526015.865672795218416, 1350584.291177989682183 ], [ 526006.446099900291301, 1350603.443773696199059 ], [ 525994.478557711816393, 1350622.776457228697836 ], [ 525979.132611725712195, 1350645.489318063948303 ], [ 525969.891214417177252, 1350661.738192863995209 ], [ 526346.199437444796786, 1351604.858422577613965 ], [ 526365.351015630294569, 1351619.037818033713847 ], [ 526377.750436675152741, 1351628.094490782357752 ], [ 526455.287068990292028, 1351685.878721845336258 ], [ 526512.542846162221394, 1351733.114066290436313 ], [ 526569.888242256478406, 1351780.355349732097238 ], [ 526839.642429751809686, 1352002.185221537714824 ], [ 527109.38256211404223, 1352224.023927052505314 ], [ 527306.325115075684153, 1352386.127873936435208 ], [ 527401.082313593593426, 1352408.209698441438377 ], [ 527899.348841976025142, 1352524.065489599248394 ], [ 528018.930538898566738, 1352551.942428194917738 ], [ 528171.766464549233206, 1352550.254793694708496 ], [ 528325.259861254366115, 1352532.018524331506342 ], [ 528652.275692020892166, 1352467.528669134713709 ], [ 528933.5410950233927, 1352370.857217835262418 ], [ 529496.425393793033436, 1352079.693025928456336 ], [ 530077.575132488505915, 1351814.693058485165238 ], [ 530272.251710617798381, 1351762.264590605860576 ], [ 531043.771051858784631, 1351554.951386163709685 ], [ 531347.821459018625319, 1351527.368359957356006 ], [ 531635.010733787668869, 1351501.441491982201114 ], [ 532534.333624895778485, 1351420.007869596593082 ], [ 532687.161310331779532, 1351535.664969165809453 ], [ 533112.364561685011722, 1351857.939902515616268 ], [ 533141.461125874309801, 1351894.166225833352655 ], [ 533171.334999441169202, 1351932.458974455017596 ], [ 533201.291902508586645, 1351970.869127351790667 ], [ 533392.76643375272397, 1352216.524780609412119 ], [ 533556.338592632673681, 1352411.009089470375329 ], [ 533590.588433824013919, 1352461.908122294582427 ], [ 533717.206331274006516, 1352650.285566128557548 ], [ 533843.818295043776743, 1352838.665149352047592 ], [ 533856.99903219321277, 1352858.320367502979934 ], [ 533870.096414243802428, 1352877.858312352094799 ], [ 533893.4154566177167, 1352934.020446710055694 ], [ 533908.530989563209005, 1352970.612977151293308 ], [ 533946.881334402016364, 1353063.250584434019402 ], [ 533963.183071561972611, 1353102.607820491539314 ], [ 533966.63908333494328, 1353111.119283506879583 ], [ 533986.403535842197016, 1353158.876367174088955 ], [ 534168.983464745571837, 1353603.224725311622024 ], [ 534406.566708849160932, 1354182.067992864875123 ], [ 534425.976544437464327, 1355036.127088894369081 ], [ 534437.364603345282376, 1355539.221868270076811 ], [ 534476.330413827789016, 1355541.76307214028202 ], [ 534593.123630576650612, 1355549.605482247890905 ], [ 534631.992212851182558, 1355552.253448893548921 ], [ 534646.926052954397164, 1355553.857418159022927 ], [ 534691.436010382254608, 1355558.987644593464211 ], [ 534706.272654204745777, 1355560.69777143211104 ], [ 534771.949168383958749, 1355563.336656608851627 ], [ 534915.585270941955969, 1355569.158073209226131 ], [ 534969.090156145743094, 1355569.469445877242833 ], [ 534971.803558279178105, 1355569.526644577272236 ], [ 535004.15607957856264, 1355570.648557828273624 ], [ 535034.662494041607715, 1355572.328075009863824 ], [ 535043.885273313033395, 1355572.567296767607331 ], [ 535055.189953984809108, 1355572.824342377483845 ], [ 535093.163645565975457, 1355573.848944308003411 ], [ 535116.508665366331115, 1355574.184866681927815 ], [ 535136.855699534178711, 1355574.670067924307659 ], [ 535143.559448359068483, 1355574.640047662658617 ], [ 535154.121502949739806, 1355575.187215301208198 ], [ 535164.347054971265607, 1355685.586450826376677 ], [ 535165.460736660752445, 1355698.212898052530363 ], [ 535181.370702572283335, 1355875.675919058499858 ], [ 535184.077039274736308, 1355875.844865086022764 ], [ 535195.173019189503975, 1355876.537552735069767 ], [ 535197.608721978380345, 1355876.689608043525368 ], [ 535201.675198548240587, 1355876.83135469770059 ], [ 535213.853711640578695, 1355877.591647396795452 ], [ 535217.913215764681809, 1355877.845082140527666 ], [ 535236.982640337198973, 1355878.475033296504989 ], [ 535294.274151049205102, 1355880.482454299693927 ], [ 535309.81139232008718, 1355881.116253213491291 ], [ 535313.246390092885122, 1355881.218622717307881 ], [ 535375.458118065143935, 1355882.74900259100832 ], [ 535396.227604602463543, 1355883.70970633556135 ], [ 535411.931316767935641, 1355884.578318365151063 ], [ 535449.300112449680455, 1355885.118336042854935 ], [ 535645.157303450396284, 1355891.411136818118393 ], [ 535728.124565309030004, 1355894.128793256590143 ], [ 535728.899219069047831, 1355881.73231901274994 ], [ 535731.230158704915084, 1355844.431224443018436 ], [ 535731.997833268833347, 1355832.146435480099171 ], [ 535746.404301419388503, 1355832.037661487003788 ], [ 535756.098826237721369, 1355831.970796515233815 ], [ 535789.421831675572321, 1355833.49272439093329 ], [ 535803.682254290324636, 1355834.271847508382052 ], [ 535805.115737741347402, 1355804.090106105664745 ], [ 535809.318973379093222, 1355713.650970140937716 ], [ 535809.641089984215796, 1355705.598754534497857 ], [ 535813.483089753659442, 1355693.394004756584764 ], [ 535819.106324256397784, 1355687.466957804746926 ], [ 535823.923575231689028, 1355684.292438759934157 ], [ 535836.873456239001825, 1355682.859490972943604 ], [ 535885.484965807409026, 1355684.664621185511351 ], [ 535887.362256019609049, 1355674.915759894996881 ], [ 535890.935837056837045, 1355600.357814212562516 ], [ 535896.196179143735208, 1355600.238158877007663 ], [ 535899.159283504704945, 1355600.647606849903241 ], [ 536020.443031279137358, 1355604.754035260062665 ], [ 536058.048893177532591, 1355605.87202929193154 ], [ 536063.385488729807548, 1355605.981476108077914 ], [ 536079.103684141067788, 1355606.627951728645712 ], [ 536084.343082485720515, 1355606.843450007028878 ], [ 536095.279932600446045, 1355607.19098246912472 ], [ 536128.076515245134942, 1355608.457022265531123 ], [ 536139.006381065468304, 1355608.916289857123047 ], [ 536149.31173247937113, 1355609.224400102859363 ], [ 536180.206833473173901, 1355610.48384304321371 ], [ 536190.414985988056287, 1355610.89803996286355 ], [ 536203.968041250482202, 1355611.409333482384682 ], [ 536244.356563398148865, 1355612.926414480432868 ], [ 536257.819403578876518, 1355613.432150432374328 ], [ 536276.979695492307656, 1355614.070059262216091 ], [ 536334.175955329905264, 1355616.190470080822706 ], [ 536353.239045375026762, 1355616.934584873728454 ], [ 536372.204933845554478, 1355617.784777140710503 ], [ 536374.918338968302123, 1355617.842419962165877 ], [ 536439.706534597091377, 1355620.214282605564222 ], [ 536461.302598638343625, 1355621.005012291949242 ], [ 536468.172831625211984, 1355621.210676026297733 ], [ 536488.776542178820819, 1355621.939379316521809 ], [ 536495.549572658957914, 1355622.251098757376894 ], [ 536508.207471792353317, 1355622.59474077494815 ], [ 536546.160202382481657, 1355623.960815962636843 ], [ 536558.811112225404941, 1355624.416211692150682 ], [ 536571.371808026218787, 1355624.865979943191633 ], [ 536608.956690518883988, 1355626.321427518036216 ], [ 536621.420181430177763, 1355626.877301495522261 ], [ 536636.333426241064444, 1355627.362299828790128 ], [ 536681.059178291121498, 1355629.040808226214722 ], [ 536695.87521744845435, 1355629.631941712461412 ], [ 536710.608033733791672, 1355630.105774336727336 ], [ 536744.494142212322913, 1355631.330264847027138 ], [ 536754.709276567096822, 1355631.63345486856997 ], [ 536769.337894410360605, 1355632.325097976485267 ], [ 536738.685572976944968, 1355496.987413579132408 ], [ 536654.616909517208114, 1355126.898741126991808 ], [ 536647.179322087438777, 1355090.892453257925808 ], [ 536618.833530622068793, 1354954.80353128304705 ], [ 536599.669432017370127, 1354880.392570189433172 ], [ 536589.952843725215644, 1354848.952667232370004 ], [ 536574.345003483584151, 1354798.757152205565944 ], [ 536564.840430307085626, 1354774.057512084254995 ], [ 536554.635603938018903, 1354747.520222709514201 ], [ 536493.200462970649824, 1354629.2061427005101 ], [ 536451.313586277887225, 1354564.697759783361107 ], [ 536441.637613857979886, 1354549.965874624671414 ], [ 536394.082033235346898, 1354479.048997938632965 ], [ 536396.317791622248478, 1354425.934196823276579 ], [ 536403.108219041139819, 1354266.707259623333812 ], [ 536405.246703310753219, 1354213.698587845778093 ], [ 536421.915082172490656, 1354222.365131175145507 ], [ 536429.437798194470815, 1354225.190157178789377 ], [ 536503.93589004711248, 1354253.50729696219787 ], [ 536528.703674433403648, 1354263.017176454421133 ], [ 536547.822594712954015, 1354270.155589300906286 ], [ 536604.901504849316552, 1354291.665823578368872 ], [ 536623.92308940354269, 1354298.910438493359834 ], [ 536646.58806604531128, 1354307.280041094170883 ], [ 536714.485530868172646, 1354332.495240725576878 ], [ 536737.053124430123717, 1354340.971114051993936 ], [ 536772.904403063701466, 1354351.399756614351645 ], [ 536796.174722491181456, 1354355.883633376332 ], [ 536821.318816823652014, 1354360.821230228757486 ], [ 536855.424009950715117, 1354364.413993002148345 ], [ 536903.189794445643201, 1354365.386673558037728 ], [ 536977.442463295767084, 1354364.318495432846248 ], [ 537024.945289214607328, 1354363.705768417799845 ], [ 537031.46962045377586, 1354363.665927450172603 ], [ 537033.558833452523686, 1354363.572545623872429 ], [ 537035.189916365314275, 1354363.562586553627625 ], [ 537038.000946578453295, 1354363.514414061093703 ], [ 537041.082658289116807, 1354363.483195744687691 ], [ 537072.448138209059834, 1354363.093304672976956 ], [ 537074.09321168565657, 1354362.859998275293037 ], [ 537098.17899660684634, 1354360.108271514531225 ], [ 537117.081306707113981, 1354354.789603125769645 ], [ 537145.634562220307998, 1354342.900148198241368 ], [ 537178.264302584575489, 1354326.669428329914808 ], [ 537212.011885191313922, 1354309.948283989913762 ], [ 537215.844159576925449, 1354308.058186542009935 ], [ 537234.429205466411076, 1354299.132192596327513 ], [ 537244.426440782961436, 1354294.26490162150003 ], [ 537261.706372296554036, 1354285.929885856341571 ], [ 537288.704459421918727, 1354275.737295620376244 ], [ 537320.30975429690443, 1354268.636380312498659 ], [ 537345.381430559675209, 1354266.059223214164376 ], [ 537349.8446012691129, 1354265.666222406551242 ], [ 537379.815103872679174, 1354265.862705193227157 ], [ 537383.118181654019281, 1354187.140333718620241 ], [ 537393.02721577626653, 1353950.973535594763234 ], [ 537396.232929703546688, 1353872.357396815903485 ], [ 537507.697781054768711, 1353878.895125140668824 ], [ 537542.985581292072311, 1353880.995016873348504 ], [ 537651.147543411701918, 1353885.309491275576875 ], [ 537828.147920952062123, 1353896.969732018886134 ], [ 537841.772959138615988, 1353897.824307883158326 ], [ 537953.091222853166983, 1353905.255576368421316 ], [ 537870.848310501431115, 1353802.555927844950929 ], [ 537866.749110973440111, 1353797.141494825715199 ], [ 537738.165239090332761, 1353628.752254528691992 ], [ 537704.356026083463803, 1353561.1569553099107 ], [ 537650.385643197107129, 1353446.666992567013949 ], [ 537645.26863767427858, 1353435.807369281770661 ], [ 537582.73235120344907, 1353304.748605767032132 ], [ 537553.474438675795682, 1353249.772170795593411 ], [ 537510.907763240509667, 1353170.081294826464728 ], [ 537475.0555291416822, 1353098.883789554005489 ], [ 537469.288351538707502, 1353082.489972725743428 ], [ 537459.348029423621483, 1353054.623182258801535 ], [ 537450.778215124388225, 1353020.788125810213387 ], [ 537586.592781548970379, 1353026.385697160381824 ], [ 537778.968281584908254, 1353034.410920104011893 ], [ 537898.519155297894031, 1353037.872439285973087 ], [ 537921.032034033210948, 1353037.154343613423407 ], [ 537949.739008743083104, 1353033.012945235706866 ], [ 537993.823712161858566, 1353026.360761632444337 ], [ 538019.337297910358757, 1353022.579835150390863 ], [ 538129.443560499697924, 1353009.083267506677657 ], [ 538129.480309754726477, 1353005.610011653741822 ], [ 538129.319832004257478, 1352995.173257059417665 ], [ 538129.169089928502217, 1352991.800351691897959 ], [ 538035.264869952341542, 1353005.528595315758139 ], [ 537973.358776776003651, 1353014.650280712172389 ], [ 537944.409022539155558, 1353018.327915834495798 ], [ 537912.453318704268895, 1353022.265561436535791 ], [ 537888.201879941858351, 1353016.035639197798446 ], [ 537838.28628697397653, 1352997.208987005986273 ], [ 537760.63060869788751, 1352965.65590782626532 ], [ 537671.654442063416354, 1352929.694049490382895 ], [ 537600.205113549251109, 1352921.963524071965367 ], [ 537513.00527130451519, 1352912.573716094950214 ], [ 537438.762582069030032, 1352786.052639085100964 ], [ 537396.999889882630669, 1352715.158139242557809 ], [ 537394.554839839576744, 1352718.032008775742725 ], [ 537387.108461769996211, 1352726.982993991114199 ], [ 537384.566176111460663, 1352729.96288752858527 ], [ 537399.443080190685578, 1352660.263251186814159 ], [ 537404.19569469394628, 1352637.914032954489812 ], [ 537432.415920166647993, 1352498.418866101885214 ], [ 537441.735371084767394, 1352450.906031605089083 ], [ 537445.208495874423534, 1352433.073352983919904 ], [ 537455.266207370790653, 1352381.010152941569686 ], [ 537458.509157017688267, 1352365.405338418669999 ], [ 537467.075172445271164, 1352325.581203114707023 ], [ 537502.502704225829802, 1352159.294608261203393 ], [ 537514.305094950599596, 1352103.977503082482144 ], [ 537525.809574954677373, 1352047.632742055226117 ], [ 537530.373681499157101, 1352028.298930008895695 ], [ 537551.72719222784508, 1351936.246757137589157 ], [ 537571.773277154192328, 1351849.157843130873516 ], [ 537581.232250184053555, 1351802.326783556956798 ], [ 537596.496352134272456, 1351726.485943761887029 ], [ 537600.740933235734701, 1351707.916972528211772 ], [ 537613.377500227419659, 1351652.316106377402321 ], [ 537615.256307177594863, 1351644.025385232409462 ], [ 537617.524878230760805, 1351633.853172464529052 ], [ 537619.710196797735989, 1351623.563629666343331 ], [ 537654.152274657622911, 1351464.391862371470779 ], [ 537658.766552666202188, 1351442.819074549945071 ], [ 537715.259517195750959, 1351179.083398575894535 ], [ 537732.365429015015252, 1351102.797998914495111 ], [ 537754.127423556987196, 1351005.727401512209326 ], [ 537783.811232684995048, 1350870.474766063969582 ], [ 537825.495398196857423, 1350679.694357719738036 ], [ 537830.730394777026959, 1350654.012533844215795 ], [ 537846.34524558542762, 1350576.961455652723089 ], [ 537851.483058277866803, 1350551.38568058097735 ], [ 537854.830503348028287, 1350537.020983315538615 ], [ 537858.769330273848027, 1350520.451125422026962 ], [ 537880.426831605494954, 1350427.971245509339496 ], [ 537887.615984106436372, 1350397.142760674003512 ], [ 537899.301078216871247, 1350333.635275947395712 ], [ 537916.421223196317442, 1350274.504660407546908 ], [ 537933.79912078124471, 1350214.157029916765168 ], [ 537953.041842354577966, 1350160.204653377411887 ], [ 537960.545838459511288, 1350138.813411212060601 ], [ 537985.575464672525413, 1350067.734579029725865 ], [ 538037.249749379814602, 1349920.072908136993647 ], [ 538078.430220133857802, 1349802.47203235165216 ], [ 538158.094900640076958, 1349575.622395756421611 ], [ 538217.237050184165128, 1349407.241547421785071 ], [ 538270.295474435202777, 1349254.959885348565876 ], [ 538375.665829006582499, 1348952.256907349918038 ], [ 538396.130514779943042, 1348894.794959412422031 ], [ 538476.586506199208088, 1348668.559421423589811 ], [ 538490.995199740515091, 1348612.287266585510224 ], [ 538510.464681205921806, 1348536.040762681979686 ], [ 538531.812347478582524, 1348442.871426000725478 ], [ 538544.797976208501495, 1348386.173791447188705 ], [ 538579.274358654743992, 1348242.70636420766823 ], [ 538580.27004801935982, 1348238.396559233544394 ], [ 538630.989372632117011, 1348005.139783725142479 ], [ 538679.822920106817037, 1347793.290372301824391 ], [ 538713.867696748697199, 1347645.200416512787342 ], [ 538726.876081722206436, 1347588.168439051136374 ], [ 538765.880945788929239, 1347417.407801819732413 ], [ 538778.79251306457445, 1347360.482015440706164 ], [ 538783.207168690278195, 1347342.14900567359291 ], [ 538796.444207089487463, 1347287.261676717549562 ], [ 538800.851906607742421, 1347269.04035688820295 ], [ 538825.13813207228668, 1347159.46479977760464 ], [ 538853.409189128899015, 1347031.193133339751512 ], [ 538881.282861928339116, 1346906.3720946717076 ], [ 538898.152001639013179, 1346831.197179793380201 ], [ 538922.606571459909901, 1346721.856991887558252 ], [ 538933.227903892053291, 1346675.438217781484127 ], [ 538937.267793849343434, 1346657.30604909430258 ], [ 538965.002085080021061, 1346536.176414985675365 ], [ 538975.526423217961565, 1346489.863764909328893 ], [ 538995.334755585761741, 1346403.999276977265254 ], [ 539054.490519463433884, 1346146.38945420156233 ], [ 539074.209672997239977, 1346060.519731784937903 ], [ 539092.556029626051895, 1345982.075131494086236 ], [ 539114.002213803702034, 1345890.372326452285051 ], [ 539146.415406315005384, 1345746.779801765922457 ], [ 539164.130490017705597, 1345668.295855485834181 ], [ 539168.107934404048137, 1345651.1689602448605 ], [ 539180.019292282871902, 1345600.123302832478657 ], [ 539183.982752967393026, 1345583.219759702915326 ], [ 539185.871531625511125, 1345573.360801285365596 ], [ 539191.350230170413852, 1345543.884253374533728 ], [ 539193.141685279784724, 1345534.131293433718383 ], [ 539202.395443417131901, 1345500.856019175145775 ], [ 539238.397287613130175, 1345343.476160066435114 ], [ 539240.891215053619817, 1345332.646276355488226 ], [ 539245.516918576671742, 1345312.421162194106728 ], [ 539288.535392995574512, 1345124.204489276977256 ], [ 539301.89474794419948, 1345070.335346390027553 ], [ 539323.513373219757341, 1344997.59057598002255 ], [ 539401.778155049891211, 1344773.809211558895186 ], [ 539440.5776544183027, 1344662.906929660355672 ], [ 539514.879657725454308, 1344450.312842378625646 ], [ 539508.556456133257598, 1344449.91544630844146 ], [ 539476.217791990493424, 1344447.883122085593641 ], [ 539373.691529640113004, 1344441.440664894413203 ], [ 539358.960471493192017, 1344440.627215194748715 ], [ 539309.639435673831031, 1344437.528545179404318 ], [ 539283.443273878539912, 1344435.882846657186747 ], [ 539254.808153343154117, 1344434.084019377594814 ], [ 539159.973946100100875, 1344427.903108381433412 ], [ 538950.196376101579517, 1344413.721401086775586 ], [ 538922.554832026362419, 1344411.98606511275284 ], [ 538913.61197833425831, 1344411.424651941983029 ], [ 538808.917314350837842, 1344404.852841197513044 ], [ 538813.374883438809775, 1344333.832960265688598 ], [ 538818.73112984537147, 1344245.605165081564337 ], [ 538826.455542654381134, 1344121.091578747844324 ], [ 538828.453810777165927, 1344087.809377199737355 ], [ 538830.176395386224613, 1344050.249851929256693 ], [ 538835.408025397220626, 1343974.12190691404976 ], [ 538836.235054834047332, 1343960.945309918839484 ], [ 538844.764666268252768, 1343825.047786348499358 ], [ 538849.726834756787866, 1343745.988333952380344 ], [ 538850.084278960479423, 1343740.293375574285164 ], [ 538851.918195230071433, 1343702.404638758394867 ], [ 538854.49976467282977, 1343669.943913783645257 ], [ 538860.466597709804773, 1343596.552910250145942 ], [ 538882.614881032961421, 1343242.232533185277134 ], [ 538888.502949867048301, 1343146.976363941095769 ], [ 538889.355706689064391, 1343137.725160224363208 ], [ 537893.407510671182536, 1343073.478601348120719 ] ] ] } },
{ "type": "Feature", "properties": { "community_id": "Selected low-growth community", "zcta": "38128", "overlap_sq_m": 46528410.783799171, "overlap_sq_miles": 17.964719837174474, "share_of_community_area": 0.083649623411547483 }, "geometry": { "type": "MultiPolygon", "coordinates": [ [ [ [ 547246.855053299455903, 1373712.083548243623227 ], [ 547254.465629393351264, 1373716.04680031305179 ], [ 547398.273638942162506, 1373792.420670883962885 ], [ 547401.075756697100587, 1373793.833537165308371 ], [ 547449.608959660981782, 1373819.367687625810504 ], [ 547470.398194954381324, 1373830.678770848782733 ], [ 547485.431744732195511, 1373838.705848982557654 ], [ 547509.381319577572867, 1373862.779315926367417 ], [ 547544.735144507256337, 1373880.966305991634727 ], [ 547555.007445160415955, 1373887.118782911915332 ], [ 547570.595247024786659, 1373894.957212440669537 ], [ 547583.456692071515135, 1373901.611876307521015 ], [ 547590.339632996823639, 1373905.641021278686821 ], [ 547604.842880347045138, 1373912.064378497190773 ], [ 547614.121950773987919, 1373919.611219171667472 ], [ 547617.511248101247475, 1373921.734608013415709 ], [ 547621.32497176725883, 1373922.875876737991348 ], [ 547649.468184013501741, 1373937.910333987092599 ], [ 547666.533196408650838, 1373948.086383331567049 ], [ 547669.623807551106438, 1373950.639247172279283 ], [ 547690.571040583890863, 1373962.297457455657423 ], [ 547698.086962943780236, 1373964.909355981275439 ], [ 547708.977837042184547, 1373969.868058143882081 ], [ 547712.798679502098821, 1373970.897682298440486 ], [ 547723.570915269432589, 1373976.297382412012666 ], [ 547734.796180139877833, 1373980.268237487180158 ], [ 547745.575542283593677, 1373985.556279968935996 ], [ 547760.07854851859156, 1373991.979903366416693 ], [ 547767.587275502388366, 1373994.703548991587013 ], [ 547771.08082991943229, 1373996.609392368001863 ], [ 547780.762655516620725, 1374003.509360084077343 ], [ 547794.236675954074599, 1374011.885742251528427 ], [ 547801.320929925772361, 1374015.591531332116574 ], [ 547814.996407949016429, 1374023.644418632844463 ], [ 547817.989776453236118, 1374026.30325842788443 ], [ 547821.281811233959161, 1374028.532650502165779 ], [ 547828.581840657629073, 1374031.69156358577311 ], [ 547841.548454065807164, 1374040.932683561462909 ], [ 547862.092251604422927, 1374053.238374874694273 ], [ 547881.803132849279791, 1374063.023616984719411 ], [ 547883.553460640367121, 1374063.920719433343038 ], [ 547908.19513364136219, 1374077.161835981765762 ], [ 547915.710897572804242, 1374079.77392738382332 ], [ 547948.299834118108265, 1374094.533465710002929 ], [ 547987.311025748611428, 1374114.863131509628147 ], [ 547997.58989813842345, 1374120.904463147744536 ], [ 548007.271406164392829, 1374127.804692604579031 ], [ 548010.174660144839436, 1374130.45783493667841 ], [ 548016.654223302728496, 1374135.134375642752275 ], [ 548051.90159073844552, 1374153.54109590058215 ], [ 548072.250482759438455, 1374166.059137529227883 ], [ 548081.737532785511576, 1374173.171289905905724 ], [ 548100.017768104211427, 1374181.295401457231492 ], [ 548107.108913777279668, 1374184.889762081671506 ], [ 548118.207951941993088, 1374189.413784799398854 ], [ 548125.849360154010355, 1374191.473402734613046 ], [ 548129.34275926486589, 1374193.37939469772391 ], [ 548151.673738276935183, 1374201.763168032746762 ], [ 548155.159971500863321, 1374203.780856111086905 ], [ 548162.675559041206725, 1374206.393166322261095 ], [ 548180.649816198041663, 1374215.058574627386406 ], [ 548186.441843696637079, 1374220.588351824088022 ], [ 548197.562269248766825, 1374224.777422079117969 ], [ 548207.33352217648644, 1374231.683650893857703 ], [ 548211.132727778982371, 1374233.048555322922766 ], [ 548224.911825836403295, 1374240.884506366914138 ], [ 548232.21153933275491, 1374244.043767802417278 ], [ 548235.600562020088546, 1374246.1674057492055 ], [ 548238.690899327863008, 1374248.720479982672259 ], [ 548245.580426860367879, 1374252.63847525883466 ], [ 548253.088789839646779, 1374255.362551037222147 ], [ 548263.353000248782337, 1374261.627578024519607 ], [ 548270.451173936831765, 1374265.110390348825604 ], [ 548280.319499551784247, 1374271.910788125125691 ], [ 548291.47256964223925, 1374276.999234286136925 ], [ 548302.099838588153943, 1374281.829706827644259 ], [ 548312.07961366919335, 1374288.30085534020327 ], [ 548323.059768988401629, 1374293.266118399333209 ], [ 548343.818133683991618, 1374305.026098200352862 ], [ 548349.804348050267436, 1374310.344158499035984 ], [ 548357.103960434440523, 1374313.503527800319716 ], [ 548378.063743952428922, 1374324.940076358383521 ], [ 548383.855570274055935, 1374330.469991136109456 ], [ 548390.730649966746569, 1374334.611475998768583 ], [ 548393.83522897795774, 1374336.941237003309652 ], [ 548399.432683612918481, 1374342.682992397807539 ], [ 548402.828787099919282, 1374344.695012544281781 ], [ 548406.732251576031558, 1374345.842404650524259 ], [ 548413.927477845107205, 1374349.219423132250085 ], [ 548420.80968847067561, 1374353.24924729950726 ], [ 548428.206417139037512, 1374356.302763558458537 ], [ 548442.2838195807999, 1374363.709642008179799 ], [ 548453.591142007266171, 1374367.798905301839113 ], [ 548461.462482352857478, 1374369.088569979649037 ], [ 548466.695715290377848, 1374373.461290296865627 ], [ 548470.084631086327136, 1374375.585022843675688 ], [ 548477.488485550740734, 1374378.526896774303168 ], [ 548488.817256537498906, 1374382.281150994589552 ], [ 548492.504856803687289, 1374383.975465932395309 ], [ 548495.699407583801076, 1374386.311036208644509 ], [ 548502.68589083920233, 1374390.123328143497929 ], [ 548517.16621095710434, 1374396.883306212490425 ], [ 548527.735923516564071, 1374402.607544901315123 ], [ 548545.918106699711643, 1374410.838533526519313 ], [ 548559.689467686228454, 1374418.786717581329867 ], [ 548576.036438556853682, 1374430.264428531285375 ], [ 548586.926256022532471, 1374435.224261966533959 ], [ 548621.267988598207012, 1374455.033316870220006 ], [ 548631.956230792799033, 1374460.316718255635351 ], [ 548635.866779947536997, 1374461.352530369069427 ], [ 548639.359962409129366, 1374463.258733713068068 ], [ 548642.547281754203141, 1374465.706045239698142 ], [ 548664.042371070943773, 1374475.831947816070169 ], [ 548682.781808458850719, 1374482.416819234611467 ], [ 548708.277355503523722, 1374493.584443080006167 ], [ 548711.680494554108009, 1374495.484902461990714 ], [ 548719.174186859279871, 1374498.432761473814026 ], [ 548732.549373881542124, 1374506.916558208642527 ], [ 548735.437948974431492, 1374509.793323490768671 ], [ 548742.12552900868468, 1374514.035232207970694 ], [ 548744.924083346151747, 1374516.906226615421474 ], [ 548755.660124193294905, 1374525.669348643394187 ], [ 548781.58272521791514, 1374544.266161329578608 ], [ 548788.777648982359096, 1374547.643499062396586 ], [ 548795.548023305949755, 1374552.002910471288487 ], [ 548812.916388149140403, 1374561.64018321223557 ], [ 548819.589559670188464, 1374566.105524249142036 ], [ 548823.291351452236995, 1374567.576613271608949 ], [ 548840.465295097907074, 1374577.4257630945649 ], [ 548866.064717029919848, 1374588.37626842292957 ], [ 548873.572612411109731, 1374591.100893972208723 ], [ 548880.350077291252092, 1374595.348688499769196 ], [ 548895.142816946143284, 1374601.456530707888305 ], [ 548908.816383660887368, 1374609.511195398168638 ], [ 548926.90061165811494, 1374617.848913010209799 ], [ 548933.983906493289396, 1374621.55565356137231 ], [ 548945.305017038015649, 1374625.422202485147864 ], [ 548948.798067908152007, 1374627.328534084372222 ], [ 548967.313951538992114, 1374634.572592346929014 ], [ 548984.897833454888314, 1374643.663346637040377 ], [ 548995.88434466754552, 1374648.517798568122089 ], [ 549006.302090849843808, 1374653.784343099221587 ], [ 549021.364690181449987, 1374659.909736590459943 ], [ 549031.350672197877429, 1374666.270054218592122 ], [ 549035.156738406280056, 1374667.523642861284316 ], [ 549038.746935221948661, 1374669.324103890918195 ], [ 549045.128364975913428, 1374674.107347029261291 ], [ 549052.211565835401416, 1374677.81418671249412 ], [ 549058.697332293028012, 1374682.379847571952268 ], [ 549065.877702713944018, 1374685.980791241396219 ], [ 549088.303770416765474, 1374694.261125522200018 ], [ 549095.088221632642671, 1374698.397407798096538 ], [ 549101.566781411529519, 1374703.074786785291508 ], [ 549107.170693698571995, 1374708.705333678750321 ], [ 549110.559325294918381, 1374710.829324320890009 ], [ 549114.358192408573814, 1374712.194633558392525 ], [ 549120.649535988690332, 1374716.972156200325117 ], [ 549141.0856139609823, 1374729.498561683809385 ], [ 549148.175899765803479, 1374733.09379704343155 ], [ 549159.608301830827259, 1374736.631355373654515 ], [ 549163.302797989337705, 1374738.214277980616316 ], [ 549184.274872118490748, 1374749.429461151594296 ], [ 549195.163961857091635, 1374754.390078180236742 ], [ 549207.433431504061446, 1374764.598022317979485 ], [ 549210.724834108143114, 1374766.827959271380678 ], [ 549228.182336692349054, 1374776.471866805106401 ], [ 549231.563741817139089, 1374778.707591275218874 ], [ 549245.841338798170909, 1374785.792314591351897 ], [ 549248.834002458956093, 1374788.451667926041409 ], [ 549258.700975094223395, 1374795.253216468030587 ], [ 549272.784156453912146, 1374802.549796149367467 ], [ 549279.15818764094729, 1374807.444902888033539 ], [ 549286.345538407098502, 1374810.934349356219172 ], [ 549292.831082795280963, 1374815.500191549770534 ], [ 549300.338660020264797, 1374818.225195156410336 ], [ 549313.824323497246951, 1374826.380642696050927 ], [ 549317.414399075321853, 1374828.181222412735224 ], [ 549328.533546487335116, 1374832.371777326799929 ], [ 549335.32494950981345, 1374836.396568720694631 ], [ 549338.511935974122025, 1374838.84414529777132 ], [ 549345.296156924567185, 1374842.98062972095795 ], [ 549352.69933878199663, 1374845.923269042279571 ], [ 549373.64222454035189, 1374857.585663651814684 ], [ 549377.358151128282771, 1374858.833625027211383 ], [ 549383.843612354248762, 1374863.399537587771192 ], [ 549391.135234218556434, 1374866.671484360005707 ], [ 549398.210962382610887, 1374870.490299797384068 ], [ 549404.786415296024643, 1374875.062009687768295 ], [ 549412.092366557335481, 1374878.110604697139934 ], [ 549418.772164499154314, 1374882.464736975030974 ], [ 549432.840727849747054, 1374889.984953856561333 ], [ 549435.840471256058663, 1374892.532689474523067 ], [ 549439.326136775198393, 1374894.55090937577188 ], [ 549446.826430002693087, 1374897.38772767689079 ], [ 549450.214906240231358, 1374899.511855353834108 ], [ 549460.812108764890581, 1374904.79052469227463 ], [ 549468.22237581841182, 1374907.621580133447424 ], [ 549475.409571369411424, 1374911.111187536269426 ], [ 549482.819828732055612, 1374913.942255729110911 ], [ 549486.640076719108038, 1374914.972677189158276 ], [ 549493.611365491291508, 1374919.009160373592749 ], [ 549508.007236795732751, 1374925.653369779698551 ], [ 549519.014640456764027, 1374930.173446975648403 ], [ 549525.993077387684025, 1374934.098272046772763 ], [ 549545.539050847059116, 1374947.80215201084502 ], [ 549555.614334321930073, 1374954.168875647941604 ], [ 549561.793723440612666, 1374959.27600183384493 ], [ 549567.299980074865744, 1374965.012761493679136 ], [ 549570.494029316585511, 1374967.348741628462449 ], [ 549584.46514211629983, 1374974.97511368826963 ], [ 549590.554488741094247, 1374980.076478270115331 ], [ 549601.547430911916308, 1374984.820032834541053 ], [ 549609.843336472287774, 1374987.932414598064497 ], [ 549620.173587579163723, 1374991.736247823573649 ], [ 549627.256292698788457, 1374995.443570781266317 ], [ 549655.579272709204815, 1375007.58091881335713 ], [ 549660.324980836128816, 1375009.680203851079568 ], [ 549667.853815676877275, 1375012.070478535955772 ], [ 549675.249575633555651, 1375015.125084676546976 ], [ 549689.436428514658473, 1375022.204774352489039 ], [ 549704.019183820229955, 1375028.749201236991212 ], [ 549711.011815180303529, 1375032.450810013338923 ], [ 549718.303179294103757, 1375035.723038898780942 ], [ 549729.187743490096182, 1375039.338342149741948 ], [ 549740.958039085031487, 1375043.234876055503264 ], [ 549785.879549296223558, 1375098.045666151447222 ], [ 549827.660721878288314, 1375132.805010275216773 ], [ 549836.151326011284254, 1375138.509506569011137 ], [ 549847.476329302997328, 1375149.330645343055949 ], [ 549870.175976957543753, 1375167.38748560869135 ], [ 549935.932630187133327, 1375212.996847421629354 ], [ 550017.888481204514392, 1375230.153871549060568 ], [ 550072.022748184623197, 1375234.419994544936344 ], [ 550081.201064425637014, 1375242.075470431707799 ], [ 550101.746103475103155, 1375254.274945742217824 ], [ 550105.551773660932668, 1375255.529014722444117 ], [ 550124.55856047058478, 1375262.134438964072615 ], [ 550136.241760490695015, 1375264.568044032203034 ], [ 550152.118943546782248, 1375265.028479426633567 ], [ 550160.021403400343843, 1375264.415284626185894 ], [ 550187.501491250004619, 1375260.126890742219985 ], [ 550195.313952889409848, 1375259.507939186878502 ], [ 550218.243015641230159, 1375252.908269446808845 ], [ 550249.358996395254508, 1375245.489550592843443 ], [ 550257.221771662705578, 1375244.088864303892478 ], [ 550281.066550194867887, 1375245.734973835991696 ], [ 550311.087049360387027, 1375256.750207372009754 ], [ 550341.2477841359796, 1375266.989546948345378 ], [ 550368.246883712825365, 1375272.988283622311428 ], [ 550392.195960126933642, 1375274.417125469772145 ], [ 550400.084069631295279, 1375274.027521285228431 ], [ 550435.773423079052009, 1375274.193298615049571 ], [ 550459.423394733341411, 1375273.247997177531943 ], [ 550467.243067360017449, 1375272.517609698465094 ], [ 550495.084015032975003, 1375273.860759363276884 ], [ 550514.896515376283787, 1375276.369487592950463 ], [ 550558.722766429535113, 1375279.302411445649341 ], [ 550568.09068769030273, 1375279.793238683836535 ], [ 550595.920976938912645, 1375282.70608929451555 ], [ 550619.650333828758448, 1375283.336397329345345 ], [ 550633.104514178354293, 1375283.52960449969396 ], [ 550679.95475345721934, 1375284.414878045674413 ], [ 550715.543464149348438, 1375286.145400763489306 ], [ 550723.492840655497275, 1375286.208626306382939 ], [ 550751.261846177047119, 1375288.669450831366703 ], [ 550767.153407293837517, 1375288.907659750198945 ], [ 550815.011598700191826, 1375288.176367433974519 ], [ 550834.82751137483865, 1375289.228148324182257 ], [ 550856.591107445769012, 1375289.508228765800595 ], [ 550866.700654697953723, 1375289.710702846292406 ], [ 550882.520296304370277, 1375291.065965919522569 ], [ 550890.455291128833778, 1375291.352714573731646 ], [ 550910.199266705662012, 1375293.521509659243748 ], [ 550930.659782334463671, 1375297.194416522048414 ], [ 550936.74428097717464, 1375298.147050921339542 ], [ 550937.809976088232361, 1375298.439986522076651 ], [ 550940.232967327814549, 1375298.708198414649814 ], [ 550939.908208158216439, 1375286.911819308297709 ], [ 550939.547302447608672, 1375272.870168659836054 ], [ 550939.294824629789218, 1375265.564336845185608 ], [ 550938.695640531834215, 1375241.189798780716956 ], [ 550935.285086056683213, 1375113.122395628597587 ], [ 550935.293006193358451, 1375069.497703780187294 ], [ 550933.614157724310644, 1374946.812939946074039 ], [ 550926.404987756512128, 1374678.429999186424538 ], [ 550925.784547463990748, 1374662.80165947903879 ], [ 550921.142907900037244, 1374559.440030526835471 ], [ 550881.163930250331759, 1373946.453743849182501 ], [ 550877.821374445687979, 1373895.885021613677964 ], [ 550867.511979534407146, 1373740.123627903405577 ], [ 550874.800134591758251, 1373739.247165945358574 ], [ 550888.281528726802208, 1373734.844405720708892 ], [ 550899.912129313568585, 1373731.107506420463324 ], [ 550918.286801880341955, 1373722.30977003229782 ], [ 550987.784699473530054, 1373680.469231240916997 ], [ 550992.015593229793012, 1373677.938073870493099 ], [ 551009.475852390518412, 1373669.305923993466422 ], [ 551021.765541356639005, 1373665.163049764698371 ], [ 551040.598226727219298, 1373661.890203721122816 ], [ 551074.573062598356046, 1373660.714199716923758 ], [ 551241.019396387739107, 1373654.727466972544789 ], [ 551422.413738903822377, 1373648.249494177056476 ], [ 551509.409280154504813, 1373643.539708629017696 ], [ 551522.922461257898249, 1373583.96411459473893 ], [ 551527.484283682424575, 1373553.866626879200339 ], [ 551528.398275371757336, 1373522.861112147569656 ], [ 551519.537137498613447, 1373410.704709897749126 ], [ 551521.14069747319445, 1373310.101156785385683 ], [ 551518.789991167373955, 1373206.32700383476913 ], [ 551519.879687668173574, 1373154.361681926762685 ], [ 551518.730260352720506, 1373131.52203565905802 ], [ 551516.518910000217147, 1373123.753591162152588 ], [ 551507.331980062765069, 1373113.404734763782471 ], [ 551505.315156766911969, 1373108.228181711165234 ], [ 551503.391215957235545, 1373079.170622001867741 ], [ 551501.471341432188638, 1373065.477263871347532 ], [ 551496.490604125894606, 1373057.193883762229234 ], [ 551485.423774274066091, 1373047.957488046726212 ], [ 551480.605123190092854, 1373041.366749221924692 ], [ 551478.083972130087204, 1373032.793337646406144 ], [ 551479.494386991253123, 1372996.885567242279649 ], [ 551481.378779474296607, 1372922.766794057330117 ], [ 551482.599175241193734, 1372910.845905387541279 ], [ 551485.451100090751424, 1372903.067410388262942 ], [ 551494.961659267893992, 1372891.568731600418687 ], [ 551500.302254767157137, 1372888.660756673198193 ], [ 551506.193893252289854, 1372887.021902492269874 ], [ 551706.652197585674003, 1372892.207371348515153 ], [ 551766.577584915445186, 1372893.82875076844357 ], [ 551826.83068730996456, 1372897.378160591935739 ], [ 551935.247248501284048, 1372908.296338927233592 ], [ 551953.761443169903941, 1372908.593513600062579 ], [ 551967.223123124102131, 1372904.527533516520634 ], [ 551975.311768879881129, 1372896.862716766772792 ], [ 551869.366545821656473, 1372743.902913381578401 ], [ 551806.411154932924546, 1372653.266342581715435 ], [ 551797.872219967423007, 1372641.27683824650012 ], [ 551768.189229875220917, 1372599.663205840159208 ], [ 551710.720334772369824, 1372519.250151180662215 ], [ 551667.915915298624896, 1372458.174842138774693 ], [ 551565.045814518118277, 1372312.034841332351789 ], [ 551510.014754520030692, 1372233.014297577785328 ], [ 551485.439697297988459, 1372197.674849200295284 ], [ 551317.331015384988859, 1371958.179484930355102 ], [ 551273.263516861246899, 1371895.567528363084421 ], [ 551255.314262975356542, 1371869.627345484914258 ], [ 551134.363761879270896, 1371696.536300248000771 ], [ 551118.049085225677118, 1371673.281083175446838 ], [ 551112.195331187103875, 1371664.493297929642722 ], [ 551094.619607324013487, 1371638.353330683428794 ], [ 551088.675756555283442, 1371629.55976476543583 ], [ 551061.679852643283084, 1371591.038144132122397 ], [ 551005.302591776824556, 1371511.710914977593347 ], [ 550911.015036801341921, 1371379.366855741245672 ], [ 550844.187237271224149, 1371285.350334458053112 ], [ 550828.595070615992881, 1371263.488070434890687 ], [ 550773.023674716474488, 1371184.214723493205383 ], [ 550754.883930791867897, 1371158.375812139129266 ], [ 550705.850191257195547, 1371088.495230664266273 ], [ 550678.202091732528061, 1371048.811806494835764 ], [ 550672.084431820781901, 1371039.895297647919506 ], [ 550692.048763067694381, 1371028.956389574101195 ], [ 550773.329264011466876, 1370984.171365721616894 ], [ 550853.292380383587442, 1370940.199424781836569 ], [ 551076.689984021126293, 1370817.318784506293014 ], [ 551177.84290511533618, 1370761.705641283420846 ], [ 551157.919993730494753, 1370734.068970936583355 ], [ 551120.491192135727033, 1370681.97931528557092 ], [ 551115.411174322245643, 1370673.802185216685757 ], [ 551098.257987222634256, 1370646.680485500022769 ], [ 551060.1243875939399, 1370581.64938528300263 ], [ 551015.280995270586573, 1370502.841562871122733 ], [ 551001.963985110283829, 1370479.33139521162957 ], [ 550951.026077161310241, 1370387.011017619865015 ], [ 550947.127433172077872, 1370380.143644949654117 ], [ 550923.133372573880479, 1370335.648571454221383 ], [ 550908.741877069580369, 1370309.153749246150255 ], [ 550898.234645679476671, 1370289.749659219291061 ], [ 550895.571785477921367, 1370284.756141282850876 ], [ 550892.65311978792306, 1370279.521874733036384 ], [ 550887.575996017782018, 1370269.887273105559871 ], [ 550884.815874057239853, 1370264.999641997041181 ], [ 550865.768489049514756, 1370229.346013356000185 ], [ 550856.233949308632873, 1370211.686737715965137 ], [ 550842.81067361345049, 1370182.78726986492984 ], [ 550833.661208162782714, 1370163.358542597852647 ], [ 550813.694537756731734, 1370126.52450355142355 ], [ 550811.200688365381211, 1370120.308339653303847 ], [ 550795.574507248820737, 1370082.071575375739485 ], [ 550795.87051917577628, 1370085.903451938880607 ], [ 550797.403357125702314, 1370097.216294314712286 ], [ 550797.789428362622857, 1370101.053967246087268 ], [ 550795.120147649664432, 1370101.779323911992833 ], [ 550789.781587705714628, 1370103.230039767222479 ], [ 550756.615403648465872, 1370111.300667305942625 ], [ 550751.759272914845496, 1370110.876036877511069 ], [ 550747.670113694272004, 1370108.370065429015085 ], [ 550746.462919619982131, 1370106.049545271787792 ], [ 550744.185534224496223, 1370102.090173278469592 ], [ 550739.171396927325986, 1370083.039821562590078 ], [ 550735.30163389898371, 1370078.529420617036521 ], [ 550718.560685342876241, 1370075.882223639171571 ], [ 550711.030947262304835, 1370072.033470299560577 ], [ 550689.060657106339931, 1370077.572640229947865 ], [ 550676.294414, 1370082.021919827442616 ], [ 550662.274997926666401, 1370089.081995528191328 ], [ 550640.04712484346237, 1370104.248915149830282 ], [ 550616.105329415411688, 1370123.567018401110545 ], [ 550611.534769386984408, 1370128.543648632476106 ], [ 550603.550598296686076, 1370141.599175436189398 ], [ 550584.981330071110278, 1370187.055624462431297 ], [ 550583.115970996790566, 1370190.748450949788094 ], [ 550479.078407022054307, 1370057.784737937152386 ], [ 550383.348706520861015, 1369926.366136906435713 ], [ 550385.067444980377331, 1369910.888993101892993 ], [ 550355.601090369280428, 1369869.85686005698517 ], [ 550496.84885146189481, 1369799.768491270486265 ], [ 550579.131096097757109, 1369915.296196918003261 ], [ 550660.023800342576578, 1369907.603898473782465 ], [ 550770.766591582680121, 1369897.011047347681597 ], [ 550768.184057166217826, 1369878.117189761716872 ], [ 550766.294674752978608, 1369868.127136859577149 ], [ 550762.656730155809782, 1369850.174648087238893 ], [ 550756.535779884783551, 1369827.240296644624323 ], [ 550753.818055543932132, 1369818.879076036158949 ], [ 550745.196317085530609, 1369792.6438583151903 ], [ 550723.375093938200735, 1369726.982650047866628 ], [ 550714.813476701150648, 1369695.5928536192514 ], [ 550711.510666865855455, 1369679.456251939525828 ], [ 550705.424336232361384, 1369650.356433726847172 ], [ 550703.07913028053008, 1369630.580788348801434 ], [ 550701.058746947557665, 1369614.190289408434182 ], [ 550699.66197124205064, 1369579.673008918063715 ], [ 550699.469303826335818, 1369570.016453521791846 ], [ 550699.763399177463725, 1369562.634044194128364 ], [ 550702.869907284504734, 1369467.962347307242453 ], [ 550705.197216636268422, 1369407.892228645738214 ], [ 550706.394611356197856, 1369375.224033571081236 ], [ 550706.878342594136484, 1369360.676801626104861 ], [ 550707.068496332503855, 1369356.315529816551134 ], [ 550707.782151901978068, 1369338.194575994508341 ], [ 550709.567184402025305, 1369287.958052290836349 ], [ 550709.742965841316618, 1369283.820140726165846 ], [ 550710.176902340492234, 1369272.858231467660517 ], [ 550710.546683021471836, 1369265.704992508981377 ], [ 550708.435291179805063, 1369264.784162836149335 ], [ 550695.306059970753267, 1369260.799520197790116 ], [ 550684.616423937026411, 1369259.663234249455854 ], [ 550604.457618271117099, 1369255.852307155961171 ], [ 550589.214164059259929, 1369255.208203254733235 ], [ 550577.753667854471132, 1369254.807453949004412 ], [ 550550.59218093007803, 1369253.845396772027016 ], [ 550469.086170671274886, 1369251.29477941757068 ], [ 550441.82743037014734, 1369250.438954015728086 ], [ 550397.156359092099592, 1369248.912129380041733 ], [ 550365.02663033537101, 1369247.855480997590348 ], [ 550229.723705728305504, 1369243.642567635513842 ], [ 550160.413117188145407, 1369241.318134521367028 ], [ 550134.602684456156567, 1369240.444234626833349 ], [ 550077.473156986176036, 1369238.566941024037078 ], [ 550066.80320670036599, 1369244.161129219457507 ], [ 550063.095960513921455, 1369244.147174441954121 ], [ 550058.488008886342868, 1369244.075340562034398 ], [ 550029.946771554648876, 1369243.474832239095122 ], [ 549944.052860353491269, 1369241.656517749419436 ], [ 549915.414385950774886, 1369241.162283985875547 ], [ 549896.546585102682002, 1369240.622990524861962 ], [ 549884.628569048829377, 1369240.305917039979249 ], [ 549839.914488933165558, 1369239.452077958732843 ], [ 549820.935098833986558, 1369239.242204123875126 ], [ 549738.237570200697519, 1369239.761933932779357 ], [ 549621.499718469334766, 1369235.181003588950261 ], [ 549586.844026494421996, 1369232.619399182964116 ], [ 549572.89741202397272, 1369231.499669907148927 ], [ 549492.237977724638768, 1369228.452002683421597 ], [ 549470.668060243944637, 1369227.740185224683955 ], [ 549410.032995479064994, 1369225.530174165731296 ], [ 549371.56872238474898, 1369221.715729282237589 ], [ 549360.039660934358835, 1369220.975789736257866 ], [ 549346.521873364807107, 1369220.22037283424288 ], [ 549339.579253921983764, 1369219.886951378313825 ], [ 549320.080955582903698, 1369219.308465189766139 ], [ 549282.88577604026068, 1369218.267223989125341 ], [ 549209.467785577406175, 1369215.126216683769599 ], [ 549194.314384280238301, 1369214.490376141387969 ], [ 549159.21949352149386, 1369213.135868494398892 ], [ 549137.941270302981138, 1369212.10718487855047 ], [ 549073.83637754782103, 1369209.004118293290958 ], [ 549052.460912892827764, 1369208.081549692898989 ], [ 549031.542965069646016, 1369207.07624050672166 ], [ 548968.699040804989636, 1369204.054843059042469 ], [ 548947.691015440388583, 1369203.043962188297883 ], [ 548927.043272402719595, 1369202.056237515527755 ], [ 548865.092872712993994, 1369199.205042738467455 ], [ 548844.347891747718677, 1369198.323422441026196 ], [ 548802.872247317573056, 1369196.336971772834659 ], [ 548781.586836263420992, 1369195.420854473952204 ], [ 548678.203697259305045, 1369189.91478270268999 ], [ 548659.904941041953862, 1369188.966134293703362 ], [ 548636.652270302292891, 1369187.700002789264545 ], [ 548611.500944527448155, 1369186.424385208636522 ], [ 548594.906377194914967, 1369185.697240504669026 ], [ 548561.38139920681715, 1369182.42729548830539 ], [ 548536.440577378263697, 1369176.45553855295293 ], [ 548533.940052386606112, 1369175.958879477111623 ], [ 548512.294824565411545, 1369167.955601089634001 ], [ 548508.590548896580003, 1369166.484698855318129 ], [ 548497.329158043372445, 1369160.156115079997107 ], [ 548487.631788477301598, 1369154.824879484483972 ], [ 548467.572443605866283, 1369140.4192651710473 ], [ 548455.710814342484809, 1369129.342434624442831 ], [ 548442.728308439604007, 1369117.408832498127595 ], [ 548428.800853890948929, 1369103.284066523425281 ], [ 548413.07485344808083, 1369087.586289408383891 ], [ 548387.415545608149841, 1369063.178149919956923 ], [ 548386.128851904068142, 1369062.08646641089581 ], [ 548370.782791783218272, 1369050.337989158229902 ], [ 548347.480384517926723, 1369035.724935910431668 ], [ 548346.428128584986553, 1369035.208972345339134 ], [ 548323.08401366462931, 1369024.069629027973861 ], [ 548299.478080574772321, 1369015.604918383993208 ], [ 548270.497649258119054, 1369009.150950936134905 ], [ 548267.442319563007914, 1369008.843116144416854 ], [ 548240.027265770360827, 1369006.190101803978905 ], [ 548221.623750530998223, 1369005.459982709260657 ], [ 548166.4132011620095, 1369003.269862824352458 ], [ 548147.919610394514166, 1369002.534134040120989 ], [ 548129.613316617789678, 1369001.698299863608554 ], [ 548074.424209478427656, 1368999.173730666283518 ], [ 548056.027838258538395, 1368998.33228667313233 ], [ 548037.991758541320451, 1368997.513949434505776 ], [ 547983.862064761342481, 1368995.394208762329072 ], [ 547965.81883240735624, 1368994.687704605516046 ], [ 547921.265485696378164, 1368992.732841939665377 ], [ 547787.591118556214496, 1368987.093007699819282 ], [ 547743.030604570521973, 1368985.25075392704457 ], [ 547715.645500659593381, 1368984.956251861760393 ], [ 547714.557475290843286, 1368984.998772206483409 ], [ 547684.666120841167867, 1368987.123189731733873 ], [ 547633.737941171741113, 1368995.751516302349046 ], [ 547606.398818852379918, 1369000.39439241332002 ], [ 547507.142004344728775, 1369013.781543512828648 ], [ 547493.182259337278083, 1369015.692124552559108 ], [ 547459.085052162408829, 1369021.361015015747398 ], [ 547436.967584713594988, 1369027.796177412383258 ], [ 547418.388783833943307, 1369035.466942075639963 ], [ 547398.647811398957856, 1369045.754744510399178 ], [ 547376.561065859626979, 1369061.611638497794047 ], [ 547311.346958091016859, 1369116.874938670778647 ], [ 547238.044279971858487, 1369169.939519111998379 ], [ 547234.727564719738439, 1369172.306658244458959 ], [ 547195.242914733593352, 1369198.60199211537838 ], [ 547168.691819743253291, 1369212.155517196981236 ], [ 547158.202429575612769, 1369214.961290378356352 ], [ 547145.831432132516056, 1369216.076865782262757 ], [ 547129.641770765534602, 1369217.509063689270988 ], [ 547121.063625860377215, 1369217.297175393439829 ], [ 547046.562452880083583, 1369215.56325833988376 ], [ 547021.631522957701236, 1369215.091356052318588 ], [ 546928.495526007725857, 1369210.597667073365301 ], [ 546892.154132982250303, 1369208.948519354918972 ], [ 546769.093123978818767, 1369202.881087175803259 ], [ 546730.914623508811928, 1369201.675966540584341 ], [ 546648.828738910029642, 1369198.339682322693989 ], [ 546555.545502891996875, 1369194.737758240429685 ], [ 546537.960249874275178, 1369193.951338436454535 ], [ 546485.273165717138909, 1369191.933093820698559 ], [ 546467.59070859325584, 1369191.252750640967861 ], [ 546378.277704293024726, 1369187.794089227216318 ], [ 546333.884282601764426, 1369186.194037267938256 ], [ 546117.710206698277034, 1369178.118280251277611 ], [ 546110.004273127182387, 1369178.411602620268241 ], [ 546073.726400392828509, 1369180.021971705835313 ], [ 546051.629929341142997, 1369183.32211599801667 ], [ 546020.762992894975469, 1369189.426970822736621 ], [ 546000.854236319311894, 1369193.876032824860886 ], [ 545967.545808628085069, 1369201.395262586418539 ], [ 545947.049356835545041, 1369205.1341373603791 ], [ 545940.867545932647772, 1369205.63695703796111 ], [ 545920.665227762190625, 1369207.600456422427669 ], [ 545913.13948016485665, 1369207.905445331940427 ], [ 545901.982405611430295, 1369208.427399128908291 ], [ 545897.65187837195117, 1369208.263355479575694 ], [ 545873.560204128036276, 1369207.399763996945694 ], [ 545870.955269113415852, 1369207.12150444323197 ], [ 545722.208190673496574, 1369192.590734058292583 ], [ 545705.490566364489496, 1369190.964241033885628 ], [ 545695.362369973328896, 1369189.53358899964951 ], [ 545686.455274877487682, 1369183.134624465135857 ], [ 545674.07528713485226, 1369181.560446426738054 ], [ 545659.799162738607265, 1369178.519768030615523 ], [ 545626.331037300522439, 1369170.106662618927658 ], [ 545602.161565935239196, 1369161.949974446790293 ], [ 545565.356311822775751, 1369147.717557174852118 ], [ 545525.54544640367385, 1369132.396659685764462 ], [ 545478.779777649557218, 1369119.772588850930333 ], [ 545362.613583767670207, 1369100.596267082029954 ], [ 545273.475629073334858, 1369087.292297574225813 ], [ 545232.936127310968004, 1369080.560918897856027 ], [ 545162.046981291496195, 1369068.981217220891267 ], [ 545121.180221619782969, 1369063.126627214252949 ], [ 545119.978546732687391, 1369056.4340441217646 ], [ 545114.240446588257328, 1369014.465975998435169 ], [ 545113.756952866213396, 1369009.276907153893262 ], [ 545114.553965597879142, 1368954.15651966072619 ], [ 545117.901175147853792, 1368928.578297132393345 ], [ 545125.27337081625592, 1368895.182580763706937 ], [ 545126.150435140705667, 1368892.771433901274577 ], [ 545133.690846820245497, 1368870.936489972285926 ], [ 545144.130293081281707, 1368847.604132070671767 ], [ 545162.626862123957835, 1368817.047505739843473 ], [ 545179.404877124004997, 1368795.015965518774465 ], [ 545199.537105682305992, 1368772.861678590532392 ], [ 545213.728992145392112, 1368760.197080018231645 ], [ 545247.951285339077003, 1368732.660701183602214 ], [ 545429.643219862366095, 1368589.375261741923168 ], [ 545446.049841675325297, 1368574.609417082509026 ], [ 545451.284075997769833, 1368569.111843108665198 ], [ 545473.560449283453636, 1368545.973428044700995 ], [ 545486.935475473292172, 1368529.108166269725189 ], [ 545502.003332854947075, 1368506.968255848390982 ], [ 545519.212218891014345, 1368476.778861034894362 ], [ 545534.34005267068278, 1368443.765612042509019 ], [ 545538.251916516572237, 1368433.474096387857571 ], [ 545543.799668096122332, 1368418.801384894410148 ], [ 545552.91613720159512, 1368383.610906650079414 ], [ 545553.195939885918051, 1368382.058831192320213 ], [ 545557.860291286138818, 1368352.864265743643045 ], [ 545562.753308375598863, 1368303.051230301149189 ], [ 545567.370520752505399, 1368223.504579628584906 ], [ 545567.306682354072109, 1368220.248565561603755 ], [ 545565.955825131735764, 1368166.225046773906797 ], [ 545563.797364617348649, 1368143.323885674122721 ], [ 545556.389107439666986, 1368097.773122827056795 ], [ 545522.993661454413086, 1367893.688427048269659 ], [ 545511.858983041252941, 1367825.697523551760241 ], [ 545509.574182054842822, 1367811.871392444940284 ], [ 545502.352257403545082, 1367770.481733321677893 ], [ 545499.880126481759362, 1367756.755812603980303 ], [ 545494.27221899095457, 1367724.103460947051644 ], [ 545477.350942002260126, 1367626.252419970463961 ], [ 545471.645596580579877, 1367593.706058442825451 ], [ 545466.949969862936996, 1367566.606539860600606 ], [ 545452.68266814132221, 1367485.296554698375985 ], [ 545447.889674007659778, 1367458.30301174451597 ], [ 545432.863277466967702, 1367374.702096252935007 ], [ 545428.378270390676335, 1367349.970920655876398 ], [ 545415.117205489077605, 1367288.348925710888579 ], [ 545397.197114704409614, 1367231.700548216467723 ], [ 545387.825568047817796, 1367206.994560875464231 ], [ 545359.475799672072753, 1367136.5621837915387 ], [ 545328.681152777862735, 1367060.479649825487286 ], [ 545331.196658277884126, 1367060.75200414378196 ], [ 545338.472893538419157, 1367061.551856332924217 ], [ 545340.891191617120057, 1367061.930156732909381 ], [ 545364.566828251467086, 1367062.31684045935981 ], [ 545377.035301886033267, 1367062.550378491636366 ], [ 545435.627003918518312, 1367060.115359105868265 ], [ 545459.290829270379618, 1367059.268068374600261 ], [ 545521.460303560481407, 1367056.052351003978401 ], [ 545665.838288233848289, 1367048.880931842373684 ], [ 545707.684656974393874, 1367046.614045639755204 ], [ 545769.674240791238844, 1367043.388647662475705 ], [ 545791.820848237257451, 1367042.221284450031817 ], [ 545858.073420430999249, 1367038.819732257630676 ], [ 545880.122851706342772, 1367037.75853494158946 ], [ 545926.156437083496712, 1367035.086860297480598 ], [ 546064.236088892794214, 1367027.408365776296705 ], [ 546110.255601741024293, 1367024.961043850518763 ], [ 546176.548810677835718, 1367022.349471244728193 ], [ 546186.260105081717484, 1367021.847620536806062 ], [ 546289.146290284115821, 1367017.085934898583218 ], [ 546314.844452398596331, 1367018.38922609994188 ], [ 546343.394562685745768, 1367021.780882146442309 ], [ 546357.411030846415088, 1367024.693735319189727 ], [ 546389.964900280698203, 1367033.387137119425461 ], [ 546421.619774003978819, 1367044.826681103557348 ], [ 546446.80664708011318, 1367056.974892459344119 ], [ 546496.812083295546472, 1367085.621334006311372 ], [ 546544.367839401587844, 1367115.793753321049735 ], [ 546556.268556191236712, 1367123.505859063472599 ], [ 546578.920110042672604, 1367138.520310550928116 ], [ 546592.395118398941122, 1367145.660158819751814 ], [ 546604.630199057981372, 1367152.384462615475059 ], [ 546612.081295175594278, 1367156.112099560443312 ], [ 546618.133686100947671, 1367159.077629599021748 ], [ 546662.906885688658804, 1367178.980896444292739 ], [ 546687.820863714790903, 1367188.309050749056041 ], [ 546710.954343527555466, 1367197.187179388478398 ], [ 546739.360415814910084, 1367207.07488778186962 ], [ 546804.616975514800288, 1367229.184086019406095 ], [ 546839.685137471649796, 1367238.151995029766113 ], [ 546867.964139344752766, 1367241.528140022652224 ], [ 546900.802939126035199, 1367241.495155936805531 ], [ 546947.732548124855384, 1367237.540596457663924 ], [ 546954.546499603195116, 1367237.078806244302541 ], [ 546990.660698232823052, 1367231.087921123486012 ], [ 547035.744871064787731, 1367220.624172784388065 ], [ 547081.628400360117666, 1367208.978234736947343 ], [ 547112.339997747447342, 1367201.184862955706194 ], [ 547140.960814982303418, 1367192.13662351667881 ], [ 547157.05349340394605, 1367185.203372500604019 ], [ 547176.042621159693226, 1367171.166403777198866 ], [ 547187.811880626832135, 1367159.695725098019466 ], [ 547197.414506935398094, 1367146.740953760687262 ], [ 547204.304541945108213, 1367135.182731883833185 ], [ 547226.331545313703828, 1367097.679283938836306 ], [ 547231.838998562656343, 1367087.939033183269203 ], [ 547284.845266429008916, 1367119.136895090574399 ], [ 547295.472517414251342, 1367125.535163122694939 ], [ 547335.663097444921732, 1367149.18598619941622 ], [ 547373.868057449930348, 1367167.103249762672931 ], [ 547410.322063586791046, 1367179.862605278845876 ], [ 547448.305875025223941, 1367189.91652880446054 ], [ 547450.731222579604946, 1367190.183745238231495 ], [ 547464.436770518659614, 1367192.29361062287353 ], [ 547482.708445611642674, 1367195.144025227986276 ], [ 547487.094393291394226, 1367195.873032914474607 ], [ 547509.498758798581548, 1367197.754272789694369 ], [ 547548.810228893649764, 1367198.361947313183919 ], [ 547560.074497547815554, 1367197.624563017394394 ], [ 547589.881839349633083, 1367195.494005513610318 ], [ 547611.779755920986645, 1367193.979023688239977 ], [ 547637.587362755904905, 1367192.153489962918684 ], [ 547643.583448571851477, 1367191.752065191743895 ], [ 547650.037139540887438, 1367191.267778525827453 ], [ 547666.756970549118705, 1367190.094542013946921 ], [ 547683.109295441186987, 1367189.009965562261641 ], [ 547721.152408858761191, 1367189.649428464937955 ], [ 547753.845926415640861, 1367193.310909420251846 ], [ 547761.024716813350096, 1367194.218736110487953 ], [ 547782.558284454629757, 1367198.399851024150848 ], [ 547800.556808390654624, 1367202.69125017686747 ], [ 547838.501634564250708, 1367214.762901423964649 ], [ 547873.453415821189992, 1367229.783030629390851 ], [ 547947.669714852003381, 1367265.93087819032371 ], [ 547984.800433228607289, 1367279.408888756530359 ], [ 548026.299677572213113, 1367288.232665101997554 ], [ 548085.556781989056617, 1367296.623504824470729 ], [ 548122.938847844838165, 1367301.932217605412006 ], [ 548133.263561575789936, 1367303.153906146995723 ], [ 548137.602228397852741, 1367303.207403302192688 ], [ 548177.230816863710061, 1367304.511109837330878 ], [ 548180.931696846499108, 1367304.635930412216112 ], [ 548186.974941766122356, 1367304.910729969386011 ], [ 548195.367702147690579, 1367305.223834162577987 ], [ 548228.862954219337553, 1367306.247205820400268 ], [ 548236.264714025193825, 1367306.496893207309768 ], [ 548275.698815974988975, 1367308.012876320630312 ], [ 548329.021219964488409, 1367310.19423107849434 ], [ 548337.406826275051571, 1367310.619153711013496 ], [ 548345.622131250449456, 1367316.527904776390642 ], [ 548355.276156060048379, 1367316.92194641311653 ], [ 548360.951878364896402, 1367317.285467382986099 ], [ 548361.226585901924409, 1367311.584059342043474 ], [ 548361.784512778394856, 1367302.873084356775507 ], [ 548361.856041862047277, 1367301.756292738951743 ], [ 548363.683105863048695, 1367264.755874779075384 ], [ 548363.937889225780964, 1367255.128389336401597 ], [ 548364.294346984708682, 1367239.67628040863201 ], [ 548364.084535491536371, 1367223.178669917630032 ], [ 548362.348944648168981, 1367203.66777136689052 ], [ 548360.07720936217811, 1367178.403542394982651 ], [ 548350.804406195646152, 1367132.506242040311918 ], [ 548341.069313044310547, 1367099.475132287247106 ], [ 548331.09961038979236, 1367065.868337405379862 ], [ 548322.043555665179156, 1367036.357012560823932 ], [ 548294.68045033083763, 1366948.034954324830323 ], [ 548292.042056186590344, 1366939.792141093406826 ], [ 548287.544622214627452, 1366925.262754044728354 ], [ 548285.526849815971218, 1366918.629604117479175 ], [ 548306.693602680577897, 1366908.771398236975074 ], [ 548323.322765232180245, 1366897.725553593598306 ], [ 548326.045690260012634, 1366894.760101323015988 ], [ 548362.037536400952376, 1366846.939970798790455 ], [ 548389.885179043048993, 1366806.223665426950902 ], [ 548420.00983464892488, 1366763.85910647851415 ], [ 548628.810050710337237, 1366481.418679660186172 ], [ 548634.685380500624888, 1366475.85189216490835 ], [ 548649.715756608988158, 1366457.303185641998425 ], [ 548659.31416518741753, 1366444.461818394483998 ], [ 548665.769180161063559, 1366429.849126412998885 ], [ 548671.254578876192681, 1366414.837898605503142 ], [ 548673.368526602280326, 1366411.497120928950608 ], [ 548688.060150500270538, 1366392.59036395791918 ], [ 548698.035036513698287, 1366375.28769927774556 ], [ 548714.072774903965183, 1366352.318191576749086 ], [ 548718.307887176983058, 1366345.524983609560877 ], [ 548720.07577629131265, 1366341.937767651863396 ], [ 548722.91221926198341, 1366334.382111097220331 ], [ 548726.436999221914448, 1366318.908868869999424 ], [ 548730.154650783049874, 1366307.484906387282535 ], [ 548738.37776537600439, 1366289.285074197920039 ], [ 548747.306892561260611, 1366254.422150350175798 ], [ 548758.191359798307531, 1366215.871912438655272 ], [ 548786.506482937023975, 1366141.097360634477809 ], [ 548788.184328576433472, 1366137.504390224581584 ], [ 548808.135005926014856, 1366102.899383303010836 ], [ 548812.912594423047267, 1366091.879809383302927 ], [ 548829.869808293296956, 1366060.222817476838827 ], [ 548848.835111233987845, 1366029.703798534581438 ], [ 548952.382263300823979, 1365878.004795796470717 ], [ 549088.042706467676908, 1365675.662093403050676 ], [ 549103.949505301075988, 1365653.357739326311275 ], [ 549119.946489074151032, 1365631.059197332710028 ], [ 549138.23506758804433, 1365606.88918535108678 ], [ 549160.836473306640983, 1365578.958885773550719 ], [ 549169.083019516081549, 1365570.292566657764837 ], [ 549175.283890284597874, 1365565.30769430520013 ], [ 549183.108564362046309, 1365556.16578841721639 ], [ 549188.631550106918439, 1365550.464634405449033 ], [ 549243.036926469882019, 1365503.492655673762783 ], [ 549405.186779716401361, 1365373.611764103639871 ], [ 549416.353142916806974, 1365364.572315552737564 ], [ 549427.422252678079531, 1365355.638777366140857 ], [ 549478.109023676719517, 1365314.48499191715382 ], [ 549578.060633526532911, 1365233.208385368809104 ], [ 549583.508295306819491, 1365227.278367488877848 ], [ 549593.93864993925672, 1365205.744792839512229 ], [ 549607.408176852273755, 1365166.464501092908904 ], [ 549628.809711483307183, 1365103.696192405419424 ], [ 549630.999034508015029, 1365097.781356509542093 ], [ 549622.285581817268394, 1365093.970182205783203 ], [ 549613.564954592147842, 1365090.270692916819826 ], [ 549559.863708053366281, 1365066.976335290586576 ], [ 549456.122305625583977, 1365019.726498988224193 ], [ 549270.422151082661003, 1364934.028843441046774 ], [ 549248.866600261884741, 1364924.460461576003581 ], [ 549237.340726587106474, 1364919.347975423559546 ], [ 549221.055998519761488, 1364912.248280073981732 ], [ 549198.642150752828456, 1364901.952175877755508 ], [ 548983.58670096588321, 1364804.062227320624515 ], [ 548911.83327503153123, 1364771.541282893391326 ], [ 548848.483083741739392, 1364742.026479995343834 ], [ 548658.332737005781382, 1364653.590817359508947 ], [ 548594.883607145980932, 1364624.183814308606088 ], [ 548534.36937472736463, 1364596.983713415218517 ], [ 548491.810072658350691, 1364577.662024163873866 ], [ 548346.61899888375774, 1364511.961056239204481 ], [ 548322.532330734888092, 1364565.925483606522903 ], [ 548317.687467541196384, 1364572.3433695693966 ], [ 548328.334550819243304, 1364577.061878975480795 ], [ 548336.58414414525032, 1364581.066229104064405 ], [ 548353.339366475469433, 1364589.31561732897535 ], [ 548337.865247099776752, 1364624.656461264472455 ], [ 548291.263307863147929, 1364730.667685406282544 ], [ 548284.37608930002898, 1364746.374150034273043 ], [ 548275.436304713482969, 1364765.873929676832631 ], [ 548259.307639854028821, 1364802.967184643493965 ], [ 548228.659779920941219, 1364873.219976905500516 ], [ 548223.208979545161128, 1364891.933953535277396 ], [ 548220.810668977326714, 1364909.60985548957251 ], [ 548220.433283633668907, 1364918.332210436696187 ], [ 548218.570618504891172, 1364960.151390854269266 ], [ 548199.534772756625898, 1364959.269246666226536 ], [ 548142.232700957451016, 1364956.834886676166207 ], [ 548123.099587437347509, 1364956.058821743587032 ], [ 548122.508136436576024, 1364975.196010691579431 ], [ 548120.546387848793529, 1365032.707737454678863 ], [ 548119.857662752037868, 1365051.95084807719104 ], [ 548125.409292287076823, 1365059.931344371056184 ], [ 548122.268838992924429, 1365117.479806863702834 ], [ 547791.49515729804989, 1365107.080170077038929 ], [ 547791.055009603034705, 1365112.546613481128588 ], [ 547753.654937076149508, 1365111.612123597180471 ], [ 547755.836250795633532, 1365039.312700925627723 ], [ 547723.795495240949094, 1365038.048342603025958 ], [ 547710.595877462648787, 1365037.876948066754267 ], [ 547677.665525172953494, 1365037.789347004611045 ], [ 547671.008582438109443, 1365038.597104743355885 ], [ 547657.770532948314212, 1365040.441754120402038 ], [ 547639.389921562746167, 1365008.092965765390545 ], [ 547617.401136337197386, 1364969.906792266760021 ], [ 547584.142782170209102, 1364911.264477535150945 ], [ 547571.282545105437748, 1364888.800289827631786 ], [ 547565.664308927254751, 1364879.021794182714075 ], [ 547559.638317778124474, 1364868.544427879853174 ], [ 547549.551193319377489, 1364883.374017844442278 ], [ 547531.911523456219584, 1364884.713182647945359 ], [ 547523.762643675901927, 1364886.21061402419582 ], [ 547397.951065786299296, 1364909.453476469032466 ], [ 547355.923931741039269, 1364917.195750124985352 ], [ 547325.707419608952478, 1364922.777546986704692 ], [ 547318.74440565565601, 1364924.126689481083304 ], [ 547234.707482272991911, 1364937.931295519461855 ], [ 547204.339457835420035, 1364943.055293401470408 ], [ 547179.283815123839304, 1364947.173211089568213 ], [ 547171.996064529172145, 1364947.941051778150722 ], [ 547163.956205982365645, 1364950.567123451270163 ], [ 547148.769740811898373, 1364960.249584019416943 ], [ 547141.225146372104064, 1364965.037864352576435 ], [ 547123.307503117597662, 1364970.733321129344404 ], [ 547085.481501423055306, 1364975.044865440344438 ], [ 547070.706321068340912, 1364979.707703789230436 ], [ 547052.279230468557216, 1364983.464483827585354 ], [ 547045.339609240880236, 1364987.282284198561683 ], [ 547022.064093262073584, 1365011.698470298666507 ], [ 546999.092562579549849, 1365048.356735832756385 ], [ 546978.241865610470995, 1365081.562234083889052 ], [ 546962.207040230627172, 1365104.534769817022607 ], [ 546964.012434263597243, 1365114.517871251795441 ], [ 546915.645117950276472, 1365198.893362996401265 ], [ 546914.429481938946992, 1365208.010720908176154 ], [ 546921.452237310819328, 1365231.222445125924423 ], [ 546937.63458267133683, 1365261.186551422579214 ], [ 546943.358279968379065, 1365266.48601216962561 ], [ 546962.730057606706396, 1365296.093216233421117 ], [ 547007.648413211572915, 1365340.788362551713362 ], [ 547068.240041827084497, 1365443.225040866993368 ], [ 547068.830949354800396, 1365453.803426861297339 ], [ 547064.919751631445251, 1365458.375345889478922 ], [ 547056.766237430740148, 1365462.788389931665733 ], [ 546939.603243512450717, 1365458.444282717769966 ], [ 546844.631462400313467, 1365438.138021802296862 ], [ 546831.734640491427854, 1365431.819893748266622 ], [ 546806.724061824032106, 1365415.421138460747898 ], [ 546797.788161228294484, 1365403.74927479098551 ], [ 546793.799935572082177, 1365401.027668179944158 ], [ 546777.828137003816664, 1365373.432069067610428 ], [ 546555.813242366188206, 1365276.7289022016339 ], [ 546553.954488162184134, 1365273.246255934704095 ], [ 546457.889170566573739, 1365098.466600383631885 ], [ 546439.852082152268849, 1365097.539941392606124 ], [ 546415.838952519232407, 1365096.680551388533786 ], [ 546409.284511311678216, 1365094.468210711842403 ], [ 546400.159506749478169, 1365091.419063555076718 ], [ 546397.645949501078576, 1365089.688821364194155 ], [ 546351.320371767971665, 1365058.475602735532448 ], [ 546286.371661059325561, 1365024.168416575528681 ], [ 546252.732773944386281, 1365021.013480065623298 ], [ 546244.439705537282862, 1365021.942241227719933 ], [ 546246.889546215767041, 1365020.416502764681354 ], [ 546089.525640006875619, 1364999.391487749759108 ], [ 546073.669764085090719, 1365003.987094612093642 ], [ 546052.691834182827733, 1365003.770808212691918 ], [ 546025.51463468442671, 1365008.541705954587087 ], [ 546007.045253318268806, 1365017.231860187137499 ], [ 545994.519043401465751, 1365020.694300336996093 ], [ 545969.957923942129128, 1365019.913367755012587 ], [ 545928.450310174841434, 1365020.967653187224641 ], [ 545907.662221516598947, 1365019.193956909468397 ], [ 545897.517249651369639, 1365016.528875171439722 ], [ 545891.873335908167064, 1365012.805119493743405 ], [ 545881.90648272249382, 1365003.087027459638193 ], [ 545879.233928680187091, 1365001.010411971947178 ], [ 545876.172438125940971, 1364999.357538346666843 ], [ 545853.572746480000205, 1364990.516255081631243 ], [ 545819.879281578352675, 1364982.537832791684195 ], [ 545800.630295112612657, 1364976.48931066156365 ], [ 545757.301491520949639, 1364967.784932038048282 ], [ 545724.221963556250557, 1364965.789065245771781 ], [ 545677.58950879634358, 1364963.490417582215741 ], [ 545618.615998923080042, 1364953.229255484882742 ], [ 545538.816116381203756, 1364934.689582207938656 ], [ 545484.416838925215416, 1364920.796106769470498 ], [ 545463.905944710597396, 1364918.92902814829722 ], [ 545438.827514607808553, 1364912.061522635631263 ], [ 545437.399882009252906, 1364911.746332226786762 ], [ 545436.24971054145135, 1364911.33668070891872 ], [ 545403.810160123975947, 1364903.551929547917098 ], [ 545390.496550775365904, 1364896.648897976381704 ], [ 545354.544814189895988, 1364891.443984823301435 ], [ 545343.880194181576371, 1364888.410090001998469 ], [ 545266.130466788075864, 1364866.078943635104224 ], [ 545255.612635131808929, 1364857.896416296018288 ], [ 545248.185037445859052, 1364855.180872505763546 ], [ 545240.847552147926763, 1364852.471072567161173 ], [ 545230.77332244173158, 1364848.689985267817974 ], [ 545205.05642968788743, 1364837.633643549168482 ], [ 545201.634295527939685, 1364835.958064502337947 ], [ 545175.95287758926861, 1364824.343412222107872 ], [ 545147.864154735114425, 1364809.323768112575635 ], [ 545114.016996616963297, 1364788.106815382605419 ], [ 545103.536995853879489, 1364782.16954685212113 ], [ 545084.362555377767421, 1364767.829656253568828 ], [ 545072.267247151583433, 1364757.416464487090707 ], [ 545062.787868316052482, 1364749.973085822537541 ], [ 545050.204099049209617, 1364741.547220960492268 ], [ 545026.144056804594584, 1364725.775222860043868 ], [ 545019.252157524344511, 1364721.748397507937625 ], [ 545000.07516957691405, 1364708.866274001076818 ], [ 544976.119277416961268, 1364692.876795022282749 ], [ 544949.753675915300846, 1364674.939946240512654 ], [ 544934.715164157794788, 1364666.694468728965148 ], [ 544907.692737833946012, 1364651.967796998098493 ], [ 544880.541970914462581, 1364634.990413765655831 ], [ 544863.051041134283878, 1364625.467725651804358 ], [ 544839.689979086397216, 1364610.077170072123408 ], [ 544825.085400997661054, 1364603.54148549749516 ], [ 544800.194813977344893, 1364590.857041937299073 ], [ 544785.583071771776304, 1364584.433105375617743 ], [ 544781.757657562033273, 1364583.404845872893929 ], [ 544765.856214683502913, 1364581.608441439922899 ], [ 544746.290502433781512, 1364577.672755778301507 ], [ 544734.724117642268538, 1364574.582303101429716 ], [ 544731.425205810111947, 1364573.811818301212043 ], [ 544726.864617584855296, 1364572.961087189614773 ], [ 544708.121493105776608, 1364566.050254138885066 ], [ 544704.386183213209733, 1364565.027761056786403 ], [ 544692.445536592393182, 1364566.3988323782105 ], [ 544684.719215275952592, 1364568.374340753536671 ], [ 544676.717650434467942, 1364568.986770520219579 ], [ 544672.861595228197984, 1364569.862850968493149 ], [ 544661.962463521980681, 1364574.776284409221262 ], [ 544659.937215925077908, 1364575.320276522310451 ], [ 544660.642689990927465, 1364585.569126738002524 ], [ 544661.341058327467181, 1364595.929657878354192 ], [ 544663.996875595650636, 1364636.690248575527221 ], [ 544664.85340124880895, 1364684.400729789398611 ], [ 544667.292107085813768, 1364758.45071382378228 ], [ 544670.658938918146305, 1364864.853788500418887 ], [ 544673.951392868650146, 1364965.30923931626603 ], [ 544675.999813150730915, 1365054.023915610508993 ], [ 544671.560408589080907, 1365123.824202719843015 ], [ 544655.873111369670369, 1365236.752899794839323 ], [ 544644.438322871807031, 1365307.005448850337416 ], [ 544639.113165716873482, 1365339.521574993617833 ], [ 544632.399481936823577, 1365382.489856207277626 ], [ 544620.659507256932557, 1365457.544796236790717 ], [ 544620.064677233807743, 1365461.207340566208586 ], [ 544615.988761242944747, 1365488.308468010975048 ], [ 544615.476941002649255, 1365492.088425255846232 ], [ 544609.633425716659985, 1365532.757325101876631 ], [ 544604.259139947011136, 1365570.316367694176733 ], [ 544595.555663126055151, 1365631.772229052148759 ], [ 544570.232199536287226, 1365809.462100007804111 ], [ 544530.855923892580904, 1366061.612029601819813 ], [ 544508.366196508752182, 1366204.721518222009763 ], [ 544499.821913246531039, 1366262.263206746429205 ], [ 544474.099345876369625, 1366434.882755887927487 ], [ 544465.458117143949494, 1366492.530539107741788 ], [ 544441.237818297697231, 1366648.650212991051376 ], [ 544423.624379277345724, 1366767.737547612050548 ], [ 544395.577029859065078, 1366957.030192600795999 ], [ 544391.504130376153626, 1366982.674157342640683 ], [ 544362.802510211709887, 1367165.197544638765976 ], [ 544300.253119713161141, 1367584.191169652855024 ], [ 544298.845894113765098, 1367593.52099701622501 ], [ 544256.928132104687393, 1367868.725554523523897 ], [ 544243.263852172880433, 1367958.461741505889222 ], [ 544222.033329316880554, 1368097.50489405868575 ], [ 544209.09640963759739, 1368224.179929175181314 ], [ 544209.248624583240598, 1368228.899276294512674 ], [ 544210.034578329185024, 1368286.250250010984018 ], [ 544212.797355235088617, 1368319.617871881928295 ], [ 544216.350831274758093, 1368366.155585651053116 ], [ 544225.587194147985429, 1368421.464745212346315 ], [ 544228.703955816221423, 1368440.725880875485018 ], [ 544249.379313437850215, 1368538.028157076099887 ], [ 544268.319063174189068, 1368637.014411577023566 ], [ 544284.535745603498071, 1368721.922867624321952 ], [ 544303.569346557720564, 1368822.261005448410287 ], [ 544304.999319117167033, 1368829.640751695493236 ], [ 544305.198528089560568, 1368830.774775595869869 ], [ 544336.728109408053569, 1368992.012519858544692 ], [ 544374.710488219861872, 1369186.853337838081643 ], [ 544417.712226719711907, 1369405.11409741663374 ], [ 544436.658522975165397, 1369501.074446067446843 ], [ 544452.159436102840118, 1369580.107436727266759 ], [ 544464.555789714097045, 1369672.399441039189696 ], [ 544469.604955740389414, 1369730.919568405486643 ], [ 544470.748206205316819, 1369792.555369820212945 ], [ 544470.603819795534946, 1369796.246698881499469 ], [ 544468.124975560000166, 1369848.008356045465916 ], [ 544462.725829645642079, 1369893.080328427720815 ], [ 544454.378668083925731, 1369944.693004545057192 ], [ 544432.903236691723578, 1370030.681618788745254 ], [ 544409.13304436893668, 1370100.152352423639968 ], [ 544384.738888205960393, 1370152.426510715857148 ], [ 544370.605845819343813, 1370182.701692717149854 ], [ 544335.499024946824647, 1370262.665330850752071 ], [ 544332.093755082925782, 1370269.28912082570605 ], [ 544321.607794669223949, 1370289.143317990703508 ], [ 544318.112484091077931, 1370295.761387306265533 ], [ 544315.178843828034587, 1370302.07876790757291 ], [ 544311.529556194785982, 1370309.69628192903474 ], [ 544291.579458089312539, 1370351.824607664486393 ], [ 544284.899443702888675, 1370365.865487448405474 ], [ 544276.221956869354472, 1370385.722617289051414 ], [ 544250.085440578986891, 1370445.511723645031452 ], [ 544241.310932052438147, 1370465.474860771326348 ], [ 544233.936743573867716, 1370480.480876612477005 ], [ 544216.589009683462791, 1370515.822367304004729 ], [ 544211.814313728944398, 1370525.49897361244075 ], [ 544204.343056951649487, 1370540.610981712816283 ], [ 544199.935714169987477, 1370550.198816780000925 ], [ 544186.429364311974496, 1370579.168532975716516 ], [ 544181.924898109282367, 1370588.862339941086248 ], [ 544125.154209927306511, 1370710.958758675027639 ], [ 544118.647684408701025, 1370725.122947700088844 ], [ 544096.633183287223801, 1370772.727389978710562 ], [ 544029.462861026753671, 1370914.796632736455649 ], [ 544014.936288136290386, 1370945.608128073625267 ], [ 543982.040340016363189, 1371015.060840449063107 ], [ 543953.341374728595838, 1371081.079914300702512 ], [ 543939.330220171250403, 1371119.437536510871723 ], [ 543924.004708180204034, 1371165.673426252789795 ], [ 543916.538220786373131, 1371196.373157369671389 ], [ 543907.311947897076607, 1371236.268488054629415 ], [ 543898.553627323359251, 1371287.295223796507344 ], [ 543873.837750152219087, 1371585.13273734296672 ], [ 543868.211592439678498, 1371653.740114263957366 ], [ 543866.779553859145381, 1371670.581964113283902 ], [ 543837.899334089830518, 1372055.287398400949314 ], [ 543831.454728108365089, 1372138.196774750482291 ], [ 543825.182740493910387, 1372216.968048382317647 ], [ 543818.728417186299339, 1372270.160150177776814 ], [ 543813.303379016928375, 1372307.157569509698078 ], [ 543801.868653941666707, 1372360.481745273806155 ], [ 543764.043548187473789, 1372513.278092377120629 ], [ 543761.137413635035045, 1372524.867996020708233 ], [ 543758.809224091353826, 1372534.476128476671875 ], [ 543758.314223051886074, 1372536.575311417225748 ], [ 543755.640090366476215, 1372545.937182756606489 ], [ 543753.055997907882556, 1372555.30477735446766 ], [ 543750.457714414224029, 1372564.895749303745106 ], [ 543764.959856972680427, 1372584.208157364977524 ], [ 543807.186695048003457, 1372645.204139996785671 ], [ 543850.069273413275369, 1372707.251331293256953 ], [ 543861.824723268393427, 1372724.258724346756935 ], [ 543879.544288674835116, 1372749.831415145192295 ], [ 543902.149721079156734, 1372782.443098822375759 ], [ 543924.169966384069994, 1372852.696492449846119 ], [ 543930.544683398096822, 1372873.286840669577941 ], [ 543958.869261326733977, 1372911.196460827020928 ], [ 543971.365732105565257, 1372927.914756425656378 ], [ 543995.260909031145275, 1372950.179805323248729 ], [ 544035.842905725119635, 1372980.122193958377466 ], [ 544090.634903072728775, 1373002.670096750371158 ], [ 544131.596694931620732, 1373006.732861655531451 ], [ 544160.191020293859765, 1373009.112121952930465 ], [ 544201.392268960247748, 1373019.358140940312296 ], [ 544250.900016961037181, 1373032.599822298390791 ], [ 544310.159348809625953, 1373046.013612464768812 ], [ 544389.817534800153226, 1373062.744249011855572 ], [ 544564.021178347524256, 1373102.313782837241888 ], [ 544831.40325410105288, 1373164.865379155846313 ], [ 545153.615782902110368, 1373239.329637128626928 ], [ 545498.178273159079254, 1373319.044142733328044 ], [ 545616.199628661619499, 1373345.073186246911064 ], [ 545676.466894044424407, 1373358.224550284212455 ], [ 545936.596758028841577, 1373409.583514757920057 ], [ 546094.866673141834326, 1373440.879114388721064 ], [ 546343.028679966228083, 1373489.916834797244519 ], [ 546744.152355463360436, 1373586.752008307026699 ], [ 547021.174451213562861, 1373653.690661940956488 ], [ 547145.891097737243399, 1373683.758015926694497 ], [ 547232.145446659415029, 1373704.638358007185161 ], [ 547239.244470400735736, 1373708.12030304572545 ], [ 547246.855053299455903, 1373712.083548243623227 ] ] ], [ [ [ 547740.625252111698501, 1364237.253561191493645 ], [ 547699.440246417419985, 1364219.033162239240482 ], [ 547622.161247251788154, 1364185.049047209788114 ], [ 547487.26202382077463, 1364122.376465227454901 ], [ 547410.911194753833115, 1364088.005177588667721 ], [ 547314.586643341230229, 1364044.733169385464862 ], [ 547308.594752975506708, 1364049.284137990791351 ], [ 547290.341608127579093, 1364063.031470508081838 ], [ 547284.162356948130764, 1364067.682616334175691 ], [ 547316.785817061550915, 1364116.526843136642128 ], [ 547326.979870041366667, 1364126.933875060640275 ], [ 547338.960281223640777, 1364134.876013425411656 ], [ 547458.692673435551114, 1364188.503135405480862 ], [ 547463.347878235741518, 1364190.706966263707727 ], [ 547506.532219768734649, 1364211.633071615593508 ], [ 547502.401624678634107, 1364229.534652531612664 ], [ 547500.270764955319464, 1364234.556579407304525 ], [ 547495.674431975698099, 1364245.58824682305567 ], [ 547494.692852366832085, 1364255.281118593178689 ], [ 547505.447555228020065, 1364303.625391836510971 ], [ 547510.570103564532474, 1364326.828119315905496 ], [ 547463.181805022410117, 1364337.703422499354929 ], [ 547438.377687442000024, 1364343.51875630300492 ], [ 547320.841951040551066, 1364371.665284840622917 ], [ 547290.509425393189304, 1364379.034012642689049 ], [ 547273.527397224330343, 1364384.228324386756867 ], [ 547295.148199405521154, 1364416.895177802070975 ], [ 547326.157640000223182, 1364464.066664641723037 ], [ 547357.711049037869088, 1364516.879754451802 ], [ 547371.596843576640822, 1364540.306097237626091 ], [ 547377.699180950061418, 1364551.012420617975295 ], [ 547384.624184405431151, 1364563.004801805363968 ], [ 547388.286995189031586, 1364569.406266351230443 ], [ 547415.315766942920163, 1364616.548046689713374 ], [ 547528.147486633504741, 1364813.379463439341635 ], [ 547548.250100638833828, 1364848.529225156875327 ], [ 547558.256281966925599, 1364866.101246275240555 ], [ 547559.638317778124474, 1364868.544427879853174 ], [ 547573.295174551778473, 1364861.568219023989514 ], [ 547591.087848594994284, 1364845.10079780058004 ], [ 547597.799624123726971, 1364833.531591595616192 ], [ 547602.392451104591601, 1364816.892996552400291 ], [ 547609.108978371950798, 1364795.344160387758166 ], [ 547614.532607470056973, 1364775.618941287975758 ], [ 547616.844270292553119, 1364747.957483066478744 ], [ 547619.155936190276407, 1364720.296031671110541 ], [ 547623.41450600954704, 1364693.319748036097735 ], [ 547627.025846011238173, 1364645.333015745738521 ], [ 547630.737878702930175, 1364602.847308395896107 ], [ 547636.361146241659299, 1364561.605167339555919 ], [ 547638.775101004051976, 1364512.53271949198097 ], [ 547639.914512893883511, 1364477.73193130386062 ], [ 547640.57248220348265, 1364463.196598873706535 ], [ 547641.140329465270042, 1364448.655505564762279 ], [ 547646.749813003465533, 1364426.026755159255117 ], [ 547651.60507361846976, 1364413.77822950691916 ], [ 547658.158372176578268, 1364401.862555448897183 ], [ 547662.654884288553149, 1364392.394442410441115 ], [ 547697.41697715013288, 1364359.631630105897784 ], [ 547710.516296125599183, 1364347.237539409892634 ], [ 547740.645751530886628, 1364319.000389808090404 ], [ 547751.911443521385081, 1364308.395366868469864 ], [ 547785.514149633119814, 1364276.792218758491799 ], [ 547788.306280458113179, 1364274.167455508373678 ], [ 547794.840101080248132, 1364265.390383621677756 ], [ 547795.091775359236635, 1364264.285142684122548 ], [ 547740.625252111698501, 1364237.253561191493645 ] ] ] ] } },
{ "type": "Feature", "properties": { "community_id": "Selected low-growth community", "zcta": "38126", "overlap_sq_m": 4811950.8149351608, "overlap_sq_miles": 1.8579045964465468, "share_of_community_area": 0.0086510127202618498 }, "geometry": { "type": "Polygon", "coordinates": [ [ [ 536771.273597002145834, 1358447.281381319509819 ], [ 536828.492317364201881, 1358450.192474496550858 ], [ 536879.398135423893109, 1358452.70849021570757 ], [ 536877.91956327506341, 1358467.639889074955136 ], [ 536873.656995125231333, 1358486.545317754382268 ], [ 536866.74490109377075, 1358504.38782263873145 ], [ 536858.682959351805039, 1358518.906838194001466 ], [ 536840.762482538004406, 1358547.720236346358433 ], [ 536835.984459080034867, 1358557.511712775798514 ], [ 536830.445452417829074, 1358576.561455383431166 ], [ 536828.55725965811871, 1358592.252053132746369 ], [ 536827.58732690254692, 1358616.409146565943956 ], [ 536827.769531602389179, 1358639.517215798143297 ], [ 536832.042607751092874, 1358666.693607289576903 ], [ 536837.291992910439149, 1358684.064625922823325 ], [ 536850.266792219714262, 1358719.746624841354787 ], [ 536876.388608999317512, 1358792.691202006768435 ], [ 536882.694293724023737, 1358806.204252907307819 ], [ 536934.629308932111599, 1358903.526605374878272 ], [ 536945.254050081945024, 1358921.795130381593481 ], [ 536964.021943550673313, 1358954.588904824806377 ], [ 536976.253391587291844, 1358977.555081140249968 ], [ 536986.204700399306603, 1358996.454204613808542 ], [ 537038.56780640326906, 1358966.996297020930797 ], [ 537055.630407657008618, 1358959.095928326016292 ], [ 537076.028850708738901, 1358952.862209572922438 ], [ 537091.291694159153849, 1358950.567250529769808 ], [ 537110.950686032068916, 1358951.799325680360198 ], [ 537133.508579386631027, 1358954.44646036811173 ], [ 537176.198555756476708, 1358968.109999421052635 ], [ 537211.051538707339205, 1358978.255242141894996 ], [ 537232.740896540577523, 1358983.2027265985962 ], [ 537255.583227517898194, 1358985.643779214471579 ], [ 537291.469800132443197, 1358983.633030771045014 ], [ 537328.549726736964658, 1358981.360891981981695 ], [ 537359.80923517094925, 1358979.508796995971352 ], [ 537439.80982395762112, 1358975.667907411931083 ], [ 537476.847837950917892, 1358974.066498618107289 ], [ 537503.209772999631241, 1358972.356247190851718 ], [ 537546.373861389118247, 1358969.793915378861129 ], [ 537581.92183887900319, 1358965.969203406246379 ], [ 537596.684915841557086, 1358964.428629132686183 ], [ 537604.253820222336799, 1358963.557984439423308 ], [ 537608.083362504839897, 1358963.125493136001751 ], [ 537608.777483985177241, 1358973.708375608315691 ], [ 537612.184671693947166, 1358994.440193592105061 ], [ 537616.705603019683622, 1359008.96312813856639 ], [ 537619.315363871748559, 1359017.872259735129774 ], [ 537627.296034509316087, 1359046.515214988961816 ], [ 537643.97555589734111, 1359041.843454364221543 ], [ 537654.409982273238711, 1359040.031422376865521 ], [ 537759.3433316887822, 1359034.169918860774487 ], [ 537763.890049740555696, 1359029.521909857168794 ], [ 537765.230032403604127, 1359016.824222672730684 ], [ 537761.851885986281559, 1358950.909478090936318 ], [ 537765.75760899297893, 1358950.706078006420285 ], [ 537816.1021662192652, 1358947.698700026841834 ], [ 537868.077006789972074, 1358944.681813310133293 ], [ 537868.983805041527376, 1358969.181063083931804 ], [ 537869.752288403804414, 1358992.998912641545758 ], [ 537873.049773632083088, 1359042.875420725205913 ], [ 537874.587754654465243, 1359067.414309527492151 ], [ 537933.312183157540858, 1359063.588153950870037 ], [ 538085.100898889941163, 1359054.056738240411505 ], [ 538109.173321208334528, 1359052.765202067326754 ], [ 538167.751768366550095, 1359049.828438577475026 ], [ 538168.954021406359971, 1359026.35850115516223 ], [ 538172.560769843636081, 1358955.94871701579541 ], [ 538172.779174129012972, 1358951.02910645888187 ], [ 538172.403316643438302, 1358932.505533937364817 ], [ 538222.270319647970609, 1358928.461440845625475 ], [ 538341.103501312551089, 1358918.995056259213015 ], [ 538356.358840240980498, 1358918.271544289309531 ], [ 538371.70436262304429, 1358917.553724589059129 ], [ 538421.549532598699443, 1358915.303344373591244 ], [ 538464.776575126801617, 1358913.198030292056501 ], [ 538503.098883317783475, 1358911.345344964647666 ], [ 538587.637249220279045, 1358908.809294482460245 ], [ 538594.186308683827519, 1358908.323905342957005 ], [ 538637.213136614998803, 1358905.085657332092524 ], [ 538636.492296715034172, 1358913.673695381963626 ], [ 538635.548983408021741, 1358922.920479520689696 ], [ 538632.803755393251777, 1358939.229779945220798 ], [ 538631.271308235474862, 1358947.766810345696285 ], [ 538628.140509982942604, 1358960.127632755087689 ], [ 538625.145222327671945, 1358967.451511052204296 ], [ 538619.673001981223933, 1358975.292444115970284 ], [ 538609.610384483239613, 1358989.908527903957292 ], [ 538601.34159411303699, 1358999.031290574697778 ], [ 538560.982177854748443, 1359036.185862547485158 ], [ 538540.413812959217466, 1359055.18727874243632 ], [ 538542.174201425397769, 1359057.428210672689602 ], [ 538547.282023890642449, 1359064.027994587551802 ], [ 538548.945212678634562, 1359066.374941513175145 ], [ 538561.073486533830874, 1359082.27351360861212 ], [ 538574.243857927503996, 1359095.995168771827593 ], [ 538585.039816974429414, 1359102.840333523694426 ], [ 538598.487060909974389, 1359107.833954015281051 ], [ 538606.304402188048698, 1359108.77374966815114 ], [ 538608.114965286571532, 1359108.775420656427741 ], [ 538625.929008117178455, 1359109.110189418075606 ], [ 538655.599460358964279, 1359108.059910603566095 ], [ 538684.090602284530178, 1359107.04772589658387 ], [ 538744.417595793376677, 1359103.664200972765684 ], [ 538773.94285801704973, 1359102.044592866906896 ], [ 538776.340374841354787, 1359059.589103227946907 ], [ 538776.75572193111293, 1359051.542460163123906 ], [ 538780.820510348188691, 1358932.164324876852334 ], [ 538781.290477001806721, 1358916.048378923675045 ], [ 538782.038644403102808, 1358889.74687395687215 ], [ 538794.256101951003075, 1358888.384662779746577 ], [ 538830.721123191295192, 1358884.398474122863263 ], [ 538842.841398727032356, 1358883.14234242355451 ], [ 538872.743321577552706, 1358879.864891720470041 ], [ 538906.467932105180807, 1358876.267315302975476 ], [ 538947.05438044143375, 1358871.531686761183664 ], [ 538962.131810744060203, 1358867.88289309758693 ], [ 538991.634383806027472, 1358860.880724019836634 ], [ 538993.32912847714033, 1358822.417497896589339 ], [ 538993.570195115753449, 1358815.70536758704111 ], [ 539001.007508936105296, 1358707.527412643656135 ], [ 539001.786370434914716, 1358669.230878820409998 ], [ 539002.218200811068527, 1358658.045900206780061 ], [ 539003.589822103152983, 1358624.720001570414752 ], [ 539003.924443355412222, 1358613.641034965403378 ], [ 539003.961814437061548, 1358610.167624331079423 ], [ 539004.295308305765502, 1358600.54616527678445 ], [ 539005.581236550933681, 1358561.384587770793587 ], [ 539005.945072193513624, 1358548.40140328113921 ], [ 539006.655591910239309, 1358535.66426629642956 ], [ 539008.870308851241134, 1358497.570214959094301 ], [ 539009.483619808102958, 1358484.939091196749359 ], [ 538982.583000405458733, 1358480.780644657555968 ], [ 538955.698636206449009, 1358473.483914059819654 ], [ 538937.118178352480754, 1358466.597320229979232 ], [ 538904.169954576296732, 1358450.622484826715663 ], [ 538886.259118595276959, 1358438.844786184141412 ], [ 538877.5097287283279, 1358431.118909389246255 ], [ 538903.942897847970016, 1358402.396153425332159 ], [ 538933.996568861184642, 1358375.134470801334828 ], [ 538944.174172332393937, 1358365.907814187230542 ], [ 539023.313023525057361, 1358292.399943144293502 ], [ 539053.027762341545895, 1358264.780980357434601 ], [ 539053.889205718529411, 1358245.326107815140858 ], [ 539056.195940039120615, 1358187.056171635864303 ], [ 539056.86997718445491, 1358167.701646361267194 ], [ 539037.65900010347832, 1358167.950968911405653 ], [ 539029.979048717068508, 1358167.692202290520072 ], [ 538949.114089401206002, 1358164.961390360025689 ], [ 538922.091955107403919, 1358164.159187932964414 ], [ 538927.725467261392623, 1358035.686688524205238 ], [ 538929.640174942440353, 1357980.7558448696509 ], [ 538929.711496959556825, 1357978.181555256480351 ], [ 538931.280995566863567, 1357930.18050829321146 ], [ 538894.177954107988626, 1357928.408211367670447 ], [ 538895.912472736323252, 1357882.099373575299978 ], [ 538866.899339057039469, 1357879.826771241147071 ], [ 538867.486456023878418, 1357864.727421228308231 ], [ 538868.076246410026215, 1357855.346383858704939 ], [ 538869.74138396861963, 1357827.420963975600898 ], [ 538870.233961969614029, 1357818.145938281901181 ], [ 538883.332689511007629, 1357818.633110166992992 ], [ 538922.538679976132698, 1357820.089075067080557 ], [ 538935.540193676366471, 1357820.682334793033078 ], [ 538936.355421235668473, 1357797.636782153975219 ], [ 538938.703867976786569, 1357728.606158649083227 ], [ 538939.421866498305462, 1357705.666631491389126 ], [ 538939.920436167507432, 1357697.737436113180593 ], [ 538941.214694053167477, 1357674.273547447053716 ], [ 538941.727307626162656, 1357666.120996680110693 ], [ 538942.04330227652099, 1357661.09545197035186 ], [ 538942.395502253435552, 1357654.05401865253225 ], [ 538942.847106132423505, 1357643.991588306380436 ], [ 538944.966864552930929, 1357592.99803495965898 ], [ 538945.583254185854457, 1357575.994517579209059 ], [ 538948.849461225792766, 1357476.525058270897716 ], [ 538950.545189312775619, 1357426.513998795999214 ], [ 538951.633736767689697, 1357390.479786987416446 ], [ 538953.094438217463903, 1357348.526626793434843 ], [ 538958.723789583425969, 1357178.34620364010334 ], [ 538961.982678243541159, 1357078.988752740202472 ], [ 538956.83433831599541, 1357078.77716828417033 ], [ 538941.382296588155441, 1357078.254111710703 ], [ 538936.136736399726942, 1357078.148546842858195 ], [ 538936.788120448240079, 1357060.586709474446252 ], [ 538938.742260505678132, 1357007.90121290483512 ], [ 538939.29641551990062, 1356990.445392988855019 ], [ 538958.377659502788447, 1356990.860261502210051 ], [ 539015.614373867283575, 1356992.216800013091415 ], [ 539019.319574823020957, 1356992.337669247062877 ], [ 539034.493057901971042, 1356994.413015563972294 ], [ 539035.137154004420154, 1356968.329634019406512 ], [ 539035.153390178107657, 1356965.191304486710578 ], [ 539080.069148636772297, 1356963.755332038272172 ], [ 539083.751552027766593, 1356902.321099147666246 ], [ 539084.298265463439748, 1356895.067705357214436 ], [ 539085.667804333847016, 1356873.290508972946554 ], [ 539086.124317232868634, 1356866.031444429652765 ], [ 539076.548985468340106, 1356865.653509119525552 ], [ 539047.538341135368682, 1356864.726106642745435 ], [ 539037.865785449394025, 1356864.45422028680332 ], [ 539038.42604170308914, 1356848.344235590659082 ], [ 539039.912351218052208, 1356800.226306076394394 ], [ 539040.284081599675119, 1356785.674148192862049 ], [ 539039.632694413536228, 1356784.51199242612347 ], [ 539037.753596478607506, 1356782.712037849240005 ], [ 539032.349608935997821, 1356780.802551206201315 ], [ 539021.774942541844212, 1356780.473962398944423 ], [ 538965.716463870136067, 1356779.079428277909756 ], [ 538946.995557199465111, 1356778.687226629583165 ], [ 538947.781388808740303, 1356757.546068293508142 ], [ 538949.177509072003886, 1356718.055710267741233 ], [ 538870.435722078429535, 1356715.908432642696425 ], [ 538788.973830229369923, 1356713.815149563131854 ], [ 538780.669236451853067, 1356711.947755414294079 ], [ 538773.599397409823723, 1356710.606451885541901 ], [ 538706.598989437101409, 1356707.516858903225511 ], [ 538655.244677969603799, 1356706.195767259923741 ], [ 538634.29664802888874, 1356705.21583403670229 ], [ 538567.552790865651332, 1356702.367687757592648 ], [ 538555.633033204241656, 1356700.385504504665732 ], [ 538562.539661534829065, 1356676.938069211319089 ], [ 538511.728417765465565, 1356672.736872276524082 ], [ 538505.94845296535641, 1356692.667308837873861 ], [ 538280.528053608606569, 1356684.339616574347019 ], [ 538280.955545690376312, 1356667.436522661941126 ], [ 538226.277605443377979, 1356665.685071400599554 ], [ 538223.371526384376921, 1356737.931336783803999 ], [ 538202.860578042338602, 1356737.204132786486298 ], [ 538194.818562484229915, 1356736.923458744538948 ], [ 538141.341752405045554, 1356734.799458041321486 ], [ 538120.74059972492978, 1356734.066787878284231 ], [ 538015.382562785525806, 1356730.36866328236647 ], [ 538017.271140487748198, 1356684.406441057333723 ], [ 538018.095809196820483, 1356664.052615858381614 ], [ 537999.924793575657532, 1356660.669803801225498 ], [ 537994.179243683000095, 1356682.957163695944473 ], [ 537993.094070512917824, 1356687.261683115037158 ], [ 537728.969875580281951, 1356676.631647468311712 ], [ 537729.391943006659858, 1356667.015943456673995 ], [ 537729.610850562457927, 1356660.638928643194959 ], [ 537668.202774045756087, 1356657.908270427491516 ], [ 537662.093560456996784, 1356662.906770917819813 ], [ 537666.347822919138707, 1356649.943643564824015 ], [ 537667.224408089648932, 1356646.074483844684437 ], [ 537666.179566239705309, 1356641.075744899455458 ], [ 537670.341922480380163, 1356631.021931998431683 ], [ 537678.270821923390031, 1356611.450078251771629 ], [ 537668.070823425776325, 1356610.922432506689802 ], [ 537644.860507753794082, 1356609.915154132293537 ], [ 537637.449812194798142, 1356609.674604934174567 ], [ 537627.145600364427082, 1356609.36470841919072 ], [ 537616.480574536370113, 1356609.032195699168369 ], [ 537603.643660614150576, 1356608.675606743432581 ], [ 537599.326685145962983, 1356634.192064405418932 ], [ 537579.626516566495411, 1356634.974748050561175 ], [ 537579.354742080671713, 1356660.969134711194783 ], [ 537300.399331977125257, 1356654.355457776226103 ], [ 537301.626069941557944, 1356618.890938789816573 ], [ 537302.213423702283762, 1356597.961690614931285 ], [ 537281.160979597945698, 1356597.20276861358434 ], [ 537275.448088240926154, 1356652.230990150244907 ], [ 537246.548112175776623, 1356650.980297691188753 ], [ 537239.149636844405904, 1356808.042492813663557 ], [ 537237.135838986374438, 1356964.433315464295447 ], [ 537226.498474927502684, 1356965.112058739410713 ], [ 537225.657099754316732, 1356968.422876502620056 ], [ 537176.913464268785901, 1356967.386264666449279 ], [ 537176.534758040448651, 1356974.874455800047144 ], [ 537175.011367581319064, 1357007.853882432449609 ], [ 537173.07049648615066, 1357017.150191693101078 ], [ 537150.756297586252913, 1357016.312457311199978 ], [ 537083.702505002263933, 1357014.12899057334289 ], [ 537061.291107671451755, 1357013.397517364937812 ], [ 537034.640344889950939, 1357012.400503697339445 ], [ 536954.576863917871378, 1357009.739349438110366 ], [ 536932.706660997588187, 1357009.04211351973936 ], [ 536927.828903406043537, 1357008.848697606706992 ], [ 536926.510384565335698, 1357050.137698575621471 ], [ 536922.270165929687209, 1357174.211197511292994 ], [ 536920.764206292224117, 1357215.600635986076668 ], [ 536920.544368814327754, 1357224.892686358420178 ], [ 536919.58627918548882, 1357253.198612965410575 ], [ 536919.179049895843491, 1357262.591046797344461 ], [ 536918.74085733492393, 1357278.260170970810577 ], [ 536917.058487573638558, 1357325.356636818731204 ], [ 536916.432900073705241, 1357341.126149870222434 ], [ 536915.875027032569051, 1357360.151342010358348 ], [ 536913.993017615750432, 1357417.662358260480687 ], [ 536913.337942567653954, 1357436.793593117501587 ], [ 536909.732984246569686, 1357539.156288951868191 ], [ 536918.50276203721296, 1357539.3692737063393 ], [ 537002.918589530047029, 1357541.854591212701052 ], [ 537001.525662266183645, 1357591.54804296256043 ], [ 536996.679037461872213, 1357651.564308310858905 ], [ 536977.626657608081587, 1357652.164586312137544 ], [ 536976.989202760625631, 1357663.785007247934118 ], [ 536973.627772529609501, 1357723.221645520301536 ], [ 536903.401829234091565, 1357721.176880030427128 ], [ 536903.155474675237201, 1357728.000696611125022 ], [ 536900.898555388324894, 1357785.712652383139357 ], [ 536880.945328766596504, 1357784.799152916297317 ], [ 536850.606128598330542, 1357783.459410287905484 ], [ 536820.974465595907532, 1357782.388326676096767 ], [ 536800.910059908521362, 1357781.804406978655607 ], [ 536780.707237065187655, 1357780.539152931189165 ], [ 536719.814190239761956, 1357776.950095013715327 ], [ 536699.514171616407111, 1357775.791065457742661 ], [ 536699.539267149055377, 1357781.174335707910359 ], [ 536699.413189555169083, 1357797.647895452566445 ], [ 536699.341099241748452, 1357803.137200029799715 ], [ 536680.36299414455425, 1357822.802954441867769 ], [ 536643.462059073499404, 1357861.191587225534022 ], [ 536635.815208855550736, 1357892.218190472573042 ], [ 536628.550845528836362, 1357921.474852375220507 ], [ 536648.892473907792009, 1357921.963627639226615 ], [ 536709.806193418218754, 1357923.759638391202316 ], [ 536730.050640481291339, 1357924.354639642173424 ], [ 536729.143366837874055, 1357948.963985008886084 ], [ 536726.03978667629417, 1358023.104503547307104 ], [ 536724.945127823506482, 1358047.814254839206114 ], [ 536680.25919817131944, 1358047.146316873608157 ], [ 536597.575286180595867, 1358046.005610280670226 ], [ 536590.609804441570304, 1358045.905882119666785 ], [ 536546.208445912925526, 1358045.032219854649156 ], [ 536501.439348281361163, 1358044.247887246543542 ], [ 536499.672066659317352, 1358069.588244255166501 ], [ 536497.444087120704353, 1358100.842070869170129 ], [ 536495.799241929897107, 1358145.923037428176031 ], [ 536494.746464662021026, 1358171.420260888524354 ], [ 536539.73652183287777, 1358173.003263249062002 ], [ 536557.524344428209588, 1358173.780462970724329 ], [ 536551.46595346077811, 1358306.710783399874344 ], [ 536549.247408382594585, 1358360.949697284726426 ], [ 536595.672450582380407, 1358362.735007634619251 ], [ 536596.17216693633236, 1358376.444843171397224 ], [ 536654.821042640018277, 1358378.210977201117203 ], [ 536658.392567408271134, 1358311.050929402001202 ], [ 536668.86108951701317, 1358311.594313647598028 ], [ 536713.739271474420093, 1358313.507624979363754 ], [ 536712.900411206064746, 1358339.915247432887554 ], [ 536710.023060309002176, 1358419.115559184923768 ], [ 536709.087001653737389, 1358445.629238720051944 ], [ 536771.273597002145834, 1358447.281381319509819 ] ] ] } },
{ "type": "Feature", "properties": { "community_id": "Selected low-growth community", "zcta": "38135", "overlap_sq_m": 1965077.8266912545, "overlap_sq_miles": 0.75872079058939168, "share_of_community_area": 0.0035328526680378424 }, "geometry": { "type": "MultiPolygon", "coordinates": [ [ [ [ 550791.600101882475428, 1370053.892461724346504 ], [ 550790.482068913173862, 1370045.970577442785725 ], [ 550786.272907411097549, 1370014.412113193888217 ], [ 550786.179024393553846, 1370013.06036888086237 ], [ 550780.404347109841183, 1369969.289854743052274 ], [ 550778.088702232576907, 1369951.870997832389548 ], [ 550776.609917974565178, 1369941.122364062117413 ], [ 550774.171616239473224, 1369922.798486112151295 ], [ 550771.91725131124258, 1369905.832150047412142 ], [ 550770.766591582680121, 1369897.011047347681597 ], [ 550660.023800342576578, 1369907.603898473782465 ], [ 550579.131096097757109, 1369915.296196918003261 ], [ 550496.84885146189481, 1369799.768491270486265 ], [ 550355.601090369280428, 1369869.85686005698517 ], [ 550385.067444980377331, 1369910.888993101892993 ], [ 550383.348706520861015, 1369926.366136906435713 ], [ 550479.078407022054307, 1370057.784737937152386 ], [ 550583.115970996790566, 1370190.748450949788094 ], [ 550584.981330071110278, 1370187.055624462431297 ], [ 550603.550598296686076, 1370141.599175436189398 ], [ 550611.534769386984408, 1370128.543648632476106 ], [ 550616.105329415411688, 1370123.567018401110545 ], [ 550640.04712484346237, 1370104.248915149830282 ], [ 550662.274997926666401, 1370089.081995528191328 ], [ 550676.294414, 1370082.021919827442616 ], [ 550689.060657106339931, 1370077.572640229947865 ], [ 550711.030947262304835, 1370072.033470299560577 ], [ 550718.560685342876241, 1370075.882223639171571 ], [ 550735.30163389898371, 1370078.529420617036521 ], [ 550739.171396927325986, 1370083.039821562590078 ], [ 550744.185534224496223, 1370102.090173278469592 ], [ 550746.462919619982131, 1370106.049545271787792 ], [ 550747.670113694272004, 1370108.370065429015085 ], [ 550751.759272914845496, 1370110.876036877511069 ], [ 550756.615403648465872, 1370111.300667305942625 ], [ 550789.781587705714628, 1370103.230039767222479 ], [ 550795.120147649664432, 1370101.779323911992833 ], [ 550797.789428362622857, 1370101.053967246087268 ], [ 550797.403357125702314, 1370097.216294314712286 ], [ 550795.87051917577628, 1370085.903451938880607 ], [ 550795.574507248820737, 1370082.071575375739485 ], [ 550792.123182531329803, 1370058.411801307694986 ], [ 550791.600101882475428, 1370053.892461724346504 ] ] ], [ [ [ 552374.856726766913198, 1373463.417348803253844 ], [ 552348.863226412795484, 1373427.758748931111768 ], [ 552327.752191998879425, 1373397.686335743637756 ], [ 552190.715653279446997, 1373202.790008208481595 ], [ 552122.221891744062304, 1373105.624876499408856 ], [ 552121.548781887162477, 1373097.843365028966218 ], [ 552125.939034215291031, 1372998.989648082759231 ], [ 552127.067520632059313, 1372966.091577868908644 ], [ 552131.167149385437369, 1372836.715567902429029 ], [ 552131.365389923681505, 1372832.242530464893207 ], [ 552139.652505296748132, 1372623.96210332470946 ], [ 552143.781680640648119, 1372568.380089231068268 ], [ 552145.12213717319537, 1372547.607528537278995 ], [ 552149.071437855716795, 1372486.406671860255301 ], [ 552152.128135635401122, 1372408.214298800565302 ], [ 552152.82746672059875, 1372388.970428956439719 ], [ 552154.835406140773557, 1372331.233027170179412 ], [ 552155.437481564702466, 1372312.095039312029257 ], [ 552152.420834529795684, 1372266.369415057357401 ], [ 552152.914617136237212, 1372254.513887322042137 ], [ 552155.153248020564206, 1372187.595537794055417 ], [ 552156.843815267086029, 1372140.37939347489737 ], [ 552157.497443588566966, 1372081.208983176387846 ], [ 552157.779220220865682, 1372051.620883304160088 ], [ 552158.597590479999781, 1372023.525300815701485 ], [ 552160.367744385497645, 1371961.062650004168972 ], [ 552165.197013104218058, 1371849.790141409728676 ], [ 552167.139748593443073, 1371795.861719803186134 ], [ 552170.513508379808627, 1371695.934201802359894 ], [ 552171.738988597062416, 1371660.126995275495574 ], [ 552171.88007882097736, 1371634.118551425635815 ], [ 552171.935008595930412, 1371595.432218863163143 ], [ 552172.010835142224096, 1371587.250559677835554 ], [ 552172.367576093180105, 1371580.320617257617414 ], [ 552063.768389087519608, 1371583.182544996030629 ], [ 552024.007677526096813, 1371584.206161634763703 ], [ 551961.598639104398899, 1371585.899825136177242 ], [ 551954.171653719386086, 1371586.093643240397796 ], [ 551946.28003292856738, 1371586.481787639204413 ], [ 551934.538048974587582, 1371586.285163424909115 ], [ 551932.416571198613383, 1371586.933342481032014 ], [ 551922.079325111932121, 1371590.191668733488768 ], [ 551911.486335491412319, 1371590.405615391908213 ], [ 551861.521693263901398, 1371588.416847955435514 ], [ 551844.946047443663701, 1371587.460048616398126 ], [ 551829.27085903135594, 1371586.561348346294835 ], [ 551815.695531617151573, 1371585.349507849896327 ], [ 551793.378009780077264, 1371558.453664411092177 ], [ 551791.955243502277881, 1371556.679759040940553 ], [ 551770.530966695048846, 1371535.560941220726818 ], [ 551703.480332977604121, 1371468.997893593274057 ], [ 551686.853466014843434, 1371452.00151546113193 ], [ 551664.538924850057811, 1371429.255603121826425 ], [ 551652.561928258393891, 1371411.661911996779963 ], [ 551641.549917689175345, 1371387.513956620590761 ], [ 551609.769439363852143, 1371291.376668950309977 ], [ 551598.84716334391851, 1371267.234594607492909 ], [ 551592.305475907982327, 1371256.495715219760314 ], [ 551538.732704814872704, 1371178.579403666546568 ], [ 551519.456784153589979, 1371150.759075961541384 ], [ 551490.476125495042652, 1371110.762613852974027 ], [ 551463.696651239879429, 1371080.103888002689928 ], [ 551428.458925407845527, 1371043.180938199162483 ], [ 551382.885838245041668, 1370996.845074309734628 ], [ 551375.414559674914926, 1370989.298677861457691 ], [ 551371.750979287666269, 1370985.81048347032629 ], [ 551367.08591631858144, 1370981.024191474309191 ], [ 551329.693272189935669, 1370943.850750203244388 ], [ 551324.00508607912343, 1370938.101427927846089 ], [ 551278.942386695416644, 1370892.24767834902741 ], [ 551254.067198526463471, 1370864.291709832614288 ], [ 551239.235519618960097, 1370846.066329479217529 ], [ 551236.96951855905354, 1370843.341082606697455 ], [ 551226.936211203807034, 1370829.23766434751451 ], [ 551190.142418574658222, 1370778.534227719530463 ], [ 551183.326177239301614, 1370769.235934894299135 ], [ 551177.84290511533618, 1370761.705641283420846 ], [ 551076.689984021126293, 1370817.318784506293014 ], [ 550853.292380383587442, 1370940.199424781836569 ], [ 550773.329264011466876, 1370984.171365721616894 ], [ 550692.048763067694381, 1371028.956389574101195 ], [ 550672.084431820781901, 1371039.895297647919506 ], [ 550678.202091732528061, 1371048.811806494835764 ], [ 550705.850191257195547, 1371088.495230664266273 ], [ 550754.883930791867897, 1371158.375812139129266 ], [ 550773.023674716474488, 1371184.214723493205383 ], [ 550828.595070615992881, 1371263.488070434890687 ], [ 550844.187237271224149, 1371285.350334458053112 ], [ 550911.015036801341921, 1371379.366855741245672 ], [ 551005.302591776824556, 1371511.710914977593347 ], [ 551061.679852643283084, 1371591.038144132122397 ], [ 551088.675756555283442, 1371629.55976476543583 ], [ 551094.619607324013487, 1371638.353330683428794 ], [ 551112.195331187103875, 1371664.493297929642722 ], [ 551118.049085225677118, 1371673.281083175446838 ], [ 551134.363761879270896, 1371696.536300248000771 ], [ 551255.314262975356542, 1371869.627345484914258 ], [ 551273.263516861246899, 1371895.567528363084421 ], [ 551317.331015384988859, 1371958.179484930355102 ], [ 551485.439697297988459, 1372197.674849200295284 ], [ 551510.014754520030692, 1372233.014297577785328 ], [ 551565.045814518118277, 1372312.034841332351789 ], [ 551667.915915298624896, 1372458.174842138774693 ], [ 551710.720334772369824, 1372519.250151180662215 ], [ 551768.189229875220917, 1372599.663205840159208 ], [ 551797.872219967423007, 1372641.27683824650012 ], [ 551806.411154932924546, 1372653.266342581715435 ], [ 551869.366545821656473, 1372743.902913381578401 ], [ 551975.311768879881129, 1372896.862716766772792 ], [ 551967.223123124102131, 1372904.527533516520634 ], [ 551953.761443169903941, 1372908.593513600062579 ], [ 551935.247248501284048, 1372908.296338927233592 ], [ 551826.83068730996456, 1372897.378160591935739 ], [ 551766.577584915445186, 1372893.82875076844357 ], [ 551706.652197585674003, 1372892.207371348515153 ], [ 551506.193893252289854, 1372887.021902492269874 ], [ 551500.302254767157137, 1372888.660756673198193 ], [ 551494.961659267893992, 1372891.568731600418687 ], [ 551485.451100090751424, 1372903.067410388262942 ], [ 551482.599175241193734, 1372910.845905387541279 ], [ 551481.378779474296607, 1372922.766794057330117 ], [ 551479.494386991253123, 1372996.885567242279649 ], [ 551478.083972130087204, 1373032.793337646406144 ], [ 551480.605123190092854, 1373041.366749221924692 ], [ 551485.423774274066091, 1373047.957488046726212 ], [ 551496.490604125894606, 1373057.193883762229234 ], [ 551501.471341432188638, 1373065.477263871347532 ], [ 551503.391215957235545, 1373079.170622001867741 ], [ 551505.315156766911969, 1373108.228181711165234 ], [ 551507.331980062765069, 1373113.404734763782471 ], [ 551516.518910000217147, 1373123.753591162152588 ], [ 551518.730260352720506, 1373131.52203565905802 ], [ 551519.879687668173574, 1373154.361681926762685 ], [ 551518.789991167373955, 1373206.32700383476913 ], [ 551521.14069747319445, 1373310.101156785385683 ], [ 551519.537137498613447, 1373410.704709897749126 ], [ 551528.398275371757336, 1373522.861112147569656 ], [ 551527.484283682424575, 1373553.866626879200339 ], [ 551522.922461257898249, 1373583.96411459473893 ], [ 551509.409280154504813, 1373643.539708629017696 ], [ 551702.151088593876921, 1373633.537574910093099 ], [ 551769.442556499852799, 1373628.793389363912866 ], [ 551826.107622611103579, 1373624.822208698373288 ], [ 551898.847555975546129, 1373621.103340473491699 ], [ 551909.542492605512962, 1373620.671808246057481 ], [ 552023.859669213648885, 1373614.25324463355355 ], [ 552118.083532078075223, 1373608.221645090496168 ], [ 552187.583000832353719, 1373604.296084125991911 ], [ 552215.796929654432461, 1373602.75274749705568 ], [ 552348.948134532663971, 1373595.871972996974364 ], [ 552395.934289334109053, 1373593.410428331233561 ], [ 552450.443028243724257, 1373590.649869793094695 ], [ 552465.333181320340373, 1373591.050661401590332 ], [ 552396.658776167780161, 1373493.983117767143995 ], [ 552374.856726766913198, 1373463.417348803253844 ] ] ] ] } },
{ "type": "Feature", "properties": { "community_id": "Selected low-growth community", "zcta": "38116", "overlap_sq_m": 31891708.300636567, "overlap_sq_miles": 12.313457414481816, "share_of_community_area": 0.057335493397682402 }, "geometry": { "type": "MultiPolygon", "coordinates": [ [ [ [ 538889.355706689064391, 1343137.725160224363208 ], [ 538888.502949867048301, 1343146.976363941095769 ], [ 538882.614881032961421, 1343242.232533185277134 ], [ 538860.466597709804773, 1343596.552910250145942 ], [ 538854.49976467282977, 1343669.943913783645257 ], [ 538851.918195230071433, 1343702.404638758394867 ], [ 538850.084278960479423, 1343740.293375574285164 ], [ 538849.726834756787866, 1343745.988333952380344 ], [ 538844.764666268252768, 1343825.047786348499358 ], [ 538836.235054834047332, 1343960.945309918839484 ], [ 538835.408025397220626, 1343974.12190691404976 ], [ 538830.176395386224613, 1344050.249851929256693 ], [ 538828.453810777165927, 1344087.809377199737355 ], [ 538826.455542654381134, 1344121.091578747844324 ], [ 538818.73112984537147, 1344245.605165081564337 ], [ 538813.374883438809775, 1344333.832960265688598 ], [ 538808.917314350837842, 1344404.852841197513044 ], [ 538913.61197833425831, 1344411.424651941983029 ], [ 538922.554832026362419, 1344411.98606511275284 ], [ 538950.196376101579517, 1344413.721401086775586 ], [ 539159.973946100100875, 1344427.903108381433412 ], [ 539254.808153343154117, 1344434.084019377594814 ], [ 539283.443273878539912, 1344435.882846657186747 ], [ 539309.639435673831031, 1344437.528545179404318 ], [ 539358.960471493192017, 1344440.627215194748715 ], [ 539373.691529640113004, 1344441.440664894413203 ], [ 539476.217791990493424, 1344447.883122085593641 ], [ 539508.556456133257598, 1344449.91544630844146 ], [ 539514.879657725454308, 1344450.312842378625646 ], [ 539440.5776544183027, 1344662.906929660355672 ], [ 539401.778155049891211, 1344773.809211558895186 ], [ 539323.513373219757341, 1344997.59057598002255 ], [ 539301.89474794419948, 1345070.335346390027553 ], [ 539288.535392995574512, 1345124.204489276977256 ], [ 539245.516918576671742, 1345312.421162194106728 ], [ 539240.891215053619817, 1345332.646276355488226 ], [ 539238.397287613130175, 1345343.476160066435114 ], [ 539202.395443417131901, 1345500.856019175145775 ], [ 539193.141685279784724, 1345534.131293433718383 ], [ 539191.350230170413852, 1345543.884253374533728 ], [ 539185.871531625511125, 1345573.360801285365596 ], [ 539183.982752967393026, 1345583.219759702915326 ], [ 539180.019292282871902, 1345600.123302832478657 ], [ 539168.107934404048137, 1345651.1689602448605 ], [ 539164.130490017705597, 1345668.295855485834181 ], [ 539146.415406315005384, 1345746.779801765922457 ], [ 539114.002213803702034, 1345890.372326452285051 ], [ 539092.556029626051895, 1345982.075131494086236 ], [ 539074.209672997239977, 1346060.519731784937903 ], [ 539054.490519463433884, 1346146.38945420156233 ], [ 538995.334755585761741, 1346403.999276977265254 ], [ 538975.526423217961565, 1346489.863764909328893 ], [ 538965.002085080021061, 1346536.176414985675365 ], [ 538937.267793849343434, 1346657.30604909430258 ], [ 538933.227903892053291, 1346675.438217781484127 ], [ 538922.606571459909901, 1346721.856991887558252 ], [ 538898.152001639013179, 1346831.197179793380201 ], [ 538881.282861928339116, 1346906.3720946717076 ], [ 538853.409189128899015, 1347031.193133339751512 ], [ 538825.13813207228668, 1347159.46479977760464 ], [ 538800.851906607742421, 1347269.04035688820295 ], [ 538796.444207089487463, 1347287.261676717549562 ], [ 538783.207168690278195, 1347342.14900567359291 ], [ 538778.79251306457445, 1347360.482015440706164 ], [ 538765.880945788929239, 1347417.407801819732413 ], [ 538726.876081722206436, 1347588.168439051136374 ], [ 538713.867696748697199, 1347645.200416512787342 ], [ 538679.822920106817037, 1347793.290372301824391 ], [ 538630.989372632117011, 1348005.139783725142479 ], [ 538580.27004801935982, 1348238.396559233544394 ], [ 538579.274358654743992, 1348242.70636420766823 ], [ 538544.797976208501495, 1348386.173791447188705 ], [ 538531.812347478582524, 1348442.871426000725478 ], [ 538510.464681205921806, 1348536.040762681979686 ], [ 538490.995199740515091, 1348612.287266585510224 ], [ 538476.586506199208088, 1348668.559421423589811 ], [ 538396.130514779943042, 1348894.794959412422031 ], [ 538375.665829006582499, 1348952.256907349918038 ], [ 538270.295474435202777, 1349254.959885348565876 ], [ 538217.237050184165128, 1349407.241547421785071 ], [ 538158.094900640076958, 1349575.622395756421611 ], [ 538078.430220133857802, 1349802.47203235165216 ], [ 538037.249749379814602, 1349920.072908136993647 ], [ 537985.575464672525413, 1350067.734579029725865 ], [ 537960.545838459511288, 1350138.813411212060601 ], [ 537953.041842354577966, 1350160.204653377411887 ], [ 537933.79912078124471, 1350214.157029916765168 ], [ 537916.421223196317442, 1350274.504660407546908 ], [ 537899.301078216871247, 1350333.635275947395712 ], [ 537887.615984106436372, 1350397.142760674003512 ], [ 537880.426831605494954, 1350427.971245509339496 ], [ 537858.769330273848027, 1350520.451125422026962 ], [ 537854.830503348028287, 1350537.020983315538615 ], [ 537851.483058277866803, 1350551.38568058097735 ], [ 537846.34524558542762, 1350576.961455652723089 ], [ 537830.730394777026959, 1350654.012533844215795 ], [ 537825.495398196857423, 1350679.694357719738036 ], [ 537783.811232684995048, 1350870.474766063969582 ], [ 537754.127423556987196, 1351005.727401512209326 ], [ 537732.365429015015252, 1351102.797998914495111 ], [ 537715.259517195750959, 1351179.083398575894535 ], [ 537658.766552666202188, 1351442.819074549945071 ], [ 537654.152274657622911, 1351464.391862371470779 ], [ 537619.710196797735989, 1351623.563629666343331 ], [ 537617.524878230760805, 1351633.853172464529052 ], [ 537615.256307177594863, 1351644.025385232409462 ], [ 537613.377500227419659, 1351652.316106377402321 ], [ 537600.740933235734701, 1351707.916972528211772 ], [ 537596.496352134272456, 1351726.485943761887029 ], [ 537581.232250184053555, 1351802.326783556956798 ], [ 537571.773277154192328, 1351849.157843130873516 ], [ 537551.72719222784508, 1351936.246757137589157 ], [ 537530.373681499157101, 1352028.298930008895695 ], [ 537525.809574954677373, 1352047.632742055226117 ], [ 537514.305094950599596, 1352103.977503082482144 ], [ 537502.502704225829802, 1352159.294608261203393 ], [ 537467.075172445271164, 1352325.581203114707023 ], [ 537458.509157017688267, 1352365.405338418669999 ], [ 537487.050036023487337, 1352363.942627032287419 ], [ 537538.467201181454584, 1352360.326113930670545 ], [ 537562.946210248395801, 1352360.066554434364662 ], [ 537635.475306390086189, 1352356.428531754994765 ], [ 537731.721893604146317, 1352348.78453319449909 ], [ 537790.243305559852161, 1352341.690947279566899 ], [ 537839.941495149745606, 1352333.70810213428922 ], [ 537948.672886422369629, 1352310.480787400854751 ], [ 538018.593763464246877, 1352292.107536371331662 ], [ 538168.397029673331417, 1352246.794393601128832 ], [ 538352.406696852878667, 1352192.083050759509206 ], [ 538392.945650254376233, 1352178.483278859872371 ], [ 538446.475549701717682, 1352162.896392387105152 ], [ 538510.121622920385562, 1352146.375387027626857 ], [ 538587.51593962602783, 1352127.354731627507135 ], [ 538599.216209118254483, 1352124.277579722460359 ], [ 538702.474614981911145, 1352101.724903599126264 ], [ 538887.168643834418617, 1352062.203127786517143 ], [ 539103.818699884111993, 1352017.406324659939855 ], [ 539374.813612560858019, 1351961.457325968658552 ], [ 539472.408489762456156, 1351942.59366496396251 ], [ 539633.206801332882605, 1351911.450716100167483 ], [ 539677.002263932838105, 1351902.322086639003828 ], [ 539698.639267662190832, 1351898.302022465271875 ], [ 539698.427559532457963, 1351884.386449959594756 ], [ 539698.185549563495442, 1351873.832419834332541 ], [ 539696.468904588138685, 1351839.1930166548118 ], [ 539697.423621909692883, 1351806.739782063057646 ], [ 539698.274022587225772, 1351774.504222645424306 ], [ 539705.204279151977971, 1351698.926480054622516 ], [ 539710.733430919004604, 1351658.576750282896683 ], [ 539720.28259719919879, 1351609.062359964707866 ], [ 539720.784159498754889, 1351606.851627297699451 ], [ 539724.025425468222238, 1351589.902041256427765 ], [ 539734.414018468814902, 1351541.44954068493098 ], [ 539745.283639683621004, 1351499.75421001878567 ], [ 539750.547957988921553, 1351479.456397770438343 ], [ 539761.767314660828561, 1351443.725179276196286 ], [ 539770.464789164019749, 1351419.270960951922461 ], [ 539787.734893547487445, 1351379.54808783903718 ], [ 539788.59048563183751, 1351377.471755686681718 ], [ 539798.460343388956971, 1351354.548838458955288 ], [ 539804.830542941810563, 1351341.159649172332138 ], [ 539813.599999496014789, 1351322.764193253824487 ], [ 539822.272201525978744, 1351304.474741056328639 ], [ 539828.009544919943437, 1351292.50323015730828 ], [ 539833.439877913566306, 1351282.530460973968729 ], [ 539856.885506796068512, 1351239.720854740357026 ], [ 539877.693067705840804, 1351205.714424756821245 ], [ 539904.469473495613784, 1351166.141677431296557 ], [ 539937.054297333816066, 1351122.113711684010923 ], [ 539940.328149280278012, 1351117.610986394342035 ], [ 539976.676189359277487, 1351074.268505712272599 ], [ 540020.406115925288759, 1351030.269753922708333 ], [ 540072.940971003263257, 1350977.407976896502078 ], [ 540125.457796024507843, 1350930.599543054355308 ], [ 540153.979460759554058, 1350907.954585299594328 ], [ 540156.265327348606661, 1350906.192583140451461 ], [ 540176.622479918878525, 1350890.881581410532817 ], [ 540196.785111515317112, 1350875.782604461302981 ], [ 540204.469205332105048, 1350870.324452372500673 ], [ 540205.629808052093722, 1350877.7970823305659 ], [ 540208.494979397743009, 1350898.494429508922622 ], [ 540208.826743230805732, 1350900.421265415614471 ], [ 540209.593438632204197, 1350905.514691678807139 ], [ 540209.980302157928236, 1350908.005569208646193 ], [ 540210.388263246160932, 1350910.161432582186535 ], [ 540211.237025965005159, 1350916.829628073610365 ], [ 540211.457426627282985, 1350919.085794175975025 ], [ 540214.093964232946746, 1350939.096068253740668 ], [ 540221.64241760247387, 1350999.104176780441776 ], [ 540224.181587959872559, 1351019.220454012742266 ], [ 540225.971640954376198, 1351029.647716275416315 ], [ 540231.042846523923799, 1351061.359142768662423 ], [ 540232.735581125481986, 1351071.892396901268512 ], [ 540234.634628525120206, 1351084.905165146104991 ], [ 540238.651910699671134, 1351114.644292626064271 ], [ 540240.046871133381501, 1351124.14976959861815 ], [ 540241.5168509806972, 1351135.341690921923146 ], [ 540241.758330453187227, 1351137.262847064062953 ], [ 540244.793212389340624, 1351136.557072225026786 ], [ 540343.997151243966073, 1351142.693570151925087 ], [ 540367.755711748381145, 1351145.311381091829389 ], [ 540391.422804499627091, 1351149.380986984353513 ], [ 540402.793287875130773, 1351153.012304828502238 ], [ 540417.111827476532198, 1351160.192812561523169 ], [ 540423.919997720979154, 1351164.321529399836436 ], [ 540429.636793466983363, 1351169.951097894459963 ], [ 540440.02120831864886, 1351182.041063227690756 ], [ 540446.261852824129164, 1351192.300355424406007 ], [ 540453.811754630762152, 1351206.229818901978433 ], [ 540466.924545221496373, 1351235.421069503528997 ], [ 540468.039213318726979, 1351239.303207260556519 ], [ 540470.508520506438799, 1351259.078893042169511 ], [ 540471.231334573705681, 1351274.932632771786302 ], [ 540472.790983017883264, 1351294.763124736724421 ], [ 540472.808452004333958, 1351298.800361746922135 ], [ 540475.256604295107536, 1351318.911073222756386 ], [ 540477.083607748616487, 1351334.498053339542821 ], [ 540480.469499749247916, 1351354.107286746380851 ], [ 540483.452380902599543, 1351365.730968052288517 ], [ 540494.338887667981908, 1351391.418592054862529 ], [ 540500.391733144642785, 1351401.778237304650247 ], [ 540505.059169337037019, 1351408.238676876761019 ], [ 540512.828115164418705, 1351417.24897701619193 ], [ 540518.447372821858153, 1351422.98459954187274 ], [ 540536.201868306961842, 1351438.902622001012787 ], [ 540539.609329018276185, 1351440.911195358727127 ], [ 540545.638845997047611, 1351445.887886965181679 ], [ 540559.449175301473588, 1351453.93358026444912 ], [ 540570.16503423335962, 1351459.317744258325547 ], [ 540581.333403749275021, 1351463.272944390773773 ], [ 540616.2299927205313, 1351471.750766748562455 ], [ 540624.116350349737331, 1351473.14474938926287 ], [ 540640.18923208292108, 1351474.045697867870331 ], [ 540755.087033284944482, 1351481.288515034830198 ], [ 540818.762052977923304, 1351483.172873453237116 ], [ 540906.398833493469283, 1351484.438541084062308 ], [ 540922.203511905157939, 1351482.408104600850493 ], [ 540953.543422143440694, 1351476.872823491925374 ], [ 541008.589823050308041, 1351469.020940593909472 ], [ 541020.581304741208442, 1351468.54402005369775 ], [ 541033.799864584580064, 1351470.162594462512061 ], [ 541053.425392577657476, 1351473.64283064706251 ], [ 541107.619951360858977, 1351486.479221347020939 ], [ 541115.276415438740514, 1351488.643965799594298 ], [ 541123.079493144643493, 1351489.921041970606893 ], [ 541134.993465985753573, 1351490.672663853736594 ], [ 541146.936950122239068, 1351489.520198845304549 ], [ 541158.666029705433175, 1351487.457298326073214 ], [ 541165.938608811702579, 1351484.216319244122133 ], [ 541183.472001498332247, 1351474.895795221906155 ], [ 541212.89528045640327, 1351462.401466552866623 ], [ 541216.687444633804262, 1351461.183238345198333 ], [ 541223.300409289659001, 1351465.524549366906285 ], [ 541227.027813073364086, 1351466.768783584935591 ], [ 541234.816808006493375, 1351468.269303289474919 ], [ 541238.878400026354939, 1351468.525589073076844 ], [ 541274.367782339570113, 1351466.168302341829985 ], [ 541297.964324583881535, 1351462.724284945754334 ], [ 541317.146668976172805, 1351457.432134051807225 ], [ 541324.647827602457255, 1351454.878404679941013 ], [ 541342.507259453414008, 1351446.139348454540595 ], [ 541346.437681056326255, 1351445.602596076903865 ], [ 541358.358763433876447, 1351446.242857304867357 ], [ 541382.677668179967441, 1351450.020066227531061 ], [ 541393.889407494454645, 1351451.848879144759849 ], [ 541401.559944794513285, 1351453.790536656975746 ], [ 541435.014766502426937, 1351466.441119708353654 ], [ 541438.317673425306566, 1351468.667694016825408 ], [ 541446.558072195737623, 1351477.372314164415002 ], [ 541448.89495440479368, 1351480.546955989208072 ], [ 541455.642262816545554, 1351511.46839131671004 ], [ 541472.013353845104575, 1351556.451276607112959 ], [ 541483.487474517081864, 1351574.217244845116511 ], [ 541488.640630827168934, 1351580.148359869373962 ], [ 541494.460823590285145, 1351585.561009331140667 ], [ 541500.871896407334134, 1351590.226154684787616 ], [ 541503.868717645993456, 1351592.994016737211496 ], [ 541520.494298741570674, 1351603.797729663550854 ], [ 541556.791449306183495, 1351620.216009540949017 ], [ 541593.771026493282989, 1351634.435221240157261 ], [ 541605.043133039958775, 1351638.174114522757009 ], [ 541621.417500234907493, 1351642.90790559980087 ], [ 541618.615309463930316, 1351654.278920655837283 ], [ 541606.501237623626366, 1351695.445417638169602 ], [ 541595.411097650066949, 1351726.137672446668148 ], [ 541576.470291280187666, 1351769.227603975217789 ], [ 541551.952240373939276, 1351814.544113119132817 ], [ 541571.80105937353801, 1351823.084930936107412 ], [ 541587.261315960204229, 1351789.192967870971188 ], [ 541594.852576535311528, 1351772.294287568656728 ], [ 541612.283101021545008, 1351733.033090060576797 ], [ 541623.226628362201154, 1351703.228523484431207 ], [ 541628.729455844964832, 1351684.964723046636209 ], [ 541636.071288947714493, 1351660.538551868405193 ], [ 541636.753857915755361, 1351658.339331472292542 ], [ 541638.832608932629228, 1351648.380146658048034 ], [ 541693.476679069572128, 1351661.248747075675055 ], [ 541747.446498477947898, 1351674.747816654155031 ], [ 541758.815805168123916, 1351678.380942628718913 ], [ 541762.424581643077545, 1351680.066393327666447 ], [ 541772.040875128121115, 1351687.064417757792398 ], [ 541774.850013751653023, 1351689.932645223801956 ], [ 541772.929015979520045, 1351701.695634814212099 ], [ 541771.599079475505278, 1351705.535701429471374 ], [ 541768.155128261889331, 1351712.717845025239512 ], [ 541764.289264168008231, 1351732.318252673605457 ], [ 541765.00136775826104, 1351735.390372459311038 ], [ 541772.232973976526409, 1351738.53794035804458 ], [ 541783.657170883030631, 1351742.735155687201768 ], [ 541787.614270617486909, 1351743.209341917419806 ], [ 541791.530492314719595, 1351742.896133331116289 ], [ 541798.810193876503035, 1351739.544013443635777 ], [ 541806.33371218747925, 1351742.373701240401715 ], [ 541820.977390826796181, 1351748.680315859848633 ], [ 541828.849256432615221, 1351750.298749199137092 ], [ 541839.779814397101291, 1351755.137556814821437 ], [ 541847.56847155909054, 1351756.638635036768392 ], [ 541858.221423967042938, 1351754.396595254307613 ], [ 541878.964654796407558, 1351750.213355760788545 ], [ 541886.825324539444409, 1351749.140340933809057 ], [ 541918.776932589360513, 1351749.701515074819326 ], [ 541926.669951407704502, 1351750.985026073409244 ], [ 541930.641154933255166, 1351751.235936921089888 ], [ 541933.371430219849572, 1351749.61458017071709 ], [ 541936.104939270881005, 1351737.902946121292189 ], [ 541936.78640546859242, 1351729.985734610119835 ], [ 541936.491826592129655, 1351726.043046154081821 ], [ 541932.21926180110313, 1351714.785680867033079 ], [ 541929.104138118331321, 1351712.458647173363715 ], [ 541921.976923754205927, 1351709.093308974057436 ], [ 541918.249710066593252, 1351707.848771099001169 ], [ 541902.686430363915861, 1351704.623152943328023 ], [ 541898.88306771335192, 1351703.14957994944416 ], [ 541888.355819719145074, 1351697.663483305135742 ], [ 541862.190999833866954, 1351672.914526970125735 ], [ 541859.757013380993158, 1351669.845737244468182 ], [ 541854.592958497814834, 1351661.22289676591754 ], [ 541863.541137290536426, 1351655.846021767007187 ], [ 541874.301495880703442, 1351650.471524520544335 ], [ 541881.740653631626628, 1351647.465893895132467 ], [ 541897.283129531773739, 1351643.851054740371183 ], [ 541913.273971537011676, 1351643.179595817811787 ], [ 541953.083812291384675, 1351645.58275722945109 ], [ 541980.819070092751645, 1351648.344292233232409 ], [ 541984.762096027028747, 1351649.041910297470167 ], [ 541996.235726461047307, 1351652.457712020492181 ], [ 542000.116719942772761, 1351652.702951806364581 ], [ 542012.101033034035936, 1351652.339086723513901 ], [ 542024.028893859591335, 1351652.868602438597009 ], [ 542031.677970073535107, 1351655.145836910232902 ], [ 542057.690888708108105, 1351665.086353077553213 ], [ 542072.99605847580824, 1351669.529218735173345 ], [ 542076.946127240080386, 1351670.115208751056343 ], [ 542085.007094915257767, 1351670.176193731604144 ], [ 542096.936428165412508, 1351669.248390574939549 ], [ 542104.878910785191692, 1351669.750371775589883 ], [ 542106.419884956092574, 1351676.911106676096097 ], [ 542107.811571526690386, 1351680.698910878272727 ], [ 542115.538869484094903, 1351694.641288412036374 ], [ 542118.055958729120903, 1351697.82752590929158 ], [ 542121.261296818498522, 1351700.160332303261384 ], [ 542124.765631141606718, 1351702.063571824226528 ], [ 542136.134773236233741, 1351705.697198020061478 ], [ 542147.574490929371677, 1351708.214134875684977 ], [ 542167.18101729976479, 1351709.117092503001913 ], [ 542174.992364456760697, 1351708.826035554055125 ], [ 542206.787867093924433, 1351706.12702063168399 ], [ 542242.558640880510211, 1351706.482349701225758 ], [ 542262.497955514932983, 1351707.855029985774308 ], [ 542266.336564045283012, 1351708.770412306068465 ], [ 542286.100895117386244, 1351711.477485517272726 ], [ 542332.852379508083686, 1351721.608898913022131 ], [ 542361.296159641351551, 1351730.358671882422641 ], [ 542367.154120886698365, 1351732.298724551452324 ], [ 542374.371419679489918, 1351735.670139759546146 ], [ 542391.28767021431122, 1351746.157658397220075 ], [ 542394.88924840267282, 1351747.95504580065608 ], [ 542406.028294531395659, 1351752.359307483537123 ], [ 542409.866871525184251, 1351753.274754238082096 ], [ 542429.657770179212093, 1351756.992898599244654 ], [ 542461.900660621700808, 1351764.413643663516268 ], [ 542464.663236637716182, 1351765.14894726802595 ], [ 542487.763691039639525, 1351770.982530392473564 ], [ 542510.26451857900247, 1351779.13270672201179 ], [ 542524.072645046166144, 1351787.181575485970825 ], [ 542530.184030413627625, 1351792.277049415046349 ], [ 542537.081013680202886, 1351796.413167535793036 ], [ 542552.411618347046897, 1351809.043069225503132 ], [ 542555.804376092506573, 1351811.275787465041503 ], [ 542559.412959394045174, 1351812.961574480636045 ], [ 542578.556189946481027, 1351818.320861307904124 ], [ 542590.574089115019888, 1351818.856873992364854 ], [ 542598.496823128894903, 1351818.23690119991079 ], [ 542610.032885652850382, 1351814.930479502305388 ], [ 542617.98229800676927, 1351815.32126569445245 ], [ 542629.853430136106908, 1351816.744984713150188 ], [ 542645.276605189661495, 1351820.747904267394915 ], [ 542682.837701251264662, 1351834.33606384252198 ], [ 542690.054803256527521, 1351837.707746664294973 ], [ 542697.689440067857504, 1351840.208917380310595 ], [ 542701.62527357856743, 1351841.018535622861236 ], [ 542717.46045860578306, 1351842.80531574296765 ], [ 542725.473441022564657, 1351842.191170909209177 ], [ 542727.302277714363299, 1351833.337519065244123 ], [ 542728.172049878863618, 1351825.320119263837114 ], [ 542728.058346811099909, 1351821.388824031222612 ], [ 542726.129597895080224, 1351807.476371111348271 ], [ 542725.233474059030414, 1351801.589576996630058 ], [ 542726.170045727049001, 1351789.652306749951094 ], [ 542725.271011444390751, 1351773.786906825844198 ], [ 542728.925790444831364, 1351746.101009958190843 ], [ 542731.83383675746154, 1351734.512726717861369 ], [ 542738.630873035406694, 1351715.882918427232653 ], [ 542742.218581448774785, 1351705.01034962432459 ], [ 542743.570156881934963, 1351700.835425799479708 ], [ 542746.974798869690858, 1351698.5842877603136 ], [ 542748.552496169577353, 1351690.835928015178069 ], [ 542751.578455091454089, 1351673.088679732289165 ], [ 542753.444268869701773, 1351662.219277291791514 ], [ 542771.011697891983204, 1351642.365047005470842 ], [ 542787.373401141609065, 1351632.973548923851922 ], [ 542825.594451329554431, 1351621.826171310152858 ], [ 542840.744941001757979, 1351621.551714126951993 ], [ 542885.560260058846325, 1351612.167341495398432 ], [ 542889.290659003541805, 1351610.497460838872939 ], [ 542907.992142313742079, 1351582.754962862469256 ], [ 542911.13099579513073, 1351576.11449910257943 ], [ 542646.99317058280576, 1351564.44501803885214 ], [ 542677.517185883130878, 1350898.61027028481476 ], [ 542678.763343805097975, 1350741.390251588076353 ], [ 542604.937355051049963, 1350739.410930654034019 ], [ 542564.399625635822304, 1350738.416477697668597 ], [ 542522.514981955522671, 1350737.224915486294776 ], [ 542487.497564678313211, 1350736.355724201304838 ], [ 542461.701334200915881, 1350735.845561475725845 ], [ 542396.839876079931855, 1350733.986463984241709 ], [ 542354.864973761839792, 1350732.790012986399233 ], [ 542317.028159337700345, 1350732.079609055072069 ], [ 542275.830353219644167, 1350731.493251263862476 ], [ 542203.372502283076756, 1350729.379640488186851 ], [ 542165.459552594227716, 1350728.440860795322806 ], [ 542127.636870560585521, 1350727.507953297114 ], [ 542017.398686881409958, 1350723.793155301362276 ], [ 541980.312243779073469, 1350722.683185801142827 ], [ 541916.165880554937758, 1350720.985017307568341 ], [ 541723.546288806130178, 1350715.881989440415055 ], [ 541664.822928269975819, 1350714.416054102126509 ], [ 541659.302628095028922, 1350714.291711447061971 ], [ 541652.511559310485609, 1350714.199247618671507 ], [ 541622.021562556736171, 1350713.395231628557667 ], [ 541616.772059475886635, 1350713.28801422053948 ], [ 541509.907583665917628, 1350710.689670068444684 ], [ 541472.438947754679248, 1350709.89411426638253 ], [ 541458.961180847836658, 1350709.491845221724361 ], [ 541418.527880546054803, 1350708.28516514506191 ], [ 541405.04306598356925, 1350707.994650974869728 ], [ 541368.769032713258639, 1350706.938598736422136 ], [ 541314.038531089900061, 1350705.390706936828792 ], [ 541259.807349278242327, 1350704.547358993673697 ], [ 541250.842867077561095, 1350704.430192216532305 ], [ 541223.457147707813419, 1350703.262885210104287 ], [ 541178.712237832951359, 1350701.448960965499282 ], [ 541148.153125507873483, 1350700.305923711275682 ], [ 541079.944865706260316, 1350698.357766087166965 ], [ 541050.531032342696562, 1350697.735775137320161 ], [ 541013.701326405396685, 1350696.870405755471438 ], [ 540935.334019979927689, 1350695.067493785405532 ], [ 540903.045774992322549, 1350694.040521804941818 ], [ 540866.132853304618038, 1350693.058423727052286 ], [ 540839.945485196309164, 1350687.259088223101571 ], [ 540786.236058893497102, 1350685.330483261495829 ], [ 540724.408498688251711, 1350684.235863285372034 ], [ 540562.488930425373837, 1350678.067021653987467 ], [ 540549.835202256916091, 1350680.408851929940283 ], [ 540511.741581528796814, 1350688.098793246317655 ], [ 540498.976511791581288, 1350690.770024097524583 ], [ 540389.337447923375294, 1350693.392285778187215 ], [ 540362.373758948408067, 1350694.160253755981103 ], [ 540281.580051553435624, 1350696.358680550241843 ], [ 540254.609369510319084, 1350697.238658606307581 ], [ 540239.958191596902907, 1350696.764401373220608 ], [ 540195.636562385014258, 1350695.430713903857395 ], [ 540188.394207009347156, 1350695.310987958917394 ], [ 540180.888086659484543, 1350695.062544510001317 ], [ 540177.361446276539937, 1350667.596759019419551 ], [ 540174.752787055447698, 1350647.139855944784358 ], [ 540173.758569669211283, 1350639.901954741915688 ], [ 540167.40615918871481, 1350585.350907390937209 ], [ 540165.011973759275861, 1350565.804442036431283 ], [ 540163.962621424929239, 1350558.002507231896743 ], [ 540163.086769111687317, 1350550.32361205201596 ], [ 540157.408391530974768, 1350503.775149278575554 ], [ 540152.950529978261329, 1350468.066488460404798 ], [ 540136.453046203940175, 1350341.46036272845231 ], [ 540129.342620957409963, 1350287.422362416284159 ], [ 540124.415366160566919, 1350247.648160057608038 ], [ 540122.841733398032375, 1350235.216593746095896 ], [ 540113.480844043195248, 1350127.670984514988959 ], [ 540112.068856249097735, 1350112.671005190815777 ], [ 540110.747983112814836, 1350087.586561689851806 ], [ 540108.295452954946086, 1350053.125471331877634 ], [ 540107.860116628347896, 1350041.326164915924892 ], [ 540103.945607675472274, 1349939.392992723733187 ], [ 540103.203348837094381, 1349902.236798666650429 ], [ 540102.134802349843085, 1349855.866800289833918 ], [ 540102.447492949198931, 1349846.581097716232762 ], [ 540103.392591230687685, 1349818.612323907669634 ], [ 540103.607973958714865, 1349809.432611437980086 ], [ 540105.011943956720643, 1349762.657746300334111 ], [ 540105.575481711653993, 1349752.266713554272428 ], [ 540113.734800798469223, 1349580.911272324388847 ], [ 540115.049108172766864, 1349551.396229292964563 ], [ 540116.875844581867568, 1349523.819371248129755 ], [ 540119.007107753539458, 1349488.525911761680618 ], [ 540125.400888629374094, 1349382.645599411102012 ], [ 540127.434835946187377, 1349347.458170449361205 ], [ 540131.056127944495529, 1349279.858043247135356 ], [ 540133.557391241542064, 1349232.928254307480529 ], [ 540138.421515924856067, 1349138.387347999261692 ], [ 540147.952884106547572, 1348979.787904170108959 ], [ 540153.528874579817057, 1348889.776512445416301 ], [ 540156.757908505387604, 1348835.605417203623801 ], [ 540157.503099956200458, 1348823.768449294846505 ], [ 540160.456849977956153, 1348775.409881119383499 ], [ 540160.97707761474885, 1348767.146341773448512 ], [ 540162.537760295323096, 1348742.355727378744632 ], [ 540163.057987778563984, 1348734.092190468916669 ], [ 540165.214019252336584, 1348702.724457538453862 ], [ 540165.635825315141119, 1348696.02429479919374 ], [ 540172.647038864903152, 1348581.775213515153155 ], [ 540174.954011229448952, 1348543.690317484550178 ], [ 540175.83980223396793, 1348529.619996091350913 ], [ 540178.38579536403995, 1348487.738365878351033 ], [ 540179.174266583635472, 1348473.774036527611315 ], [ 540180.75823789415881, 1348445.733713852474466 ], [ 540184.575143444002606, 1348376.464771237457171 ], [ 540185.503112037084065, 1348361.724456430179998 ], [ 540187.26062797778286, 1348333.80719884368591 ], [ 540190.940214714501053, 1348262.399561860598624 ], [ 540193.570550915086642, 1348219.178003767738119 ], [ 540206.007332721026614, 1348011.545914012938738 ], [ 540214.118418173515238, 1347875.505101069342345 ], [ 540220.401680270442739, 1347768.49824699270539 ], [ 540220.782393356785178, 1347761.010776159819216 ], [ 540234.417181077296846, 1347761.869153731502593 ], [ 540275.126881500822492, 1347764.656382996356115 ], [ 540288.657305109198205, 1347765.732498444151133 ], [ 540309.508778244024143, 1347767.157487727236003 ], [ 540371.875550268799998, 1347771.533055645646527 ], [ 540392.629679503384978, 1347773.064229095820338 ], [ 540411.140457692905329, 1347774.229952087625861 ], [ 540466.756040409673005, 1347777.844716032268479 ], [ 540485.169478427153081, 1347779.116579827852547 ], [ 540504.756766774808057, 1347780.462421026779339 ], [ 540563.608908213092946, 1347784.505901029333472 ], [ 540583.098852170282044, 1347785.957901064772159 ], [ 540607.298271668725647, 1347787.482415793929249 ], [ 540679.785100167500786, 1347792.385684285312891 ], [ 540703.880132706370205, 1347794.128118152497336 ], [ 540735.65737703605555, 1347796.242595301708207 ], [ 540831.07231878687162, 1347802.704091717721894 ], [ 540862.752195191918872, 1347804.925016502849758 ], [ 540875.664544007624499, 1347805.738882568664849 ], [ 540914.387505058897659, 1347808.403933112742379 ], [ 540927.195474153268151, 1347809.435520639177412 ], [ 540974.135359691339545, 1347812.6188150329981 ], [ 541115.031117149395868, 1347822.399268209235743 ], [ 541161.87358867994044, 1347825.689563318155706 ], [ 541222.364806198631413, 1347829.616726191248745 ], [ 541266.505402039620094, 1347832.625072636175901 ], [ 541355.501865423866548, 1347838.799686109414324 ], [ 541403.448923264280893, 1347841.824655288597569 ], [ 541463.84268198243808, 1347845.859490907983854 ], [ 541465.570823780610226, 1347824.218801194336265 ], [ 541466.871758474269882, 1347806.47507923305966 ], [ 541468.671389860799536, 1347759.277378426631913 ], [ 541469.489517917390913, 1347737.691395942820236 ], [ 541459.79382519389037, 1347736.182712531182915 ], [ 541442.008680858998559, 1347723.512990930583328 ], [ 541428.697363296407275, 1347710.340800431557 ], [ 541424.869084615609609, 1347703.484657352324575 ], [ 541420.201235666056164, 1347695.566538633080199 ], [ 541416.496593751129694, 1347682.439938499359414 ], [ 541415.762837430927902, 1347663.895191956078634 ], [ 541421.285131727345288, 1347577.805429212050512 ], [ 541423.851157018681988, 1347504.085719247581437 ], [ 541424.721010847832076, 1347478.803368755616248 ], [ 541426.925605635507964, 1347436.676384720485657 ], [ 541429.93396405922249, 1347388.994550702394918 ], [ 541430.815919447224587, 1347373.578803678741679 ], [ 541438.868729608948343, 1347245.943473136750981 ], [ 541441.786779870977625, 1347198.256022934569046 ], [ 541443.167662462103181, 1347176.369323518127203 ], [ 541447.220005161361769, 1347110.703553493367508 ], [ 541448.503537446376868, 1347088.922840456012636 ], [ 541451.297955506830476, 1347047.505884160054848 ], [ 541456.861180743668228, 1346962.203957404242828 ], [ 541460.118650851538405, 1346923.50692908349447 ], [ 541463.018099352368154, 1346889.047545339213684 ], [ 541463.176946457708254, 1346882.21879407344386 ], [ 541464.433579173870385, 1346859.427429427392781 ], [ 541468.022856172872707, 1346791.041967640630901 ], [ 541469.09182399045676, 1346768.350892348447815 ], [ 541472.504949140246026, 1346702.757143978960812 ], [ 541474.802347794291563, 1346657.721427338896319 ], [ 541475.157794643309899, 1346624.783280845033005 ], [ 541473.242066239356063, 1346599.101161079248413 ], [ 541470.594275296083651, 1346592.207463833270594 ], [ 541452.692512935842387, 1346566.974236330017447 ], [ 541443.879303362569772, 1346555.767709914594889 ], [ 541442.07693499699235, 1346551.281686327885836 ], [ 541440.344326873659156, 1346538.503875525668263 ], [ 541439.904224528698251, 1346525.359164748340845 ], [ 541440.150789137114771, 1346521.450847407802939 ], [ 541442.636188247357495, 1346467.682440253673121 ], [ 541443.910697803366929, 1346456.1033452488482 ], [ 541445.997311722720042, 1346437.400409181369469 ], [ 541446.644154008245096, 1346428.584483236307278 ], [ 541452.40614775265567, 1346345.874108117073774 ], [ 541454.229457297013141, 1346318.409965326776728 ], [ 541456.771455833106302, 1346295.363475523889065 ], [ 541457.920443756971508, 1346284.337031902745366 ], [ 541463.509971109917387, 1346256.101513014640659 ], [ 541466.634169273194857, 1346226.701476728077978 ], [ 541467.230437321239151, 1346220.124583782395348 ], [ 541467.806840618490241, 1346212.425334655214101 ], [ 541468.356334154843353, 1346203.715395448729396 ], [ 541505.36352280981373, 1346206.386519925436005 ], [ 541616.392057668766938, 1346214.289185001980513 ], [ 541653.301834866520949, 1346217.066913895308971 ], [ 541657.185287718428299, 1346217.311998513294384 ], [ 541674.969871652428992, 1346218.546516217524186 ], [ 541739.688922867877409, 1346223.19188113627024 ], [ 541761.252533079474233, 1346224.88933208794333 ], [ 541844.811641024658456, 1346231.285296978894621 ], [ 541909.349959748098627, 1346235.92053798539564 ], [ 541914.497781266225502, 1346236.245571547420695 ], [ 541915.738686236552894, 1346216.5924416272901 ], [ 541917.870654782047495, 1346179.954758467385545 ], [ 541919.07899413863197, 1346157.945259279105812 ], [ 541920.04190576612018, 1346138.386701218783855 ], [ 541921.088079257751815, 1346118.945514355786145 ], [ 541924.226593540981412, 1346060.621973777189851 ], [ 541925.175397632759996, 1346041.286763099487871 ], [ 541925.824049452436157, 1346031.013553481083363 ], [ 541927.575273155933246, 1346000.405855842633173 ], [ 541928.126558718970045, 1345990.238612724002451 ], [ 541929.361747813294642, 1345969.2398402383551 ], [ 541932.796362560824491, 1345906.22643860662356 ], [ 541933.843864987022243, 1345885.327941788360476 ], [ 541935.079049522639252, 1345864.329188833944499 ], [ 541938.589863461907953, 1345801.544878420885652 ], [ 541939.637359368847683, 1345780.646400886122137 ], [ 541941.797496359329671, 1345743.562199166975915 ], [ 541948.083154274150729, 1345632.52159177325666 ], [ 541950.055591845070012, 1345595.537698250962421 ], [ 541950.917088795220479, 1345580.457237216411158 ], [ 541953.000992541317828, 1345543.144068987807259 ], [ 541953.501576965558343, 1345535.215866236016154 ], [ 541954.44634183915332, 1345520.252780875656754 ], [ 541954.898908779374324, 1345511.648888151859865 ], [ 541955.562989899073727, 1345499.695052381139249 ], [ 541960.304915670189075, 1345420.28430772293359 ], [ 541964.551585835870355, 1345342.972435710486025 ], [ 541977.291507706628181, 1345111.037137275794521 ], [ 541981.440743071725592, 1345033.831438281806186 ], [ 541984.322625089203939, 1344982.44304856332019 ], [ 541992.856757624889724, 1344828.607309263432398 ], [ 541995.641237465082668, 1344777.324974013492465 ], [ 541996.296921157860197, 1344766.94021611334756 ], [ 541998.242820787243545, 1344736.120940333465114 ], [ 541998.801125328289345, 1344725.842147043673322 ], [ 542000.037589606479742, 1344703.386275350581855 ], [ 542003.656645558425225, 1344636.012983792461455 ], [ 542004.52781179768499, 1344617.906319051980972 ], [ 542004.802774944808334, 1344613.551426660269499 ], [ 542012.925400095176883, 1344614.17639325838536 ], [ 542028.462111895903945, 1344615.157393152592704 ], [ 542099.433042770950124, 1344620.087347704451531 ], [ 542122.994978949776851, 1344621.79953425261192 ], [ 542139.254314027260989, 1344622.826371213654056 ], [ 542157.22990998881869, 1344623.961632364662364 ], [ 542187.858701105229557, 1344625.783992626471445 ], [ 542204.027699044439942, 1344626.805247026262805 ], [ 542249.025935467798263, 1344629.423335104249418 ], [ 542257.559236013214104, 1344629.289710818789899 ], [ 542274.625839487533085, 1344629.022487696260214 ], [ 542378.729182062903419, 1344633.469298926414922 ], [ 542417.932188922190107, 1344635.94633721630089 ], [ 542424.157868204056285, 1344636.451832111692056 ], [ 542443.578707281965762, 1344637.679016733542085 ], [ 542466.605665783863515, 1344639.246235247468576 ], [ 542471.30279768188484, 1344639.543061888543889 ], [ 542485.303862951230258, 1344640.427848857128993 ], [ 542527.036061841878109, 1344643.065220325253904 ], [ 542532.17778154485859, 1344643.502287844428793 ], [ 542540.939734647283331, 1344644.056052698520944 ], [ 542564.967355721164495, 1344645.574670249130577 ], [ 542579.781375618418679, 1344646.510994283948094 ], [ 542696.076157978852279, 1344654.647095675813034 ], [ 542697.062720926012844, 1344654.821575607405975 ], [ 542713.121601070975885, 1344654.71573437191546 ], [ 542734.841541415662505, 1344656.873701606178656 ], [ 542759.195142910350114, 1344658.974023332120851 ], [ 542777.774726305622607, 1344660.59721587295644 ], [ 542823.012617170112208, 1344666.596768115879968 ], [ 542832.135863370960578, 1344667.173677920596674 ], [ 542856.420284359599464, 1344668.933573785703629 ], [ 542890.842747533461079, 1344670.99835896701552 ], [ 542993.929431943339296, 1344677.182115233503282 ], [ 543028.254471144755371, 1344679.353400792228058 ], [ 543075.218499086564407, 1344682.43651910382323 ], [ 543192.603762193233706, 1344690.536259239073843 ], [ 543196.036261163884774, 1344690.753461061744019 ], [ 543216.089279731735587, 1344692.022404396440834 ], [ 543262.948773622629233, 1344695.324159529525787 ], [ 543283.348963002790697, 1344696.839451978215948 ], [ 543344.264384385198355, 1344701.591793564381078 ], [ 543364.567159925354645, 1344703.21322441753 ], [ 543413.872531885863282, 1344706.558516950113699 ], [ 543551.122673489386216, 1344716.032837897771969 ], [ 543561.767312951735221, 1344716.931081620510668 ], [ 543601.003698418848217, 1344720.312543535139412 ], [ 543606.777658033883199, 1344720.790295545943081 ], [ 543610.925702476524748, 1344721.165087306173518 ], [ 543611.28245890699327, 1344712.667290349956602 ], [ 543613.776322510559112, 1344668.990068796090782 ], [ 543616.450155098456889, 1344619.606636592419818 ], [ 543617.52817174512893, 1344599.719274803297594 ], [ 543621.56035701406654, 1344534.61435417458415 ], [ 543623.134046330116689, 1344512.628303544130176 ], [ 543626.609891350730322, 1344460.605086804600433 ], [ 543627.564504289068282, 1344445.530673428671435 ], [ 543627.720070829614997, 1344443.074102556100115 ], [ 543629.86971722135786, 1344409.128765111556277 ], [ 543634.039434166974388, 1344338.987715782597661 ], [ 543634.606722650583833, 1344328.597410558257252 ], [ 543635.913300901884213, 1344309.397234893403947 ], [ 543654.947500263806432, 1343997.367784541565925 ], [ 543656.216416031005792, 1343974.465663368813694 ], [ 543660.604577660909854, 1343895.145739202853292 ], [ 543663.819497482269071, 1343852.971925857011229 ], [ 543669.470520181232132, 1343800.974656760459766 ], [ 543669.597801411757246, 1343798.964746812358499 ], [ 543683.895993674523197, 1343700.653383661992848 ], [ 543687.651565741514787, 1343647.078733583912253 ], [ 543687.660223727812991, 1343645.509751532459632 ], [ 543686.79270565987099, 1343593.323997914092615 ], [ 543686.485721532371826, 1343575.254969229688868 ], [ 543685.272494535893202, 1343521.365720953559503 ], [ 543685.500462246011011, 1343503.442690709140152 ], [ 543686.193432377651334, 1343492.499877225607634 ], [ 543688.258200119598769, 1343459.894765899516642 ], [ 543688.853756871889345, 1343449.057896984973922 ], [ 543475.31495566747617, 1343433.632047798018903 ], [ 542834.598563556559384, 1343387.49231735477224 ], [ 542620.960641485871747, 1343372.193667778279632 ], [ 542612.294790107174776, 1343371.533868769882247 ], [ 542602.093110208166763, 1343370.777015076251701 ], [ 542597.666312505491078, 1343370.497245542705059 ], [ 542585.838460420258343, 1343369.637639253400266 ], [ 542573.016835864866152, 1343368.715246908599511 ], [ 542547.283239266718738, 1343366.864810625091195 ], [ 542534.009895766852424, 1343365.913931398885325 ], [ 542503.766201403806917, 1343363.666520031169057 ], [ 542477.219501732499339, 1343361.764916653279215 ], [ 542459.609689509845339, 1343360.540155546739697 ], [ 542428.636175057501532, 1343358.359006327576935 ], [ 542336.007769197807647, 1343351.498362273909152 ], [ 542305.04127200494986, 1343349.205996517790481 ], [ 542285.096618189127184, 1343347.609900325071067 ], [ 542252.323243430349976, 1343345.203599507454783 ], [ 542094.022239313111641, 1343334.085947338491678 ], [ 542041.185559401055798, 1343330.52579297311604 ], [ 542020.872429434908554, 1343329.019158427137882 ], [ 541959.828574426821433, 1343324.717165760928765 ], [ 541939.41803692758549, 1343323.316683814162388 ], [ 541920.369693775777705, 1343321.890124005964026 ], [ 541863.293843619176187, 1343317.951388387940824 ], [ 541860.131825820077211, 1343317.751824867213145 ], [ 541844.134001853759401, 1343316.854284290224314 ], [ 541741.176491256337613, 1343311.254047696944326 ], [ 541299.413966527790762, 1343287.426706569734961 ], [ 541159.116035399958491, 1343279.92777839046903 ], [ 540504.287753971293569, 1343240.360226968303323 ], [ 540221.648706612642854, 1343223.244265202898532 ], [ 539942.783468154957518, 1343205.253909731516615 ], [ 539050.065810192609206, 1343148.037881584372371 ], [ 538943.11112648062408, 1343141.099298508604988 ], [ 538889.355706689064391, 1343137.725160224363208 ] ] ], [ [ [ 545246.471928760991432, 1346442.680207327008247 ], [ 545227.402227847254835, 1346441.692956019425765 ], [ 545158.348249939619564, 1346438.203291791724041 ], [ 545100.590163743938319, 1346435.319499894045293 ], [ 545080.256102264858782, 1346434.25227308110334 ], [ 545061.825652587343939, 1346433.193876564037055 ], [ 545027.583754691877402, 1346431.243520585820079 ], [ 544839.381570602301508, 1346420.639267553109676 ], [ 544607.535987337585539, 1346409.06344211124815 ], [ 544534.690544888027944, 1346403.8807532354258 ], [ 544427.9695890606381, 1346398.11932596587576 ], [ 544227.983849527314305, 1346387.453722454607487 ], [ 544085.033801428973675, 1346379.623550785705447 ], [ 544062.44185550743714, 1346378.415605479152873 ], [ 543951.240462899557315, 1346371.815539967967197 ], [ 543811.396155101479962, 1346363.626216570148245 ], [ 543791.159343761508353, 1346362.456102326279506 ], [ 543753.943996806629002, 1346360.210334490286186 ], [ 543656.092686614836566, 1346356.141600921051577 ], [ 543601.91835211974103, 1346353.943379786098376 ], [ 543513.058959076064639, 1346348.203571250196546 ], [ 543512.654272120096721, 1346356.02578582148999 ], [ 543509.366067352471873, 1346407.949661872116849 ], [ 543507.272929757833481, 1346441.002292318968102 ], [ 543502.103725813911296, 1346522.628931724932045 ], [ 543499.657015105709434, 1346561.264817419927567 ], [ 543496.766423676046543, 1346605.478220965713263 ], [ 543496.320924133993685, 1346612.513082993449643 ], [ 543495.316782206529751, 1346628.369440294336528 ], [ 543489.442048644879833, 1346719.705316407838836 ], [ 543483.468312232638709, 1346812.604572809999809 ], [ 543480.371024410007522, 1346861.513713464140892 ], [ 543471.890169556601904, 1346991.13938285689801 ], [ 543470.801167773432098, 1347008.335772437974811 ], [ 543467.516196595155634, 1347057.34522631787695 ], [ 543466.595284245209768, 1347073.319030446000397 ], [ 543465.032495030784048, 1347097.996985121862963 ], [ 543457.28925831685774, 1347220.270189286675304 ], [ 543454.708177531720139, 1347261.027953700860962 ], [ 543453.622990210074931, 1347281.02745059132576 ], [ 543450.006217714515515, 1347341.003088261699304 ], [ 543448.73335385590326, 1347361.102827473077923 ], [ 543447.46756123623345, 1347381.090905047487468 ], [ 543443.385139149497263, 1347441.261334432521835 ], [ 543442.021975019830279, 1347461.355373243568465 ], [ 543435.656020349590108, 1347563.311582703143358 ], [ 543430.804986314498819, 1347639.91409376473166 ], [ 543416.377517251530662, 1347869.169330784585327 ], [ 543413.690348167554475, 1347911.602317988639697 ], [ 543410.101827039616182, 1347971.131629112409428 ], [ 543406.048217593110166, 1348036.573546228231862 ], [ 543397.40571048099082, 1348180.204577001975849 ], [ 543392.73522527969908, 1348256.818945100065321 ], [ 543383.84476799168624, 1348380.029795248992741 ], [ 543380.651718029752374, 1348427.588189503178 ], [ 543380.572290955344215, 1348430.273898315848783 ], [ 543380.374288165476173, 1348433.400554582243785 ], [ 543378.646062170853838, 1348469.279748222324997 ], [ 543357.948627250967547, 1348807.563317920779809 ], [ 543356.350452630082145, 1348832.799987690523267 ], [ 543354.266474285512231, 1348870.002155149355531 ], [ 543353.791033050511032, 1348878.941211397759616 ], [ 543338.14117379358504, 1349163.282071069115773 ], [ 543337.736441734014079, 1349171.104480016743764 ], [ 543336.356297292048112, 1349200.054830295499414 ], [ 543331.334252254921012, 1349286.513750486541539 ], [ 543327.333815961726941, 1349353.97787527856417 ], [ 543315.411452925181948, 1349547.966849953401834 ], [ 543314.264187947032042, 1349567.514363661641255 ], [ 543309.91390391648747, 1349643.36515184561722 ], [ 543307.485004664980806, 1349684.581898615462705 ], [ 543303.187518767430447, 1349756.736299920128658 ], [ 543299.057972101261839, 1349803.339048512745649 ], [ 543294.489106445107609, 1349845.429374345345423 ], [ 543292.356335617601871, 1349870.520307619823143 ], [ 543291.288072646595538, 1349881.664212924195454 ], [ 543288.127042837906629, 1349931.579700721660629 ], [ 543287.568381942808628, 1349940.401455902960151 ], [ 543287.186512445099652, 1349946.431516804499552 ], [ 543280.096557459444739, 1349958.203133249422535 ], [ 543279.785408105468377, 1349963.116517208283767 ], [ 543278.915604158770293, 1349976.851659848121926 ], [ 543277.045392374158837, 1350009.24676954606548 ], [ 543275.329534840071574, 1350046.360523680457845 ], [ 543271.736634581699036, 1350073.040773299057037 ], [ 543263.266184811829589, 1350108.045067409519106 ], [ 543232.669676879770122, 1350199.051566666690633 ], [ 543220.733806141535752, 1350234.397064977325499 ], [ 543218.139745085849427, 1350243.874770012916997 ], [ 543215.022434361861087, 1350261.61591983679682 ], [ 543250.181798943900503, 1350194.442598279099911 ], [ 543278.516413084114902, 1350150.605784400133416 ], [ 543313.063834883389063, 1350103.126361736329272 ], [ 543337.567604029551148, 1350069.698130902601406 ], [ 543359.986917228088714, 1350043.425471898401156 ], [ 543377.054391298326664, 1350027.240657025016844 ], [ 543393.683031575172208, 1350012.261352250352502 ], [ 543421.4008226551814, 1349992.490825187647715 ], [ 543448.315370480297133, 1349976.81778466119431 ], [ 543479.39798723126296, 1349984.056263724574819 ], [ 543499.298846208374016, 1349986.101823466597125 ], [ 543519.702285437728278, 1349985.936953810509294 ], [ 543538.732106774696149, 1349984.563945083413273 ], [ 543565.620824297540821, 1349979.316397783113644 ], [ 543566.829753348953091, 1349978.832416633609682 ], [ 543590.916381276329048, 1349970.604508204385638 ], [ 543625.47091687633656, 1349954.519172220025212 ], [ 543634.968939585611224, 1349950.524287988897413 ], [ 543687.340874937362969, 1349925.029370932839811 ], [ 543733.440167646156624, 1349906.985316928010434 ], [ 543742.812635327107273, 1349903.543169483542442 ], [ 543831.025763834244572, 1349873.14537935750559 ], [ 543857.132651757914573, 1349865.943184843985364 ], [ 543892.440510519198142, 1349859.436497390270233 ], [ 543931.279771210975014, 1349855.844633850036189 ], [ 543956.023849679040723, 1349855.843870196957141 ], [ 543992.376173123484477, 1349858.597328275907785 ], [ 544000.548671037657186, 1349859.78824011143297 ], [ 544002.256806194898672, 1349860.00866946647875 ], [ 544006.211251032073051, 1349846.244913178263232 ], [ 544008.72477991913911, 1349846.628530344227329 ], [ 544046.663108514389023, 1349852.958385805599391 ], [ 544123.392796645290218, 1349866.457525402540341 ], [ 544182.007287112763152, 1349876.902296181069687 ], [ 544260.667802288779058, 1349889.964580959640443 ], [ 544293.863800647784956, 1349895.321996389422566 ], [ 544356.839454332948662, 1349905.596211886964738 ], [ 544378.009497856954113, 1349909.069732041098177 ], [ 544410.461927057127468, 1349914.716773046646267 ], [ 544500.650437591248192, 1349927.503803057596087 ], [ 544527.381926470785402, 1349931.891261551529169 ], [ 544549.718332756776363, 1349935.551360704470426 ], [ 544629.836515417671762, 1349948.485381102189422 ], [ 544657.831727537326515, 1349952.953479648102075 ], [ 544680.709685500245541, 1349956.648307533469051 ], [ 544817.281362590845674, 1349979.783424756489694 ], [ 544841.451399246696383, 1349983.112276614643633 ], [ 544841.464252757723443, 1349978.628418929176405 ], [ 544841.412646278855391, 1349912.364104953128844 ], [ 544841.358245885348879, 1349890.38576374691911 ], [ 544845.104957218631171, 1349861.361242145532742 ], [ 544856.045971829909831, 1349774.717195064062253 ], [ 544859.605088340584189, 1349745.79290785244666 ], [ 544860.746877496712841, 1349727.814648127416149 ], [ 544864.143876453745179, 1349674.326550781959668 ], [ 544865.278573031420819, 1349656.459968608105555 ], [ 544872.086748714442365, 1349549.260535140987486 ], [ 544884.426550601376221, 1349354.961822391720489 ], [ 544892.511236827122048, 1349227.662847816944122 ], [ 544899.319386546849273, 1349120.463823158992454 ], [ 544961.668983057374135, 1349124.984418637352064 ], [ 545142.12695631198585, 1349138.130168780684471 ], [ 545142.988638956332579, 1349127.421763688093051 ], [ 545144.930711824796163, 1349098.28283756878227 ], [ 545144.800525138271041, 1349091.771828745724633 ], [ 545144.152771449880674, 1349062.019895805045962 ], [ 545138.418969911523163, 1349018.154541933210567 ], [ 545133.972698284778744, 1348998.25173246813938 ], [ 545129.486339038237929, 1348987.539897412993014 ], [ 545122.013506461982615, 1348976.750438346527517 ], [ 545111.122109623625875, 1348966.977071638451889 ], [ 545098.587503922288306, 1348960.238572821486741 ], [ 545054.877140212687664, 1348946.250106973107904 ], [ 545042.085798104875721, 1348939.271154732210562 ], [ 545032.55369311501272, 1348930.929638338508084 ], [ 545024.643451206153259, 1348919.888261953368783 ], [ 545018.682668624678627, 1348905.270904599688947 ], [ 545016.434481662348844, 1348887.86225522425957 ], [ 545019.80878358380869, 1348820.470763764809817 ], [ 545030.943285507615656, 1348678.006290546385571 ], [ 545034.493820968200453, 1348634.955200208583847 ], [ 545042.431905606645159, 1348535.676609420450404 ], [ 545046.533212250913493, 1348491.09094401425682 ], [ 545051.336021802038886, 1348425.472163491416723 ], [ 545058.813707876717672, 1348327.734128365991637 ], [ 545061.201601537643, 1348297.278343487996608 ], [ 545100.796768887434155, 1348300.466299496591091 ], [ 545132.446318815229461, 1348303.149646162288263 ], [ 545190.175728122354485, 1348307.714345582295209 ], [ 545351.362166812643409, 1348320.535876241279766 ], [ 545363.085766215110198, 1348321.505222717765719 ], [ 545414.570776183274575, 1348325.898795574903488 ], [ 545420.549272089614533, 1348327.399968032725155 ], [ 545426.616588548873551, 1348314.66811440512538 ], [ 545432.474946804461069, 1348302.371445152675733 ], [ 545445.848469283082522, 1348280.237863901304081 ], [ 545447.233214288251474, 1348278.419923924142495 ], [ 545455.180530639598146, 1348267.489330887328833 ], [ 545433.728035948122852, 1348244.151030329521745 ], [ 545401.71954921958968, 1348224.290106975473464 ], [ 545348.657843388267793, 1348183.358946822583675 ], [ 545342.522670542355627, 1348174.33614722173661 ], [ 545342.108657860429958, 1348172.291758898179978 ], [ 545339.270503357169218, 1348159.890812150435522 ], [ 545346.869588510598987, 1348144.453388935187832 ], [ 545369.27981265168637, 1348107.085787870222703 ], [ 545395.862704960629344, 1347747.316188354277983 ], [ 545402.543113468214869, 1347666.457477648509666 ], [ 545416.571131694247015, 1347494.243858252186328 ], [ 545421.245853316737339, 1347437.810956431785598 ], [ 545428.981863871798851, 1347341.771985993720591 ], [ 545428.53848297696095, 1347320.217817246681079 ], [ 545423.702362648677081, 1347310.717056314460933 ], [ 545417.500694711576216, 1347304.156601317226887 ], [ 545394.735173022956587, 1347294.301152826985344 ], [ 545392.173201515804976, 1347293.241414917167276 ], [ 545379.324660100392066, 1347285.697990310611203 ], [ 545364.127702534431592, 1347268.02716191438958 ], [ 545363.445364342536777, 1347258.790418458869681 ], [ 545362.545686691300943, 1347245.840089417528361 ], [ 545360.462338163866661, 1347240.101974917575717 ], [ 545367.426878944854252, 1347206.12545971898362 ], [ 545368.906915027298965, 1347164.288758668117225 ], [ 545372.732314593275078, 1347114.080437033670023 ], [ 545375.341636047465727, 1347090.14169721538201 ], [ 545378.874725679634139, 1347055.947161715943366 ], [ 545393.405336302821524, 1346979.960276119178161 ], [ 545396.566273697069846, 1346948.769206312252209 ], [ 545396.290460689691827, 1346916.014366941526532 ], [ 545380.662124100839719, 1346856.609780821250752 ], [ 545378.497463189880364, 1346833.600968928309157 ], [ 545369.917181282769889, 1346797.403478914871812 ], [ 545365.009672714397311, 1346789.01942105893977 ], [ 545355.177220594603568, 1346753.975648714462295 ], [ 545348.289343265583739, 1346719.679582404671237 ], [ 545350.34638429840561, 1346677.31916576018557 ], [ 545347.71064024802763, 1346653.159335844451562 ], [ 545342.404999145073816, 1346641.050256418529898 ], [ 545326.380314131500199, 1346617.833505518501624 ], [ 545323.451024124864489, 1346605.426985179772601 ], [ 545323.809018855332397, 1346602.64689029706642 ], [ 545326.276269121328369, 1346580.941495239268988 ], [ 545338.362114539719187, 1346561.977439765119925 ], [ 545346.485348513699137, 1346539.734538487158716 ], [ 545345.643433883902617, 1346514.455478060990572 ], [ 545333.57073593698442, 1346476.130315046291798 ], [ 545330.711117607308552, 1346474.042683726642281 ], [ 545323.541623854776844, 1346452.73401969531551 ], [ 545322.479784120223485, 1346446.612421591300517 ], [ 545303.500400415505283, 1346445.630739426240325 ], [ 545246.471928760991432, 1346442.680207327008247 ] ] ] ] } },
{ "type": "Feature", "properties": { "community_id": "Selected low-growth community", "zcta": "38127", "overlap_sq_m": 69005331.80007115, "overlap_sq_miles": 26.64310755894515, "share_of_community_area": 0.12405904094353236 }, "geometry": { "type": "Polygon", "coordinates": [ [ [ 535675.098868515575305, 1364148.470453668851405 ], [ 535675.556909482576884, 1364294.485188943566754 ], [ 535676.850072794710286, 1364738.131735324859619 ], [ 535677.379218058777042, 1364949.520681576104835 ], [ 535616.878246838110499, 1365534.955913808196783 ], [ 535544.098769698990509, 1366033.289002591744065 ], [ 535420.251010053209029, 1366340.170481859706342 ], [ 535398.642521313973702, 1366393.537028485210612 ], [ 535370.166395232896321, 1366445.352972242748365 ], [ 535255.744654144276865, 1366653.706663688877597 ], [ 535262.753622459829785, 1366664.572595914592966 ], [ 535380.025818411260843, 1366847.495161655824631 ], [ 535497.292640049709007, 1367030.419579685200006 ], [ 535502.985191155807115, 1367039.185156263643876 ], [ 535517.275652777170762, 1367053.646355684613809 ], [ 535558.285743781016208, 1367118.10575649375096 ], [ 535727.59361035656184, 1367282.985445302212611 ], [ 535731.500184414791875, 1367287.042230553226545 ], [ 535768.335186405107379, 1367325.676562294829637 ], [ 535787.476381060434505, 1367339.208447795826942 ], [ 535856.046571945305914, 1367399.675889366772026 ], [ 535858.068919295095839, 1367402.045022212201729 ], [ 535864.885424918378703, 1367407.293159939348698 ], [ 535933.712744932505302, 1367489.642365949694067 ], [ 536031.983519072760828, 1367574.05993766640313 ], [ 536124.970211902167648, 1367721.164017135510221 ], [ 536140.310886618797667, 1367749.147639231523499 ], [ 536156.935556164011359, 1367785.509217198239639 ], [ 536160.934526271186769, 1367796.748247519601136 ], [ 536162.891189439222217, 1367804.49552278034389 ], [ 536164.113173416815698, 1367812.421044803922996 ], [ 536166.82294049335178, 1367824.02785581862554 ], [ 536171.027008423232473, 1367863.760381448781118 ], [ 536172.373548297677189, 1367895.689217974897474 ], [ 536172.364179322146811, 1367911.723015177994967 ], [ 536171.183709242381155, 1367927.683469182811677 ], [ 536164.076295115752146, 1367958.858601818792522 ], [ 536149.187787208240479, 1368000.198653508909047 ], [ 536140.468521678354591, 1368026.787725006230175 ], [ 536130.213008666527458, 1368073.575892299413681 ], [ 536128.833995770663023, 1368085.48730182275176 ], [ 536127.63491389725823, 1368133.515434108441696 ], [ 536127.974458301672712, 1368145.422347033629194 ], [ 536130.517467808094807, 1368181.350688864476979 ], [ 536140.475422514486127, 1368240.393453585449606 ], [ 536143.792029790463857, 1368256.747726152185351 ], [ 536149.830462665995583, 1368287.400712840026245 ], [ 536152.900338443927467, 1368299.03012959798798 ], [ 536156.921821246505715, 1368318.568175803869963 ], [ 536166.489827139419504, 1368344.844968318939209 ], [ 536168.254728797473945, 1368348.431506658205763 ], [ 536180.142014633514918, 1368378.105329680256546 ], [ 536191.200102586648427, 1368403.690597985638306 ], [ 536198.347075734520331, 1368422.415294714272022 ], [ 536207.00084899214562, 1368435.852186476113275 ], [ 536220.074584436020814, 1368450.911500529153273 ], [ 536226.169345796108246, 1368456.114825707860291 ], [ 536229.57047936366871, 1368458.121938935713843 ], [ 536247.87308556237258, 1368466.220445142593235 ], [ 536255.396841231966391, 1368468.822208588942885 ], [ 536310.23633284936659, 1368479.770366674521938 ], [ 536333.995195291470736, 1368483.052953960606828 ], [ 536357.593984842882492, 1368487.446871499996632 ], [ 536380.8455370842712, 1368493.052520555444062 ], [ 536418.991365588153712, 1368504.861614311113954 ], [ 536460.37108658219222, 1368519.901037752162665 ], [ 536467.776664802222513, 1368522.944106605835259 ], [ 536478.47921286476776, 1368528.212131186155602 ], [ 536492.048406537505798, 1368536.79945026920177 ], [ 536523.115136194042861, 1368554.781015247805044 ], [ 536529.507881280034781, 1368559.554733608849347 ], [ 536549.670856987126172, 1368572.592088653240353 ], [ 536559.263430409715511, 1368579.696853265399113 ], [ 536571.258207890787162, 1368590.31608851859346 ], [ 536594.211061644251458, 1368617.993149068439379 ], [ 536618.225019369623624, 1368654.707174961455166 ], [ 536622.031528562773019, 1368661.785703203408048 ], [ 536623.51893322810065, 1368665.467094069579616 ], [ 536628.725028619752266, 1368683.397812527604401 ], [ 536629.606113023241051, 1368692.423421415034682 ], [ 536629.541204902459867, 1368696.343891726341099 ], [ 536626.871843890170567, 1368720.172310770722106 ], [ 536621.802612307947129, 1368747.66270244657062 ], [ 536620.739870114834048, 1368751.632751993602142 ], [ 536600.488432907732204, 1368790.50570422061719 ], [ 536593.88533285993617, 1368800.631983711384237 ], [ 536574.051872971467674, 1368825.627108541317284 ], [ 536565.56519438745454, 1368834.065524163423106 ], [ 536546.646181768039241, 1368848.802089388715103 ], [ 536497.668050637235865, 1368875.670924968319014 ], [ 536468.331011263886467, 1368896.482502796920016 ], [ 536439.384811049210839, 1368924.04645604128018 ], [ 536410.546201617573388, 1368957.111604524543509 ], [ 536404.604688526014797, 1368962.457901285495609 ], [ 536395.107411388889886, 1368969.711851678788662 ], [ 536377.99317633593455, 1368980.188803408527747 ], [ 536356.693624423351139, 1368991.076318172039464 ], [ 536346.448745878296904, 1368997.27430810010992 ], [ 536326.782784809242003, 1369010.955365957692266 ], [ 536323.725497524952516, 1369013.567055001622066 ], [ 536315.488464887021109, 1369022.357737653423101 ], [ 536304.585858586244285, 1369039.05476574646309 ], [ 536303.086915457970463, 1369042.77326529705897 ], [ 536295.261527651338838, 1369069.530526507645845 ], [ 536293.86396637710277, 1369077.404183259233832 ], [ 536291.095567941083573, 1369117.261090075829998 ], [ 536291.337602471583523, 1369129.274149642093107 ], [ 536297.290324342320673, 1369172.817113785771653 ], [ 536306.394984019221738, 1369194.916503369342536 ], [ 536313.169267308432609, 1369209.46932045603171 ], [ 536332.596707591321319, 1369244.325576741015539 ], [ 536347.950113413506187, 1369267.713611289393157 ], [ 536352.803262693574652, 1369273.960603597108275 ], [ 536358.502029719296843, 1369279.699936438119039 ], [ 536368.190954435500316, 1369286.698476444231346 ], [ 536391.753050250816159, 1369301.742709939368069 ], [ 536402.2394747545477, 1369307.557836876949295 ], [ 536405.536141812219284, 1369309.782770642079413 ], [ 536417.731101497658528, 1369320.078062949702144 ], [ 536431.080157467164099, 1369335.043039785698056 ], [ 536446.862899270839989, 1369347.245180394500494 ], [ 536491.695485395612195, 1369373.49027063162066 ], [ 536509.586545513477176, 1369382.348645248916 ], [ 536531.495669852243736, 1369392.019571855198592 ], [ 536570.261971411062405, 1369412.614736425457522 ], [ 536607.17453875055071, 1369428.160139056155458 ], [ 536675.177719206316397, 1369451.1494105681777 ], [ 536709.932221333030611, 1369460.729184053838253 ], [ 536745.243036008789204, 1369467.204333079047501 ], [ 536757.833541585830972, 1369465.414861974306405 ], [ 536792.655837544938549, 1369456.609815186355263 ], [ 536853.69712339155376, 1369446.421802283730358 ], [ 536859.725703866104595, 1369445.454351290827617 ], [ 536878.94932622637134, 1369440.2686515704263 ], [ 536886.897376241977327, 1369438.973092212341726 ], [ 536902.723425377509557, 1369437.498907602159306 ], [ 536942.652814301778562, 1369438.097388436086476 ], [ 536974.403933199355379, 1369442.219698155298829 ], [ 537020.629877747502178, 1369454.875153104541823 ], [ 537062.469353712629527, 1369468.264813920948654 ], [ 537086.058129533543251, 1369472.772452444536611 ], [ 537101.896105359890498, 1369473.990524192573503 ], [ 537109.692069653538056, 1369472.237103806808591 ], [ 537132.271466106642038, 1369464.010746603598818 ], [ 537162.646902317064814, 1369454.031077932566404 ], [ 537177.561466428684071, 1369448.351354848360643 ], [ 537181.428454128210433, 1369447.248470306629315 ], [ 537201.142593807191588, 1369444.336882058996707 ], [ 537221.090841995435767, 1369443.45838773297146 ], [ 537248.774772609234788, 1369447.550713565200567 ], [ 537264.264398666215129, 1369451.438360644504428 ], [ 537279.087407118873671, 1369457.302549991523847 ], [ 537296.97056521975901, 1369466.27426334656775 ], [ 537310.052031709696166, 1369475.393118937965482 ], [ 537334.6195396957919, 1369495.997623685514554 ], [ 537339.090553244226612, 1369502.557638893369585 ], [ 537344.098711614729837, 1369513.524489070056006 ], [ 537346.421021987684071, 1369521.183060466544703 ], [ 537347.173365229275078, 1369525.042747598839924 ], [ 537349.927043271018192, 1369548.875277873827145 ], [ 537349.969605901860632, 1369556.839257756946608 ], [ 537347.976173019735143, 1369572.748860367806628 ], [ 537345.954205008456483, 1369580.471101747592911 ], [ 537343.398849945049733, 1369588.047727511264384 ], [ 537327.006529372069053, 1369624.470455309376121 ], [ 537324.271066345041618, 1369632.035781364655122 ], [ 537306.590478734695353, 1369658.734398504020646 ], [ 537275.755529981921427, 1369700.5299523237627 ], [ 537262.691177365370095, 1369715.632521998835728 ], [ 537240.364727089414373, 1369738.563586284639314 ], [ 537226.102669719140977, 1369752.581851795315742 ], [ 537220.846569092711434, 1369758.531295980094001 ], [ 537208.000313022173941, 1369778.805670489091426 ], [ 537204.828684076434001, 1369786.119397952454165 ], [ 537202.723816751968116, 1369793.724342930130661 ], [ 537200.125042341998778, 1369813.520594123750925 ], [ 537199.302722611930221, 1369829.503751154057682 ], [ 537199.658247146522626, 1369845.448704769136384 ], [ 537202.009196169557981, 1369861.294638784835115 ], [ 537203.78410232544411, 1369869.03096733847633 ], [ 537206.286525843781419, 1369876.700827994616702 ], [ 537211.024377687484957, 1369887.650674098404124 ], [ 537212.968587143230252, 1369891.248774286359549 ], [ 537219.577797482488677, 1369901.194771183654666 ], [ 537221.363976635155268, 1369902.988853539107367 ], [ 537224.998354083742015, 1369907.029437738703564 ], [ 537234.380622600903735, 1369914.570484765572473 ], [ 537247.662567281047814, 1369923.365506986621767 ], [ 537255.066641474142671, 1369926.409284605877474 ], [ 537262.818022213643417, 1369928.241424540057778 ], [ 537278.849298316286877, 1369929.247748731868342 ], [ 537322.596390356076881, 1369926.61170934070833 ], [ 537326.608261735993437, 1369926.078649754170328 ], [ 537334.327848522923887, 1369924.096389600075781 ], [ 537345.610091353650205, 1369920.095174265792593 ], [ 537364.611949409591034, 1369914.11174136493355 ], [ 537368.554804027662612, 1369913.237973430659622 ], [ 537392.430848917574622, 1369911.709486985346302 ], [ 537408.358066623331979, 1369912.9337813265156 ], [ 537439.467616543406621, 1369920.045210576849058 ], [ 537457.870059602428228, 1369927.928653120063245 ], [ 537480.193171325954609, 1369936.731132677989081 ], [ 537498.18619350832887, 1369945.373877759324387 ], [ 537515.263397901668213, 1369955.641123024281114 ], [ 537533.672716304892674, 1369963.4130390714854 ], [ 537560.590005360892974, 1369971.046560553833842 ], [ 537584.512794866925105, 1369971.652052562218159 ], [ 537612.425274571403861, 1369973.517399447504431 ], [ 537648.011846111970954, 1369978.443927645217627 ], [ 537659.676767094875686, 1369981.307194228516892 ], [ 537694.108908006572165, 1369991.655855535529554 ], [ 537705.440459515666589, 1369995.507429698249325 ], [ 537716.549774388899095, 1370000.017848387826234 ], [ 537741.932267440948635, 1370011.928675069706514 ], [ 537748.427307826816104, 1370016.485628047958016 ], [ 537757.809023151989095, 1370024.027253044070676 ], [ 537778.516343224328011, 1370042.708766872994602 ], [ 537797.566192269558087, 1370063.304566465551034 ], [ 537814.910615437547676, 1370085.138836665311828 ], [ 537833.481893885182217, 1370106.153190136887133 ], [ 537852.770014942041598, 1370131.585790792480111 ], [ 537864.655520732980222, 1370152.516481773927808 ], [ 537876.634475294267759, 1370177.71408966765739 ], [ 537887.40733658336103, 1370212.030761807225645 ], [ 537895.037402380025014, 1370243.122375125996768 ], [ 537898.980926581542008, 1370266.693717907648534 ], [ 537899.599544426426291, 1370272.675605117110536 ], [ 537901.185210959170945, 1370290.604288259986788 ], [ 537900.58359716378618, 1370314.562781242188066 ], [ 537900.997115053469315, 1370342.509709744248539 ], [ 537900.44359205767978, 1370358.509841286344454 ], [ 537899.304334160988219, 1370362.250738599337637 ], [ 537888.375246869167313, 1370383.653928716201335 ], [ 537882.384333939407952, 1370398.415278737433255 ], [ 537880.275503435987048, 1370401.758846953976899 ], [ 537877.550304973381571, 1370404.839414137881249 ], [ 537868.648428633110598, 1370412.689888696419075 ], [ 537865.092848214670084, 1370414.596950107719749 ], [ 537861.302190996939316, 1370415.928577781189233 ], [ 537853.520897204172798, 1370417.45794705231674 ], [ 537842.310376300476491, 1370418.88395221484825 ], [ 537819.815605523297563, 1370427.225856352830306 ], [ 537797.631983865168877, 1370436.372295600129291 ], [ 537783.195750559330918, 1370443.090163064189255 ], [ 537742.460276834317483, 1370459.705219195224345 ], [ 537735.446291331434622, 1370463.413417258998379 ], [ 537726.691975419176742, 1370468.91852505155839 ], [ 537717.276855993201025, 1370469.111906346166506 ], [ 537709.481607975088991, 1370470.864790350198746 ], [ 537679.731067490880378, 1370482.451553367311135 ], [ 537654.317399731837213, 1370494.086599209811538 ], [ 537640.676710201660171, 1370502.536658680299297 ], [ 537618.925131386611611, 1370517.765825910493731 ], [ 537611.265665160026401, 1370523.115557777695358 ], [ 537605.075185096822679, 1370528.109042856376618 ], [ 537586.748316673678346, 1370549.272160678170621 ], [ 537579.293631640262902, 1370558.559412264032289 ], [ 537574.979206106276251, 1370565.352743412135169 ], [ 537570.488250228343531, 1370576.396015052916482 ], [ 537565.903810017392971, 1370591.806576864328235 ], [ 537562.230538756470196, 1370611.423269550781697 ], [ 537561.804882854688913, 1370615.321164319757372 ], [ 537562.189136071247049, 1370655.264410485280678 ], [ 537564.081717738416046, 1370671.193950494751334 ], [ 537573.057505257194862, 1370718.292691068723798 ], [ 537575.684508619247936, 1370734.044111448805779 ], [ 537592.806132986559533, 1370799.70792060974054 ], [ 537606.732043396099471, 1370832.764750849688426 ], [ 537608.675829118932597, 1370836.362966204062104 ], [ 537613.055762182921171, 1370842.917533171596006 ], [ 537626.115967465913855, 1370858.090947728836909 ], [ 537629.210546887130477, 1370860.640137256355956 ], [ 537643.191087596351281, 1370868.358513992512599 ], [ 537654.735479862429202, 1370873.120549634099007 ], [ 537665.296290136757307, 1370877.708674895577133 ], [ 537692.113460269290954, 1370885.448686714284122 ], [ 537696.047734561376274, 1370886.144404091872275 ], [ 537735.920275232288986, 1370888.986057926667854 ], [ 537759.693144484772347, 1370891.93755982699804 ], [ 537767.31840705301147, 1370894.322966581908986 ], [ 537772.833894513780251, 1370892.875424660043791 ], [ 537776.755312185152434, 1370892.336911467136815 ], [ 537784.81917828170117, 1370892.05870917160064 ], [ 537808.620106600690633, 1370894.563580153277144 ], [ 537855.302556732669473, 1370905.57091202866286 ], [ 537859.111661844304763, 1370906.819503031903878 ], [ 537887.994990470935591, 1370920.520907962694764 ], [ 537891.387712614028715, 1370922.640406585298479 ], [ 537923.62247587076854, 1370946.308149274904281 ], [ 537934.94655348197557, 1370957.448309009661898 ], [ 537939.977605062536895, 1370963.707596845924854 ], [ 537948.29724335228093, 1370972.30413246108219 ], [ 537962.805743476143107, 1370985.999299702001736 ], [ 537975.190500481287017, 1370996.084868058795109 ], [ 537981.088137160753831, 1371001.501596976770088 ], [ 537991.725528236711398, 1371013.495742377126589 ], [ 538009.924779047258198, 1371028.880751430056989 ], [ 538021.62288043810986, 1371039.820294060278684 ], [ 538034.007488531409763, 1371049.905951222172007 ], [ 538057.798857063404284, 1371071.249311296036467 ], [ 538068.734292515669949, 1371082.813777040690184 ], [ 538072.99684224743396, 1371088.35204168362543 ], [ 538075.90284030942712, 1371092.459417363861576 ], [ 538083.420818465063348, 1371106.612364052096382 ], [ 538089.732994684949517, 1371121.250169335398823 ], [ 538096.983584057888947, 1371148.281644561327994 ], [ 538097.919052147190087, 1371172.224849715828896 ], [ 538097.583197416737676, 1371176.12839637347497 ], [ 538092.312225522939116, 1371199.569224465405568 ], [ 538089.846545149688609, 1371207.151385652599856 ], [ 538069.318709887214936, 1371250.377591430209577 ], [ 538051.951840573339723, 1371299.409260316519067 ], [ 538035.578963520703837, 1371352.764537848299369 ], [ 538027.904959736973979, 1371400.050896345404908 ], [ 538027.406378161511384, 1371407.981024535605684 ], [ 538025.59176409279462, 1371423.902021384099498 ], [ 538024.504554761340842, 1371439.756620128406212 ], [ 538021.724483187193982, 1371515.608357851393521 ], [ 538016.876687775366008, 1371571.146091342903674 ], [ 538017.351276100380346, 1371575.1006058906205 ], [ 538019.869632521411404, 1371586.808702791575342 ], [ 538021.071606918936595, 1371590.696817044401541 ], [ 538022.744876249460503, 1371594.278162309899926 ], [ 538027.207071400014684, 1371600.950331019004807 ], [ 538029.067449614871293, 1371604.431308600353077 ], [ 538038.36026370653417, 1371616.228951221099123 ], [ 538044.451525168260559, 1371621.433687231969088 ], [ 538048.156187609885819, 1371622.900090582435951 ], [ 538052.097122159437276, 1371623.484282050048932 ], [ 538072.067410140414722, 1371623.61862598056905 ], [ 538076.078574393992312, 1371623.085907473461702 ], [ 538110.970127830165438, 1371614.515090111643076 ], [ 538160.801638544537127, 1371599.819528834195808 ], [ 538198.433711663237773, 1371586.487520887516439 ], [ 538245.200145998387598, 1371575.972880874061957 ], [ 538253.063534160377458, 1371574.56120539503172 ], [ 538276.846572560141794, 1371571.571825401857495 ], [ 538296.48751106869895, 1371568.321952893864363 ], [ 538336.271990477107465, 1371565.330107640940696 ], [ 538340.331092644133605, 1371565.473329088650644 ], [ 538379.886834509670734, 1371570.428799905348569 ], [ 538405.708144117263146, 1371581.024078775430098 ], [ 538412.492796186706983, 1371585.263506730552763 ], [ 538421.199605673667975, 1371593.436434730654582 ], [ 538429.039765158784576, 1371602.451914908830076 ], [ 538433.030342754791491, 1371609.431041218806058 ], [ 538436.746829755371436, 1371620.766149051254615 ], [ 538439.551873856573366, 1371636.529270342551172 ], [ 538439.683214768883772, 1371644.499048365745693 ], [ 538437.70487034402322, 1371664.446555507369339 ], [ 538436.828580865170807, 1371668.316108714323491 ], [ 538435.419049741351046, 1371672.039975716266781 ], [ 538425.286172296269797, 1371693.717078155605122 ], [ 538422.91426755185239, 1371696.93185843154788 ], [ 538410.360747066675685, 1371706.794731543399394 ], [ 538375.144786864635535, 1371744.947311027906835 ], [ 538345.258880232693627, 1371787.472177168121561 ], [ 538331.117834629258141, 1371806.76668347325176 ], [ 538327.517912390409037, 1371812.259050308493897 ], [ 538315.643377375323325, 1371830.014156702905893 ], [ 538305.514838816015981, 1371847.318445108830929 ], [ 538292.830545454053208, 1371872.19922621967271 ], [ 538283.400608212454244, 1371898.518218426033854 ], [ 538276.456774462247267, 1371925.554281781194732 ], [ 538273.692628278629854, 1371949.377115674316883 ], [ 538273.491066868649796, 1371981.322681405115873 ], [ 538274.522721643792465, 1372005.160032324958593 ], [ 538283.19800913031213, 1372048.316775575047359 ], [ 538289.78923162643332, 1372067.121432930231094 ], [ 538291.649382373434491, 1372070.602479507680982 ], [ 538294.257962964940816, 1372073.682071529095992 ], [ 538300.355748811620288, 1372078.775314142694697 ], [ 538307.237091246759519, 1372082.908645826159045 ], [ 538314.645923002040945, 1372085.841690307715908 ], [ 538329.613750565797091, 1372086.446931915124878 ], [ 538333.610673103132285, 1372086.137715931516141 ], [ 538337.462649235618301, 1372085.258710977854207 ], [ 538358.930932988412678, 1372074.498860643012449 ], [ 538366.269026000401936, 1372071.372243454679847 ], [ 538382.10478397028055, 1372069.677360250148922 ], [ 538390.118416770827025, 1372070.181566819781438 ], [ 538409.933101536589675, 1372072.773924250854179 ], [ 538417.912914124783128, 1372072.378953743726015 ], [ 538434.014947171206586, 1372052.086608367739245 ], [ 538461.602814069483429, 1372030.274367383448407 ], [ 538476.705247543170117, 1372020.123427293263376 ], [ 538491.530563475564122, 1372010.067207840736955 ], [ 538526.781957240076736, 1371985.709810643922538 ], [ 538572.368030441808514, 1371946.528457269072533 ], [ 538592.850262210238725, 1371924.157262649387121 ], [ 538605.515091588604264, 1371883.801098430762067 ], [ 538624.233453728607856, 1371866.477135230787098 ], [ 538642.549785682465881, 1371856.977309877751395 ], [ 538653.568591181072406, 1371851.391392925288528 ], [ 538658.426604814012535, 1371848.893838465912268 ], [ 538692.596715396968648, 1371856.090922477655113 ], [ 538712.223368043196388, 1371860.241993674309924 ], [ 538787.463545278646052, 1371910.057155882008374 ], [ 538791.919449901790358, 1371922.560384889598936 ], [ 538791.066872663097456, 1371923.17950972658582 ], [ 538795.555391938425601, 1371952.392847196897492 ], [ 538797.125648932880722, 1371961.911024527391419 ], [ 538803.07726117328275, 1371989.422349690692499 ], [ 538804.821934207808226, 1371997.605899272253737 ], [ 538809.480610153172165, 1372029.857618424342945 ], [ 538814.392426353646442, 1372058.08844205387868 ], [ 538822.120887092663907, 1372096.14022739441134 ], [ 538835.234872750821523, 1372144.847570669837296 ], [ 538840.997600005706772, 1372166.740345255238935 ], [ 538849.195727249723859, 1372213.119760794565082 ], [ 538854.827473991899751, 1372227.042736443458125 ], [ 538857.269832157064229, 1372237.06441449560225 ], [ 538860.236948276171461, 1372248.801165032200515 ], [ 538868.009938513510861, 1372283.267563058063388 ], [ 538871.28512401226908, 1372298.724179363111034 ], [ 538876.435624059406109, 1372315.98092747782357 ], [ 538879.776894082198851, 1372327.51698943390511 ], [ 538881.044464558013715, 1372334.661324927117676 ], [ 538885.789738270337693, 1372362.657530496828258 ], [ 538886.414349928265437, 1372390.057824230287224 ], [ 538887.278134778840467, 1372399.307301932480186 ], [ 538889.026810978422873, 1372410.29453738941811 ], [ 538891.250984083744697, 1372423.778693969827145 ], [ 538892.745014653890394, 1372433.067868561018258 ], [ 538900.236203551758081, 1372479.178679032251239 ], [ 538905.531318476889282, 1372511.35857241647318 ], [ 538918.247273927321658, 1372547.706337097100914 ], [ 538928.603980949381366, 1372574.1497680938337 ], [ 538939.562720586778596, 1372601.079683110816404 ], [ 538955.484523616265506, 1372631.01348959072493 ], [ 538974.377235012245364, 1372668.311148807639256 ], [ 538997.398830774356611, 1372697.458807921037078 ], [ 539011.12308244407177, 1372714.919425745261833 ], [ 539044.548080709646456, 1372722.407650858629495 ], [ 539073.430559845641255, 1372728.82486396888271 ], [ 539097.119629473309033, 1372720.11306070513092 ], [ 539120.684982784907334, 1372710.496440773131326 ], [ 539149.89027403621003, 1372698.880420678760856 ], [ 539177.92784738226328, 1372691.452064585639164 ], [ 539253.81742165167816, 1372684.908936836756766 ], [ 539301.420007284381427, 1372692.618899767752737 ], [ 539369.193782024784014, 1372711.580745281651616 ], [ 539387.849994593765587, 1372721.05486822174862 ], [ 539407.724393229116686, 1372731.278647625353187 ], [ 539457.05182915693149, 1372751.769592262804508 ], [ 539514.611096880747937, 1372795.094951169099659 ], [ 539532.101472322945483, 1372813.018236599862576 ], [ 539554.675869974424131, 1372830.589349480811507 ], [ 539605.366331444238313, 1372858.119609106099233 ], [ 539636.368963687913492, 1372869.606475740903988 ], [ 539658.543562616687268, 1372872.014295324217528 ], [ 539670.517868352821097, 1372872.769561719149351 ], [ 539714.4231073561823, 1372871.726350705605 ], [ 539742.354280137107708, 1372873.151879125041887 ], [ 539758.08723867428489, 1372875.938555795000866 ], [ 539769.407037193421274, 1372879.904622318921611 ], [ 539776.405277781188488, 1372883.598068944178522 ], [ 539789.568740275106393, 1372892.726606901269406 ], [ 539827.262942078639753, 1372928.521389426197857 ], [ 539833.55337848176714, 1372933.403729990357533 ], [ 539850.115179807413369, 1372944.540970731526613 ], [ 539868.002394186216407, 1372953.294877728680149 ], [ 539879.210870509967208, 1372957.590485579799861 ], [ 539894.456654885550961, 1372962.365140769165009 ], [ 539925.539300068980083, 1372969.709106916561723 ], [ 539950.76057190168649, 1372972.534237345913425 ], [ 539957.221680601243861, 1372973.278397588524967 ], [ 539961.211253426619805, 1372973.081630054628477 ], [ 539980.864044221700169, 1372969.612194695742801 ], [ 539984.488052192376927, 1372968.046728589106351 ], [ 540001.592788325622678, 1372957.688337380765006 ], [ 540041.328980052378029, 1372931.040844861418009 ], [ 540080.069636796950363, 1372902.985049090348184 ], [ 540088.556486858637072, 1372894.549846204929054 ], [ 540096.697324982844293, 1372885.868536514462903 ], [ 540108.648816292639822, 1372869.802502737613395 ], [ 540110.758066394599155, 1372866.459419992286712 ], [ 540114.284513731836341, 1372859.28102330584079 ], [ 540118.078893377794884, 1372847.858355809003115 ], [ 540118.865864396211691, 1372843.983258245047182 ], [ 540119.45649830182083, 1372836.058853967348114 ], [ 540119.130530861672014, 1372824.039675838779658 ], [ 540116.402948461007327, 1372804.243616245687008 ], [ 540112.957258530659601, 1372788.663414194714278 ], [ 540106.093528477358632, 1372769.951906526926905 ], [ 540100.338369049248286, 1372750.861841018078849 ], [ 540094.869570691022091, 1372735.826768442289904 ], [ 540072.141107295406982, 1372689.201174801914021 ], [ 540062.110262899310328, 1372671.971864509629086 ], [ 540044.694312262348831, 1372650.015267352340743 ], [ 540031.35000169230625, 1372635.156003335025162 ], [ 539998.280590357608162, 1372600.549405722646043 ], [ 539933.007649086765014, 1372530.494222347857431 ], [ 539928.360320516512729, 1372523.921347648603842 ], [ 539914.617211367934942, 1372499.617717611603439 ], [ 539913.132049419102259, 1372495.935652370098978 ], [ 539908.075508821289986, 1372464.330655336612836 ], [ 539908.305781478644349, 1372456.383534373948351 ], [ 539912.65532365848776, 1372424.69925329554826 ], [ 539916.070704130106606, 1372404.954574593808502 ], [ 539917.127709579188377, 1372401.09651576471515 ], [ 539924.436573040205985, 1372386.980043929535896 ], [ 539950.968432434718125, 1372351.873698060633615 ], [ 539959.538609530543908, 1372343.555778254987672 ], [ 539966.317369313212112, 1372339.273845205083489 ], [ 539977.52209609397687, 1372335.04695185367018 ], [ 539997.03853168268688, 1372330.896066996501759 ], [ 540004.94233159488067, 1372330.273511137580499 ], [ 540036.928594891563989, 1372330.498040442820638 ], [ 540048.736077464767732, 1372332.476754558738321 ], [ 540079.967402324429713, 1372338.933409446384758 ], [ 540087.709058647742495, 1372340.879822326358408 ], [ 540117.21609934233129, 1372353.170987824909389 ], [ 540127.800459213089198, 1372358.773094687145203 ], [ 540155.446982579189353, 1372374.759581747930497 ], [ 540172.106662834063172, 1372385.791392783634365 ], [ 540235.989573167986237, 1372434.903263662010431 ], [ 540238.66083680652082, 1372436.97823563660495 ], [ 540286.954472456942312, 1372465.258174472721294 ], [ 540333.644990893895738, 1372496.016309298109263 ], [ 540344.236092930892482, 1372501.506998011609539 ], [ 540374.364183701458387, 1372521.127200343413278 ], [ 540387.444692338467576, 1372530.139254990732297 ], [ 540422.975099523202516, 1372555.819792296970263 ], [ 540441.540976152173243, 1372571.009492535144091 ], [ 540444.155710247228853, 1372573.978057369589806 ], [ 540451.391163723077625, 1372588.227857396006584 ], [ 540454.550142582738772, 1372599.753175532910973 ], [ 540455.22675881430041, 1372607.645467814058065 ], [ 540456.810778539977036, 1372615.482940017478541 ], [ 540455.77438345097471, 1372643.339469020487741 ], [ 540456.557150743552484, 1372655.275385156506673 ], [ 540457.847871151519939, 1372659.169555990258232 ], [ 540464.896088829613291, 1372673.519693423295394 ], [ 540467.588712985976599, 1372680.978653331287205 ], [ 540469.523773857043125, 1372684.689254848053679 ], [ 540471.389964068424888, 1372688.059096921002492 ], [ 540468.59385308122728, 1372692.255802661878988 ], [ 540463.50287680584006, 1372698.438146734843031 ], [ 540438.559398316545412, 1372718.392826431896538 ], [ 540423.549292344250716, 1372731.349689153954387 ], [ 540383.900084064691328, 1372770.896691837580875 ], [ 540370.494970897096209, 1372785.637059352593496 ], [ 540363.294747739215381, 1372795.162484369473532 ], [ 540339.980614157975651, 1372832.26510510337539 ], [ 540316.128951491671614, 1372879.314006380271167 ], [ 540303.745163599494845, 1372903.650589016033337 ], [ 540286.123448527185246, 1372947.953170758206397 ], [ 540282.598962738644332, 1372959.392827512696385 ], [ 540277.403321123332717, 1372978.688666042173281 ], [ 540271.453042367938906, 1373009.935489138122648 ], [ 540266.95241904607974, 1373045.422922489931807 ], [ 540265.844698078464717, 1373057.239474304253235 ], [ 540263.248879311606288, 1373116.956622452009469 ], [ 540263.46836555947084, 1373124.932198722613975 ], [ 540267.654984028311446, 1373164.556612318614498 ], [ 540271.679745292873122, 1373188.13524151337333 ], [ 540277.156974587589502, 1373207.320121063152328 ], [ 540286.991612870828249, 1373237.657462198054418 ], [ 540299.342731980606914, 1373283.965066673932597 ], [ 540307.057158387382515, 1373314.953526494558901 ], [ 540308.509499639971182, 1373334.893510225228965 ], [ 540307.812485685455613, 1373338.774290553294122 ], [ 540305.518185131484643, 1373346.478997303405777 ], [ 540300.230536538059823, 1373361.507855966221541 ], [ 540288.170097775058821, 1373382.16441574273631 ], [ 540276.910842844285071, 1373398.72251284820959 ], [ 540225.262076348997653, 1373469.471589353634045 ], [ 540220.863666930934414, 1373476.146362392231822 ], [ 540209.8485967569286, 1373497.429726636502892 ], [ 540205.011304785148241, 1373512.487085220171139 ], [ 540201.865438369335607, 1373532.248872246127576 ], [ 540201.741008123732172, 1373544.239697927609086 ], [ 540205.308456652215682, 1373567.901636302471161 ], [ 540209.487790647428483, 1373583.304060231428593 ], [ 540215.142765111057088, 1373598.238979888847098 ], [ 540228.216610491042957, 1373635.957697317004204 ], [ 540230.352710073580965, 1373639.344565354753286 ], [ 540240.033804208505899, 1373652.066724692005664 ], [ 540242.835328685119748, 1373654.934929569251835 ], [ 540264.103312817402184, 1373673.098580243997276 ], [ 540280.96135097683873, 1373683.806998391402885 ], [ 540284.657708633225411, 1373685.386080525582656 ], [ 540318.752549051307142, 1373696.510316472966224 ], [ 540330.515755387488753, 1373699.159584204200655 ], [ 540358.045515777310356, 1373704.038199442438781 ], [ 540383.955118654179387, 1373714.533582903211936 ], [ 540390.841215130058117, 1373718.556941865943372 ], [ 540403.219013003865257, 1373728.646212293067947 ], [ 540412.108736229478382, 1373736.720967620844021 ], [ 540423.030302651226521, 1373748.400348386494443 ], [ 540417.731883226544596, 1373760.737202465767041 ], [ 540414.895710744895041, 1373769.865467427298427 ], [ 540413.863393831881694, 1373776.192101759370416 ], [ 540413.699423126759939, 1373780.218698262702674 ], [ 540411.954248091205955, 1373792.107184681110084 ], [ 540411.910485606640577, 1373799.954054658534005 ], [ 540415.641138769919053, 1373819.589527320116758 ], [ 540416.783730333438143, 1373831.548296086722985 ], [ 540420.595359740545973, 1373847.039798372425139 ], [ 540423.10042234766297, 1373854.599130213260651 ], [ 540429.224121937528253, 1373864.96622167667374 ], [ 540443.723481765831821, 1373878.665869190823287 ], [ 540447.017303386703134, 1373880.892427882645279 ], [ 540476.213008676655591, 1373893.726354767102748 ], [ 540485.990292458678596, 1373900.623769524274394 ], [ 540501.169047086150385, 1373913.581485027214512 ], [ 540503.970393752097152, 1373916.449780587106943 ], [ 540512.985306375660002, 1373929.690920729888603 ], [ 540517.806199639337137, 1373940.648606381379068 ], [ 540520.694296095054597, 1373952.157005645800382 ], [ 540523.436261811293662, 1373975.99134256131947 ], [ 540523.272231390583329, 1373980.017943061422557 ], [ 540517.933499505277723, 1374003.005315243499354 ], [ 540516.945172766922042, 1374007.2041118030902 ], [ 540505.266515791066922, 1374038.986239074030891 ], [ 540500.509937042486854, 1374049.899510599905625 ], [ 540492.799111742642708, 1374076.101175809511915 ], [ 540480.806492783362046, 1374109.994130692211911 ], [ 540479.749340096139349, 1374113.852171370759606 ], [ 540476.773948189336807, 1374129.47565008350648 ], [ 540466.108639506506734, 1374159.527659476269037 ], [ 540460.902064556954429, 1374170.412528176559135 ], [ 540456.941648964537308, 1374181.600403920281678 ], [ 540442.065887900185771, 1374235.38399747852236 ], [ 540430.635523949400522, 1374286.133283980190754 ], [ 540423.505760646075942, 1374313.15671596606262 ], [ 540413.989836922031827, 1374343.617839499143884 ], [ 540395.930352984345518, 1374396.303327550180256 ], [ 540393.643185317632742, 1374403.896382793551311 ], [ 540388.265770270489156, 1374418.919627164490521 ], [ 540384.65147561521735, 1374430.3536893252749 ], [ 540366.799307553679682, 1374495.499702936038375 ], [ 540359.051897156401537, 1374517.998668247135356 ], [ 540354.657697417074814, 1374533.196186444023624 ], [ 540352.010528000770137, 1374540.766517434036359 ], [ 540348.666356334812008, 1374552.217663899762556 ], [ 540345.257236109464429, 1374571.85080877924338 ], [ 540342.388211333774962, 1374591.518073046347126 ], [ 540337.282952101551928, 1374610.819811229594052 ], [ 540321.151299882796593, 1374655.889742089668289 ], [ 540301.333688364131376, 1374720.687542397994548 ], [ 540275.942337687709369, 1374779.302169305505231 ], [ 540262.476296263281256, 1374825.101292031351477 ], [ 540252.977362139383331, 1374859.600725124590099 ], [ 540243.964658886892721, 1374910.727395290276036 ], [ 540241.669239161885343, 1374925.608997942414135 ], [ 540237.687042538193054, 1374950.027994445292279 ], [ 540232.238171786419116, 1374973.345119714038447 ], [ 540227.712001538835466, 1375024.979474410880357 ], [ 540226.581096177222207, 1375032.86989951482974 ], [ 540223.583129284554161, 1375044.567265288671479 ], [ 540213.097475086105987, 1375070.369785708608106 ], [ 540204.282811178942211, 1375088.315998381236568 ], [ 540187.716499927453697, 1375133.134547190973535 ], [ 540185.782609788351692, 1375140.862133460119367 ], [ 540176.057374422438443, 1375191.831823544111103 ], [ 540172.542608208255842, 1375207.421439109370112 ], [ 540165.313003942021169, 1375226.028492082841694 ], [ 540163.282083185040392, 1375233.862098686862737 ], [ 540162.067978537059389, 1375235.916066805366427 ], [ 540162.301047507324256, 1375237.949284484377131 ], [ 540161.355279422365129, 1375241.478003291878849 ], [ 540159.682399302371778, 1375245.072944490471855 ], [ 540152.91299335565418, 1375254.962239565327764 ], [ 540138.17055012495257, 1375273.767728719860315 ], [ 540116.796199709526263, 1375297.424998014932498 ], [ 540111.194951610057615, 1375303.126810556976125 ], [ 540093.132834237185307, 1375318.695007264148444 ], [ 540089.744492495199665, 1375320.835977646755055 ], [ 540075.631620295578614, 1375328.24315588013269 ], [ 540071.842620295588858, 1375329.573863252764568 ], [ 540064.141028636717238, 1375331.330368410563096 ], [ 540059.916470281546935, 1375338.128385338466614 ], [ 540057.281785324215889, 1375341.214063685853034 ], [ 540036.834033821709454, 1375360.220193685032427 ], [ 540014.014678399311379, 1375382.440809458028525 ], [ 540008.074681262951344, 1375387.784883251646534 ], [ 539990.822566073038615, 1375397.685339658055454 ], [ 539969.774491976713762, 1375409.028279203688726 ], [ 539946.153655325761065, 1375423.909443492768332 ], [ 539930.802597194327973, 1375436.621354088187218 ], [ 539908.57144341012463, 1375459.552200027974322 ], [ 539899.748105534701608, 1375467.629955900134519 ], [ 539896.615785110858269, 1375470.01143701467663 ], [ 539887.70246366749052, 1375478.083524926798418 ], [ 539873.955927832634188, 1375492.578892287798226 ], [ 539861.75902287568897, 1375508.293476731516421 ], [ 539851.464712449582294, 1375525.361688661621884 ], [ 539848.472266434691846, 1375532.686126694083214 ], [ 539842.122452521929517, 1375551.685392516897991 ], [ 539839.852185567491688, 1375563.316693631000817 ], [ 539837.96735021378845, 1375583.158465535147116 ], [ 539839.442979554296471, 1375607.025059324689209 ], [ 539840.576626100344583, 1375614.834198669996113 ], [ 539842.527350152726285, 1375622.5827696477063 ], [ 539844.942185800871812, 1375630.136356342583895 ], [ 539845.595482590724714, 1375634.10245461971499 ], [ 539849.030667329556309, 1375645.53317015315406 ], [ 539872.549636529874988, 1375689.518328887876123 ], [ 539875.202473902376369, 1375694.732032709289342 ], [ 539898.450262645841576, 1375727.261987461009994 ], [ 539937.517880655243061, 1375772.565287423552945 ], [ 539974.837736026849598, 1375814.057871103053913 ], [ 539987.698290896601975, 1375829.335761783411726 ], [ 540004.233065871289, 1375846.527739651035517 ], [ 540011.94195444858633, 1375856.097735416144133 ], [ 540842.19355805683881, 1375845.759001562139019 ], [ 541109.404297143802978, 1375842.698917917674407 ], [ 541763.014235249953344, 1375830.91977293533273 ], [ 541778.803280227817595, 1376063.827053398359567 ], [ 541787.742859668796882, 1376220.830022112233564 ], [ 541844.385867399396375, 1376350.801479071611539 ], [ 541952.856906819855794, 1376338.722408787114546 ], [ 541985.316203734255396, 1376396.850005078362301 ], [ 542042.353402956272475, 1376499.14922937634401 ], [ 542518.60999428271316, 1376480.789616193156689 ], [ 542511.462734712986276, 1376401.16409572144039 ], [ 542507.874468737980351, 1376359.444023048039526 ], [ 542570.199748150305822, 1376382.573925659526139 ], [ 542566.501875613583252, 1376335.464059785706922 ], [ 542632.490812466945499, 1376357.817551560234278 ], [ 542682.077680075191893, 1376266.988944601500407 ], [ 542683.99527736264281, 1376262.400663955602795 ], [ 542601.167616387130693, 1376202.083910843357444 ], [ 542655.464453627704643, 1376148.112225870601833 ], [ 542691.341983790975064, 1376101.046314313774928 ], [ 542675.441390833002515, 1376075.36625321675092 ], [ 542855.406603627838194, 1376061.667118549346924 ], [ 542849.120263668941334, 1375958.546342685585842 ], [ 542942.943694375921041, 1375953.848278173012659 ], [ 542953.828771641477942, 1375953.193568794056773 ], [ 543041.726571969455108, 1375947.896129501285031 ], [ 543072.956063119112514, 1375945.617604434257373 ], [ 543091.216279381420463, 1375944.085654746275395 ], [ 543145.8857030950021, 1375939.819398868596181 ], [ 543164.048861106974073, 1375938.393580986885354 ], [ 543207.556149352574721, 1375934.876706585753709 ], [ 543329.248951549525373, 1375925.336512065026909 ], [ 543337.974118632730097, 1375924.545078231487423 ], [ 543358.3186590957921, 1375922.921816391404718 ], [ 543381.41773997200653, 1375922.034310558577999 ], [ 543352.612039155559614, 1375883.309598746011034 ], [ 543336.017135498346761, 1375864.312677381560206 ], [ 543329.439198678242974, 1375855.48417203174904 ], [ 543256.692562867538072, 1375758.794882095651701 ], [ 543232.710792891564779, 1375725.199179110117257 ], [ 543168.482543293968774, 1375639.481060040416196 ], [ 543140.565566797624342, 1375602.383686461951584 ], [ 543088.904850391321816, 1375533.612768599763513 ], [ 542918.002262544934638, 1375306.106508780736476 ], [ 542866.089013415854424, 1375236.984868859406561 ], [ 542829.863105993717909, 1375188.371660481207073 ], [ 542666.759269493981265, 1374968.768080516951159 ], [ 542616.847402345156297, 1374896.523287005489692 ], [ 542586.214182507013902, 1374852.303237974643707 ], [ 542540.240157348569483, 1374780.645240419311449 ], [ 542518.841617281199433, 1374747.55240517668426 ], [ 542447.398631045711227, 1374635.703636824619025 ], [ 542430.761842905194499, 1374608.744337981799617 ], [ 542437.076084012282081, 1374604.659127491991967 ], [ 542443.752446081954986, 1374599.139064281247556 ], [ 542418.868924523121677, 1374556.854398780502379 ], [ 542384.86450192402117, 1374500.198327488498762 ], [ 542419.159773110644892, 1374478.150642009917647 ], [ 542430.857886545010842, 1374471.827590641565621 ], [ 542446.881793380249292, 1374467.124534255126491 ], [ 542455.795394106768072, 1374466.231940400088206 ], [ 542482.597894910140894, 1374464.006685892585665 ], [ 542526.477122409502044, 1374461.855247395345941 ], [ 542579.601741232560016, 1374459.281169133260846 ], [ 542623.751095197279938, 1374457.147358120884746 ], [ 542801.999619704787619, 1374446.812756238039583 ], [ 542892.9609526040731, 1374440.473807395901531 ], [ 542965.353641678928398, 1374436.209285164484754 ], [ 543012.532728183083236, 1374431.914817196549848 ], [ 543103.18625032575801, 1374423.315732541261241 ], [ 543137.647635313682258, 1374421.466610953444615 ], [ 543165.04306192882359, 1374421.299641118850559 ], [ 543337.808537468896247, 1374420.496304520405829 ], [ 543377.782767229131423, 1374422.923210188979283 ], [ 543425.730716984719038, 1374427.875360802281648 ], [ 543511.122633540770039, 1374432.403190461918712 ], [ 543807.895292305503972, 1374448.572451991261914 ], [ 543900.549911867710762, 1374454.014435996999964 ], [ 543911.202668887213804, 1374457.04671348980628 ], [ 543916.172532870783471, 1374458.484118761727586 ], [ 543929.184868584387004, 1374467.049215679289773 ], [ 543984.932442709105089, 1374522.739660668652505 ], [ 543998.207553510903381, 1374531.433728112839162 ], [ 544005.889693448669277, 1374534.277223564684391 ], [ 544013.526752903824672, 1374534.987177902366966 ], [ 544023.722066545393318, 1374533.841292415047064 ], [ 543953.87010354467202, 1374459.759702443378046 ], [ 543849.124177058343776, 1374348.808853497263044 ], [ 543787.401888904394582, 1374281.862052224576473 ], [ 543745.806078984867781, 1374235.258929323637858 ], [ 543677.448459223029204, 1374158.920098009053618 ], [ 543647.519992185058072, 1374103.639268510043621 ], [ 543620.339862210326828, 1374057.728744354331866 ], [ 543589.524213047581725, 1373997.906222031451762 ], [ 543567.400191298569553, 1373942.112457373412326 ], [ 543541.962033799034543, 1373865.923010092228651 ], [ 543529.163698650896549, 1373807.021329447627068 ], [ 543515.211728435242549, 1373727.861224983818829 ], [ 543508.940731531591155, 1373634.498853000113741 ], [ 543513.801561317057349, 1373539.488819415448233 ], [ 543536.044091433403082, 1373418.445313944714144 ], [ 543616.88657190091908, 1373093.554919454036281 ], [ 543673.128541159792803, 1372865.672994134016335 ], [ 543681.555049316375516, 1372831.221005448838696 ], [ 543697.226630598190241, 1372769.531042680609971 ], [ 543699.505041306023486, 1372760.704692188184708 ], [ 543701.69342188059818, 1372751.872621761402115 ], [ 543704.362593690515496, 1372741.16473917872645 ], [ 543723.170224027708173, 1372667.114557560533285 ], [ 543750.457714414224029, 1372564.895749303745106 ], [ 543753.055997907882556, 1372555.30477735446766 ], [ 543755.640090366476215, 1372545.937182756606489 ], [ 543758.314223051886074, 1372536.575311417225748 ], [ 543758.809224091353826, 1372534.476128476671875 ], [ 543761.137413635035045, 1372524.867996020708233 ], [ 543764.043548187473789, 1372513.278092377120629 ], [ 543801.868653941666707, 1372360.481745273806155 ], [ 543813.303379016928375, 1372307.157569509698078 ], [ 543818.728417186299339, 1372270.160150177776814 ], [ 543825.182740493910387, 1372216.968048382317647 ], [ 543831.454728108365089, 1372138.196774750482291 ], [ 543837.899334089830518, 1372055.287398400949314 ], [ 543866.779553859145381, 1371670.581964113283902 ], [ 543868.211592439678498, 1371653.740114263957366 ], [ 543873.837750152219087, 1371585.13273734296672 ], [ 543898.553627323359251, 1371287.295223796507344 ], [ 543907.311947897076607, 1371236.268488054629415 ], [ 543916.538220786373131, 1371196.373157369671389 ], [ 543924.004708180204034, 1371165.673426252789795 ], [ 543939.330220171250403, 1371119.437536510871723 ], [ 543953.341374728595838, 1371081.079914300702512 ], [ 543982.040340016363189, 1371015.060840449063107 ], [ 544014.936288136290386, 1370945.608128073625267 ], [ 544029.462861026753671, 1370914.796632736455649 ], [ 544096.633183287223801, 1370772.727389978710562 ], [ 544118.647684408701025, 1370725.122947700088844 ], [ 544125.154209927306511, 1370710.958758675027639 ], [ 544181.924898109282367, 1370588.862339941086248 ], [ 544186.429364311974496, 1370579.168532975716516 ], [ 544199.935714169987477, 1370550.198816780000925 ], [ 544204.343056951649487, 1370540.610981712816283 ], [ 544211.814313728944398, 1370525.49897361244075 ], [ 544216.589009683462791, 1370515.822367304004729 ], [ 544233.936743573867716, 1370480.480876612477005 ], [ 544241.310932052438147, 1370465.474860771326348 ], [ 544250.085440578986891, 1370445.511723645031452 ], [ 544276.221956869354472, 1370385.722617289051414 ], [ 544284.899443702888675, 1370365.865487448405474 ], [ 544291.579458089312539, 1370351.824607664486393 ], [ 544311.529556194785982, 1370309.69628192903474 ], [ 544315.178843828034587, 1370302.07876790757291 ], [ 544318.112484091077931, 1370295.761387306265533 ], [ 544321.607794669223949, 1370289.143317990703508 ], [ 544332.093755082925782, 1370269.28912082570605 ], [ 544335.499024946824647, 1370262.665330850752071 ], [ 544370.605845819343813, 1370182.701692717149854 ], [ 544384.738888205960393, 1370152.426510715857148 ], [ 544409.13304436893668, 1370100.152352423639968 ], [ 544432.903236691723578, 1370030.681618788745254 ], [ 544454.378668083925731, 1369944.693004545057192 ], [ 544462.725829645642079, 1369893.080328427720815 ], [ 544468.124975560000166, 1369848.008356045465916 ], [ 544470.603819795534946, 1369796.246698881499469 ], [ 544470.748206205316819, 1369792.555369820212945 ], [ 544469.604955740389414, 1369730.919568405486643 ], [ 544464.555789714097045, 1369672.399441039189696 ], [ 544452.159436102840118, 1369580.107436727266759 ], [ 544436.658522975165397, 1369501.074446067446843 ], [ 544417.712226719711907, 1369405.11409741663374 ], [ 544374.710488219861872, 1369186.853337838081643 ], [ 544336.728109408053569, 1368992.012519858544692 ], [ 544305.198528089560568, 1368830.774775595869869 ], [ 544304.999319117167033, 1368829.640751695493236 ], [ 544303.569346557720564, 1368822.261005448410287 ], [ 544284.535745603498071, 1368721.922867624321952 ], [ 544268.319063174189068, 1368637.014411577023566 ], [ 544249.379313437850215, 1368538.028157076099887 ], [ 544228.703955816221423, 1368440.725880875485018 ], [ 544225.587194147985429, 1368421.464745212346315 ], [ 544216.350831274758093, 1368366.155585651053116 ], [ 544212.797355235088617, 1368319.617871881928295 ], [ 544210.034578329185024, 1368286.250250010984018 ], [ 544209.248624583240598, 1368228.899276294512674 ], [ 544209.09640963759739, 1368224.179929175181314 ], [ 544222.033329316880554, 1368097.50489405868575 ], [ 544243.263852172880433, 1367958.461741505889222 ], [ 544256.928132104687393, 1367868.725554523523897 ], [ 544298.845894113765098, 1367593.52099701622501 ], [ 544300.253119713161141, 1367584.191169652855024 ], [ 544362.802510211709887, 1367165.197544638765976 ], [ 544391.504130376153626, 1366982.674157342640683 ], [ 544395.577029859065078, 1366957.030192600795999 ], [ 544423.624379277345724, 1366767.737547612050548 ], [ 544441.237818297697231, 1366648.650212991051376 ], [ 544465.458117143949494, 1366492.530539107741788 ], [ 544474.099345876369625, 1366434.882755887927487 ], [ 544499.821913246531039, 1366262.263206746429205 ], [ 544508.366196508752182, 1366204.721518222009763 ], [ 544530.855923892580904, 1366061.612029601819813 ], [ 544570.232199536287226, 1365809.462100007804111 ], [ 544595.555663126055151, 1365631.772229052148759 ], [ 544604.259139947011136, 1365570.316367694176733 ], [ 544609.633425716659985, 1365532.757325101876631 ], [ 544615.476941002649255, 1365492.088425255846232 ], [ 544615.988761242944747, 1365488.308468010975048 ], [ 544620.064677233807743, 1365461.207340566208586 ], [ 544620.659507256932557, 1365457.544796236790717 ], [ 544632.399481936823577, 1365382.489856207277626 ], [ 544639.113165716873482, 1365339.521574993617833 ], [ 544644.438322871807031, 1365307.005448850337416 ], [ 544655.873111369670369, 1365236.752899794839323 ], [ 544671.560408589080907, 1365123.824202719843015 ], [ 544675.999813150730915, 1365054.023915610508993 ], [ 544673.951392868650146, 1364965.30923931626603 ], [ 544670.658938918146305, 1364864.853788500418887 ], [ 544667.292107085813768, 1364758.45071382378228 ], [ 544664.85340124880895, 1364684.400729789398611 ], [ 544663.996875595650636, 1364636.690248575527221 ], [ 544661.341058327467181, 1364595.929657878354192 ], [ 544660.642689990927465, 1364585.569126738002524 ], [ 544659.937215925077908, 1364575.320276522310451 ], [ 544658.092207959620282, 1364575.875731588574126 ], [ 544650.225596877979115, 1364574.366265961434692 ], [ 544634.317023074952886, 1364572.681785781402141 ], [ 544618.821329473285004, 1364573.041960880160332 ], [ 544598.340648827259429, 1364573.533699202351272 ], [ 544582.496487793279812, 1364575.105228945380077 ], [ 544574.694288361002691, 1364576.8517462820746 ], [ 544567.029724520398304, 1364579.279811905929819 ], [ 544551.58428073185496, 1364583.119382668985054 ], [ 544496.172736895270646, 1364599.331461569294333 ], [ 544494.050288064987399, 1364599.981443732511252 ], [ 544476.52344940637704, 1364609.519660002551973 ], [ 544466.924401674070396, 1364616.758617553627118 ], [ 544464.119246002752334, 1364619.607836310518906 ], [ 544460.083564808825031, 1364624.73359092627652 ], [ 544451.810678549925797, 1364635.308689160272479 ], [ 544447.315139200072736, 1364641.975057789124548 ], [ 544438.400570662692189, 1364659.797930208034813 ], [ 544435.484591867541894, 1364667.237509049940854 ], [ 544431.162216782104224, 1364674.027026092633605 ], [ 544427.2762418090133, 1364681.068550385069102 ], [ 544424.665554108214565, 1364683.705880684778094 ], [ 544408.888877244899049, 1364691.337115348083898 ], [ 544406.647942680981942, 1364692.428112520370632 ], [ 544399.785330093814991, 1364696.477141549345106 ], [ 544383.821959413471632, 1364708.469685917487368 ], [ 544374.811329373740591, 1364716.418934101471677 ], [ 544358.576116943499073, 1364734.112956621218473 ], [ 544347.189750138670206, 1364745.275174799840897 ], [ 544341.835753438295797, 1364751.214242988498881 ], [ 544329.693614084157161, 1364767.150106536922976 ], [ 544327.664116151980124, 1364770.609326336300001 ], [ 544316.956184990354814, 1364782.487493460299447 ], [ 544304.994364784448408, 1364798.434851734898984 ], [ 544295.983895458746701, 1364806.384189351228997 ], [ 544284.929775245953351, 1364818.016129509778693 ], [ 544276.209475552663207, 1364831.366247945465147 ], [ 544265.418664183234796, 1364843.127078142017126 ], [ 544258.547635425697081, 1364853.006526086712256 ], [ 544253.540032194112428, 1364859.191924573387951 ], [ 544247.763969976105727, 1364864.655700182309374 ], [ 544234.549332990311086, 1364874.692690259777009 ], [ 544204.745407708804123, 1364893.767363008344546 ], [ 544198.547204139758833, 1364898.755818414967507 ], [ 544184.695446306257509, 1364913.125531202647835 ], [ 544177.048997143399902, 1364922.395110737765208 ], [ 544171.453255504835397, 1364927.870393354445696 ], [ 544141.714912767987698, 1364954.462264182278886 ], [ 544133.300078058964573, 1364963.01026909193024 ], [ 544118.174845692352392, 1364976.065722942817956 ], [ 544098.570147635880858, 1364989.845789554528892 ], [ 544086.42306278727483, 1365000.175086009781808 ], [ 544076.824760570307262, 1365007.414506947388873 ], [ 544068.082201970508322, 1365012.577801707899198 ], [ 544066.486389748053625, 1365013.485604667570442 ], [ 544043.488730322103947, 1365029.405002241721377 ], [ 544022.82629305543378, 1365041.323931622551754 ], [ 543994.547497765626758, 1365056.34731269814074 ], [ 543968.791232033981942, 1365067.270008201012388 ], [ 543965.004317565006204, 1365068.487179417395964 ], [ 543944.817356001702137, 1365072.923669513780624 ], [ 543903.429678383632563, 1365087.787511549890041 ], [ 543879.918577040312812, 1365094.70418839994818 ], [ 543868.109435292426497, 1365096.869633270893246 ], [ 543856.183904033736326, 1365098.018518154043704 ], [ 543793.68390459951479, 1365100.553244970040396 ], [ 543769.761103709461167, 1365099.706997649744153 ], [ 543737.959958833176643, 1365096.117968958802521 ], [ 543726.071974539547227, 1365095.251050268532708 ], [ 543718.191558334277943, 1365093.965798672288656 ], [ 543711.233554237056524, 1365092.402723103994504 ], [ 543651.66616514895577, 1365080.099059056024998 ], [ 543603.893407072755508, 1365075.83303229464218 ], [ 543600.981389360153116, 1365076.096713658887893 ], [ 543595.982562385499477, 1365076.452197094680741 ], [ 543589.831473523168825, 1365077.855857477290556 ], [ 543576.433752595679834, 1365080.817916054744273 ], [ 543572.722846904420294, 1365082.264343898743391 ], [ 543533.146326867630705, 1365101.393749598646536 ], [ 543522.732545560109429, 1365107.236428283154964 ], [ 543515.289513879339211, 1365110.46437746589072 ], [ 543511.661658240482211, 1365112.028232942568138 ], [ 543493.978031275677495, 1365121.222026095259935 ], [ 543442.944287530845031, 1365144.109971297904849 ], [ 543408.758901064400561, 1365155.284322697669268 ], [ 543401.026368903578259, 1365157.372684034984559 ], [ 543397.025939717656001, 1365157.679500662721694 ], [ 543381.07583987840917, 1365156.667434755014256 ], [ 543369.237538276123814, 1365155.019239676883444 ], [ 543361.378403539885767, 1365153.399270883994177 ], [ 543357.420491175027564, 1365153.036015926394612 ], [ 543345.454636631766334, 1365153.398124038707465 ], [ 543333.462441847543232, 1365152.749396236846223 ], [ 543329.469100577873178, 1365152.944562716176733 ], [ 543322.618467906373553, 1365153.967633198481053 ], [ 543299.848961937823333, 1365146.355852159205824 ], [ 543286.120242313714698, 1365143.13013694039546 ], [ 543260.880196588695981, 1365137.380094578256831 ], [ 543253.257936002803035, 1365134.878204172011465 ], [ 543238.854748984798789, 1365128.021584175527096 ], [ 543224.027325882576406, 1365122.147260036552325 ], [ 543211.293757665669546, 1365116.069384542526677 ], [ 543172.832383703440428, 1365116.208845037501305 ], [ 543149.439741900889203, 1365102.727139765629545 ], [ 543116.875425196485594, 1365084.066462023183703 ], [ 543073.668187999748625, 1365040.622840719297528 ], [ 542985.006169785163365, 1365031.973326353123412 ], [ 542973.183084622956812, 1365034.363368943100795 ], [ 542909.185489094234072, 1365047.686275916639715 ], [ 542856.283265094854869, 1365074.383748955326155 ], [ 542811.999269427149557, 1365132.127373969182372 ], [ 542785.471392496023327, 1365193.799890061374754 ], [ 542754.083215853548609, 1365309.323706260183826 ], [ 542732.067954511148855, 1365361.190645807655528 ], [ 542715.156809673178941, 1365401.046708679525182 ], [ 542676.706209616851993, 1365415.317504559876397 ], [ 542580.828239662921987, 1365409.24218553956598 ], [ 542536.450162147404626, 1365397.123663592617959 ], [ 542481.014729426125996, 1365358.178432218264788 ], [ 542444.995972890639678, 1365308.353369444608688 ], [ 542427.04628609935753, 1365271.78310128650628 ], [ 542399.820350926369429, 1365230.252261795802042 ], [ 542382.495925395051017, 1365225.230430392548442 ], [ 542370.629322735243477, 1365224.030345256906003 ], [ 542350.931807235814631, 1365220.764503394253552 ], [ 542343.316483649425209, 1365218.151737978216261 ], [ 542332.515504669398069, 1365212.98249281430617 ], [ 542324.481304698390886, 1365212.697959432844073 ], [ 542312.556272115791216, 1365213.848997128428891 ], [ 542265.267745601246133, 1365221.955420620040968 ], [ 542257.618653596262448, 1365224.162206006236374 ], [ 542252.250673491624184, 1365226.064915185794234 ], [ 542250.1144330232637, 1365226.938823717879131 ], [ 542219.269002183107659, 1365235.413896232377738 ], [ 542195.742335112532601, 1365239.755098965018988 ], [ 542183.412683736067265, 1365243.011174048762769 ], [ 542054.280956110567786, 1365251.99252815078944 ], [ 542047.736298846197315, 1365252.475317475385964 ], [ 542010.397813490242697, 1365259.194577349117026 ], [ 541991.43710883683525, 1365254.294240631395951 ], [ 541980.363883146899752, 1365250.565909874858335 ], [ 541970.631746593047865, 1365244.231340110767633 ], [ 541963.731955387280323, 1365240.31863633915782 ], [ 541945.661715752794407, 1365232.783632896607742 ], [ 541926.791036207228899, 1365227.889142675790936 ], [ 541915.516324734315276, 1365224.48454034421593 ], [ 541912.406540954252705, 1365222.157277814578265 ], [ 541901.432158037205227, 1365211.146844393573701 ], [ 541895.323885543737561, 1365206.162984270835295 ], [ 541888.611324483645149, 1365202.150063282577321 ], [ 541867.348091809893958, 1365192.170589418383315 ], [ 541863.717050802428275, 1365190.931666046380997 ], [ 541844.756128306267783, 1365186.031655843602493 ], [ 541826.12205568747595, 1365180.255327567225322 ], [ 541787.530508679919876, 1365173.889186706393957 ], [ 541772.352541675674729, 1365170.686362594366074 ], [ 541753.516973504563794, 1365165.233840234577656 ], [ 541748.562465569586493, 1365163.462723367847502 ], [ 541678.495085976435803, 1365112.608704269165173 ], [ 541601.439801287953742, 1365090.6914145227056 ], [ 541580.419081302476116, 1365104.051043433370069 ], [ 541380.516560157528147, 1365050.372002266580239 ], [ 541284.483557017054409, 1365012.344728596042842 ], [ 541161.28427645296324, 1364971.816990461200476 ], [ 541053.272793111973442, 1364931.465710909338668 ], [ 540933.422826689668, 1364900.908238159259781 ], [ 540869.224133174633607, 1364878.800687345443293 ], [ 540838.0955296397442, 1364880.310796213336289 ], [ 540815.043730445322581, 1364881.434026355156675 ], [ 540792.082057562656701, 1364882.56300915335305 ], [ 540768.044436233118176, 1364872.074824217241257 ], [ 540752.054609909653664, 1364868.822599988430738 ], [ 540731.587148474762216, 1364864.839173375396058 ], [ 540711.243493185844272, 1364861.760645195608959 ], [ 540703.917387968627736, 1364860.288938403362408 ], [ 540699.536926654051058, 1364859.451728764688596 ], [ 540687.823303697863594, 1364857.254512125626206 ], [ 540650.408986944006756, 1364843.679574534762651 ], [ 540579.984720009379089, 1364814.117131100269035 ], [ 540515.894360010279343, 1364793.140453085768968 ], [ 540349.748345854342915, 1364739.150070129195228 ], [ 540232.007250266848132, 1364675.097262754803523 ], [ 540171.705240394454449, 1364670.060224692337215 ], [ 540068.711276027257554, 1364707.855411602184176 ], [ 540046.008508569910191, 1364706.311654678313062 ], [ 540002.67568217695225, 1364703.355012941872701 ], [ 539890.393823213176802, 1364697.621554979123175 ], [ 539815.756050114752725, 1364691.795428744051605 ], [ 539813.835404175100848, 1364692.122880514711142 ], [ 539807.969269905937836, 1364693.322927011409774 ], [ 539805.951466777827591, 1364693.756384753389284 ], [ 539647.705148294800892, 1364748.369285370223224 ], [ 539639.51712949341163, 1364749.086753175361082 ], [ 539500.84638195449952, 1364762.999915227759629 ], [ 539363.731962789548561, 1364773.761598537676036 ], [ 539343.958842701860704, 1364783.168471353827044 ], [ 539309.903239304432645, 1364786.630213301628828 ], [ 539262.723878461751156, 1364782.986553078750148 ], [ 539221.69152588036377, 1364789.485297776758671 ], [ 539161.76846763829235, 1364795.691957846516743 ], [ 539127.356409895350225, 1364794.758995578391477 ], [ 539080.65323806530796, 1364793.613121507456526 ], [ 538989.385909669217654, 1364778.898468719562516 ], [ 538938.392179419402964, 1364776.922709103440866 ], [ 538893.517689473344944, 1364809.979699237039313 ], [ 538850.447115415125154, 1364841.692757239798084 ], [ 538693.822757472749799, 1365033.220415958901867 ], [ 538591.899263132945634, 1365149.140931313624606 ], [ 538461.362945790868253, 1365179.167761789169163 ], [ 538366.853584147640504, 1365113.910417024511844 ], [ 538294.748289675102569, 1364959.912121151573956 ], [ 538233.382303632795811, 1364925.780808610375971 ], [ 538211.046442673774436, 1364925.610465718898922 ], [ 538190.242556401761249, 1364925.536455035209656 ], [ 538143.758151827612892, 1364929.567229391541332 ], [ 538121.288974863244221, 1364931.519156080437824 ], [ 538095.335583721520379, 1364929.888408154482022 ], [ 538041.850599520839751, 1364914.306155423633754 ], [ 538037.315215773531236, 1364907.293598926393315 ], [ 537987.168794390861876, 1364932.175020724302158 ], [ 537903.277834216365591, 1365001.694098409730941 ], [ 537825.747780147357844, 1365039.096614798298106 ], [ 537784.937673740205355, 1365039.224821833195165 ], [ 537755.310848653083667, 1365065.844638062175363 ], [ 537714.296160273370333, 1365109.577693542465568 ], [ 537692.0822437715251, 1365133.411490286234766 ], [ 537654.072326149558648, 1365163.878249575849622 ], [ 537578.579736493877135, 1365235.161026810994372 ], [ 537499.777404577704147, 1365292.893593970220536 ], [ 537365.735695249284618, 1365329.892857294296846 ], [ 537325.524905871599913, 1365337.797525721369311 ], [ 537285.859541800804436, 1365318.265526137547567 ], [ 537261.3696648896439, 1365286.118443311192095 ], [ 537247.574162257951684, 1365266.639921007212251 ], [ 537238.322957617696375, 1365230.963886047946289 ], [ 537236.705554012907669, 1365161.568147422745824 ], [ 537245.487957004108466, 1365079.257557968841866 ], [ 537277.042711178888567, 1365007.457916015060619 ], [ 537345.86483109544497, 1364937.211769820423797 ], [ 537399.150071880663745, 1364891.107520025921986 ], [ 537415.79049719881732, 1364876.790405955165625 ], [ 537428.171447173808701, 1364856.823953320505098 ], [ 537265.33565030049067, 1364723.940819223877043 ], [ 537246.655801101005636, 1364708.753210131311789 ], [ 537075.529430812457576, 1364598.339920635800809 ], [ 536886.847967041307129, 1364427.29117652378045 ], [ 536843.749536067596637, 1364367.181274792877957 ], [ 536818.887314796913415, 1364358.222616203362122 ], [ 536794.025045211310498, 1364349.264030231162906 ], [ 536760.318502689013258, 1364337.060216851066798 ], [ 536727.335386891500093, 1364308.980073827318847 ], [ 536576.060523490887135, 1364180.424382683821023 ], [ 536450.377711212029681, 1364101.127747513120994 ], [ 536442.719556406605989, 1364096.275216727750376 ], [ 536398.331098563154228, 1364078.358282803557813 ], [ 536327.727816015598364, 1364049.942133776145056 ], [ 536295.945527630508877, 1364040.215396545827389 ], [ 536286.178600372979417, 1364037.249220222933218 ], [ 536276.321541592245921, 1364034.277412039926276 ], [ 536270.660703121800907, 1364040.874705334426835 ], [ 536264.403177975909784, 1364048.33164060022682 ], [ 536268.567504266742617, 1364065.635343880625442 ], [ 536270.704819255042821, 1364074.851274837041274 ], [ 536222.137529996340163, 1364026.848457927815616 ], [ 536150.291504806140438, 1363973.464369860710576 ], [ 535983.92000298073981, 1363850.25430146837607 ], [ 535951.522168908151798, 1363821.429269022773951 ], [ 535838.637337644118816, 1363721.079088123282418 ], [ 535795.434196562157013, 1363682.720965309767053 ], [ 535786.169039125670679, 1363673.171470646979287 ], [ 535673.342191515373997, 1363558.811967259040102 ], [ 535675.098868515575305, 1364148.470453668851405 ] ] ] } },
{ "type": "Feature", "properties": { "community_id": "Selected low-growth community", "zcta": "38108", "overlap_sq_m": 17061665.247035164, "overlap_sq_miles": 6.5875457802089095, "share_of_community_area": 0.030673772188783189 }, "geometry": { "type": "MultiPolygon", "coordinates": [ [ [ [ 547186.207168099237606, 1363986.18266871268861 ], [ 547104.67925883771386, 1363949.240883411839604 ], [ 547052.179184915148653, 1363925.367185081588104 ], [ 547025.24952737102285, 1363913.443125379970297 ], [ 546944.362869224161841, 1363877.777381372172385 ], [ 546917.335668983403593, 1363865.959586347686127 ], [ 546906.618263685726561, 1363860.90206425706856 ], [ 546874.354456322966143, 1363846.058856965973973 ], [ 546863.539745248504914, 1363841.107312201987952 ], [ 546801.26237626071088, 1363813.022753276862204 ], [ 546733.7882536186371, 1363782.700701709836721 ], [ 546615.327143579605035, 1363726.025898416060954 ], [ 546589.762496501440182, 1363713.966144668636844 ], [ 546552.713679833919741, 1363698.931007829960436 ], [ 546474.100331955356523, 1363661.620938509935513 ], [ 546430.875269467476755, 1363641.258497622096911 ], [ 546323.806746243149973, 1363590.360758238704875 ], [ 546236.939768301439472, 1363553.311499456875026 ], [ 546157.201774555258453, 1363519.408900330774486 ], [ 546126.659798115608282, 1363505.911935139680281 ], [ 546034.734449484152719, 1363465.851173430215567 ], [ 546033.147681348142214, 1363465.189361558295786 ], [ 546003.753275354625657, 1363453.560123426606879 ], [ 545951.050770744332112, 1363418.579690550919622 ], [ 545922.562301703146659, 1363399.832078793784603 ], [ 545876.488521516090259, 1363373.011707222322002 ], [ 545785.971979379653931, 1363330.688830331666395 ], [ 545729.807272150879726, 1363304.571914687985554 ], [ 545669.719057853450067, 1363277.532659913180396 ], [ 545489.445138433366083, 1363196.529128788271919 ], [ 545429.258236275287345, 1363169.597516213078052 ], [ 545442.499673886108212, 1363140.726002944400534 ], [ 545462.764446142595261, 1363108.152907323790714 ], [ 545479.071035034605302, 1363026.887301065726206 ], [ 545481.357185987289995, 1363015.147023935802281 ], [ 545485.700445270631462, 1362956.891368101350963 ], [ 545483.467188110225834, 1362926.586001599906012 ], [ 545482.278360425843857, 1362915.409362362697721 ], [ 545483.577472298289649, 1362896.42988077737391 ], [ 545488.818987235659733, 1362879.495544486911967 ], [ 545633.557562092319131, 1362660.303685646736994 ], [ 545653.347151793539524, 1362626.691629915731028 ], [ 545674.360843950998969, 1362590.914986448129639 ], [ 545738.886381063610315, 1362539.857290272600949 ], [ 545741.315425349981524, 1362538.666471979115158 ], [ 545598.376023247954436, 1362409.806253757560626 ], [ 545557.283936837571673, 1362372.877382548293099 ], [ 545522.629902535700239, 1362342.862260282970965 ], [ 545502.489320174907334, 1362326.554297261871397 ], [ 545452.607508355635218, 1362291.196768843336031 ], [ 545423.800926605938002, 1362273.103810157394037 ], [ 545392.636259025894105, 1362255.085091458400711 ], [ 545295.419699192163534, 1362204.044489164603874 ], [ 545222.281182377133518, 1362165.750429158331826 ], [ 545085.273483967292123, 1362094.239288361044601 ], [ 544979.987268551602028, 1362039.100957833928987 ], [ 544974.90086405724287, 1362036.534802272217348 ], [ 544973.929814261267893, 1362114.40296710235998 ], [ 544973.78156930138357, 1362125.270093321334571 ], [ 544972.701994848321192, 1362187.769670672947541 ], [ 544962.779316136962734, 1362429.114195736357942 ], [ 544958.960311405477114, 1362519.023606966016814 ], [ 544958.415937750949524, 1362530.426220956025645 ], [ 544954.793141996837221, 1362614.405306322267279 ], [ 544943.834392614080571, 1362866.337180665927008 ], [ 544943.432091965107247, 1362875.506263230461627 ], [ 544940.384617057396099, 1362950.439647737657651 ], [ 544940.33266156562604, 1362952.67894787224941 ], [ 544940.079553492134437, 1362959.502792621729895 ], [ 544939.930356547585689, 1362961.848037023795769 ], [ 544874.770725261536427, 1362933.370782529935241 ], [ 544754.3041639062576, 1362880.856846916722134 ], [ 544679.659196263062768, 1362846.395718001993373 ], [ 544614.846428088610992, 1362816.709192010341212 ], [ 544614.631692204042338, 1362774.534711994929239 ], [ 544613.875868444563821, 1362648.340662172762677 ], [ 544613.563774549751543, 1362606.272186936112121 ], [ 544612.040292667690665, 1362553.362269744509831 ], [ 544609.310849231784232, 1362462.475926580838859 ], [ 544596.167442982667126, 1362031.400267211720347 ], [ 544592.278116680914536, 1361903.213832081994042 ], [ 544591.970826457603835, 1361895.233143856516108 ], [ 544591.815434045623988, 1361887.71062780614011 ], [ 544571.64503657235764, 1361880.373495278647169 ], [ 544510.849010659730993, 1361858.568550701951608 ], [ 544490.581238984013908, 1361851.337558201979846 ], [ 544475.089181510498747, 1361845.867805775720626 ], [ 544467.914915712783113, 1361843.393535587005317 ], [ 544428.432602091459557, 1361829.447259910404682 ], [ 544412.850322636077181, 1361823.971891855355352 ], [ 544381.782953550689854, 1361812.915291838813573 ], [ 544377.887371557881124, 1361811.54646848491393 ], [ 544259.662125963135622, 1361769.050829583546147 ], [ 544208.985598166007549, 1361750.357841769233346 ], [ 544191.282031253445894, 1361744.075375882443041 ], [ 544182.84551776945591, 1361741.521177284885198 ], [ 544159.251756176818162, 1361736.770824358798563 ], [ 544117.673586160875857, 1361733.008738514734432 ], [ 544091.738871905021369, 1361730.913106670137495 ], [ 544067.960648932610638, 1361729.066631754394621 ], [ 543996.334220771794207, 1361723.845464224694297 ], [ 543972.451642806176096, 1361722.216886162525043 ], [ 543954.158342534094118, 1361720.943250496638939 ], [ 543899.091034448589198, 1361717.222809449303895 ], [ 543880.700483018998057, 1361716.055285483365878 ], [ 543862.865006825886667, 1361714.698781952029094 ], [ 543809.337292001582682, 1361710.964528656797484 ], [ 543791.404564905562438, 1361709.714129754109308 ], [ 543783.658767390297726, 1361709.110352723393589 ], [ 543760.400106375105679, 1361707.634098283248022 ], [ 543752.557068618596531, 1361707.136305790860206 ], [ 543741.475723097217269, 1361706.320864216191694 ], [ 543708.044292028876953, 1361703.974861267954111 ], [ 543696.86570456600748, 1361703.265434411354363 ], [ 543689.660799434990622, 1361702.696069133467972 ], [ 543667.761456849519163, 1361701.194203770486638 ], [ 543660.459312772145495, 1361700.730820522643626 ], [ 543660.216378736775368, 1361705.985421356977895 ], [ 543660.008879046421498, 1361710.681630885927007 ], [ 543606.654344735783525, 1361707.071763705462217 ], [ 543567.182870520045981, 1361704.343060735380277 ], [ 543517.621676319511607, 1361700.862300439039245 ], [ 543513.835379293654114, 1361700.622093222569674 ], [ 543493.024913187371567, 1361699.0776265503373 ], [ 543467.814453484490514, 1361699.833034388488159 ], [ 543440.549863977124915, 1361701.579495708923787 ], [ 543410.804866329650395, 1361706.756803354714066 ], [ 543376.598138252273202, 1361713.781653882004321 ], [ 543287.165252485661767, 1361732.44155907467939 ], [ 543286.838889156584628, 1361743.297256474616006 ], [ 543286.567852497799322, 1361748.998585407854989 ], [ 543285.121337044169195, 1361788.93647953751497 ], [ 543234.853827921207994, 1361800.886167992372066 ], [ 543234.557873704470694, 1361862.64983327081427 ], [ 543234.392950690235011, 1361903.790306412614882 ], [ 543237.349839093047194, 1361907.117384060518816 ], [ 543238.022419944638386, 1361933.622221114346758 ], [ 543224.386994454194792, 1361934.551649508066475 ], [ 543125.102662588236853, 1361888.7877224360127 ], [ 543112.300681581138633, 1361899.413159925024956 ], [ 543101.52305033034645, 1361905.233324635308236 ], [ 543085.527250924380496, 1361913.41377481399104 ], [ 543065.783991016913205, 1361923.599255805835128 ], [ 543060.721567601896822, 1361923.502604202600196 ], [ 543057.732538729091175, 1361923.537386539159343 ], [ 543045.413952989852987, 1361925.111211076378822 ], [ 543040.294898664229549, 1361925.908003909280524 ], [ 543039.51532026741188, 1361949.62967854551971 ], [ 543037.183638386544771, 1362020.68305115448311 ], [ 543036.306817409349605, 1362044.510709312045947 ], [ 543036.044441925478168, 1362054.361332570435479 ], [ 543034.993951604934409, 1362083.784385434817523 ], [ 543034.63434800284449, 1362093.740976924542338 ], [ 543019.84379971656017, 1362087.197051077149808 ], [ 542975.097285201190971, 1362067.765932609094307 ], [ 542960.209426952060312, 1362061.32807642640546 ], [ 542947.60872512916103, 1362055.932224322808906 ], [ 542909.778219745145179, 1362040.191497320076451 ], [ 542897.073157541570254, 1362035.013365899445489 ], [ 542894.387430405942723, 1362047.401478900108486 ], [ 542873.036716600414366, 1362078.677669096272439 ], [ 542860.809725983184762, 1362090.236923422664404 ], [ 542850.977282242965885, 1362111.142408744199201 ], [ 542840.517890009796247, 1362123.37433705967851 ], [ 542833.450516278389841, 1362134.924188927048817 ], [ 542830.413559660548344, 1362140.001761217601597 ], [ 542817.477849752875045, 1362152.749573593726382 ], [ 542802.67282910447102, 1362185.001334790838882 ], [ 542797.350291317794472, 1362193.29793687700294 ], [ 542783.164987358031794, 1362207.200030365493149 ], [ 542773.282040743506514, 1362218.907922596903518 ], [ 542771.196118764812127, 1362223.260876846732572 ], [ 542760.759460857370868, 1362245.137337749358267 ], [ 542756.314805176691152, 1362266.720676784403622 ], [ 542754.572920550010167, 1362284.214398336363956 ], [ 542750.188852661056444, 1362296.270710641285405 ], [ 542750.870663133915514, 1362305.508397942408919 ], [ 542747.987616451224312, 1362381.012119652470574 ], [ 542749.24166147725191, 1362535.491950366646051 ], [ 542745.324083153740503, 1362551.61445486987941 ], [ 542740.686934105702676, 1362571.952244108775631 ], [ 542731.478424888220616, 1362571.593080330640078 ], [ 542717.287550731329247, 1362568.45145018119365 ], [ 542575.186578752007335, 1362562.925879112677649 ], [ 542521.467883952078409, 1362560.86916112806648 ], [ 542514.610104243154638, 1362560.546978403348476 ], [ 542394.088122112792917, 1362555.83041401929222 ], [ 542392.219397612963803, 1362598.208580781472847 ], [ 542390.219882670673542, 1362639.793585871579126 ], [ 542389.650611742516048, 1362651.643109909491614 ], [ 542387.838513472932391, 1362687.409342373488471 ], [ 542387.172029695240781, 1362699.364844130352139 ], [ 542386.965176713187248, 1362704.061125316191465 ], [ 542386.855534193338826, 1362708.651433690683916 ], [ 542372.230032002320513, 1362703.800923253409564 ], [ 542331.326222934760153, 1362696.613942481344566 ], [ 542297.778431611252017, 1362696.172007157001644 ], [ 542270.096779551939107, 1362695.989418091252446 ], [ 542145.158450472052209, 1362709.609893440036103 ], [ 542065.924509693169966, 1362717.490350035950541 ], [ 542034.727848878945224, 1362728.523124509491026 ], [ 541989.211767119704746, 1362745.60192036931403 ], [ 541942.342081646784209, 1362764.052973999641836 ], [ 541927.725696721929125, 1362769.071047066012397 ], [ 541901.792783775832504, 1362779.876655127387494 ], [ 541858.781647799303755, 1362795.993305931799114 ], [ 541839.186569888726808, 1362801.032977848080918 ], [ 541802.583632843801752, 1362804.548428843496367 ], [ 541768.753507550340146, 1362802.857272148830816 ], [ 541725.635772198089398, 1362803.494211449753493 ], [ 541691.425578069058247, 1362800.658048203447834 ], [ 541636.53130864968989, 1362797.186910093063489 ], [ 541607.017430785344914, 1362798.796754661947489 ], [ 541595.297786229406483, 1362799.513428671052679 ], [ 541541.84619902994018, 1362801.852614750387147 ], [ 541522.344788988935761, 1362803.983603873290122 ], [ 541490.353249940089881, 1362807.567639399785548 ], [ 541463.437197545892559, 1362805.305601361906156 ], [ 541460.823186639114283, 1362805.140370666049421 ], [ 541384.020467193215154, 1362804.65902402321808 ], [ 541296.586275319918059, 1362799.133585612988099 ], [ 541286.547233729041182, 1362797.602203220594674 ], [ 541227.969105132855475, 1362789.415815142681822 ], [ 541200.971484454465099, 1362785.579671502579004 ], [ 541171.817575126304291, 1362781.495261919684708 ], [ 541151.932229017256759, 1362779.678380905184895 ], [ 541119.635970135685056, 1362776.629038139944896 ], [ 541092.37335068359971, 1362774.122027028119192 ], [ 541082.066978495451622, 1362769.658695874968544 ], [ 541074.047768977005035, 1362766.236860981443897 ], [ 541049.761253174743615, 1362762.460318825906143 ], [ 541045.899394343839958, 1362761.992145916214213 ], [ 541038.667131802765653, 1362761.87173523940146 ], [ 541018.690035361098126, 1362761.507024033693597 ], [ 541001.012674089870416, 1362763.418014097958803 ], [ 540970.383719829609618, 1362776.95721425046213 ], [ 540963.030026498134248, 1362780.193009377922863 ], [ 540948.463032955653034, 1362791.607073708204553 ], [ 540930.829166397918016, 1362811.461278520990163 ], [ 540903.437773731187917, 1362832.493410450173542 ], [ 540889.544221311225556, 1362843.277332101948559 ], [ 540829.151351071195677, 1362879.605630307691172 ], [ 540792.834744783584028, 1362908.708381333621219 ], [ 540788.865663776290603, 1362911.373108426341787 ], [ 540747.967958073946647, 1362938.504922918044031 ], [ 540727.308460392290726, 1362954.692588582169265 ], [ 540741.638561386964284, 1362997.196334513369948 ], [ 540750.300562645657919, 1363029.13873945758678 ], [ 540758.243341197492555, 1363072.472734809154645 ], [ 540761.364622290129773, 1363104.738161886809394 ], [ 540760.669514999492094, 1363132.950343980221078 ], [ 540759.490396811976098, 1363173.129596990067512 ], [ 540759.358919503516518, 1363179.512552664149553 ], [ 540759.261171732097864, 1363186.794656498590484 ], [ 540758.649691641912796, 1363207.948116417275742 ], [ 540758.488486620364711, 1363216.235362004255876 ], [ 540745.917560146306641, 1363216.114525971002877 ], [ 540741.750245819799602, 1363216.187830322189257 ], [ 540708.011932498542592, 1363214.506554562831298 ], [ 540695.288938376121223, 1363213.927684399997815 ], [ 540673.276599470176734, 1363211.416952301515266 ], [ 540651.700823176419362, 1363209.158086823532358 ], [ 540607.560766584589146, 1363201.662825693609193 ], [ 540598.874142932356335, 1363200.217575363814831 ], [ 540585.632964138756506, 1363197.812130704522133 ], [ 540582.157081136014313, 1363247.152993434574455 ], [ 540573.463279241463169, 1363273.066358887124807 ], [ 540562.098862829036079, 1363306.884361700387672 ], [ 540556.898930662078783, 1363313.28384117083624 ], [ 540528.249970045406371, 1363325.603954195510596 ], [ 540511.053510729805566, 1363339.992360802134499 ], [ 540494.58893658220768, 1363364.294183350400999 ], [ 540492.30447374319192, 1363367.513850714778528 ], [ 540472.264030981925316, 1363396.860059642000124 ], [ 540357.53247872274369, 1363555.906218747608364 ], [ 540073.250889801071025, 1363783.535409032832831 ], [ 540067.623484919429757, 1363788.114181435899809 ], [ 540021.339826681185514, 1363834.756232512183487 ], [ 539999.968326686299406, 1363866.598516850965098 ], [ 539991.071085263276473, 1363897.209002831485122 ], [ 539984.270741542684846, 1363939.052321774885058 ], [ 539984.656585584045388, 1363963.071929995436221 ], [ 539996.24888274690602, 1364034.667391093680635 ], [ 539994.002789826248772, 1364034.413653117837384 ], [ 539986.32100916444324, 1364034.265723746037111 ], [ 539984.504419208387844, 1364034.37544961925596 ], [ 539928.098638787982054, 1364039.229031116236001 ], [ 539913.119557801634073, 1364042.88199683604762 ], [ 539909.698991307290271, 1364038.293398787267506 ], [ 539907.207835641223937, 1364033.314879823708907 ], [ 539905.755940796690993, 1364029.074638789054006 ], [ 539905.561554779531434, 1364022.11048008268699 ], [ 539906.770957372733392, 1363990.006129096960649 ], [ 539907.484689531149343, 1363961.458619633456692 ], [ 539902.764451675117016, 1363974.616366039961576 ], [ 539899.290448142099194, 1363982.35842773434706 ], [ 539893.290137971285731, 1363992.856558302184567 ], [ 539887.750296535901725, 1364000.356277096550912 ], [ 539882.90609546250198, 1364005.433044193079695 ], [ 539876.301626182743348, 1364009.726093280594796 ], [ 539869.733752862433903, 1364012.003159625688568 ], [ 539858.606065103434958, 1364011.974524199962616 ], [ 539856.886638971278444, 1364011.978274109074846 ], [ 539854.536333598312922, 1364011.942259485833347 ], [ 539850.54968832351733, 1364012.027361102867872 ], [ 539841.044263035058975, 1364012.101000391412526 ], [ 539840.63086596026551, 1364053.113594950176775 ], [ 539839.7081335632829, 1364126.611087347613648 ], [ 539837.747197021963075, 1364176.384262254461646 ], [ 539836.868748726905324, 1364196.063353488454595 ], [ 539835.427049978170544, 1364217.500988570274785 ], [ 539834.969485442270525, 1364224.760445265099406 ], [ 539832.826711015659384, 1364261.62751636793837 ], [ 539824.838394035468809, 1364394.107522416394204 ], [ 539824.099249451886863, 1364405.834354980150238 ], [ 539821.780399276874959, 1364438.317398911342025 ], [ 539820.859620667411946, 1364451.490449788980186 ], [ 539818.090246467036195, 1364491.12129566911608 ], [ 539817.072308695409447, 1364504.400356500409544 ], [ 539816.720335289486684, 1364509.98456764803268 ], [ 539815.013997654663399, 1364539.927304493263364 ], [ 539810.574946891749278, 1364614.661135019268841 ], [ 539808.734853580710478, 1364646.725901177152991 ], [ 539806.579376159235835, 1364682.358896265737712 ], [ 539806.528704929281957, 1364684.598264270462096 ], [ 539806.099296065047383, 1364691.411012362223119 ], [ 539805.951466777827591, 1364693.756384753389284 ], [ 539807.969269905937836, 1364693.322927011409774 ], [ 539813.835404175100848, 1364692.122880514711142 ], [ 539815.756050114752725, 1364691.795428744051605 ], [ 539890.393823213176802, 1364697.621554979123175 ], [ 540002.67568217695225, 1364703.355012941872701 ], [ 540046.008508569910191, 1364706.311654678313062 ], [ 540068.711276027257554, 1364707.855411602184176 ], [ 540171.705240394454449, 1364670.060224692337215 ], [ 540232.007250266848132, 1364675.097262754803523 ], [ 540349.748345854342915, 1364739.150070129195228 ], [ 540515.894360010279343, 1364793.140453085768968 ], [ 540579.984720009379089, 1364814.117131100269035 ], [ 540650.408986944006756, 1364843.679574534762651 ], [ 540687.823303697863594, 1364857.254512125626206 ], [ 540699.536926654051058, 1364859.451728764688596 ], [ 540703.917387968627736, 1364860.288938403362408 ], [ 540711.243493185844272, 1364861.760645195608959 ], [ 540731.587148474762216, 1364864.839173375396058 ], [ 540752.054609909653664, 1364868.822599988430738 ], [ 540768.044436233118176, 1364872.074824217241257 ], [ 540792.082057562656701, 1364882.56300915335305 ], [ 540815.043730445322581, 1364881.434026355156675 ], [ 540838.0955296397442, 1364880.310796213336289 ], [ 540869.224133174633607, 1364878.800687345443293 ], [ 540933.422826689668, 1364900.908238159259781 ], [ 541053.272793111973442, 1364931.465710909338668 ], [ 541161.28427645296324, 1364971.816990461200476 ], [ 541284.483557017054409, 1365012.344728596042842 ], [ 541380.516560157528147, 1365050.372002266580239 ], [ 541580.419081302476116, 1365104.051043433370069 ], [ 541601.439801287953742, 1365090.6914145227056 ], [ 541678.495085976435803, 1365112.608704269165173 ], [ 541748.562465569586493, 1365163.462723367847502 ], [ 541753.516973504563794, 1365165.233840234577656 ], [ 541772.352541675674729, 1365170.686362594366074 ], [ 541787.530508679919876, 1365173.889186706393957 ], [ 541826.12205568747595, 1365180.255327567225322 ], [ 541844.756128306267783, 1365186.031655843602493 ], [ 541863.717050802428275, 1365190.931666046380997 ], [ 541867.348091809893958, 1365192.170589418383315 ], [ 541888.611324483645149, 1365202.150063282577321 ], [ 541895.323885543737561, 1365206.162984270835295 ], [ 541901.432158037205227, 1365211.146844393573701 ], [ 541912.406540954252705, 1365222.157277814578265 ], [ 541915.516324734315276, 1365224.48454034421593 ], [ 541926.791036207228899, 1365227.889142675790936 ], [ 541945.661715752794407, 1365232.783632896607742 ], [ 541963.731955387280323, 1365240.31863633915782 ], [ 541970.631746593047865, 1365244.231340110767633 ], [ 541980.363883146899752, 1365250.565909874858335 ], [ 541991.43710883683525, 1365254.294240631395951 ], [ 542010.397813490242697, 1365259.194577349117026 ], [ 542047.736298846197315, 1365252.475317475385964 ], [ 542054.280956110567786, 1365251.99252815078944 ], [ 542183.412683736067265, 1365243.011174048762769 ], [ 542195.742335112532601, 1365239.755098965018988 ], [ 542219.269002183107659, 1365235.413896232377738 ], [ 542250.1144330232637, 1365226.938823717879131 ], [ 542252.250673491624184, 1365226.064915185794234 ], [ 542257.618653596262448, 1365224.162206006236374 ], [ 542265.267745601246133, 1365221.955420620040968 ], [ 542312.556272115791216, 1365213.848997128428891 ], [ 542324.481304698390886, 1365212.697959432844073 ], [ 542332.515504669398069, 1365212.98249281430617 ], [ 542343.316483649425209, 1365218.151737978216261 ], [ 542350.931807235814631, 1365220.764503394253552 ], [ 542370.629322735243477, 1365224.030345256906003 ], [ 542382.495925395051017, 1365225.230430392548442 ], [ 542399.820350926369429, 1365230.252261795802042 ], [ 542427.04628609935753, 1365271.78310128650628 ], [ 542444.995972890639678, 1365308.353369444608688 ], [ 542481.014729426125996, 1365358.178432218264788 ], [ 542536.450162147404626, 1365397.123663592617959 ], [ 542580.828239662921987, 1365409.24218553956598 ], [ 542676.706209616851993, 1365415.317504559876397 ], [ 542715.156809673178941, 1365401.046708679525182 ], [ 542732.067954511148855, 1365361.190645807655528 ], [ 542754.083215853548609, 1365309.323706260183826 ], [ 542785.471392496023327, 1365193.799890061374754 ], [ 542811.999269427149557, 1365132.127373969182372 ], [ 542856.283265094854869, 1365074.383748955326155 ], [ 542909.185489094234072, 1365047.686275916639715 ], [ 542973.183084622956812, 1365034.363368943100795 ], [ 542985.006169785163365, 1365031.973326353123412 ], [ 543073.668187999748625, 1365040.622840719297528 ], [ 543116.875425196485594, 1365084.066462023183703 ], [ 543149.439741900889203, 1365102.727139765629545 ], [ 543172.832383703440428, 1365116.208845037501305 ], [ 543211.293757665669546, 1365116.069384542526677 ], [ 543224.027325882576406, 1365122.147260036552325 ], [ 543238.854748984798789, 1365128.021584175527096 ], [ 543253.257936002803035, 1365134.878204172011465 ], [ 543260.880196588695981, 1365137.380094578256831 ], [ 543286.120242313714698, 1365143.13013694039546 ], [ 543299.848961937823333, 1365146.355852159205824 ], [ 543322.618467906373553, 1365153.967633198481053 ], [ 543329.469100577873178, 1365152.944562716176733 ], [ 543333.462441847543232, 1365152.749396236846223 ], [ 543345.454636631766334, 1365153.398124038707465 ], [ 543357.420491175027564, 1365153.036015926394612 ], [ 543361.378403539885767, 1365153.399270883994177 ], [ 543369.237538276123814, 1365155.019239676883444 ], [ 543381.07583987840917, 1365156.667434755014256 ], [ 543397.025939717656001, 1365157.679500662721694 ], [ 543401.026368903578259, 1365157.372684034984559 ], [ 543408.758901064400561, 1365155.284322697669268 ], [ 543442.944287530845031, 1365144.109971297904849 ], [ 543493.978031275677495, 1365121.222026095259935 ], [ 543511.661658240482211, 1365112.028232942568138 ], [ 543515.289513879339211, 1365110.46437746589072 ], [ 543522.732545560109429, 1365107.236428283154964 ], [ 543533.146326867630705, 1365101.393749598646536 ], [ 543572.722846904420294, 1365082.264343898743391 ], [ 543576.433752595679834, 1365080.817916054744273 ], [ 543589.831473523168825, 1365077.855857477290556 ], [ 543595.982562385499477, 1365076.452197094680741 ], [ 543600.981389360153116, 1365076.096713658887893 ], [ 543603.893407072755508, 1365075.83303229464218 ], [ 543651.66616514895577, 1365080.099059056024998 ], [ 543711.233554237056524, 1365092.402723103994504 ], [ 543718.191558334277943, 1365093.965798672288656 ], [ 543726.071974539547227, 1365095.251050268532708 ], [ 543737.959958833176643, 1365096.117968958802521 ], [ 543769.761103709461167, 1365099.706997649744153 ], [ 543793.68390459951479, 1365100.553244970040396 ], [ 543856.183904033736326, 1365098.018518154043704 ], [ 543868.109435292426497, 1365096.869633270893246 ], [ 543879.918577040312812, 1365094.70418839994818 ], [ 543903.429678383632563, 1365087.787511549890041 ], [ 543944.817356001702137, 1365072.923669513780624 ], [ 543965.004317565006204, 1365068.487179417395964 ], [ 543968.791232033981942, 1365067.270008201012388 ], [ 543994.547497765626758, 1365056.34731269814074 ], [ 544022.82629305543378, 1365041.323931622551754 ], [ 544043.488730322103947, 1365029.405002241721377 ], [ 544066.486389748053625, 1365013.485604667570442 ], [ 544068.082201970508322, 1365012.577801707899198 ], [ 544076.824760570307262, 1365007.414506947388873 ], [ 544086.42306278727483, 1365000.175086009781808 ], [ 544098.570147635880858, 1364989.845789554528892 ], [ 544118.174845692352392, 1364976.065722942817956 ], [ 544133.300078058964573, 1364963.01026909193024 ], [ 544141.714912767987698, 1364954.462264182278886 ], [ 544171.453255504835397, 1364927.870393354445696 ], [ 544177.048997143399902, 1364922.395110737765208 ], [ 544184.695446306257509, 1364913.125531202647835 ], [ 544198.547204139758833, 1364898.755818414967507 ], [ 544204.745407708804123, 1364893.767363008344546 ], [ 544234.549332990311086, 1364874.692690259777009 ], [ 544247.763969976105727, 1364864.655700182309374 ], [ 544253.540032194112428, 1364859.191924573387951 ], [ 544258.547635425697081, 1364853.006526086712256 ], [ 544265.418664183234796, 1364843.127078142017126 ], [ 544276.209475552663207, 1364831.366247945465147 ], [ 544284.929775245953351, 1364818.016129509778693 ], [ 544295.983895458746701, 1364806.384189351228997 ], [ 544304.994364784448408, 1364798.434851734898984 ], [ 544316.956184990354814, 1364782.487493460299447 ], [ 544327.664116151980124, 1364770.609326336300001 ], [ 544329.693614084157161, 1364767.150106536922976 ], [ 544341.835753438295797, 1364751.214242988498881 ], [ 544347.189750138670206, 1364745.275174799840897 ], [ 544358.576116943499073, 1364734.112956621218473 ], [ 544374.811329373740591, 1364716.418934101471677 ], [ 544383.821959413471632, 1364708.469685917487368 ], [ 544399.785330093814991, 1364696.477141549345106 ], [ 544406.647942680981942, 1364692.428112520370632 ], [ 544408.888877244899049, 1364691.337115348083898 ], [ 544424.665554108214565, 1364683.705880684778094 ], [ 544427.2762418090133, 1364681.068550385069102 ], [ 544431.162216782104224, 1364674.027026092633605 ], [ 544435.484591867541894, 1364667.237509049940854 ], [ 544438.400570662692189, 1364659.797930208034813 ], [ 544447.315139200072736, 1364641.975057789124548 ], [ 544451.810678549925797, 1364635.308689160272479 ], [ 544460.083564808825031, 1364624.73359092627652 ], [ 544464.119246002752334, 1364619.607836310518906 ], [ 544466.924401674070396, 1364616.758617553627118 ], [ 544476.52344940637704, 1364609.519660002551973 ], [ 544494.050288064987399, 1364599.981443732511252 ], [ 544496.172736895270646, 1364599.331461569294333 ], [ 544551.58428073185496, 1364583.119382668985054 ], [ 544567.029724520398304, 1364579.279811905929819 ], [ 544574.694288361002691, 1364576.8517462820746 ], [ 544582.496487793279812, 1364575.105228945380077 ], [ 544598.340648827259429, 1364573.533699202351272 ], [ 544618.821329473285004, 1364573.041960880160332 ], [ 544634.317023074952886, 1364572.681785781402141 ], [ 544650.225596877979115, 1364574.366265961434692 ], [ 544658.092207959620282, 1364575.875731588574126 ], [ 544659.937215925077908, 1364575.320276522310451 ], [ 544661.962463521980681, 1364574.776284409221262 ], [ 544672.861595228197984, 1364569.862850968493149 ], [ 544676.717650434467942, 1364568.986770520219579 ], [ 544684.719215275952592, 1364568.374340753536671 ], [ 544692.445536592393182, 1364566.3988323782105 ], [ 544704.386183213209733, 1364565.027761056786403 ], [ 544708.121493105776608, 1364566.050254138885066 ], [ 544726.864617584855296, 1364572.961087189614773 ], [ 544731.425205810111947, 1364573.811818301212043 ], [ 544734.724117642268538, 1364574.582303101429716 ], [ 544746.290502433781512, 1364577.672755778301507 ], [ 544765.856214683502913, 1364581.608441439922899 ], [ 544781.757657562033273, 1364583.404845872893929 ], [ 544785.583071771776304, 1364584.433105375617743 ], [ 544800.194813977344893, 1364590.857041937299073 ], [ 544825.085400997661054, 1364603.54148549749516 ], [ 544839.689979086397216, 1364610.077170072123408 ], [ 544863.051041134283878, 1364625.467725651804358 ], [ 544880.541970914462581, 1364634.990413765655831 ], [ 544907.692737833946012, 1364651.967796998098493 ], [ 544934.715164157794788, 1364666.694468728965148 ], [ 544949.753675915300846, 1364674.939946240512654 ], [ 544976.119277416961268, 1364692.876795022282749 ], [ 545000.07516957691405, 1364708.866274001076818 ], [ 545019.252157524344511, 1364721.748397507937625 ], [ 545026.144056804594584, 1364725.775222860043868 ], [ 545050.204099049209617, 1364741.547220960492268 ], [ 545062.787868316052482, 1364749.973085822537541 ], [ 545072.267247151583433, 1364757.416464487090707 ], [ 545084.362555377767421, 1364767.829656253568828 ], [ 545103.536995853879489, 1364782.16954685212113 ], [ 545114.016996616963297, 1364788.106815382605419 ], [ 545147.864154735114425, 1364809.323768112575635 ], [ 545175.95287758926861, 1364824.343412222107872 ], [ 545201.634295527939685, 1364835.958064502337947 ], [ 545205.05642968788743, 1364837.633643549168482 ], [ 545230.77332244173158, 1364848.689985267817974 ], [ 545240.847552147926763, 1364852.471072567161173 ], [ 545248.185037445859052, 1364855.180872505763546 ], [ 545255.612635131808929, 1364857.896416296018288 ], [ 545266.130466788075864, 1364866.078943635104224 ], [ 545343.880194181576371, 1364888.410090001998469 ], [ 545354.544814189895988, 1364891.443984823301435 ], [ 545390.496550775365904, 1364896.648897976381704 ], [ 545403.810160123975947, 1364903.551929547917098 ], [ 545436.24971054145135, 1364911.33668070891872 ], [ 545437.399882009252906, 1364911.746332226786762 ], [ 545438.827514607808553, 1364912.061522635631263 ], [ 545463.905944710597396, 1364918.92902814829722 ], [ 545484.416838925215416, 1364920.796106769470498 ], [ 545538.816116381203756, 1364934.689582207938656 ], [ 545618.615998923080042, 1364953.229255484882742 ], [ 545677.58950879634358, 1364963.490417582215741 ], [ 545724.221963556250557, 1364965.789065245771781 ], [ 545757.301491520949639, 1364967.784932038048282 ], [ 545800.630295112612657, 1364976.48931066156365 ], [ 545819.879281578352675, 1364982.537832791684195 ], [ 545853.572746480000205, 1364990.516255081631243 ], [ 545876.172438125940971, 1364999.357538346666843 ], [ 545879.233928680187091, 1365001.010411971947178 ], [ 545881.90648272249382, 1365003.087027459638193 ], [ 545891.873335908167064, 1365012.805119493743405 ], [ 545897.517249651369639, 1365016.528875171439722 ], [ 545907.662221516598947, 1365019.193956909468397 ], [ 545928.450310174841434, 1365020.967653187224641 ], [ 545969.957923942129128, 1365019.913367755012587 ], [ 545994.519043401465751, 1365020.694300336996093 ], [ 546007.045253318268806, 1365017.231860187137499 ], [ 546025.51463468442671, 1365008.541705954587087 ], [ 546052.691834182827733, 1365003.770808212691918 ], [ 546073.669764085090719, 1365003.987094612093642 ], [ 546089.525640006875619, 1364999.391487749759108 ], [ 546246.889546215767041, 1365020.416502764681354 ], [ 546244.439705537282862, 1365021.942241227719933 ], [ 546252.732773944386281, 1365021.013480065623298 ], [ 546286.371661059325561, 1365024.168416575528681 ], [ 546351.320371767971665, 1365058.475602735532448 ], [ 546397.645949501078576, 1365089.688821364194155 ], [ 546400.159506749478169, 1365091.419063555076718 ], [ 546409.284511311678216, 1365094.468210711842403 ], [ 546415.838952519232407, 1365096.680551388533786 ], [ 546439.852082152268849, 1365097.539941392606124 ], [ 546457.889170566573739, 1365098.466600383631885 ], [ 546553.954488162184134, 1365273.246255934704095 ], [ 546555.813242366188206, 1365276.7289022016339 ], [ 546777.828137003816664, 1365373.432069067610428 ], [ 546793.799935572082177, 1365401.027668179944158 ], [ 546797.788161228294484, 1365403.74927479098551 ], [ 546806.724061824032106, 1365415.421138460747898 ], [ 546831.734640491427854, 1365431.819893748266622 ], [ 546844.631462400313467, 1365438.138021802296862 ], [ 546939.603243512450717, 1365458.444282717769966 ], [ 547056.766237430740148, 1365462.788389931665733 ], [ 547064.919751631445251, 1365458.375345889478922 ], [ 547068.830949354800396, 1365453.803426861297339 ], [ 547068.240041827084497, 1365443.225040866993368 ], [ 547007.648413211572915, 1365340.788362551713362 ], [ 546962.730057606706396, 1365296.093216233421117 ], [ 546943.358279968379065, 1365266.48601216962561 ], [ 546937.63458267133683, 1365261.186551422579214 ], [ 546921.452237310819328, 1365231.222445125924423 ], [ 546914.429481938946992, 1365208.010720908176154 ], [ 546915.645117950276472, 1365198.893362996401265 ], [ 546964.012434263597243, 1365114.517871251795441 ], [ 546962.207040230627172, 1365104.534769817022607 ], [ 546978.241865610470995, 1365081.562234083889052 ], [ 546999.092562579549849, 1365048.356735832756385 ], [ 547022.064093262073584, 1365011.698470298666507 ], [ 547045.339609240880236, 1364987.282284198561683 ], [ 547052.279230468557216, 1364983.464483827585354 ], [ 547070.706321068340912, 1364979.707703789230436 ], [ 547085.481501423055306, 1364975.044865440344438 ], [ 547123.307503117597662, 1364970.733321129344404 ], [ 547141.225146372104064, 1364965.037864352576435 ], [ 547148.769740811898373, 1364960.249584019416943 ], [ 547163.956205982365645, 1364950.567123451270163 ], [ 547171.996064529172145, 1364947.941051778150722 ], [ 547179.283815123839304, 1364947.173211089568213 ], [ 547204.339457835420035, 1364943.055293401470408 ], [ 547234.707482272991911, 1364937.931295519461855 ], [ 547318.74440565565601, 1364924.126689481083304 ], [ 547325.707419608952478, 1364922.777546986704692 ], [ 547355.923931741039269, 1364917.195750124985352 ], [ 547397.951065786299296, 1364909.453476469032466 ], [ 547523.762643675901927, 1364886.21061402419582 ], [ 547531.911523456219584, 1364884.713182647945359 ], [ 547549.551193319377489, 1364883.374017844442278 ], [ 547559.638317778124474, 1364868.544427879853174 ], [ 547558.256281966925599, 1364866.101246275240555 ], [ 547548.250100638833828, 1364848.529225156875327 ], [ 547528.147486633504741, 1364813.379463439341635 ], [ 547415.315766942920163, 1364616.548046689713374 ], [ 547388.286995189031586, 1364569.406266351230443 ], [ 547384.624184405431151, 1364563.004801805363968 ], [ 547377.699180950061418, 1364551.012420617975295 ], [ 547371.596843576640822, 1364540.306097237626091 ], [ 547357.711049037869088, 1364516.879754451802 ], [ 547326.157640000223182, 1364464.066664641723037 ], [ 547295.148199405521154, 1364416.895177802070975 ], [ 547273.527397224330343, 1364384.228324386756867 ], [ 547290.509425393189304, 1364379.034012642689049 ], [ 547320.841951040551066, 1364371.665284840622917 ], [ 547438.377687442000024, 1364343.51875630300492 ], [ 547463.181805022410117, 1364337.703422499354929 ], [ 547510.570103564532474, 1364326.828119315905496 ], [ 547505.447555228020065, 1364303.625391836510971 ], [ 547494.692852366832085, 1364255.281118593178689 ], [ 547495.674431975698099, 1364245.58824682305567 ], [ 547500.270764955319464, 1364234.556579407304525 ], [ 547502.401624678634107, 1364229.534652531612664 ], [ 547506.532219768734649, 1364211.633071615593508 ], [ 547463.347878235741518, 1364190.706966263707727 ], [ 547458.692673435551114, 1364188.503135405480862 ], [ 547338.960281223640777, 1364134.876013425411656 ], [ 547326.979870041366667, 1364126.933875060640275 ], [ 547316.785817061550915, 1364116.526843136642128 ], [ 547284.162356948130764, 1364067.682616334175691 ], [ 547290.341608127579093, 1364063.031470508081838 ], [ 547308.594752975506708, 1364049.284137990791351 ], [ 547314.586643341230229, 1364044.733169385464862 ], [ 547262.184944759355858, 1364020.752252315636724 ], [ 547186.207168099237606, 1363986.18266871268861 ] ] ], [ [ [ 548219.616206060629338, 1364454.715667899232358 ], [ 548182.618820017436519, 1364437.54578989581205 ], [ 548079.778435567393899, 1364390.147132935002446 ], [ 548022.953298303997144, 1364364.644706567982212 ], [ 547868.124886981560849, 1364295.308101259404793 ], [ 547852.357259519980289, 1364288.580655491678044 ], [ 547795.091775359236635, 1364264.285142684122548 ], [ 547794.840101080248132, 1364265.390383621677756 ], [ 547788.306280458113179, 1364274.167455508373678 ], [ 547785.514149633119814, 1364276.792218758491799 ], [ 547751.911443521385081, 1364308.395366868469864 ], [ 547740.645751530886628, 1364319.000389808090404 ], [ 547710.516296125599183, 1364347.237539409892634 ], [ 547697.41697715013288, 1364359.631630105897784 ], [ 547662.654884288553149, 1364392.394442410441115 ], [ 547658.158372176578268, 1364401.862555448897183 ], [ 547651.60507361846976, 1364413.77822950691916 ], [ 547646.749813003465533, 1364426.026755159255117 ], [ 547641.140329465270042, 1364448.655505564762279 ], [ 547640.57248220348265, 1364463.196598873706535 ], [ 547639.914512893883511, 1364477.73193130386062 ], [ 547638.775101004051976, 1364512.53271949198097 ], [ 547636.361146241659299, 1364561.605167339555919 ], [ 547630.737878702930175, 1364602.847308395896107 ], [ 547627.025846011238173, 1364645.333015745738521 ], [ 547623.41450600954704, 1364693.319748036097735 ], [ 547619.155936190276407, 1364720.296031671110541 ], [ 547616.844270292553119, 1364747.957483066478744 ], [ 547614.532607470056973, 1364775.618941287975758 ], [ 547609.108978371950798, 1364795.344160387758166 ], [ 547602.392451104591601, 1364816.892996552400291 ], [ 547597.799624123726971, 1364833.531591595616192 ], [ 547591.087848594994284, 1364845.10079780058004 ], [ 547573.295174551778473, 1364861.568219023989514 ], [ 547559.638317778124474, 1364868.544427879853174 ], [ 547565.664308927254751, 1364879.021794182714075 ], [ 547571.282545105437748, 1364888.800289827631786 ], [ 547584.142782170209102, 1364911.264477535150945 ], [ 547617.401136337197386, 1364969.906792266760021 ], [ 547639.389921562746167, 1365008.092965765390545 ], [ 547657.770532948314212, 1365040.441754120402038 ], [ 547671.008582438109443, 1365038.597104743355885 ], [ 547677.665525172953494, 1365037.789347004611045 ], [ 547710.595877462648787, 1365037.876948066754267 ], [ 547723.795495240949094, 1365038.048342603025958 ], [ 547755.836250795633532, 1365039.312700925627723 ], [ 547753.654937076149508, 1365111.612123597180471 ], [ 547791.055009603034705, 1365112.546613481128588 ], [ 547791.49515729804989, 1365107.080170077038929 ], [ 548122.268838992924429, 1365117.479806863702834 ], [ 548125.409292287076823, 1365059.931344371056184 ], [ 548119.857662752037868, 1365051.95084807719104 ], [ 548120.546387848793529, 1365032.707737454678863 ], [ 548122.508136436576024, 1364975.196010691579431 ], [ 548123.099587437347509, 1364956.058821743587032 ], [ 548142.232700957451016, 1364956.834886676166207 ], [ 548199.534772756625898, 1364959.269246666226536 ], [ 548218.570618504891172, 1364960.151390854269266 ], [ 548220.433283633668907, 1364918.332210436696187 ], [ 548220.810668977326714, 1364909.60985548957251 ], [ 548223.208979545161128, 1364891.933953535277396 ], [ 548228.659779920941219, 1364873.219976905500516 ], [ 548259.307639854028821, 1364802.967184643493965 ], [ 548275.436304713482969, 1364765.873929676832631 ], [ 548284.37608930002898, 1364746.374150034273043 ], [ 548291.263307863147929, 1364730.667685406282544 ], [ 548337.865247099776752, 1364624.656461264472455 ], [ 548353.339366475469433, 1364589.31561732897535 ], [ 548336.58414414525032, 1364581.066229104064405 ], [ 548328.334550819243304, 1364577.061878975480795 ], [ 548317.687467541196384, 1364572.3433695693966 ], [ 548322.532330734888092, 1364565.925483606522903 ], [ 548346.61899888375774, 1364511.961056239204481 ], [ 548336.678502172930166, 1364507.512039161520079 ], [ 548219.616206060629338, 1364454.715667899232358 ] ] ] ] } },
{ "type": "Feature", "properties": { "community_id": "Selected low-growth community", "zcta": "38131", "overlap_sq_m": 582525.62305893039, "overlap_sq_miles": 0.22491440046933617, "share_of_community_area": 0.001047275163187463 }, "geometry": { "type": "Polygon", "coordinates": [ [ [ 543039.380176983657293, 1350751.205923006637022 ], [ 543000.759198445593938, 1350749.994400000898167 ], [ 542984.656656794017181, 1350749.535702609457076 ], [ 542962.221417001099326, 1350748.900433125440031 ], [ 542895.644888734677806, 1350746.929009383777156 ], [ 542862.169028101256117, 1350746.0437355292961 ], [ 542847.6841950872913, 1350745.799786514602602 ], [ 542831.484323852579109, 1350745.447333417600021 ], [ 542804.695158624788746, 1350744.873306972905993 ], [ 542782.891779563971795, 1350744.278488727286458 ], [ 542766.601645287591964, 1350743.920446676202118 ], [ 542726.168303149635904, 1350742.707602510927245 ], [ 542678.763343805097975, 1350741.390251588076353 ], [ 542677.517185883130878, 1350898.61027028481476 ], [ 542646.99317058280576, 1351564.44501803885214 ], [ 542911.13099579513073, 1351576.11449910257943 ], [ 542907.992142313742079, 1351582.754962862469256 ], [ 542889.290659003541805, 1351610.497460838872939 ], [ 542885.560260058846325, 1351612.167341495398432 ], [ 542840.744941001757979, 1351621.551714126951993 ], [ 542825.594451329554431, 1351621.826171310152858 ], [ 542787.373401141609065, 1351632.973548923851922 ], [ 542771.011697891983204, 1351642.365047005470842 ], [ 542753.444268869701773, 1351662.219277291791514 ], [ 542751.578455091454089, 1351673.088679732289165 ], [ 542748.552496169577353, 1351690.835928015178069 ], [ 542746.974798869690858, 1351698.5842877603136 ], [ 542743.570156881934963, 1351700.835425799479708 ], [ 542742.218581448774785, 1351705.01034962432459 ], [ 542738.630873035406694, 1351715.882918427232653 ], [ 542731.83383675746154, 1351734.512726717861369 ], [ 542728.925790444831364, 1351746.101009958190843 ], [ 542725.271011444390751, 1351773.786906825844198 ], [ 542726.170045727049001, 1351789.652306749951094 ], [ 542725.233474059030414, 1351801.589576996630058 ], [ 542726.129597895080224, 1351807.476371111348271 ], [ 542728.058346811099909, 1351821.388824031222612 ], [ 542728.172049878863618, 1351825.320119263837114 ], [ 542727.302277714363299, 1351833.337519065244123 ], [ 542725.473441022564657, 1351842.191170909209177 ], [ 542730.246607504785061, 1351845.52036368381232 ], [ 542755.066619598073885, 1351865.702386062592268 ], [ 542765.057717010611668, 1351878.219053297303617 ], [ 542770.397407209151424, 1351884.050701280822977 ], [ 542780.583098677569069, 1351896.355470922077075 ], [ 542787.934983785729855, 1351903.323525601765141 ], [ 542792.110037855338305, 1351907.511845437344164 ], [ 542797.247983213863336, 1351913.667098396690562 ], [ 542797.602519727079198, 1351919.519635252188891 ], [ 542800.294941258616745, 1351927.089768792735413 ], [ 542806.647647670819424, 1351958.436191630084068 ], [ 542808.136292794020846, 1351962.118158393772319 ], [ 542816.089968190295622, 1351971.030326715204865 ], [ 542822.006411033449695, 1351976.337931539164856 ], [ 542835.125633857096545, 1351985.240689091384411 ], [ 542838.226291187107563, 1351987.791395835578442 ], [ 542849.47627814183943, 1351991.866941700689495 ], [ 542853.314711003564298, 1351992.782588092843071 ], [ 542865.178509399760514, 1351994.318303816253319 ], [ 542877.13582443096675, 1351992.944901623530313 ], [ 542881.004161965334788, 1351991.956456730840728 ], [ 542888.36026232864242, 1351988.834308561170474 ], [ 542894.793162916204892, 1351991.70807332592085 ], [ 542901.703955547418445, 1351995.621149949962273 ], [ 542923.980932272970676, 1352004.431017501512542 ], [ 542935.237932115676813, 1352008.395006125792861 ], [ 542950.535049353493378, 1352012.951115979114547 ], [ 542983.916669994941913, 1352025.267057068180293 ], [ 543010.212400663061999, 1352035.004284156253561 ], [ 543021.483466569334269, 1352038.74504667124711 ], [ 543029.243443312356248, 1352040.693879612255841 ], [ 543045.071157207828946, 1352042.592935720225796 ], [ 543062.73010717832949, 1352039.899028586223722 ], [ 543065.299170897575095, 1352033.670988919213414 ], [ 543067.875308427261189, 1352027.331280414946377 ], [ 543068.72459410096053, 1352025.366937738843262 ], [ 543087.632771439151838, 1351968.599371784832329 ], [ 543113.250341850565746, 1351891.739202819997445 ], [ 543132.279206600273028, 1351833.07341585541144 ], [ 543140.992499613435939, 1351797.07488334341906 ], [ 543144.93892398767639, 1351770.528721862472594 ], [ 543148.184913637815043, 1351749.319847553037107 ], [ 543154.692737694364041, 1351705.221355275483802 ], [ 543156.953017761232331, 1351683.837956913281232 ], [ 543157.715066097676754, 1351673.235067100729793 ], [ 543163.137464266386814, 1351673.466326424386352 ], [ 543168.198840597528033, 1351673.674726914381608 ], [ 543204.97523257182911, 1351675.331022624857724 ], [ 543297.773620122810826, 1351679.526762541616336 ], [ 543304.730080026201904, 1351674.137291992781684 ], [ 543328.523847253178246, 1351674.747540635056794 ], [ 543345.415759322815575, 1351675.593344189459458 ], [ 543377.748418983188458, 1351677.305236036889255 ], [ 543371.638880994403735, 1351665.033739150268957 ], [ 543361.460259498795494, 1351641.180612998781726 ], [ 543319.113716490101069, 1351551.495035449974239 ], [ 543181.389338672044687, 1351257.882784347282723 ], [ 543157.574907596572302, 1351207.491813866654411 ], [ 543145.598527183523402, 1351181.955638313433155 ], [ 543123.689938703435473, 1351134.376301318174228 ], [ 543105.711819838150404, 1351086.261094874469563 ], [ 543096.917102860636078, 1351059.132614991860464 ], [ 543084.69256417977158, 1351013.175649486016482 ], [ 543083.644283477566205, 1351006.830752285663038 ], [ 543075.835379153490067, 1350961.265507783507928 ], [ 543071.137088300311007, 1350928.117922089062631 ], [ 543067.811261130264029, 1350884.742527588969097 ], [ 543067.405770814162679, 1350862.517803653143346 ], [ 543068.553432194865309, 1350811.465386553434655 ], [ 543070.946335792192258, 1350752.195220423629507 ], [ 543039.380176983657293, 1350751.205923006637022 ] ] ] } },
{ "type": "Feature", "properties": { "community_id": "Selected low-growth community", "zcta": "38107", "overlap_sq_m": 14392885.035852497, "overlap_sq_miles": 5.5571239799959171, "share_of_community_area": 0.025875790571251743 }, "geometry": { "type": "Polygon", "coordinates": [ [ [ 538844.384474782738835, 1361291.410815219627693 ], [ 538844.130452001583762, 1361296.888911647954956 ], [ 538782.578498795162886, 1361289.766357342945412 ], [ 538766.399893186055124, 1361287.964102509664372 ], [ 538751.476419949904084, 1361286.352927602827549 ], [ 538741.184785192250274, 1361285.930022362852469 ], [ 538710.400033789104782, 1361284.667049465468153 ], [ 538700.011221627471969, 1361284.350207303650677 ], [ 538687.195264957845211, 1361283.768648021388799 ], [ 538648.740370266954415, 1361282.13576751225628 ], [ 538635.827235980657861, 1361281.660299390321597 ], [ 538610.023147886386141, 1361278.916836140211672 ], [ 538591.854088728548959, 1361277.10190633055754 ], [ 538534.583098053815775, 1361258.02878563082777 ], [ 538509.573660551919602, 1361249.841521240305156 ], [ 538496.55958463519346, 1361245.211347172269598 ], [ 538457.489202841534279, 1361231.767674087779596 ], [ 538444.370882988907397, 1361227.355278656352311 ], [ 538436.245078882318921, 1361224.153644787380472 ], [ 538411.756422316306271, 1361214.87817169376649 ], [ 538403.533422403852455, 1361211.782586042303592 ], [ 538386.4520042600343, 1361211.381932510528713 ], [ 538361.048248085658997, 1361210.906861033989117 ], [ 538315.745084980269894, 1361213.105869907652959 ], [ 538293.09298599511385, 1361214.934233164647594 ], [ 538271.598882523365319, 1361217.059654011623934 ], [ 538255.666337323957123, 1361219.983017475809902 ], [ 538236.334926558891311, 1361223.70199810853228 ], [ 538173.375278110383078, 1361234.659418960334733 ], [ 538046.006031619850546, 1361258.054288685088977 ], [ 538050.25615094602108, 1361269.645648336037993 ], [ 538060.873864208697341, 1361299.464513594284654 ], [ 538100.030063570826314, 1361289.926472745835781 ], [ 538102.828105409629643, 1361324.636209058109671 ], [ 538107.594187081675045, 1361371.242527574999258 ], [ 538108.750880578067154, 1361383.088139817351475 ], [ 538109.847306502284482, 1361401.65737721323967 ], [ 538112.811490410589613, 1361436.601838431553915 ], [ 538114.569342195987701, 1361441.757805491331965 ], [ 538117.955914163729176, 1361448.361554319038987 ], [ 538137.436838584253564, 1361486.922309345332906 ], [ 538090.273441692930646, 1361474.093147025676444 ], [ 538079.795763065689243, 1361472.313854351406917 ], [ 538084.394119297154248, 1361491.327287629712373 ], [ 538066.075082514667884, 1361496.231438775779679 ], [ 538010.930792190600187, 1361511.044489522930235 ], [ 537992.514682226348668, 1361516.05482095410116 ], [ 537981.194571980973706, 1361519.04405601718463 ], [ 537947.130116128711961, 1361528.229557327926159 ], [ 537935.712876583565958, 1361531.324875487480313 ], [ 537924.212506632320583, 1361534.30286539811641 ], [ 537889.531146149034612, 1361543.225608387263492 ], [ 537877.940659735817462, 1361546.198000836418942 ], [ 537866.620636713108979, 1361549.187388404970989 ], [ 537832.549434649874456, 1361558.485031981719658 ], [ 537821.132284251740202, 1361561.580503993434832 ], [ 537809.624991478747688, 1361564.67033215216361 ], [ 537775.096157076419331, 1361574.051593441981822 ], [ 537763.491739185294136, 1361577.247508595930412 ], [ 537740.588434854289517, 1361583.097944777458906 ], [ 537671.587247646530159, 1361600.967700510751456 ], [ 537648.586921973503195, 1361606.924410137115046 ], [ 537642.866735413437709, 1361584.140772609971464 ], [ 537625.324316389043815, 1361516.102328747278079 ], [ 537619.506817633053288, 1361493.424749227939174 ], [ 537608.186838536639698, 1361496.414477159036323 ], [ 537574.115777902188711, 1361505.713145102839917 ], [ 537562.691666704718955, 1361508.920643865829334 ], [ 537568.585432853666134, 1361531.827211895957589 ], [ 537578.373250770615414, 1361570.563261077273637 ], [ 537587.673533961293288, 1361591.104775089072064 ], [ 537589.194330090540461, 1361598.600339647615328 ], [ 537593.693624984938651, 1361622.092189675895497 ], [ 537581.916058211005293, 1361625.165355285862461 ], [ 537546.576405895408243, 1361634.496633579256013 ], [ 537534.791868932312354, 1361637.681548063410446 ], [ 537418.820087957545184, 1361668.527854793937877 ], [ 537371.307797733228654, 1361681.469068370060995 ], [ 537302.745966765563935, 1361698.135912691941485 ], [ 537320.221193704870529, 1361765.833099780138582 ], [ 537361.754923301050439, 1361928.998800686327741 ], [ 537306.038881975109689, 1361944.340952520025894 ], [ 537291.049764169962145, 1361949.567663620924577 ], [ 537282.553994837333448, 1361950.828817951958627 ], [ 537223.086200858931988, 1361966.833188566146418 ], [ 537163.12011294614058, 1361947.487864617491141 ], [ 537141.986197141814046, 1361954.011393952649087 ], [ 537143.078083600732498, 1362005.880836279131472 ], [ 537146.429560391348787, 1362161.718315359205008 ], [ 537147.424084066064097, 1362213.693877405719832 ], [ 537175.139577552909032, 1362328.78874663868919 ], [ 537180.50666023476515, 1362351.437917402945459 ], [ 537219.522881900542416, 1362468.138761540874839 ], [ 537227.821452957578003, 1362493.10219684173353 ], [ 537277.77095030376222, 1362643.229440245777369 ], [ 537284.866905280039646, 1362661.390113202854991 ], [ 537326.499425419140607, 1362769.510338644031435 ], [ 537326.6109661932569, 1362865.832129756221548 ], [ 537314.695018533617258, 1362914.419413480907679 ], [ 537266.442376117454842, 1363109.516786056105047 ], [ 537255.228996778023429, 1363242.129654161632061 ], [ 537271.79708197619766, 1363344.417510954895988 ], [ 537277.052219655364752, 1363377.487590051954612 ], [ 537292.456221389002167, 1363488.224121135426685 ], [ 537300.152395865414292, 1363488.146264423150569 ], [ 537323.060660464456305, 1363487.90142766549252 ], [ 537330.666706091724336, 1363487.817944317357615 ], [ 537362.40878368052654, 1363486.669757348718122 ], [ 537457.635110883973539, 1363483.225902701728046 ], [ 537489.370243082870729, 1363482.189871917944402 ], [ 537484.747006979421712, 1363511.164420168846846 ], [ 537480.227936510345899, 1363539.921262727351859 ], [ 537452.79444383608643, 1363713.227343541570008 ], [ 537444.893197368364781, 1363771.373114493908361 ], [ 537441.701098277349956, 1363796.288904732093215 ], [ 537431.840458575985394, 1363871.242718922439963 ], [ 537428.55126204888802, 1363896.264564974699169 ], [ 537425.03782243328169, 1363924.860362802632153 ], [ 537414.407444045413285, 1364010.642149992985651 ], [ 537410.80392346100416, 1364039.232325362972915 ], [ 537405.500102572608739, 1364070.406837668735534 ], [ 537399.653605954139493, 1364104.462577203987166 ], [ 537390.310389177873731, 1364142.335454755928367 ], [ 537384.175309070851654, 1364162.245271267136559 ], [ 537374.788980083656497, 1364192.154544323449954 ], [ 537367.153976154280826, 1364215.78254444967024 ], [ 537343.957777395029552, 1364286.984709424898028 ], [ 537336.225780013715848, 1364310.718787805177271 ], [ 537335.968457188108005, 1364311.936027854913846 ], [ 537335.085345383384265, 1364315.917152611073107 ], [ 537334.730893312953413, 1364317.24042479833588 ], [ 537331.16222561779432, 1364325.089592118980363 ], [ 537325.548780088196509, 1364332.361972315935418 ], [ 537316.962279079947621, 1364337.990198995452374 ], [ 537296.908296194043942, 1364344.693031053757295 ], [ 537281.661723969154991, 1364346.876079224515706 ], [ 537267.138055098359473, 1364346.189231219701469 ], [ 537252.055503178853542, 1364341.430820387322456 ], [ 537243.266522932448424, 1364338.749107192503288 ], [ 537176.011374484631233, 1364285.868005782132968 ], [ 537020.962824571412057, 1364169.961891039973125 ], [ 536950.688853818108328, 1364117.566259124549106 ], [ 536943.946217284887098, 1364112.546409375267103 ], [ 536911.293409935780801, 1364087.850098579190671 ], [ 536813.042481583659537, 1364014.080051029101014 ], [ 536780.29179640149232, 1363989.490293812705204 ], [ 536724.471084229880944, 1363947.533209785353392 ], [ 536714.900128245702945, 1363941.439326954772696 ], [ 536704.185509646311402, 1363934.825291172368452 ], [ 536686.857500887010247, 1363926.899870213819668 ], [ 536670.282918712473474, 1363922.833943064557388 ], [ 536600.670754297752865, 1363906.026576986303553 ], [ 536596.837287888512947, 1363905.113661296898499 ], [ 536592.19967713963706, 1363904.038243488641456 ], [ 536502.525557432905771, 1363882.498986450722441 ], [ 536491.198359072674066, 1363879.883353784447536 ], [ 536448.13568782794755, 1363869.673780729062855 ], [ 536434.673388858675025, 1363866.476000435650349 ], [ 536422.279423043481074, 1363862.111778870690614 ], [ 536417.817446363391355, 1363856.786719847703353 ], [ 536411.985546889947727, 1363858.888221926987171 ], [ 536398.6179381912807, 1363859.957167938118801 ], [ 536385.138424611533992, 1363862.813121188664809 ], [ 536374.076770721236244, 1363868.960000000428408 ], [ 536366.993914745398797, 1363876.589425792684779 ], [ 536358.561388436239213, 1363892.767938160803169 ], [ 536354.054885863792151, 1363905.492196829523891 ], [ 536345.819670581491664, 1363928.63481012894772 ], [ 536313.133192651788704, 1364025.818409205880016 ], [ 536295.945527630508877, 1364040.215396545827389 ], [ 536327.727816015598364, 1364049.942133776145056 ], [ 536398.331098563154228, 1364078.358282803557813 ], [ 536442.719556406605989, 1364096.275216727750376 ], [ 536450.377711212029681, 1364101.127747513120994 ], [ 536576.060523490887135, 1364180.424382683821023 ], [ 536727.335386891500093, 1364308.980073827318847 ], [ 536760.318502689013258, 1364337.060216851066798 ], [ 536794.025045211310498, 1364349.264030231162906 ], [ 536818.887314796913415, 1364358.222616203362122 ], [ 536843.749536067596637, 1364367.181274792877957 ], [ 536886.847967041307129, 1364427.29117652378045 ], [ 537075.529430812457576, 1364598.339920635800809 ], [ 537246.655801101005636, 1364708.753210131311789 ], [ 537265.33565030049067, 1364723.940819223877043 ], [ 537428.171447173808701, 1364856.823953320505098 ], [ 537415.79049719881732, 1364876.790405955165625 ], [ 537399.150071880663745, 1364891.107520025921986 ], [ 537345.86483109544497, 1364937.211769820423797 ], [ 537277.042711178888567, 1365007.457916015060619 ], [ 537245.487957004108466, 1365079.257557968841866 ], [ 537236.705554012907669, 1365161.568147422745824 ], [ 537238.322957617696375, 1365230.963886047946289 ], [ 537247.574162257951684, 1365266.639921007212251 ], [ 537261.3696648896439, 1365286.118443311192095 ], [ 537285.859541800804436, 1365318.265526137547567 ], [ 537325.524905871599913, 1365337.797525721369311 ], [ 537365.735695249284618, 1365329.892857294296846 ], [ 537499.777404577704147, 1365292.893593970220536 ], [ 537578.579736493877135, 1365235.161026810994372 ], [ 537654.072326149558648, 1365163.878249575849622 ], [ 537692.0822437715251, 1365133.411490286234766 ], [ 537714.296160273370333, 1365109.577693542465568 ], [ 537755.310848653083667, 1365065.844638062175363 ], [ 537784.937673740205355, 1365039.224821833195165 ], [ 537825.747780147357844, 1365039.096614798298106 ], [ 537903.277834216365591, 1365001.694098409730941 ], [ 537987.168794390861876, 1364932.175020724302158 ], [ 538037.315215773531236, 1364907.293598926393315 ], [ 538041.850599520839751, 1364914.306155423633754 ], [ 538095.335583721520379, 1364929.888408154482022 ], [ 538121.288974863244221, 1364931.519156080437824 ], [ 538143.758151827612892, 1364929.567229391541332 ], [ 538190.242556401761249, 1364925.536455035209656 ], [ 538211.046442673774436, 1364925.610465718898922 ], [ 538233.382303632795811, 1364925.780808610375971 ], [ 538294.748289675102569, 1364959.912121151573956 ], [ 538366.853584147640504, 1365113.910417024511844 ], [ 538461.362945790868253, 1365179.167761789169163 ], [ 538591.899263132945634, 1365149.140931313624606 ], [ 538693.822757472749799, 1365033.220415958901867 ], [ 538850.447115415125154, 1364841.692757239798084 ], [ 538893.517689473344944, 1364809.979699237039313 ], [ 538938.392179419402964, 1364776.922709103440866 ], [ 538989.385909669217654, 1364778.898468719562516 ], [ 539080.65323806530796, 1364793.613121507456526 ], [ 539127.356409895350225, 1364794.758995578391477 ], [ 539161.76846763829235, 1364795.691957846516743 ], [ 539221.69152588036377, 1364789.485297776758671 ], [ 539262.723878461751156, 1364782.986553078750148 ], [ 539309.903239304432645, 1364786.630213301628828 ], [ 539343.958842701860704, 1364783.168471353827044 ], [ 539363.731962789548561, 1364773.761598537676036 ], [ 539500.84638195449952, 1364762.999915227759629 ], [ 539639.51712949341163, 1364749.086753175361082 ], [ 539647.705148294800892, 1364748.369285370223224 ], [ 539805.951466777827591, 1364693.756384753389284 ], [ 539806.099296065047383, 1364691.411012362223119 ], [ 539806.528704929281957, 1364684.598264270462096 ], [ 539806.579376159235835, 1364682.358896265737712 ], [ 539808.734853580710478, 1364646.725901177152991 ], [ 539810.574946891749278, 1364614.661135019268841 ], [ 539815.013997654663399, 1364539.927304493263364 ], [ 539816.720335289486684, 1364509.98456764803268 ], [ 539817.072308695409447, 1364504.400356500409544 ], [ 539818.090246467036195, 1364491.12129566911608 ], [ 539820.859620667411946, 1364451.490449788980186 ], [ 539821.780399276874959, 1364438.317398911342025 ], [ 539824.099249451886863, 1364405.834354980150238 ], [ 539824.838394035468809, 1364394.107522416394204 ], [ 539832.826711015659384, 1364261.62751636793837 ], [ 539834.969485442270525, 1364224.760445265099406 ], [ 539835.427049978170544, 1364217.500988570274785 ], [ 539836.868748726905324, 1364196.063353488454595 ], [ 539837.747197021963075, 1364176.384262254461646 ], [ 539839.7081335632829, 1364126.611087347613648 ], [ 539840.63086596026551, 1364053.113594950176775 ], [ 539841.044263035058975, 1364012.101000391412526 ], [ 539850.54968832351733, 1364012.027361102867872 ], [ 539854.536333598312922, 1364011.942259485833347 ], [ 539856.886638971278444, 1364011.978274109074846 ], [ 539858.606065103434958, 1364011.974524199962616 ], [ 539869.733752862433903, 1364012.003159625688568 ], [ 539876.301626182743348, 1364009.726093280594796 ], [ 539882.90609546250198, 1364005.433044193079695 ], [ 539887.750296535901725, 1364000.356277096550912 ], [ 539893.290137971285731, 1363992.856558302184567 ], [ 539899.290448142099194, 1363982.35842773434706 ], [ 539902.764451675117016, 1363974.616366039961576 ], [ 539907.484689531149343, 1363961.458619633456692 ], [ 539906.770957372733392, 1363990.006129096960649 ], [ 539905.561554779531434, 1364022.11048008268699 ], [ 539905.755940796690993, 1364029.074638789054006 ], [ 539907.207835641223937, 1364033.314879823708907 ], [ 539909.698991307290271, 1364038.293398787267506 ], [ 539913.119557801634073, 1364042.88199683604762 ], [ 539928.098638787982054, 1364039.229031116236001 ], [ 539984.504419208387844, 1364034.37544961925596 ], [ 539986.32100916444324, 1364034.265723746037111 ], [ 539994.002789826248772, 1364034.413653117837384 ], [ 539996.24888274690602, 1364034.667391093680635 ], [ 539984.656585584045388, 1363963.071929995436221 ], [ 539984.270741542684846, 1363939.052321774885058 ], [ 539991.071085263276473, 1363897.209002831485122 ], [ 539999.968326686299406, 1363866.598516850965098 ], [ 540021.339826681185514, 1363834.756232512183487 ], [ 540067.623484919429757, 1363788.114181435899809 ], [ 540073.250889801071025, 1363783.535409032832831 ], [ 540357.53247872274369, 1363555.906218747608364 ], [ 540472.264030981925316, 1363396.860059642000124 ], [ 540492.30447374319192, 1363367.513850714778528 ], [ 540494.58893658220768, 1363364.294183350400999 ], [ 540511.053510729805566, 1363339.992360802134499 ], [ 540528.249970045406371, 1363325.603954195510596 ], [ 540556.898930662078783, 1363313.28384117083624 ], [ 540562.098862829036079, 1363306.884361700387672 ], [ 540573.463279241463169, 1363273.066358887124807 ], [ 540582.157081136014313, 1363247.152993434574455 ], [ 540585.632964138756506, 1363197.812130704522133 ], [ 540598.874142932356335, 1363200.217575363814831 ], [ 540607.560766584589146, 1363201.662825693609193 ], [ 540651.700823176419362, 1363209.158086823532358 ], [ 540673.276599470176734, 1363211.416952301515266 ], [ 540695.288938376121223, 1363213.927684399997815 ], [ 540708.011932498542592, 1363214.506554562831298 ], [ 540741.750245819799602, 1363216.187830322189257 ], [ 540745.917560146306641, 1363216.114525971002877 ], [ 540758.488486620364711, 1363216.235362004255876 ], [ 540758.649691641912796, 1363207.948116417275742 ], [ 540759.261171732097864, 1363186.794656498590484 ], [ 540759.358919503516518, 1363179.512552664149553 ], [ 540759.490396811976098, 1363173.129596990067512 ], [ 540760.669514999492094, 1363132.950343980221078 ], [ 540761.364622290129773, 1363104.738161886809394 ], [ 540758.243341197492555, 1363072.472734809154645 ], [ 540750.300562645657919, 1363029.13873945758678 ], [ 540741.638561386964284, 1362997.196334513369948 ], [ 540727.308460392290726, 1362954.692588582169265 ], [ 540747.967958073946647, 1362938.504922918044031 ], [ 540788.865663776290603, 1362911.373108426341787 ], [ 540792.834744783584028, 1362908.708381333621219 ], [ 540829.151351071195677, 1362879.605630307691172 ], [ 540889.544221311225556, 1362843.277332101948559 ], [ 540903.437773731187917, 1362832.493410450173542 ], [ 540930.829166397918016, 1362811.461278520990163 ], [ 540948.463032955653034, 1362791.607073708204553 ], [ 540963.030026498134248, 1362780.193009377922863 ], [ 540970.383719829609618, 1362776.95721425046213 ], [ 541001.012674089870416, 1362763.418014097958803 ], [ 541018.690035361098126, 1362761.507024033693597 ], [ 541038.667131802765653, 1362761.87173523940146 ], [ 541045.899394343839958, 1362761.992145916214213 ], [ 541049.761253174743615, 1362762.460318825906143 ], [ 541074.047768977005035, 1362766.236860981443897 ], [ 541082.066978495451622, 1362769.658695874968544 ], [ 541092.37335068359971, 1362774.122027028119192 ], [ 541119.635970135685056, 1362776.629038139944896 ], [ 541151.932229017256759, 1362779.678380905184895 ], [ 541171.817575126304291, 1362781.495261919684708 ], [ 541200.971484454465099, 1362785.579671502579004 ], [ 541227.969105132855475, 1362789.415815142681822 ], [ 541286.547233729041182, 1362797.602203220594674 ], [ 541296.586275319918059, 1362799.133585612988099 ], [ 541384.020467193215154, 1362804.65902402321808 ], [ 541460.823186639114283, 1362805.140370666049421 ], [ 541463.437197545892559, 1362805.305601361906156 ], [ 541490.353249940089881, 1362807.567639399785548 ], [ 541522.344788988935761, 1362803.983603873290122 ], [ 541541.84619902994018, 1362801.852614750387147 ], [ 541595.297786229406483, 1362799.513428671052679 ], [ 541607.017430785344914, 1362798.796754661947489 ], [ 541636.53130864968989, 1362797.186910093063489 ], [ 541691.425578069058247, 1362800.658048203447834 ], [ 541725.635772198089398, 1362803.494211449753493 ], [ 541768.753507550340146, 1362802.857272148830816 ], [ 541802.583632843801752, 1362804.548428843496367 ], [ 541839.186569888726808, 1362801.032977848080918 ], [ 541858.781647799303755, 1362795.993305931799114 ], [ 541901.792783775832504, 1362779.876655127387494 ], [ 541927.725696721929125, 1362769.071047066012397 ], [ 541942.342081646784209, 1362764.052973999641836 ], [ 541989.211767119704746, 1362745.60192036931403 ], [ 542034.727848878945224, 1362728.523124509491026 ], [ 542065.924509693169966, 1362717.490350035950541 ], [ 542145.158450472052209, 1362709.609893440036103 ], [ 542270.096779551939107, 1362695.989418091252446 ], [ 542297.778431611252017, 1362696.172007157001644 ], [ 542331.326222934760153, 1362696.613942481344566 ], [ 542372.230032002320513, 1362703.800923253409564 ], [ 542386.855534193338826, 1362708.651433690683916 ], [ 542386.965176713187248, 1362704.061125316191465 ], [ 542387.172029695240781, 1362699.364844130352139 ], [ 542387.838513472932391, 1362687.409342373488471 ], [ 542389.650611742516048, 1362651.643109909491614 ], [ 542390.219882670673542, 1362639.793585871579126 ], [ 542392.219397612963803, 1362598.208580781472847 ], [ 542394.088122112792917, 1362555.83041401929222 ], [ 542514.610104243154638, 1362560.546978403348476 ], [ 542521.467883952078409, 1362560.86916112806648 ], [ 542575.186578752007335, 1362562.925879112677649 ], [ 542717.287550731329247, 1362568.45145018119365 ], [ 542731.478424888220616, 1362571.593080330640078 ], [ 542740.686934105702676, 1362571.952244108775631 ], [ 542745.324083153740503, 1362551.61445486987941 ], [ 542749.24166147725191, 1362535.491950366646051 ], [ 542747.987616451224312, 1362381.012119652470574 ], [ 542750.870663133915514, 1362305.508397942408919 ], [ 542750.188852661056444, 1362296.270710641285405 ], [ 542754.572920550010167, 1362284.214398336363956 ], [ 542756.314805176691152, 1362266.720676784403622 ], [ 542760.759460857370868, 1362245.137337749358267 ], [ 542771.196118764812127, 1362223.260876846732572 ], [ 542773.282040743506514, 1362218.907922596903518 ], [ 542783.164987358031794, 1362207.200030365493149 ], [ 542797.350291317794472, 1362193.29793687700294 ], [ 542802.67282910447102, 1362185.001334790838882 ], [ 542817.477849752875045, 1362152.749573593726382 ], [ 542830.413559660548344, 1362140.001761217601597 ], [ 542833.450516278389841, 1362134.924188927048817 ], [ 542840.517890009796247, 1362123.37433705967851 ], [ 542850.977282242965885, 1362111.142408744199201 ], [ 542860.809725983184762, 1362090.236923422664404 ], [ 542873.036716600414366, 1362078.677669096272439 ], [ 542894.387430405942723, 1362047.401478900108486 ], [ 542897.073157541570254, 1362035.013365899445489 ], [ 542850.532115633133799, 1362013.899427671683952 ], [ 542676.196311741950922, 1361929.859244061866775 ], [ 542451.959257327252999, 1361834.814155197469518 ], [ 542432.481910341768526, 1361826.516896154265851 ], [ 542425.425583030213602, 1361823.603324492229149 ], [ 542426.936922576860525, 1361818.316909434273839 ], [ 542428.193758926587179, 1361805.613986674929038 ], [ 542427.98715575307142, 1361753.125397218856961 ], [ 542424.471499212668277, 1361689.99950621696189 ], [ 542418.192883829004131, 1361577.587113738059998 ], [ 542416.999693702440709, 1361554.974057462532073 ], [ 542414.800655025523156, 1361515.366164908278733 ], [ 542413.239734819973819, 1361487.123499043285847 ], [ 542411.949265221133828, 1361464.61643148236908 ], [ 542410.83908649685327, 1361442.120783369289711 ], [ 542407.140785656054504, 1361374.72271320852451 ], [ 542405.843174600158818, 1361352.327345990110189 ], [ 542404.685194869409315, 1361329.155937041155994 ], [ 542400.843480957904831, 1361259.730586102465168 ], [ 542399.498063024249859, 1361236.659459131769836 ], [ 542386.056170928291976, 1361237.378269431646913 ], [ 542377.427835714770481, 1361237.84118823078461 ], [ 542369.624971310375258, 1361232.413663665065542 ], [ 542349.822752187727019, 1361233.514785086968914 ], [ 542318.201445206184871, 1361235.437590626999736 ], [ 542208.06443358422257, 1361242.258402404608205 ], [ 542196.987810779246502, 1361242.790814330335706 ], [ 542146.036445525358431, 1361245.509264904772863 ], [ 542084.646681008278392, 1361248.688826713012531 ], [ 541932.410027695237659, 1361257.110371154500172 ], [ 541916.235358903883025, 1361258.105560555122793 ], [ 541902.508996649296023, 1361259.031381866894662 ], [ 541902.40099757630378, 1361256.445647828979418 ], [ 541902.181281390599906, 1361248.470789410406724 ], [ 541901.579380920855328, 1361235.08970094891265 ], [ 541898.235389922279865, 1361163.4538320354186 ], [ 541897.118342091096565, 1361139.612444992177188 ], [ 541860.503014790243469, 1361141.78171559702605 ], [ 541855.418974433443509, 1361142.020813087699935 ], [ 541858.727228138479404, 1361202.778134335763752 ], [ 541716.352453334606253, 1361211.266616017790511 ], [ 541712.546396605088376, 1361209.904708902584389 ], [ 541494.033068923628889, 1361225.804896302754059 ], [ 541327.821673125843517, 1361234.811550647718832 ], [ 541329.219259430770762, 1361269.995222909608856 ], [ 541330.129272167338058, 1361294.271895386278629 ], [ 541330.390268833492883, 1361303.03420057753101 ], [ 541304.98325374990236, 1361305.465471605071798 ], [ 541296.623234954546206, 1361301.685639325529337 ], [ 541292.718384151230566, 1361301.887437950354069 ], [ 541282.98016844142694, 1361302.729830281808972 ], [ 541260.654090516152792, 1361303.673991760937497 ], [ 541193.744898306904361, 1361306.847560683498159 ], [ 541171.321646985947154, 1361307.897940470837057 ], [ 541170.87622898304835, 1361296.320857648504898 ], [ 541169.511738907545805, 1361262.036336207762361 ], [ 541168.96909922931809, 1361250.56524332636036 ], [ 541105.850165600772016, 1361223.817139892373234 ], [ 541064.942175981588662, 1361206.545191205572337 ], [ 540918.210107650491409, 1361137.853652066318318 ], [ 540855.785680049564689, 1361108.68459603516385 ], [ 540856.942772501148283, 1361123.333925794111565 ], [ 540858.199630182236433, 1361142.138192122569308 ], [ 540859.206734437728301, 1361167.766341228969395 ], [ 540859.718612207332626, 1361182.599200078286231 ], [ 540860.795127955381759, 1361201.39209321141243 ], [ 540861.770372062688693, 1361217.487587525509298 ], [ 540784.514182406943291, 1361219.674815243110061 ], [ 540784.309757373994216, 1361222.913546847412363 ], [ 540784.204020285746083, 1361224.588752883253619 ], [ 540547.454979160684161, 1361232.634364698315039 ], [ 540312.180265185423195, 1361244.591695731272921 ], [ 540307.509037373587489, 1361219.629615246551111 ], [ 540305.204401605762541, 1361207.374782141996548 ], [ 540300.650044979411177, 1361183.429210706381127 ], [ 540289.753930284292437, 1361183.975459741894156 ], [ 540257.051515110651962, 1361185.837651724927127 ], [ 540246.058212196570821, 1361186.489952287869528 ], [ 540247.353048063348979, 1361210.454203264089301 ], [ 540248.109651465783827, 1361224.293277060147375 ], [ 540249.342476430931129, 1361247.805127213010564 ], [ 540092.103226205683313, 1361255.27095244359225 ], [ 540070.04077483213041, 1361256.346947637852281 ], [ 540067.353165287873708, 1361260.214026318397373 ], [ 540057.067142826970667, 1361261.135395950404927 ], [ 540057.292414293508045, 1361257.561601574765518 ], [ 539950.942775844363496, 1361260.389196383301169 ], [ 539895.81209673313424, 1361261.960547665832564 ], [ 539895.260733134928159, 1361250.601209350163117 ], [ 539893.495354173472151, 1361216.852563284570351 ], [ 539892.846784196095541, 1361205.599229314364493 ], [ 539892.547795688034967, 1361198.852910540532321 ], [ 539891.366281935595907, 1361178.820275517879054 ], [ 539890.970095618627965, 1361172.179958315100521 ], [ 539860.480808320571668, 1361173.398242536233738 ], [ 539794.598704014439136, 1361176.086818022653461 ], [ 539780.893761422717944, 1361176.680995406582952 ], [ 539769.013038580073044, 1361177.05374665861018 ], [ 539764.199620897416025, 1361177.311125180451199 ], [ 539759.573550335364416, 1361177.468184547033161 ], [ 539752.776713959639892, 1361177.600616433890536 ], [ 539750.598912161076441, 1361177.687668287428096 ], [ 539738.440692816860974, 1361178.155104438308626 ], [ 539736.63054874073714, 1361178.153196460800245 ], [ 539737.881468897219747, 1361198.526534966658801 ], [ 539740.373620871687308, 1361242.29997759941034 ], [ 539741.390033905743621, 1361253.464340890292078 ], [ 539730.26241699710954, 1361264.872791214846075 ], [ 539690.007445447030477, 1361306.177683121524751 ], [ 539669.911210468038917, 1361319.151631227927282 ], [ 539577.793005698826164, 1361323.104482025839388 ], [ 539577.874222151935101, 1361317.503371143480763 ], [ 539562.193185535841621, 1361317.861307645682245 ], [ 539562.36837419681251, 1361323.702814724994823 ], [ 539538.821587199578062, 1361325.359427509829402 ], [ 539536.205726362997666, 1361279.223665077937767 ], [ 539517.908879044465721, 1361280.87457717070356 ], [ 539508.927337278495543, 1361281.205996382050216 ], [ 539426.727140954346396, 1361284.327413632301614 ], [ 539399.324755887850188, 1361285.405288650654256 ], [ 539398.985709313885309, 1361276.413995882030576 ], [ 539397.607939301291481, 1361249.417418034747243 ], [ 539397.081543936044909, 1361240.526457814965397 ], [ 539382.933027211111039, 1361240.98121179942973 ], [ 539359.788885012501851, 1361241.99092783452943 ], [ 539247.854810990509577, 1361247.278766717296094 ], [ 539210.514264642610215, 1361248.068122012540698 ], [ 539213.641668920754455, 1361314.86672150855884 ], [ 539213.215055013191886, 1361327.397786888759583 ], [ 539212.800353531027213, 1361333.987017834093422 ], [ 539192.516967275179923, 1361331.25286662648432 ], [ 539085.598096297471784, 1361320.151877343421802 ], [ 539073.101833957131021, 1361318.804984756978229 ], [ 539072.873843780253083, 1361300.850780213950202 ], [ 539071.999667410505936, 1361275.904227388324216 ], [ 539020.946438907762058, 1361278.858964778715745 ], [ 539019.060509326518513, 1361252.727538328384981 ], [ 538843.541203232249245, 1361261.644942357903346 ], [ 538844.384474782738835, 1361291.410815219627693 ] ] ] } },
{ "type": "Feature", "properties": { "community_id": "Selected low-growth community", "zcta": "38105", "overlap_sq_m": 2233794.335475341, "overlap_sq_miles": 0.8624728146669175, "share_of_community_area": 0.0040159560963647194 }, "geometry": { "type": "MultiPolygon", "coordinates": [ [ [ [ 539291.41059983195737, 1359639.031141628278419 ], [ 539340.239229976083152, 1359637.058694070670754 ], [ 539341.122856597183272, 1359558.292132124304771 ], [ 539334.740494675119407, 1359559.011665635276586 ], [ 539332.818757523666136, 1359559.33920677867718 ], [ 539308.674657503026538, 1359564.659152188338339 ], [ 539264.228945828857832, 1359567.468226380180568 ], [ 539241.226772974361666, 1359567.590461934451014 ], [ 539244.786773888743483, 1359667.827779026236385 ], [ 539292.642019337275997, 1359668.372638225322589 ], [ 539291.41059983195737, 1359639.031141628278419 ] ] ], [ [ [ 538750.284623962594196, 1359785.061935644131154 ], [ 538751.502275572274812, 1359807.450835936004296 ], [ 538755.155147102312185, 1359874.617562138941139 ], [ 538756.372743180254474, 1359897.006479317788035 ], [ 538757.736667577875778, 1359918.507621914148331 ], [ 538761.897460752283223, 1359983.351785707985982 ], [ 538763.164140125736594, 1360004.958956010406837 ], [ 538768.922729429323226, 1360057.345905824331567 ], [ 538777.655350667540915, 1360138.735416549956426 ], [ 538781.987014056416228, 1360215.251247848616913 ], [ 538784.907933758688159, 1360268.132633380591869 ], [ 538785.469132986618206, 1360277.922608674503863 ], [ 538787.221811702474952, 1360307.633252829080448 ], [ 538787.685812985873781, 1360317.529243255965412 ], [ 538790.478797234012745, 1360365.244983608135954 ], [ 538797.970686813117936, 1360498.021240132395178 ], [ 538799.405356128234416, 1360508.314656275557354 ], [ 538803.26781520282384, 1360536.139822771539912 ], [ 538805.583229582291096, 1360555.4584796926938 ], [ 538807.211312282830477, 1360575.630904876627028 ], [ 538811.998293776996434, 1360636.254213783657178 ], [ 538813.529137704288587, 1360656.532665161183104 ], [ 538815.727532944874838, 1360683.468373857205734 ], [ 538822.059114669216797, 1360764.146847099065781 ], [ 538824.160229383618571, 1360791.188593150116503 ], [ 538826.392474740976468, 1360819.023457617266104 ], [ 538830.010197066701949, 1360866.567068746080622 ], [ 538831.264817266375758, 1360902.749738589860499 ], [ 538832.213680923217908, 1360930.840296210488304 ], [ 538833.703602354507893, 1360967.598404424730688 ], [ 538837.881627297843806, 1361078.190831949701533 ], [ 538838.266999998362735, 1361090.772924316581339 ], [ 538838.527094075223431, 1361103.907757980749011 ], [ 538838.726277059642598, 1361115.132658805465326 ], [ 538842.257544012158178, 1361218.732889275765046 ], [ 538843.541203232249245, 1361261.644942357903346 ], [ 539019.060509326518513, 1361252.727538328384981 ], [ 539020.946438907762058, 1361278.858964778715745 ], [ 539071.999667410505936, 1361275.904227388324216 ], [ 539072.873843780253083, 1361300.850780213950202 ], [ 539073.101833957131021, 1361318.804984756978229 ], [ 539085.598096297471784, 1361320.151877343421802 ], [ 539192.516967275179923, 1361331.25286662648432 ], [ 539212.800353531027213, 1361333.987017834093422 ], [ 539213.215055013191886, 1361327.397786888759583 ], [ 539213.641668920754455, 1361314.86672150855884 ], [ 539210.514264642610215, 1361248.068122012540698 ], [ 539247.854810990509577, 1361247.278766717296094 ], [ 539359.788885012501851, 1361241.99092783452943 ], [ 539382.933027211111039, 1361240.98121179942973 ], [ 539397.081543936044909, 1361240.526457814965397 ], [ 539397.607939301291481, 1361249.417418034747243 ], [ 539398.985709313885309, 1361276.413995882030576 ], [ 539399.324755887850188, 1361285.405288650654256 ], [ 539426.727140954346396, 1361284.327413632301614 ], [ 539508.927337278495543, 1361281.205996382050216 ], [ 539517.908879044465721, 1361280.87457717070356 ], [ 539536.205726362997666, 1361279.223665077937767 ], [ 539538.821587199578062, 1361325.359427509829402 ], [ 539562.36837419681251, 1361323.702814724994823 ], [ 539562.193185535841621, 1361317.861307645682245 ], [ 539577.874222151935101, 1361317.503371143480763 ], [ 539577.793005698826164, 1361323.104482025839388 ], [ 539669.911210468038917, 1361319.151631227927282 ], [ 539690.007445447030477, 1361306.177683121524751 ], [ 539730.26241699710954, 1361264.872791214846075 ], [ 539741.390033905743621, 1361253.464340890292078 ], [ 539740.373620871687308, 1361242.29997759941034 ], [ 539737.881468897219747, 1361198.526534966658801 ], [ 539736.63054874073714, 1361178.153196460800245 ], [ 539738.440692816860974, 1361178.155104438308626 ], [ 539750.598912161076441, 1361177.687668287428096 ], [ 539752.776713959639892, 1361177.600616433890536 ], [ 539759.573550335364416, 1361177.468184547033161 ], [ 539764.199620897416025, 1361177.311125180451199 ], [ 539769.013038580073044, 1361177.05374665861018 ], [ 539780.893761422717944, 1361176.680995406582952 ], [ 539794.598704014439136, 1361176.086818022653461 ], [ 539860.480808320571668, 1361173.398242536233738 ], [ 539890.970095618627965, 1361172.179958315100521 ], [ 539889.956134315463714, 1361150.924516519065946 ], [ 539886.553553873556666, 1361087.135489562759176 ], [ 539885.352193793747574, 1361065.980381863657385 ], [ 539884.337240247870795, 1361053.358484654454514 ], [ 539883.453334067948163, 1361041.529718038160354 ], [ 539946.667013123631477, 1361038.11297839670442 ], [ 539943.00491424894426, 1360962.646676355274394 ], [ 539932.559362414991483, 1360963.221785806119442 ], [ 539930.514920507324859, 1360900.863914157263935 ], [ 539911.538111839676276, 1360901.798439367674291 ], [ 539876.934446494677104, 1360903.654447920853272 ], [ 539875.77520085813012, 1360881.829287478933111 ], [ 539872.269237756612711, 1360816.800553449662402 ], [ 539871.012743611820042, 1360795.081408854573965 ], [ 539870.856175996828824, 1360791.819941769121215 ], [ 539870.516212405171245, 1360784.286199750611559 ], [ 539869.01956390531268, 1360752.012259014882147 ], [ 539868.4258238368202, 1360741.323053698288277 ], [ 539899.644948570989072, 1360740.038577348226681 ], [ 539921.965066615608521, 1360739.202559136785567 ], [ 539917.970704462961294, 1360654.633502756478265 ], [ 539901.705226453952491, 1360655.626806135289371 ], [ 539904.862773815053515, 1360569.602378080133349 ], [ 539890.039729186217301, 1360570.686601915862411 ], [ 539859.124354114406742, 1360572.887276767054573 ], [ 539857.400568205979653, 1360538.468738835770637 ], [ 539856.322917672572657, 1360518.218534753192216 ], [ 539853.919029691023752, 1360468.732567701954395 ], [ 539852.588853097287938, 1360443.869390310486779 ], [ 539852.131820850423537, 1360435.319184269057587 ], [ 539930.749330620048568, 1360430.293758876854554 ], [ 539929.884246445144527, 1360405.235624870052561 ], [ 539923.981391307897866, 1360405.536412713350728 ], [ 539925.59114910592325, 1360397.228559144074097 ], [ 539906.93850912572816, 1360176.066500792047009 ], [ 539891.955573238083161, 1360176.804311714600772 ], [ 539888.019521662034094, 1360118.588433613069355 ], [ 539881.688059019623324, 1360117.068279811646789 ], [ 539879.394671804155223, 1360060.077173652360216 ], [ 539830.494603957631625, 1360058.902478558709845 ], [ 539829.36039789323695, 1360039.545797517290339 ], [ 539829.459078784449957, 1359967.568811933975667 ], [ 539831.396296722232364, 1359949.751121521228924 ], [ 539834.79620165808592, 1359917.337429749313742 ], [ 539835.091138312011026, 1359905.470942771527916 ], [ 539835.300351189798675, 1359896.402138133067638 ], [ 539835.514740799553692, 1359881.503251274814829 ], [ 539834.474520895280875, 1359857.779716608813033 ], [ 539780.764915337436832, 1359858.208478399785236 ], [ 539778.959781198878773, 1359804.948394906241447 ], [ 539710.437095386325382, 1359809.15370508399792 ], [ 539694.620935839018784, 1359810.175783826503903 ], [ 539688.091896666563116, 1359692.483917359029874 ], [ 539684.013098303810693, 1359692.563405829947442 ], [ 539672.22052632283885, 1359692.941956744296476 ], [ 539657.417145772255026, 1359693.691528912167996 ], [ 539638.978795976145193, 1359694.660708937561139 ], [ 539637.799539553932846, 1359694.698569501750171 ], [ 539564.323752816300839, 1359698.481049702502787 ], [ 539464.279104274581186, 1359704.403681792318821 ], [ 539339.268975457292981, 1359711.447073971386999 ], [ 539306.103576326975599, 1359713.396154543152079 ], [ 539254.956680265837349, 1359717.689582513412461 ], [ 539245.050756896613166, 1359718.299564419779927 ], [ 539148.018729468109086, 1359722.39722316712141 ], [ 539102.693297594320029, 1359724.8153688441962 ], [ 539090.464042981504463, 1359724.942996033234522 ], [ 539077.451356029836461, 1359724.572865839581937 ], [ 539072.484940530383028, 1359724.372559379786253 ], [ 539065.437572709168307, 1359724.153471104800701 ], [ 539037.798463503830135, 1359720.284488967387006 ], [ 539011.236663004150614, 1359713.680299480911344 ], [ 538999.34343551332131, 1359709.904908031458035 ], [ 538983.657142146257684, 1359704.545489311916754 ], [ 538979.038497215951793, 1359703.133764981525019 ], [ 538954.210930206580088, 1359696.302469322225079 ], [ 538946.540509502985515, 1359694.474580376641825 ], [ 538912.235637627658434, 1359690.074661261402071 ], [ 538900.916220312705263, 1359688.690066734561697 ], [ 538847.457668727380224, 1359686.561690336791798 ], [ 538821.420397331356071, 1359683.130510521586984 ], [ 538785.799101055017672, 1359676.630127572920173 ], [ 538765.387512555811554, 1359672.992221991764382 ], [ 538743.719427231582813, 1359670.620837276801467 ], [ 538745.089407477993518, 1359693.467777175828815 ], [ 538749.011895349947736, 1359762.108966217609122 ], [ 538750.284623962594196, 1359785.061935644131154 ] ] ], [ [ [ 538247.514311191858724, 1361109.141507145948708 ], [ 538220.869132696650922, 1361108.252509993501008 ], [ 538113.754291721037589, 1361114.642767681973055 ], [ 538088.59269783529453, 1361114.632221051491797 ], [ 538013.01778732961975, 1361114.595363331725821 ], [ 537987.766055514570326, 1361114.579451572382823 ], [ 537968.354443276883103, 1361113.809078690130264 ], [ 537909.828098588390276, 1361111.816291702911258 ], [ 537890.312305065104738, 1361111.263801062712446 ], [ 537879.02876543183811, 1361110.779671020573005 ], [ 537845.247267954400741, 1361109.668078232323751 ], [ 537833.866560496622697, 1361109.290030996315181 ], [ 537820.863042152719572, 1361108.81013142131269 ], [ 537781.672173452097923, 1361107.359233352355659 ], [ 537768.571488147950731, 1361106.985437193885446 ], [ 537755.838437404250726, 1361106.522612552857026 ], [ 537724.317851738887839, 1361105.441279194783419 ], [ 537717.486044773948379, 1361106.133740835823119 ], [ 537704.633840669179335, 1361107.569603097159415 ], [ 537693.133024564827792, 1361110.5478909262456 ], [ 537658.630628798855469, 1361119.482847710140049 ], [ 537647.122839395073242, 1361122.572880798950791 ], [ 537624.391771665541455, 1361128.546599198598415 ], [ 537555.928309126407839, 1361146.451149375876412 ], [ 537533.100217631785199, 1361152.531138417543843 ], [ 537521.585519384476356, 1361155.73302457970567 ], [ 537486.944318858790211, 1361165.444804122904316 ], [ 537475.33249650138896, 1361168.752780415583402 ], [ 537464.019174316199496, 1361171.631006113719195 ], [ 537430.065246696351096, 1361180.489140087971464 ], [ 537418.744952757260762, 1361183.479109304025769 ], [ 537406.585248322109692, 1361186.864932460477576 ], [ 537402.249874505680054, 1361188.162718268111348 ], [ 537369.891770300455391, 1361196.112075673416257 ], [ 537357.565805337624624, 1361199.263293073046952 ], [ 537302.116595928557217, 1361213.164783761138096 ], [ 537242.678872290882282, 1361228.610482977936044 ], [ 537230.92895425518509, 1361231.237385555170476 ], [ 537222.203174399328418, 1361233.26906788116321 ], [ 537195.477931129047647, 1361239.441935776267201 ], [ 537183.63088860292919, 1361242.174934446811676 ], [ 537159.23572479817085, 1361248.718250908423215 ], [ 537150.586134138866328, 1361250.979026180924848 ], [ 537135.485687554930337, 1361255.077834652736783 ], [ 537124.436077949241735, 1361258.085151778301224 ], [ 537115.682349973474629, 1361260.563677872531116 ], [ 537107.858178645838052, 1361262.651996208820492 ], [ 537062.092246233485639, 1361275.143840636126697 ], [ 537022.680110950605012, 1361285.903849455527961 ], [ 537000.123301660059951, 1361292.00222176942043 ], [ 536959.150717252283357, 1361303.11319919093512 ], [ 536926.654393742326647, 1361311.840378758264706 ], [ 536893.873683170531876, 1361320.774101704824716 ], [ 537030.254937892081216, 1361472.614355992991477 ], [ 537097.924748601391912, 1361569.806173425167799 ], [ 537132.441153899184428, 1361717.954248753376305 ], [ 537144.63368281093426, 1361819.405249543720856 ], [ 537142.457212222041562, 1361932.064759435830638 ], [ 537141.986197141814046, 1361954.011393952649087 ], [ 537163.12011294614058, 1361947.487864617491141 ], [ 537223.086200858931988, 1361966.833188566146418 ], [ 537282.553994837333448, 1361950.828817951958627 ], [ 537291.049764169962145, 1361949.567663620924577 ], [ 537306.038881975109689, 1361944.340952520025894 ], [ 537361.754923301050439, 1361928.998800686327741 ], [ 537320.221193704870529, 1361765.833099780138582 ], [ 537302.745966765563935, 1361698.135912691941485 ], [ 537371.307797733228654, 1361681.469068370060995 ], [ 537418.820087957545184, 1361668.527854793937877 ], [ 537534.791868932312354, 1361637.681548063410446 ], [ 537546.576405895408243, 1361634.496633579256013 ], [ 537581.916058211005293, 1361625.165355285862461 ], [ 537593.693624984938651, 1361622.092189675895497 ], [ 537589.194330090540461, 1361598.600339647615328 ], [ 537587.673533961293288, 1361591.104775089072064 ], [ 537578.373250770615414, 1361570.563261077273637 ], [ 537568.585432853666134, 1361531.827211895957589 ], [ 537562.691666704718955, 1361508.920643865829334 ], [ 537574.115777902188711, 1361505.713145102839917 ], [ 537608.186838536639698, 1361496.414477159036323 ], [ 537619.506817633053288, 1361493.424749227939174 ], [ 537625.324316389043815, 1361516.102328747278079 ], [ 537642.866735413437709, 1361584.140772609971464 ], [ 537648.586921973503195, 1361606.924410137115046 ], [ 537671.587247646530159, 1361600.967700510751456 ], [ 537740.588434854289517, 1361583.097944777458906 ], [ 537763.491739185294136, 1361577.247508595930412 ], [ 537775.096157076419331, 1361574.051593441981822 ], [ 537809.624991478747688, 1361564.67033215216361 ], [ 537821.132284251740202, 1361561.580503993434832 ], [ 537832.549434649874456, 1361558.485031981719658 ], [ 537866.620636713108979, 1361549.187388404970989 ], [ 537877.940659735817462, 1361546.198000836418942 ], [ 537889.531146149034612, 1361543.225608387263492 ], [ 537924.212506632320583, 1361534.30286539811641 ], [ 537935.712876583565958, 1361531.324875487480313 ], [ 537947.130116128711961, 1361528.229557327926159 ], [ 537981.194571980973706, 1361519.04405601718463 ], [ 537992.514682226348668, 1361516.05482095410116 ], [ 538010.930792190600187, 1361511.044489522930235 ], [ 538066.075082514667884, 1361496.231438775779679 ], [ 538084.394119297154248, 1361491.327287629712373 ], [ 538079.795763065689243, 1361472.313854351406917 ], [ 538090.273441692930646, 1361474.093147025676444 ], [ 538137.436838584253564, 1361486.922309345332906 ], [ 538117.955914163729176, 1361448.361554319038987 ], [ 538114.569342195987701, 1361441.757805491331965 ], [ 538112.811490410589613, 1361436.601838431553915 ], [ 538109.847306502284482, 1361401.65737721323967 ], [ 538108.750880578067154, 1361383.088139817351475 ], [ 538107.594187081675045, 1361371.242527574999258 ], [ 538102.828105409629643, 1361324.636209058109671 ], [ 538100.030063570826314, 1361289.926472745835781 ], [ 538060.873864208697341, 1361299.464513594284654 ], [ 538050.25615094602108, 1361269.645648336037993 ], [ 538046.006031619850546, 1361258.054288685088977 ], [ 538173.375278110383078, 1361234.659418960334733 ], [ 538236.334926558891311, 1361223.70199810853228 ], [ 538255.666337323957123, 1361219.983017475809902 ], [ 538271.598882523365319, 1361217.059654011623934 ], [ 538266.18663721496705, 1361163.461019363487139 ], [ 538265.025653041666374, 1361109.905251552117988 ], [ 538247.514311191858724, 1361109.141507145948708 ] ] ] ] } },
{ "type": "Feature", "properties": { "community_id": "Selected low-growth community", "zcta": "38104", "overlap_sq_m": 7572940.0650403537, "overlap_sq_miles": 2.9239285056246507, "share_of_community_area": 0.013614769425553131 }, "geometry": { "type": "MultiPolygon", "coordinates": [ [ [ [ 540776.517530210083351, 1359841.831185544840991 ], [ 540772.940801383811049, 1359776.573611982632428 ], [ 540772.663445645826869, 1359769.492306334665045 ], [ 540767.518126207171008, 1359663.098498990293592 ], [ 540760.781753766234033, 1359558.958999470341951 ], [ 540756.956554161384702, 1359555.017536083934829 ], [ 540754.316246546106413, 1359552.384204670786858 ], [ 540753.342930353828706, 1359540.549806971801445 ], [ 540749.916170460171998, 1359484.3839090638794 ], [ 540738.483870195690542, 1359484.783750588074327 ], [ 540704.165841749752872, 1359486.318403403274715 ], [ 540692.636330322129652, 1359486.824295396916568 ], [ 540690.820609512156807, 1359456.772762516280636 ], [ 540689.216156536247581, 1359430.54676563385874 ], [ 540687.859546656138264, 1359413.306286535458639 ], [ 540685.095719502307475, 1359366.712820428889245 ], [ 540683.272846362786368, 1359336.772997076623142 ], [ 540681.930355021380819, 1359312.133287144126371 ], [ 540677.805557987187058, 1359238.320177396759391 ], [ 540676.877165332902223, 1359222.900721704820171 ], [ 540676.546129113063216, 1359213.79785595391877 ], [ 540675.791091493796557, 1359191.325580514036119 ], [ 540675.120537321898155, 1359174.689044601283967 ], [ 540672.2282012848882, 1359124.387521841563284 ], [ 540671.830893076141365, 1359119.204792502569035 ], [ 540669.731562752160244, 1359102.253881002310663 ], [ 540664.787436586804688, 1359078.732482224004343 ], [ 540664.490137778571807, 1359077.70461837365292 ], [ 540654.868018719716929, 1359049.403183064190671 ], [ 540649.009344623424113, 1359024.590759333688766 ], [ 540647.615845693740994, 1359009.366245089098811 ], [ 540646.52386544260662, 1358997.972935883328319 ], [ 540646.522479074192233, 1358985.078708318527788 ], [ 540646.967770635848865, 1358962.233720455784351 ], [ 540647.900614225538447, 1358908.697823242051527 ], [ 540648.567105000256561, 1358893.827528149820864 ], [ 540649.54640794720035, 1358871.128370151855052 ], [ 540649.981810420169495, 1358851.310097503708676 ], [ 540651.287994059734046, 1358791.855298963142559 ], [ 540651.723380680894479, 1358772.03703924943693 ], [ 540650.882139490684494, 1358752.362492175074294 ], [ 540649.93100247962866, 1358745.911495057633147 ], [ 540647.828630611649714, 1358731.875652492744848 ], [ 540639.03448063088581, 1358707.662997542181984 ], [ 540624.358730361564085, 1358681.958111453801394 ], [ 540621.2897094063228, 1358677.503854079404846 ], [ 540609.29682858963497, 1358660.93805201491341 ], [ 540607.780620729899965, 1358657.702977943001315 ], [ 540666.186100285965949, 1358659.032783024944365 ], [ 540841.402580329566263, 1358663.024586711777374 ], [ 540899.717905580298975, 1358664.350292395800352 ], [ 540966.783795369556174, 1358663.313542617019266 ], [ 541167.704160650959238, 1358660.301037728786469 ], [ 541234.673010562430136, 1358659.372368405107409 ], [ 541251.218620840809308, 1358659.744543032720685 ], [ 541300.744112448301166, 1358661.190595514606684 ], [ 541317.192488670581952, 1358661.668879222357646 ], [ 541329.305079665617086, 1358661.985452794702724 ], [ 541340.328433920862153, 1358662.345365050947294 ], [ 541409.722161366837099, 1358664.598552333656698 ], [ 541432.851051843375899, 1358665.386965467128903 ], [ 541436.742982869036496, 1358665.408595339395106 ], [ 541448.397609975305386, 1358665.808528030756861 ], [ 541452.275430102134123, 1358666.053519932320341 ], [ 541513.635915027116425, 1358667.912151833763346 ], [ 541642.128523409599438, 1358671.995500033488497 ], [ 541697.565247679362074, 1358673.032574399607256 ], [ 541758.877915612189099, 1358674.217198591912165 ], [ 541786.043807220761664, 1358675.598130547441542 ], [ 541810.587364608072676, 1358676.925488359527662 ], [ 541829.122440622537397, 1358678.770034510409459 ], [ 541855.820072815171443, 1358683.261043809121475 ], [ 541866.919480080832727, 1358683.850689456798136 ], [ 541893.981041138060391, 1358685.44961594324559 ], [ 541897.512248455663212, 1358685.448646469507366 ], [ 541908.098809471237473, 1358685.557423885678872 ], [ 541911.622955577564426, 1358685.668137326370925 ], [ 541920.39176084229257, 1358685.886237511178479 ], [ 541937.11067502188962, 1358686.382818358717486 ], [ 541946.427632412058301, 1358686.523483777418733 ], [ 541955.016074871178716, 1358686.73021398182027 ], [ 541965.505394169129431, 1358686.945036577759311 ], [ 541996.973353760549799, 1358687.589581408305094 ], [ 542007.365429777884856, 1358687.910429029492661 ], [ 542049.225468844291754, 1358688.876025969395414 ], [ 542174.791476860060357, 1358691.997397410217673 ], [ 542216.644463153672405, 1358693.075489036738873 ], [ 542233.481827026116662, 1358693.131646319990978 ], [ 542283.903748208307661, 1358693.29461043025367 ], [ 542300.650937932427041, 1358693.34519345103763 ], [ 542311.875853164470755, 1358693.382738017244264 ], [ 542313.145461951266043, 1358693.350953085115179 ], [ 542350.434543149662204, 1358693.580280831316486 ], [ 542362.83182238356676, 1358693.692082683788612 ], [ 542389.665220612892881, 1358694.605392882600427 ], [ 542469.894868233939633, 1358697.328702946193516 ], [ 542496.547901798505336, 1358698.230931386118755 ], [ 542671.110849119140767, 1358704.012721846811473 ], [ 542673.311098253470846, 1358622.077152789570391 ], [ 542676.294650245574303, 1358540.639737850986421 ], [ 542678.94345598842483, 1358431.598693834617734 ], [ 542679.114805118297227, 1358421.742637768620625 ], [ 542681.074209381244145, 1358332.167602051515132 ], [ 542681.604216179694049, 1358306.636930193984881 ], [ 542682.235065671033226, 1358283.803620174759999 ], [ 542684.127586505259387, 1358215.303716028109193 ], [ 542684.661159598501399, 1358192.576388768153265 ], [ 542685.103044950170442, 1358182.737483533332124 ], [ 542686.234181456733495, 1358153.432703594909981 ], [ 542686.578806268982589, 1358143.699767026351765 ], [ 542688.975028081098571, 1358065.813460831763223 ], [ 542690.332688522990793, 1357968.576210733037442 ], [ 542690.47570632386487, 1357959.166895236121491 ], [ 542691.634517881087959, 1357906.54225434246473 ], [ 542691.956035697134212, 1357892.883557123597711 ], [ 542694.219167973147705, 1357804.225159506080672 ], [ 542694.494785626768135, 1357794.151513788150623 ], [ 542696.554356363601983, 1357701.55599300051108 ], [ 542699.126554040354677, 1357603.723219871753827 ], [ 542699.29452584660612, 1357602.500500995432958 ], [ 542699.324374353396706, 1357594.878020294941962 ], [ 542701.882334731868468, 1357497.268684265436605 ], [ 542701.676603831001557, 1357477.634136100998148 ], [ 542701.738625415368006, 1357366.524251753930002 ], [ 542702.263392450171523, 1357351.084523234982044 ], [ 542705.209598359884694, 1357235.896710936678573 ], [ 542706.725920171942562, 1357150.443105054320768 ], [ 542707.992663434706628, 1357111.841001431690529 ], [ 542709.951693266630173, 1357045.139981232583523 ], [ 542710.773377248668112, 1357025.009949424071237 ], [ 542712.063423308427446, 1356996.051897497382015 ], [ 542713.600721830385737, 1356957.466976024443284 ], [ 542692.541736421640962, 1356956.806439219275489 ], [ 542629.087111414875835, 1356954.919684445951134 ], [ 542607.930857439991087, 1356954.365320509299636 ], [ 542589.675137737533078, 1356953.770361678674817 ], [ 542534.817778267082758, 1356951.980009584920481 ], [ 542516.464790492784232, 1356951.491172739071772 ], [ 542514.98357340414077, 1356996.358475756598637 ], [ 542467.110911321593449, 1356997.253047242062166 ], [ 542465.500310527859256, 1357034.151487703900784 ], [ 542417.144885854795575, 1357032.661205374868587 ], [ 542419.968727244413458, 1356947.96334378188476 ], [ 542408.401934973429888, 1356947.567792536458001 ], [ 542400.17960704350844, 1356947.271757964976132 ], [ 542371.078692919341847, 1356946.327399072935805 ], [ 542324.089922364917584, 1356944.699898160761222 ], [ 542320.734547346248291, 1357027.794393724761903 ], [ 542319.509855509852059, 1357061.465704789152369 ], [ 542318.966279592830688, 1357075.782963860780001 ], [ 542071.631846039672382, 1357068.88387310039252 ], [ 542061.553018864942715, 1357072.170782050583512 ], [ 542034.024454390630126, 1357067.851187394466251 ], [ 542033.042569124605507, 1357096.268101743422449 ], [ 542032.404453048598953, 1357114.952138784341514 ], [ 542028.711482486920431, 1357223.477097774157301 ], [ 542025.716568669187836, 1357328.122021524934098 ], [ 542024.973121900227852, 1357354.199509849306196 ], [ 542022.458038193755783, 1357432.638249904382974 ], [ 542021.617312354617752, 1357458.821733282413334 ], [ 542021.050384662812576, 1357482.107352504739538 ], [ 542018.967610312625766, 1357552.276451106881723 ], [ 542018.213214182644151, 1357575.662357431137934 ], [ 542017.752191209117882, 1357597.272859125165269 ], [ 542015.987137835705653, 1357662.416601762874052 ], [ 542015.33865015313495, 1357684.127388175111264 ], [ 542014.626600500312634, 1357706.843263479182497 ], [ 542012.56367624423001, 1357765.240868092281744 ], [ 542012.212791169644333, 1357775.085481140064076 ], [ 542011.403472764184698, 1357797.907346471212804 ], [ 542014.478223019163124, 1357809.426185623509809 ], [ 541737.323736962745897, 1357770.376669329823926 ], [ 541558.32123549724929, 1357752.898029665462673 ], [ 541445.386378636001609, 1357740.269152991473675 ], [ 541294.485035175108351, 1357720.871248194482177 ], [ 541256.350972339860164, 1357715.323649288387969 ], [ 541141.64977222844027, 1357699.111495785415173 ], [ 541103.411263586371206, 1357693.782237127888948 ], [ 541070.722332686884329, 1357689.476205358281732 ], [ 541011.449271284975111, 1357681.698336661793292 ], [ 540972.321376737090759, 1357677.546873931307346 ], [ 540939.395580509328283, 1357674.123374240007252 ], [ 540910.986430310644209, 1357670.872913338942453 ], [ 540886.441441581118852, 1357668.090636640787125 ], [ 540825.391069606877863, 1357661.211009185761213 ], [ 540796.884618460433558, 1357658.066912747919559 ], [ 540791.071430483832955, 1357656.915285111404955 ], [ 540786.671714333933778, 1357650.583121697884053 ], [ 540773.368239971227013, 1357631.804310713894665 ], [ 540768.8712576366961, 1357625.578144397353753 ], [ 540761.048421637155116, 1357621.833073131740093 ], [ 540737.399488425813615, 1357610.586522739147767 ], [ 540729.479387910221703, 1357606.947467788821086 ], [ 540718.957772863679565, 1357602.920061631826684 ], [ 540687.371738197631203, 1357591.172952708788216 ], [ 540676.745804288075306, 1357587.363263605162501 ], [ 540636.917926257010549, 1357559.84793834737502 ], [ 540573.90252998797223, 1357516.630999873625115 ], [ 540521.801895923563279, 1357486.996813161065802 ], [ 540514.601795204915106, 1357484.86095291771926 ], [ 540469.860775643028319, 1357472.060914205620065 ], [ 540501.38709860900417, 1357451.736715139588341 ], [ 540504.394398009055294, 1357448.562712016282603 ], [ 540519.729680848191492, 1357432.263067978201434 ], [ 540536.207523424527608, 1357403.590042866300792 ], [ 540541.769348061294295, 1357384.319565668934956 ], [ 540545.624519239296205, 1357364.829346617450938 ], [ 540545.46510886575561, 1357319.970816489076242 ], [ 540545.149114541010931, 1357271.850917840143666 ], [ 540517.074579835520126, 1357213.010907873976976 ], [ 540516.028775164159015, 1357210.926782761001959 ], [ 540493.223796440172009, 1357163.294927184702829 ], [ 540471.503595556365326, 1357112.816421532072127 ], [ 540465.405287272646092, 1357081.710791230900213 ], [ 540467.578736013616435, 1357057.293362883618101 ], [ 540473.430908186011948, 1357039.162413455080241 ], [ 540480.720925176516175, 1357026.952411666978151 ], [ 540487.017427958198823, 1357016.137342499103397 ], [ 540519.174433089443482, 1356975.783335462212563 ], [ 540489.030644621467218, 1356969.846274566836655 ], [ 540398.84150547417812, 1356952.4994953176938 ], [ 540378.453272191574797, 1356923.968877401668578 ], [ 540339.067660486558452, 1356978.443387042498216 ], [ 540273.775501478463411, 1357068.957737545482814 ], [ 540219.291338836424984, 1357140.308351731626317 ], [ 540212.177733022370376, 1357149.726659676060081 ], [ 540177.197211053455248, 1357191.809875620296225 ], [ 540133.212679059128277, 1357231.644039439503103 ], [ 540001.157189291785471, 1357351.365647112950683 ], [ 539957.077010517590679, 1357391.30676961899735 ], [ 539956.667190925218165, 1357407.874832456698641 ], [ 539956.283516726572998, 1357418.27789928810671 ], [ 539955.076938306679949, 1357457.556307600345463 ], [ 539954.479685176745988, 1357474.224693763302639 ], [ 539954.319866911158897, 1357482.511571475537494 ], [ 539953.721348664490506, 1357500.63745337491855 ], [ 539953.55575536203105, 1357507.578518267953768 ], [ 539953.298705349676311, 1357515.971394282765687 ], [ 539953.231602464918979, 1357521.348971508443356 ], [ 539953.054462533560582, 1357525.59840793069452 ], [ 539952.989884144626558, 1357528.06100033945404 ], [ 539952.745640250504948, 1357537.68801495898515 ], [ 539952.491113640135154, 1357543.165907465387136 ], [ 539926.649735456216149, 1357546.583518218016252 ], [ 539916.338264586869627, 1357547.840042850235477 ], [ 539881.913210239028558, 1357552.398913922021165 ], [ 539845.85394787369296, 1357561.339829697273672 ], [ 539808.365740623092279, 1357569.966658908175305 ], [ 539772.439034725772217, 1357578.243498178897426 ], [ 539767.157361286692321, 1357580.153308786218986 ], [ 539751.305323325097561, 1357585.994438376277685 ], [ 539745.926434206659906, 1357588.010260611306876 ], [ 539712.183161344262771, 1357599.003617119975388 ], [ 539698.219442725880072, 1357603.618293761042878 ], [ 539610.316723656607792, 1357630.598929210333154 ], [ 539594.597273872117512, 1357635.775961154140532 ], [ 539576.664008485269733, 1357641.598502825479954 ], [ 539570.404364365618676, 1357643.222624257905409 ], [ 539506.690609499346465, 1357659.954358672956005 ], [ 539503.588919259607792, 1357660.31973145250231 ], [ 539457.604759641108103, 1357665.834517152281478 ], [ 539355.194236586336046, 1357668.695641910424456 ], [ 539280.731727575883269, 1357670.625455943634734 ], [ 539250.799626397667453, 1357671.433155247243121 ], [ 539206.373535538441502, 1357672.338234007591382 ], [ 539160.756157530471683, 1357670.589834665879607 ], [ 539023.716595422825776, 1357665.446428180439398 ], [ 539012.331284608924761, 1357665.066805939888582 ], [ 538978.093283008085564, 1357662.353184667648748 ], [ 538970.961058871820569, 1357662.016820116667077 ], [ 538949.272741434164345, 1357661.325784856686369 ], [ 538942.04330227652099, 1357661.09545197035186 ], [ 538941.727307626162656, 1357666.120996680110693 ], [ 538941.214694053167477, 1357674.273547447053716 ], [ 538939.920436167507432, 1357697.737436113180593 ], [ 538939.421866498305462, 1357705.666631491389126 ], [ 538938.703867976786569, 1357728.606158649083227 ], [ 538936.355421235668473, 1357797.636782153975219 ], [ 538935.540193676366471, 1357820.682334793033078 ], [ 538922.538679976132698, 1357820.089075067080557 ], [ 538883.332689511007629, 1357818.633110166992992 ], [ 538870.233961969614029, 1357818.145938281901181 ], [ 538869.74138396861963, 1357827.420963975600898 ], [ 538868.076246410026215, 1357855.346383858704939 ], [ 538867.486456023878418, 1357864.727421228308231 ], [ 538866.899339057039469, 1357879.826771241147071 ], [ 538895.912472736323252, 1357882.099373575299978 ], [ 538894.177954107988626, 1357928.408211367670447 ], [ 538931.280995566863567, 1357930.18050829321146 ], [ 538929.711496959556825, 1357978.181555256480351 ], [ 538929.640174942440353, 1357980.7558448696509 ], [ 538927.725467261392623, 1358035.686688524205238 ], [ 538922.091955107403919, 1358164.159187932964414 ], [ 538949.114089401206002, 1358164.961390360025689 ], [ 539029.979048717068508, 1358167.692202290520072 ], [ 539037.65900010347832, 1358167.950968911405653 ], [ 539056.86997718445491, 1358167.701646361267194 ], [ 539056.195940039120615, 1358187.056171635864303 ], [ 539053.889205718529411, 1358245.326107815140858 ], [ 539053.027762341545895, 1358264.780980357434601 ], [ 539023.313023525057361, 1358292.399943144293502 ], [ 538944.174172332393937, 1358365.907814187230542 ], [ 538933.996568861184642, 1358375.134470801334828 ], [ 538903.942897847970016, 1358402.396153425332159 ], [ 538877.5097287283279, 1358431.118909389246255 ], [ 538886.259118595276959, 1358438.844786184141412 ], [ 538904.169954576296732, 1358450.622484826715663 ], [ 538937.118178352480754, 1358466.597320229979232 ], [ 538955.698636206449009, 1358473.483914059819654 ], [ 538982.583000405458733, 1358480.780644657555968 ], [ 539009.483619808102958, 1358484.939091196749359 ], [ 539008.870308851241134, 1358497.570214959094301 ], [ 539006.655591910239309, 1358535.66426629642956 ], [ 539005.945072193513624, 1358548.40140328113921 ], [ 539005.581236550933681, 1358561.384587770793587 ], [ 539004.295308305765502, 1358600.54616527678445 ], [ 539003.961814437061548, 1358610.167624331079423 ], [ 539003.924443355412222, 1358613.641034965403378 ], [ 539003.589822103152983, 1358624.720001570414752 ], [ 539002.218200811068527, 1358658.045900206780061 ], [ 539001.786370434914716, 1358669.230878820409998 ], [ 539001.007508936105296, 1358707.527412643656135 ], [ 538993.570195115753449, 1358815.70536758704111 ], [ 538993.32912847714033, 1358822.417497896589339 ], [ 538991.634383806027472, 1358860.880724019836634 ], [ 538990.825761894695461, 1358883.814791423268616 ], [ 538988.309695342904888, 1358952.611348350299522 ], [ 538987.403856575489044, 1358975.651441655587405 ], [ 538986.754501985386014, 1358998.931913998909295 ], [ 538984.626054767868482, 1359068.762014842126518 ], [ 538983.879480588482693, 1359092.14851364097558 ], [ 538983.654027019161731, 1359114.446573974564672 ], [ 538983.46006537869107, 1359131.925380306551233 ], [ 538981.33338037901558, 1359181.573732481803745 ], [ 538980.282271808362566, 1359204.044125977205113 ], [ 538999.561181723838672, 1359202.67786115501076 ], [ 539057.113385447300971, 1359198.78567047114484 ], [ 539076.295128454687074, 1359197.525586252799258 ], [ 539077.412600912037306, 1359214.302056123735383 ], [ 539080.397239185287617, 1359264.720470168394968 ], [ 539081.417477239272557, 1359281.602957252645865 ], [ 539081.759511819342151, 1359287.679064884083346 ], [ 539082.424908807617612, 1359305.884699348825961 ], [ 539082.669739045668393, 1359312.066815798170865 ], [ 539107.498300288803875, 1359310.265059272758663 ], [ 539181.96299280889798, 1359305.195262057473883 ], [ 539206.694410132127814, 1359303.499799736076966 ], [ 539208.139476728392765, 1359326.575774218887091 ], [ 539212.204059376148507, 1359395.786703132791445 ], [ 539213.551862532040104, 1359418.968701941194013 ], [ 539216.738260377547704, 1359441.705783974612132 ], [ 539218.542858282686211, 1359448.995163996936753 ], [ 539220.471581122954376, 1359457.189334203023463 ], [ 539235.860382391954772, 1359504.688453006092459 ], [ 539239.762201742618345, 1359526.125115771545097 ], [ 539240.183679504320025, 1359536.691147047560662 ], [ 539241.226772974361666, 1359567.590461934451014 ], [ 539264.228945828857832, 1359567.468226380180568 ], [ 539308.674657503026538, 1359564.659152188338339 ], [ 539332.818757523666136, 1359559.33920677867718 ], [ 539334.740494675119407, 1359559.011665635276586 ], [ 539341.122856597183272, 1359558.292132124304771 ], [ 539340.239229976083152, 1359637.058694070670754 ], [ 539291.41059983195737, 1359639.031141628278419 ], [ 539292.642019337275997, 1359668.372638225322589 ], [ 539244.786773888743483, 1359667.827779026236385 ], [ 539245.944483422790654, 1359702.658637335756794 ], [ 539245.050756896613166, 1359718.299564419779927 ], [ 539254.956680265837349, 1359717.689582513412461 ], [ 539306.103576326975599, 1359713.396154543152079 ], [ 539339.268975457292981, 1359711.447073971386999 ], [ 539464.279104274581186, 1359704.403681792318821 ], [ 539564.323752816300839, 1359698.481049702502787 ], [ 539637.799539553932846, 1359694.698569501750171 ], [ 539638.978795976145193, 1359694.660708937561139 ], [ 539657.417145772255026, 1359693.691528912167996 ], [ 539672.22052632283885, 1359692.941956744296476 ], [ 539684.013098303810693, 1359692.563405829947442 ], [ 539688.091896666563116, 1359692.483917359029874 ], [ 539694.620935839018784, 1359810.175783826503903 ], [ 539710.437095386325382, 1359809.15370508399792 ], [ 539778.959781198878773, 1359804.948394906241447 ], [ 539780.764915337436832, 1359858.208478399785236 ], [ 539834.474520895280875, 1359857.779716608813033 ], [ 539835.514740799553692, 1359881.503251274814829 ], [ 539835.300351189798675, 1359896.402138133067638 ], [ 539835.091138312011026, 1359905.470942771527916 ], [ 539834.79620165808592, 1359917.337429749313742 ], [ 539831.396296722232364, 1359949.751121521228924 ], [ 539829.459078784449957, 1359967.568811933975667 ], [ 539829.36039789323695, 1360039.545797517290339 ], [ 539830.494603957631625, 1360058.902478558709845 ], [ 539879.394671804155223, 1360060.077173652360216 ], [ 539881.688059019623324, 1360117.068279811646789 ], [ 539888.019521662034094, 1360118.588433613069355 ], [ 539891.955573238083161, 1360176.804311714600772 ], [ 539906.93850912572816, 1360176.066500792047009 ], [ 539925.59114910592325, 1360397.228559144074097 ], [ 539923.981391307897866, 1360405.536412713350728 ], [ 539929.884246445144527, 1360405.235624870052561 ], [ 539930.749330620048568, 1360430.293758876854554 ], [ 539852.131820850423537, 1360435.319184269057587 ], [ 539852.588853097287938, 1360443.869390310486779 ], [ 539853.919029691023752, 1360468.732567701954395 ], [ 539856.322917672572657, 1360518.218534753192216 ], [ 539857.400568205979653, 1360538.468738835770637 ], [ 539859.124354114406742, 1360572.887276767054573 ], [ 539890.039729186217301, 1360570.686601915862411 ], [ 539904.862773815053515, 1360569.602378080133349 ], [ 539901.705226453952491, 1360655.626806135289371 ], [ 539917.970704462961294, 1360654.633502756478265 ], [ 539921.965066615608521, 1360739.202559136785567 ], [ 539899.644948570989072, 1360740.038577348226681 ], [ 539868.4258238368202, 1360741.323053698288277 ], [ 539869.01956390531268, 1360752.012259014882147 ], [ 539870.516212405171245, 1360784.286199750611559 ], [ 539870.856175996828824, 1360791.819941769121215 ], [ 539871.012743611820042, 1360795.081408854573965 ], [ 539872.269237756612711, 1360816.800553449662402 ], [ 539875.77520085813012, 1360881.829287478933111 ], [ 539876.934446494677104, 1360903.654447920853272 ], [ 539911.538111839676276, 1360901.798439367674291 ], [ 539930.514920507324859, 1360900.863914157263935 ], [ 539932.559362414991483, 1360963.221785806119442 ], [ 539943.00491424894426, 1360962.646676355274394 ], [ 539946.667013123631477, 1361038.11297839670442 ], [ 539883.453334067948163, 1361041.529718038160354 ], [ 539884.337240247870795, 1361053.358484654454514 ], [ 539885.352193793747574, 1361065.980381863657385 ], [ 539886.553553873556666, 1361087.135489562759176 ], [ 539889.956134315463714, 1361150.924516519065946 ], [ 539890.970095618627965, 1361172.179958315100521 ], [ 539891.366281935595907, 1361178.820275517879054 ], [ 539892.547795688034967, 1361198.852910540532321 ], [ 539892.846784196095541, 1361205.599229314364493 ], [ 539893.495354173472151, 1361216.852563284570351 ], [ 539895.260733134928159, 1361250.601209350163117 ], [ 539895.81209673313424, 1361261.960547665832564 ], [ 539950.942775844363496, 1361260.389196383301169 ], [ 540057.292414293508045, 1361257.561601574765518 ], [ 540057.067142826970667, 1361261.135395950404927 ], [ 540067.353165287873708, 1361260.214026318397373 ], [ 540070.04077483213041, 1361256.346947637852281 ], [ 540092.103226205683313, 1361255.27095244359225 ], [ 540249.342476430931129, 1361247.805127213010564 ], [ 540248.109651465783827, 1361224.293277060147375 ], [ 540247.353048063348979, 1361210.454203264089301 ], [ 540246.058212196570821, 1361186.489952287869528 ], [ 540257.051515110651962, 1361185.837651724927127 ], [ 540289.753930284292437, 1361183.975459741894156 ], [ 540300.650044979411177, 1361183.429210706381127 ], [ 540305.204401605762541, 1361207.374782141996548 ], [ 540307.509037373587489, 1361219.629615246551111 ], [ 540312.180265185423195, 1361244.591695731272921 ], [ 540547.454979160684161, 1361232.634364698315039 ], [ 540784.204020285746083, 1361224.588752883253619 ], [ 540784.309757373994216, 1361222.913546847412363 ], [ 540784.514182406943291, 1361219.674815243110061 ], [ 540861.770372062688693, 1361217.487587525509298 ], [ 540860.795127955381759, 1361201.39209321141243 ], [ 540859.718612207332626, 1361182.599200078286231 ], [ 540859.206734437728301, 1361167.766341228969395 ], [ 540858.199630182236433, 1361142.138192122569308 ], [ 540856.942772501148283, 1361123.333925794111565 ], [ 540855.785680049564689, 1361108.68459603516385 ], [ 540854.931313156499527, 1361096.409008943242952 ], [ 540853.495608022087254, 1361076.135833683190867 ], [ 540853.082387731643394, 1361059.739465216174722 ], [ 540852.768943869043142, 1361047.498030398273841 ], [ 540852.470681266160682, 1361040.751690090633929 ], [ 540826.573405414586887, 1361033.734943157527596 ], [ 540748.49957621737849, 1361012.997453753836453 ], [ 540722.504944049054757, 1361006.087012435309589 ], [ 540710.752195817301981, 1361002.99067786661908 ], [ 540709.323775412049145, 1361002.676282192813233 ], [ 540685.060295460978523, 1360998.45408452488482 ], [ 540669.109496485441923, 1360997.33538938104175 ], [ 540655.585896180593409, 1360996.482010223437101 ], [ 540645.557289670687169, 1360996.185564344516024 ], [ 540640.292928325594403, 1360996.414004521677271 ], [ 540622.27824485860765, 1360999.313789563719183 ], [ 540608.52915445365943, 1361002.034255650127307 ], [ 540568.779384349356405, 1361010.850888332817703 ], [ 540528.036541521199979, 1361021.062674360815436 ], [ 540527.549226518021896, 1361015.874184043845162 ], [ 540527.143586279591545, 1361012.260595617583022 ], [ 540526.930915418313816, 1361009.892555392580107 ], [ 540526.594294740003534, 1361006.619696223409846 ], [ 540526.140769456978887, 1361002.33033777307719 ], [ 540524.932450689026155, 1360982.744375332957134 ], [ 540524.605741706560366, 1360976.444770466070622 ], [ 540523.860728592961095, 1360965.29740687017329 ], [ 540523.717075100750662, 1360963.270096538355574 ], [ 540523.417110715294257, 1360957.981303942855448 ], [ 540523.259365738951601, 1360956.177354517159984 ], [ 540522.88333345123101, 1360950.659513748018071 ], [ 540521.748185459640808, 1360934.217673376668245 ], [ 540521.365103948395699, 1360928.81151401088573 ], [ 540544.207444130908698, 1360932.607198430690914 ], [ 540612.197567671653815, 1360946.763870187103748 ], [ 540613.848991174250841, 1360932.067580696428195 ], [ 540613.669455647352152, 1360903.35227945074439 ], [ 540612.958323738654144, 1360893.104045897256583 ], [ 540663.507780793006532, 1360891.023815039778128 ], [ 540660.588293311186135, 1360821.097921244101599 ], [ 540645.457851830055006, 1360531.534272785764188 ], [ 540648.823668951052241, 1360522.664561793673784 ], [ 540648.049067278741859, 1360513.421475894050673 ], [ 540643.360621206578799, 1360513.125646894099191 ], [ 540637.711209707078524, 1360397.50525962584652 ], [ 540635.612913477583788, 1360359.026334369089454 ], [ 540625.027904270915315, 1360162.365315722767264 ], [ 540639.763084487989545, 1360159.819158622995019 ], [ 540636.920437474036589, 1360137.439226927934214 ], [ 540623.67159226955846, 1360137.948808385757729 ], [ 540610.842321686097421, 1359951.01354584726505 ], [ 540614.394116008770652, 1359950.677007041871548 ], [ 540663.369742145412602, 1359946.366822362178937 ], [ 540661.485321968910284, 1359908.798533943248913 ], [ 540670.565618739812635, 1359908.362343467539176 ], [ 540697.716349350987002, 1359907.048140248050913 ], [ 540706.706483374349773, 1359906.606298535130918 ], [ 540713.247966818627901, 1359906.234201732091606 ], [ 540721.336415327619761, 1359905.735478131566197 ], [ 540765.20509500161279, 1359903.458204590249807 ], [ 540771.385910744662397, 1359903.063391116214916 ], [ 540781.111504163360223, 1359902.44379187328741 ], [ 540776.959663403220475, 1359850.604754036059603 ], [ 540776.517530210083351, 1359841.831185544840991 ] ] ], [ [ [ 542433.15694114821963, 1359835.534801781876013 ], [ 542405.637632037512958, 1359836.93234933516942 ], [ 542371.486482115113176, 1359838.695102910744026 ], [ 542322.899452235200442, 1359841.114109408343211 ], [ 542295.290031354292296, 1359842.506304996553808 ], [ 542272.862687962129712, 1359843.553771090228111 ], [ 542231.087923148646951, 1359845.619517083512619 ], [ 542205.296071361517534, 1359846.902761366451159 ], [ 542182.771529500489123, 1359848.05643592402339 ], [ 542150.722683440078981, 1359849.504578146385029 ], [ 542083.433793766307645, 1359852.759966766228899 ], [ 541992.621599749079905, 1359857.218999339966103 ], [ 541955.924786940449849, 1359859.158755856566131 ], [ 541947.662875420763157, 1359859.53322949889116 ], [ 541956.931095896288753, 1360066.541427562013268 ], [ 541967.004719779943116, 1360229.311519572511315 ], [ 541966.257640071213245, 1360264.023092577699572 ], [ 541961.93136860569939, 1360335.285395665792748 ], [ 541962.243782628094777, 1360377.576413520146161 ], [ 541967.082050559925847, 1360471.395040470873937 ], [ 542074.877123417449184, 1360464.534588217269629 ], [ 542079.78831365169026, 1360464.17253730352968 ], [ 542084.734831210458651, 1360463.25209638196975 ], [ 542086.254839026834816, 1360456.39647562848404 ], [ 542085.885520833893679, 1360427.893225090345368 ], [ 542085.342276402399875, 1360387.83005387079902 ], [ 542082.76392005989328, 1360344.162259676028043 ], [ 542080.951904797228053, 1360315.567769119981676 ], [ 542074.104549393057823, 1360166.232159822946414 ], [ 542067.575798104284331, 1360059.075967998011038 ], [ 542063.919848237419501, 1359980.917757904855534 ], [ 542063.469928902690299, 1359967.994916836032644 ], [ 542062.577522056410089, 1359947.755960156209767 ], [ 542061.033254968002439, 1359909.199400018667802 ], [ 542062.615193963283673, 1359902.796222488861531 ], [ 542065.102546800277196, 1359899.253444687696174 ], [ 542075.566780049470253, 1359889.824156425893307 ], [ 542081.315657139522955, 1359879.087459482485428 ], [ 542082.034964786260389, 1359874.872214855393395 ], [ 542097.497720560524613, 1359898.051153933862224 ], [ 542104.948799814446829, 1359909.062279913108796 ], [ 542111.813096840749495, 1359923.624292999040335 ], [ 542118.037442540167831, 1359939.715578925097361 ], [ 542125.333686742000282, 1359964.620443441672251 ], [ 542127.404523347504437, 1359973.385088842594996 ], [ 542130.823482528910972, 1359998.044667224399745 ], [ 542130.622935564257205, 1360015.523498632246628 ], [ 542124.569120112922974, 1360104.055756218032911 ], [ 542123.602429235470481, 1360142.229302630061284 ], [ 542126.040199372102506, 1360169.5178498912137 ], [ 542129.119231699383818, 1360188.101202655350789 ], [ 542132.896374848671257, 1360202.804342536954209 ], [ 542136.646622196538374, 1360210.778264707885683 ], [ 542165.590083048329689, 1360254.095935371005908 ], [ 542194.764467352651991, 1360289.46744157676585 ], [ 542219.944804387749173, 1360323.577199142891914 ], [ 542243.728353593382053, 1360359.729045753367245 ], [ 542250.071748839574866, 1360362.485113158589229 ], [ 542255.543483506655321, 1360363.279888203600422 ], [ 542258.30494365375489, 1360362.55764083750546 ], [ 542262.93500715540722, 1360359.486885941121727 ], [ 542290.343907758477144, 1360332.629477663896978 ], [ 542320.030016031698324, 1360304.122271279804409 ], [ 542341.136509089614265, 1360275.296375619014725 ], [ 542351.9753010206623, 1360259.948453250341117 ], [ 542362.407443590811454, 1360242.444419900188223 ], [ 542370.877191013307311, 1360224.479809619020671 ], [ 542405.346970965038054, 1360151.873979225056246 ], [ 542425.081724183051847, 1360104.685010159155354 ], [ 542468.690053269034252, 1359977.828635941026732 ], [ 542476.369702492025681, 1359948.040966342203319 ], [ 542499.086654136772268, 1359832.308211479801685 ], [ 542450.236068280530162, 1359834.597692132694647 ], [ 542433.15694114821963, 1359835.534801781876013 ] ] ] ] } },
{ "type": "Feature", "properties": { "community_id": "Selected low-growth community", "zcta": "38106", "overlap_sq_m": 27176134.144570827, "overlap_sq_miles": 10.492764054057862, "share_of_community_area": 0.048857748388143593 }, "geometry": { "type": "Polygon", "coordinates": [ [ [ 534079.970755158923566, 1356991.713831325527281 ], [ 534164.896415056660771, 1357036.918905061203986 ], [ 534218.354981572018005, 1357084.312023116042838 ], [ 534254.51844512776006, 1357117.173613616498187 ], [ 534308.384312475449406, 1357169.638002480613068 ], [ 534350.574176303693093, 1357213.302535930881277 ], [ 534430.334612924838439, 1357287.563058517873287 ], [ 534516.07064604270272, 1357377.781297523761168 ], [ 534593.877885779831558, 1357454.27627042774111 ], [ 534713.886814476689324, 1357562.555082133505493 ], [ 534844.202158178319223, 1357697.153806056361645 ], [ 534950.176437516580336, 1357803.888066484127194 ], [ 534982.74438893632032, 1357775.312730083009228 ], [ 534996.436428811517544, 1357763.385964217828587 ], [ 535015.083369509316981, 1357747.508041502675042 ], [ 535063.279816206311807, 1357706.454453413607553 ], [ 535112.240085974801332, 1357664.776105807395652 ], [ 535144.64915529685095, 1357637.312612092820928 ], [ 535152.845474763540551, 1357629.30342569691129 ], [ 535154.094682976719923, 1357628.148129099048674 ], [ 535161.04878195526544, 1357621.182565703988075 ], [ 535181.633591393590905, 1357600.380699487868696 ], [ 535190.815589965321124, 1357591.087683534715325 ], [ 535256.98927707853727, 1357531.873452539555728 ], [ 535275.567432001116686, 1357517.112949633970857 ], [ 535296.56646459212061, 1357504.185432376107201 ], [ 535320.347151341265999, 1357493.113449898315594 ], [ 535323.959008127101697, 1357501.972065218258649 ], [ 535329.98902756231837, 1357499.65785085875541 ], [ 535361.734283295576461, 1357490.092467957409099 ], [ 535386.553613368072547, 1357485.588346273638308 ], [ 535420.481606554589234, 1357484.568321413127705 ], [ 535480.642202278249897, 1357485.411442783195525 ], [ 535521.9516930882819, 1357486.534724907716736 ], [ 535546.921548841986805, 1357488.319048243807629 ], [ 535591.013101442018524, 1357489.840723190456629 ], [ 535598.783762926701456, 1357490.10204505873844 ], [ 535705.73423629894387, 1357494.206957218237221 ], [ 535794.160543328966014, 1357496.258311477489769 ], [ 535801.202669729478657, 1357496.586394524434581 ], [ 535809.701865214970894, 1357496.781330619938672 ], [ 535809.097529430873692, 1357516.58839935483411 ], [ 535808.070217945612967, 1357589.512883653631434 ], [ 535807.249267238890752, 1357648.996164334006608 ], [ 535806.223564567393623, 1357663.955848040757701 ], [ 535805.649389593396336, 1357677.486226218985394 ], [ 535814.01462217560038, 1357682.718111044960096 ], [ 535830.032214128295891, 1357688.6526232175529 ], [ 535877.883534855442122, 1357706.780107293277979 ], [ 535893.803869100636803, 1357712.820782094961032 ], [ 535905.73479356081225, 1357718.948407914256677 ], [ 535915.196195242227986, 1357724.024699667235836 ], [ 535942.305457828100771, 1357735.025552417850122 ], [ 535954.569744851556607, 1357740.165032471064478 ], [ 535971.607186451205052, 1357745.715121623827145 ], [ 535994.749093299498782, 1357753.552992392797023 ], [ 536023.241399294696748, 1357758.361983522539958 ], [ 536040.619795109378174, 1357761.35481861489825 ], [ 536054.412091124686413, 1357762.329517035046592 ], [ 536095.428203313960694, 1357765.231180895818397 ], [ 536109.123315604869276, 1357766.312007574597374 ], [ 536109.193169990670867, 1357765.195194151252508 ], [ 536109.263024376239628, 1357764.078380734892562 ], [ 536109.402733144932427, 1357761.844753937562928 ], [ 536109.472587528056465, 1357760.727940558223054 ], [ 536140.970960697392002, 1357760.90426461212337 ], [ 536143.503305380814709, 1357760.950548965716735 ], [ 536202.282035004696809, 1357760.703331880737096 ], [ 536235.501050946302712, 1357760.875525321345776 ], [ 536266.902270872029476, 1357761.158350894227624 ], [ 536266.887650017626584, 1357762.839211857877672 ], [ 536266.663404605234973, 1357767.870509010041133 ], [ 536266.551604858250357, 1357769.657408337108791 ], [ 536303.83619661082048, 1357769.972118558827788 ], [ 536415.690015953616239, 1357770.917222551070154 ], [ 536452.877455914160237, 1357771.338617803994566 ], [ 536464.984056664165109, 1357771.759999765781686 ], [ 536501.019303347915411, 1357773.230674043530598 ], [ 536513.028721371549182, 1357773.758159468416125 ], [ 536525.614240688155405, 1357773.76113076065667 ], [ 536563.176440298673697, 1357773.982225329149514 ], [ 536575.664781096507795, 1357774.091305025620386 ], [ 536600.454090822604485, 1357774.40990702714771 ], [ 536674.822035738499835, 1357775.366143281338736 ], [ 536699.514171616407111, 1357775.791065457742661 ], [ 536719.814190239761956, 1357776.950095013715327 ], [ 536780.707237065187655, 1357780.539152931189165 ], [ 536800.910059908521362, 1357781.804406978655607 ], [ 536820.974465595907532, 1357782.388326676096767 ], [ 536850.606128598330542, 1357783.459410287905484 ], [ 536880.945328766596504, 1357784.799152916297317 ], [ 536900.898555388324894, 1357785.712652383139357 ], [ 536903.155474675237201, 1357728.000696611125022 ], [ 536903.401829234091565, 1357721.176880030427128 ], [ 536973.627772529609501, 1357723.221645520301536 ], [ 536976.989202760625631, 1357663.785007247934118 ], [ 536977.626657608081587, 1357652.164586312137544 ], [ 536996.679037461872213, 1357651.564308310858905 ], [ 537001.525662266183645, 1357591.54804296256043 ], [ 537002.918589530047029, 1357541.854591212701052 ], [ 536918.50276203721296, 1357539.3692737063393 ], [ 536909.732984246569686, 1357539.156288951868191 ], [ 536913.337942567653954, 1357436.793593117501587 ], [ 536913.993017615750432, 1357417.662358260480687 ], [ 536915.875027032569051, 1357360.151342010358348 ], [ 536916.432900073705241, 1357341.126149870222434 ], [ 536917.058487573638558, 1357325.356636818731204 ], [ 536918.74085733492393, 1357278.260170970810577 ], [ 536919.179049895843491, 1357262.591046797344461 ], [ 536919.58627918548882, 1357253.198612965410575 ], [ 536920.544368814327754, 1357224.892686358420178 ], [ 536920.764206292224117, 1357215.600635986076668 ], [ 536922.270165929687209, 1357174.211197511292994 ], [ 536926.510384565335698, 1357050.137698575621471 ], [ 536927.828903406043537, 1357008.848697606706992 ], [ 536932.706660997588187, 1357009.04211351973936 ], [ 536954.576863917871378, 1357009.739349438110366 ], [ 537034.640344889950939, 1357012.400503697339445 ], [ 537061.291107671451755, 1357013.397517364937812 ], [ 537083.702505002263933, 1357014.12899057334289 ], [ 537150.756297586252913, 1357016.312457311199978 ], [ 537173.07049648615066, 1357017.150191693101078 ], [ 537175.011367581319064, 1357007.853882432449609 ], [ 537176.534758040448651, 1356974.874455800047144 ], [ 537176.913464268785901, 1356967.386264666449279 ], [ 537225.657099754316732, 1356968.422876502620056 ], [ 537226.498474927502684, 1356965.112058739410713 ], [ 537237.135838986374438, 1356964.433315464295447 ], [ 537239.149636844405904, 1356808.042492813663557 ], [ 537246.548112175776623, 1356650.980297691188753 ], [ 537275.448088240926154, 1356652.230990150244907 ], [ 537281.160979597945698, 1356597.20276861358434 ], [ 537302.213423702283762, 1356597.961690614931285 ], [ 537301.626069941557944, 1356618.890938789816573 ], [ 537300.399331977125257, 1356654.355457776226103 ], [ 537579.354742080671713, 1356660.969134711194783 ], [ 537579.626516566495411, 1356634.974748050561175 ], [ 537599.326685145962983, 1356634.192064405418932 ], [ 537603.643660614150576, 1356608.675606743432581 ], [ 537616.480574536370113, 1356609.032195699168369 ], [ 537627.145600364427082, 1356609.36470841919072 ], [ 537637.449812194798142, 1356609.674604934174567 ], [ 537644.860507753794082, 1356609.915154132293537 ], [ 537668.070823425776325, 1356610.922432506689802 ], [ 537678.270821923390031, 1356611.450078251771629 ], [ 537670.341922480380163, 1356631.021931998431683 ], [ 537666.179566239705309, 1356641.075744899455458 ], [ 537667.224408089648932, 1356646.074483844684437 ], [ 537666.347822919138707, 1356649.943643564824015 ], [ 537662.093560456996784, 1356662.906770917819813 ], [ 537668.202774045756087, 1356657.908270427491516 ], [ 537729.610850562457927, 1356660.638928643194959 ], [ 537729.391943006659858, 1356667.015943456673995 ], [ 537728.969875580281951, 1356676.631647468311712 ], [ 537993.094070512917824, 1356687.261683115037158 ], [ 537994.179243683000095, 1356682.957163695944473 ], [ 537999.924793575657532, 1356660.669803801225498 ], [ 538018.095809196820483, 1356664.052615858381614 ], [ 538017.271140487748198, 1356684.406441057333723 ], [ 538015.382562785525806, 1356730.36866328236647 ], [ 538120.74059972492978, 1356734.066787878284231 ], [ 538141.341752405045554, 1356734.799458041321486 ], [ 538194.818562484229915, 1356736.923458744538948 ], [ 538202.860578042338602, 1356737.204132786486298 ], [ 538223.371526384376921, 1356737.931336783803999 ], [ 538226.277605443377979, 1356665.685071400599554 ], [ 538280.955545690376312, 1356667.436522661941126 ], [ 538280.528053608606569, 1356684.339616574347019 ], [ 538505.94845296535641, 1356692.667308837873861 ], [ 538511.728417765465565, 1356672.736872276524082 ], [ 538562.539661534829065, 1356676.938069211319089 ], [ 538555.633033204241656, 1356700.385504504665732 ], [ 538567.552790865651332, 1356702.367687757592648 ], [ 538634.29664802888874, 1356705.21583403670229 ], [ 538655.244677969603799, 1356706.195767259923741 ], [ 538706.598989437101409, 1356707.516858903225511 ], [ 538773.599397409823723, 1356710.606451885541901 ], [ 538780.669236451853067, 1356711.947755414294079 ], [ 538788.973830229369923, 1356713.815149563131854 ], [ 538870.435722078429535, 1356715.908432642696425 ], [ 538949.177509072003886, 1356718.055710267741233 ], [ 538947.781388808740303, 1356757.546068293508142 ], [ 538946.995557199465111, 1356778.687226629583165 ], [ 538965.716463870136067, 1356779.079428277909756 ], [ 539021.774942541844212, 1356780.473962398944423 ], [ 539032.349608935997821, 1356780.802551206201315 ], [ 539037.753596478607506, 1356782.712037849240005 ], [ 539039.632694413536228, 1356784.51199242612347 ], [ 539040.284081599675119, 1356785.674148192862049 ], [ 539039.912351218052208, 1356800.226306076394394 ], [ 539038.42604170308914, 1356848.344235590659082 ], [ 539037.865785449394025, 1356864.45422028680332 ], [ 539047.538341135368682, 1356864.726106642745435 ], [ 539076.548985468340106, 1356865.653509119525552 ], [ 539086.124317232868634, 1356866.031444429652765 ], [ 539085.667804333847016, 1356873.290508972946554 ], [ 539084.298265463439748, 1356895.067705357214436 ], [ 539083.751552027766593, 1356902.321099147666246 ], [ 539080.069148636772297, 1356963.755332038272172 ], [ 539035.153390178107657, 1356965.191304486710578 ], [ 539035.137154004420154, 1356968.329634019406512 ], [ 539034.493057901971042, 1356994.413015563972294 ], [ 539019.319574823020957, 1356992.337669247062877 ], [ 539015.614373867283575, 1356992.216800013091415 ], [ 538958.377659502788447, 1356990.860261502210051 ], [ 538939.29641551990062, 1356990.445392988855019 ], [ 538938.742260505678132, 1357007.90121290483512 ], [ 538936.788120448240079, 1357060.586709474446252 ], [ 538936.136736399726942, 1357078.148546842858195 ], [ 538941.382296588155441, 1357078.254111710703 ], [ 538956.83433831599541, 1357078.77716828417033 ], [ 538961.982678243541159, 1357078.988752740202472 ], [ 538958.723789583425969, 1357178.34620364010334 ], [ 538953.094438217463903, 1357348.526626793434843 ], [ 538951.633736767689697, 1357390.479786987416446 ], [ 538950.545189312775619, 1357426.513998795999214 ], [ 538948.849461225792766, 1357476.525058270897716 ], [ 538945.583254185854457, 1357575.994517579209059 ], [ 538944.966864552930929, 1357592.99803495965898 ], [ 538942.847106132423505, 1357643.991588306380436 ], [ 538942.395502253435552, 1357654.05401865253225 ], [ 538942.04330227652099, 1357661.09545197035186 ], [ 538949.272741434164345, 1357661.325784856686369 ], [ 538970.961058871820569, 1357662.016820116667077 ], [ 538978.093283008085564, 1357662.353184667648748 ], [ 539012.331284608924761, 1357665.066805939888582 ], [ 539023.716595422825776, 1357665.446428180439398 ], [ 539160.756157530471683, 1357670.589834665879607 ], [ 539206.373535538441502, 1357672.338234007591382 ], [ 539250.799626397667453, 1357671.433155247243121 ], [ 539280.731727575883269, 1357670.625455943634734 ], [ 539355.194236586336046, 1357668.695641910424456 ], [ 539457.604759641108103, 1357665.834517152281478 ], [ 539503.588919259607792, 1357660.31973145250231 ], [ 539506.690609499346465, 1357659.954358672956005 ], [ 539570.404364365618676, 1357643.222624257905409 ], [ 539576.664008485269733, 1357641.598502825479954 ], [ 539594.597273872117512, 1357635.775961154140532 ], [ 539610.316723656607792, 1357630.598929210333154 ], [ 539698.219442725880072, 1357603.618293761042878 ], [ 539712.183161344262771, 1357599.003617119975388 ], [ 539745.926434206659906, 1357588.010260611306876 ], [ 539751.305323325097561, 1357585.994438376277685 ], [ 539767.157361286692321, 1357580.153308786218986 ], [ 539772.439034725772217, 1357578.243498178897426 ], [ 539808.365740623092279, 1357569.966658908175305 ], [ 539845.85394787369296, 1357561.339829697273672 ], [ 539881.913210239028558, 1357552.398913922021165 ], [ 539916.338264586869627, 1357547.840042850235477 ], [ 539926.649735456216149, 1357546.583518218016252 ], [ 539952.491113640135154, 1357543.165907465387136 ], [ 539952.745640250504948, 1357537.68801495898515 ], [ 539952.989884144626558, 1357528.06100033945404 ], [ 539953.054462533560582, 1357525.59840793069452 ], [ 539953.231602464918979, 1357521.348971508443356 ], [ 539953.298705349676311, 1357515.971394282765687 ], [ 539953.55575536203105, 1357507.578518267953768 ], [ 539953.721348664490506, 1357500.63745337491855 ], [ 539954.319866911158897, 1357482.511571475537494 ], [ 539954.479685176745988, 1357474.224693763302639 ], [ 539955.076938306679949, 1357457.556307600345463 ], [ 539956.283516726572998, 1357418.27789928810671 ], [ 539956.667190925218165, 1357407.874832456698641 ], [ 539957.077010517590679, 1357391.30676961899735 ], [ 540001.157189291785471, 1357351.365647112950683 ], [ 540133.212679059128277, 1357231.644039439503103 ], [ 540177.197211053455248, 1357191.809875620296225 ], [ 540212.177733022370376, 1357149.726659676060081 ], [ 540219.291338836424984, 1357140.308351731626317 ], [ 540273.775501478463411, 1357068.957737545482814 ], [ 540339.067660486558452, 1356978.443387042498216 ], [ 540378.453272191574797, 1356923.968877401668578 ], [ 540398.84150547417812, 1356952.4994953176938 ], [ 540489.030644621467218, 1356969.846274566836655 ], [ 540519.174433089443482, 1356975.783335462212563 ], [ 540581.543584032566287, 1356950.340694688260555 ], [ 540595.856946161366068, 1356944.516111222794279 ], [ 540672.706546523724683, 1356920.660062105162069 ], [ 540750.648951495648362, 1356901.022090273210779 ], [ 540773.141199764795601, 1356897.619801524560899 ], [ 540802.30265282606706, 1356893.292870925506577 ], [ 540838.068522173911333, 1356890.503938454668969 ], [ 540844.925162381259724, 1356889.478976321173832 ], [ 540865.300600802060217, 1356886.616092989686877 ], [ 540872.060001569916494, 1356885.697137661743909 ], [ 540870.9860440507764, 1356884.059680462116376 ], [ 540867.389273411245085, 1356879.347897103521973 ], [ 540866.2180670396192, 1356877.816425583558157 ], [ 540879.683295798837207, 1356866.781221534591168 ], [ 540883.08414445980452, 1356865.986719983397052 ], [ 540887.976127714850008, 1356865.959034303436056 ], [ 540960.834421265986748, 1356866.632385180098936 ], [ 540976.939496778300963, 1356866.863902118988335 ], [ 540981.765268878662027, 1356863.580581212416291 ], [ 540983.717291090986691, 1356861.349231429863721 ], [ 540986.674260112922639, 1356853.238889951258898 ], [ 540987.002730096457526, 1356843.729332893854007 ], [ 540987.65688471775502, 1356820.449447524501011 ], [ 540989.559581331792288, 1356818.999833299778402 ], [ 541300.490472228382714, 1356831.340578129515052 ], [ 541299.866949592833407, 1356844.083027161192149 ], [ 541298.336348189855926, 1356875.49245188315399 ], [ 541308.633332234923728, 1356875.918437188724056 ], [ 541330.329384575714357, 1356877.961255252128467 ], [ 541343.741074570687488, 1356879.256706822197884 ], [ 541356.880674825632013, 1356881.992573462193832 ], [ 541379.374407414114103, 1356884.310136103304103 ], [ 541382.816136748762801, 1356884.303261062595993 ], [ 541398.199612719938159, 1356884.489995349897072 ], [ 541422.156635450781323, 1356880.845535284839571 ], [ 541460.696473769028671, 1356880.028327227104455 ], [ 541486.627893008175306, 1356879.536037748912349 ], [ 541489.268852449720725, 1356862.099800271913409 ], [ 541489.81149645044934, 1356840.606768229044974 ], [ 541492.701479509123601, 1356723.174041198100895 ], [ 541493.630007616360672, 1356684.102375374408439 ], [ 541494.338912727311254, 1356662.844122184440494 ], [ 541496.465607798774727, 1356599.069385295500979 ], [ 541497.174499401589856, 1356577.811147223925218 ], [ 541498.022971719619818, 1356555.77688237442635 ], [ 541500.478165626409464, 1356489.668414314044639 ], [ 541501.229366275016218, 1356467.7401431966573 ], [ 541502.028443180024624, 1356446.487626551883295 ], [ 541504.501753758988343, 1356382.959148148074746 ], [ 541505.203558861277997, 1356361.812623932724819 ], [ 541505.933577419258654, 1356340.219402244314551 ], [ 541508.102449959260412, 1356275.774786333320662 ], [ 541508.735193400993012, 1356254.287557323463261 ], [ 541509.791609831037931, 1356218.924117650371045 ], [ 541512.960797005216591, 1356112.833861262537539 ], [ 541513.421224893885665, 1356096.941811193944886 ], [ 541513.59649945795536, 1356088.431713479105383 ], [ 541513.829699750756845, 1356077.570742077659816 ], [ 541538.985425580991432, 1356077.926440279465169 ], [ 541539.536104094819166, 1356062.040094821481034 ], [ 541539.907425795565359, 1356051.860573523212224 ], [ 541540.459598799818195, 1356034.516758220037445 ], [ 541540.840967320138589, 1356021.310617965413257 ], [ 541550.953005812712945, 1356020.379700920311734 ], [ 541564.798918753163889, 1356019.124066549120471 ], [ 541565.43639162403997, 1356013.334065166767687 ], [ 541590.493541916483082, 1356015.253364463103935 ], [ 541592.113557519158348, 1355965.237799745053053 ], [ 541598.363618342205882, 1355765.946075073210523 ], [ 541607.642885851324536, 1355765.298960956046358 ], [ 541612.737109847133979, 1355764.948066286742687 ], [ 541616.100419068476185, 1355720.312399233691394 ], [ 541634.261423821444623, 1355721.011265242472291 ], [ 541654.775017562205903, 1355721.746685366146266 ], [ 541678.033814900787547, 1355712.004166665486991 ], [ 541671.028396927984431, 1355607.850252760341391 ], [ 541670.561675254255533, 1355589.433042614487931 ], [ 541646.924597014905885, 1355602.291057116584852 ], [ 541613.524369830847718, 1355620.586841009324417 ], [ 541576.123676025541499, 1355641.993645364418626 ], [ 541552.534776339307427, 1355655.527673479868099 ], [ 541529.839544252608903, 1355670.687895140843466 ], [ 541461.754327243077569, 1355716.168934181565419 ], [ 541439.052361857495271, 1355731.441080014919862 ], [ 541440.31490195565857, 1355677.030402686679736 ], [ 541444.005080085829832, 1355513.904495498165488 ], [ 541445.17023509403225, 1355459.599893632810563 ], [ 541445.434119994635694, 1355452.553002709057182 ], [ 541445.941019806661643, 1355431.618589156074449 ], [ 541445.94395618699491, 1355428.703656854573637 ], [ 541446.107634603395127, 1355424.677676951047033 ], [ 541448.367076996597461, 1355358.781761975260451 ], [ 541452.475355327944271, 1355234.924616153351963 ], [ 541456.123516377410851, 1355161.380257436307147 ], [ 541458.29888374672737, 1355116.894027931848541 ], [ 541458.375788004719652, 1355095.596162752015516 ], [ 541468.154749474604614, 1355095.653134986758232 ], [ 541497.470478312810883, 1355096.159141097450629 ], [ 541507.152169132255949, 1355096.32213399419561 ], [ 541512.676713536377065, 1355096.334696432575583 ], [ 541529.236241170670837, 1355096.59575338056311 ], [ 541534.663513356354088, 1355096.714305809466168 ], [ 541536.359622778487392, 1355059.821960009634495 ], [ 541536.815470326109789, 1355048.302433643955737 ], [ 541536.971928299404681, 1355017.143074456602335 ], [ 541540.802260258933529, 1354949.328451153589413 ], [ 541542.852174263214692, 1354912.570619386155158 ], [ 541580.950934671447612, 1354944.688722820952535 ], [ 541620.762112160562538, 1354978.372749518835917 ], [ 541652.602792806457728, 1355007.741386280860752 ], [ 541692.728933835867792, 1355045.033527045045048 ], [ 541729.512555743800476, 1355079.311699771787971 ], [ 541686.257980751572177, 1355006.952486792346463 ], [ 541678.120845420868136, 1354989.508334045996889 ], [ 541668.519398839329369, 1354965.132388308877125 ], [ 541663.388106808532029, 1354940.254026368260384 ], [ 541662.4503682134673, 1354920.685980719514191 ], [ 541661.878657008521259, 1354909.662147384602576 ], [ 541663.317869775230065, 1354886.880685186712071 ], [ 541669.883770842920057, 1354696.916701697744429 ], [ 541672.883266171556897, 1354627.928587984992191 ], [ 541675.296125172753818, 1354535.246309935580939 ], [ 541679.503007410792634, 1354480.125219558365643 ], [ 541679.642638649209403, 1354370.369486070470884 ], [ 541679.700560686760582, 1354368.01864624186419 ], [ 541680.038798758410849, 1354342.589004616718739 ], [ 541681.348635013448074, 1354255.891701959073544 ], [ 541683.175786969251931, 1354226.968340641120449 ], [ 541695.286424676887691, 1354194.434107603272423 ], [ 541692.121715438435785, 1354187.170697101857513 ], [ 541689.505074651562609, 1354187.00539662130177 ], [ 541591.762948535266332, 1354184.082772167632356 ], [ 541564.450302914250642, 1354183.36678456608206 ], [ 541350.14906113455072, 1354177.122336701257154 ], [ 541273.242828238056973, 1354175.630917834118009 ], [ 541226.460443946067244, 1354174.808205257868394 ], [ 541167.019189805258065, 1354172.177751028211787 ], [ 541169.563313918071799, 1354117.512428625719622 ], [ 541175.291393531137146, 1353992.301454672589898 ], [ 541176.556939354399219, 1353953.588426006026566 ], [ 541178.28187081462238, 1353898.983627362875268 ], [ 541178.704637565533631, 1353885.107661312445998 ], [ 541180.04906548128929, 1353843.708814084995538 ], [ 541180.374545610509813, 1353829.93883310793899 ], [ 541181.575225152424537, 1353793.688363155117258 ], [ 541185.072874857578427, 1353685.154671296244487 ], [ 541185.288463315344416, 1353677.432141315424815 ], [ 541185.537541956873611, 1353649.082034119404852 ], [ 541187.222947380971164, 1353599.40807350538671 ], [ 541192.084486530278809, 1353450.598272859817371 ], [ 541193.58229655388277, 1353401.024678693385795 ], [ 541194.988468444556929, 1353352.902851786930114 ], [ 541197.851464770152234, 1353254.420107055921108 ], [ 541198.095805877703242, 1353208.915840484201908 ], [ 541198.224441904225387, 1353160.937708571786061 ], [ 541198.24216766981408, 1353134.815480473451316 ], [ 541198.183900600066409, 1353056.778152853017673 ], [ 541198.104296691250056, 1353030.761924960417673 ], [ 541198.559264236013405, 1353012.067057901062071 ], [ 541199.736615699250251, 1352956.082757034339011 ], [ 541251.012270203675143, 1352954.721929985098541 ], [ 541258.364156862371601, 1352954.513225244823843 ], [ 541291.34465448721312, 1352861.1830665320158 ], [ 541348.028043313417584, 1352700.957819682778791 ], [ 541326.498872912488878, 1352687.490249957656488 ], [ 541313.169333223369904, 1352680.482476128963754 ], [ 541301.135676477104425, 1352675.910971844103187 ], [ 541276.036255522747524, 1352671.636021838057786 ], [ 541248.628607482416555, 1352670.91533208778128 ], [ 541207.280954077141359, 1352669.987732641631737 ], [ 541207.83315032266546, 1352651.186944896355271 ], [ 541209.399475537007675, 1352594.778904563281685 ], [ 541209.854366741143167, 1352576.084105835761875 ], [ 541227.945838174549863, 1352576.553083549719304 ], [ 541282.220255015185103, 1352577.960245687747374 ], [ 541300.311728139524348, 1352578.429376067128032 ], [ 541324.741561215254478, 1352578.962257840204984 ], [ 541397.850576692842878, 1352580.549926864448935 ], [ 541422.183119443710893, 1352581.189061215613037 ], [ 541431.496647808002308, 1352555.653777702478692 ], [ 541445.418377799331211, 1352517.403869193280116 ], [ 541470.563117458717898, 1352129.161501594586298 ], [ 541488.985542912967503, 1352133.015361862722784 ], [ 541571.47875542845577, 1352148.202274962794036 ], [ 541753.858664588420652, 1352182.928564715897664 ], [ 541852.787747131194919, 1352201.847237039357424 ], [ 541891.954410653561354, 1352212.954763873945922 ], [ 541971.140562840038911, 1352236.009083250071853 ], [ 542009.659594346303493, 1352248.757998290704563 ], [ 542213.340231100330129, 1352306.254826323129237 ], [ 542273.51524270453956, 1352323.289137909887359 ], [ 542275.616227862774394, 1352292.926067003281787 ], [ 542243.488214596291073, 1352283.7192636821419 ], [ 542142.5646166409133, 1352254.803595239762217 ], [ 542090.495742548722774, 1352239.96435431856662 ], [ 542067.987283928203396, 1352233.384350049542263 ], [ 542009.435804163804278, 1352216.454149418044835 ], [ 542006.687461970723234, 1352215.495648114942014 ], [ 541998.143454879056662, 1352213.049723956501111 ], [ 541995.200497160549276, 1352212.303161949152127 ], [ 541992.361902512027882, 1352211.338962035952136 ], [ 541983.81788800295908, 1352208.893052199855447 ], [ 541980.874927892931737, 1352208.146495123859495 ], [ 541977.946080694440752, 1352207.176596934674308 ], [ 541969.041059329756536, 1352204.707889729412273 ], [ 541966.014903454808518, 1352203.843963757390156 ], [ 541879.533756739459932, 1352178.647062331903726 ], [ 541847.502279458218254, 1352169.335778570733964 ], [ 541703.064416899811476, 1352127.810236358549446 ], [ 541619.969104221323505, 1352103.502595382975414 ], [ 541533.39587489515543, 1352078.303497727727517 ], [ 541516.314416992128827, 1352073.3009329859633 ], [ 541410.535328162484802, 1352042.293769605923444 ], [ 541371.234838682576083, 1352031.852783239912242 ], [ 541358.31750948401168, 1352028.346663806820288 ], [ 541272.089815203798935, 1352003.396342256106436 ], [ 541160.762829978601076, 1351971.257443999871612 ], [ 541122.330411246744916, 1351959.975479358341545 ], [ 541013.515400540782139, 1351928.221275873715058 ], [ 540992.60183341242373, 1351922.1932630345691 ], [ 540927.550911803380586, 1351901.945757020497695 ], [ 540923.643162746913731, 1351900.690265246666968 ], [ 540911.537769181421027, 1351897.236048526596278 ], [ 540907.532720407587476, 1351896.086544021498412 ], [ 540855.668630326981656, 1351880.819523456972092 ], [ 540793.197995006805286, 1351862.753869231557474 ], [ 540730.012133243493736, 1351844.531480569625273 ], [ 540577.29958129208535, 1351806.203737009549513 ], [ 540505.131853173836134, 1351792.462174028391019 ], [ 540457.743801584118046, 1351786.673172044567764 ], [ 540446.115075566223823, 1351785.716207570396364 ], [ 540419.962445569573902, 1351783.732024868484586 ], [ 540359.232960946043022, 1351782.596630812855437 ], [ 540338.979620755999349, 1351783.338773317169398 ], [ 540327.89121327700559, 1351783.873507118085399 ], [ 540326.208279446465895, 1351770.313654700526968 ], [ 540320.868758057826199, 1351728.494645282858983 ], [ 540319.019350614864379, 1351714.700085094431415 ], [ 540311.284102816716768, 1351656.249262337572873 ], [ 540287.966064155916683, 1351481.226333817932755 ], [ 540280.132900534081273, 1351422.881637256126851 ], [ 540272.500017854385078, 1351365.67074873438105 ], [ 540249.489108234993182, 1351194.367614582646638 ], [ 540244.609182205516845, 1351158.183593446388841 ], [ 540243.180242244736291, 1351147.779055492253974 ], [ 540241.758330453187227, 1351137.262847064062953 ], [ 540241.5168509806972, 1351135.341690921923146 ], [ 540240.046871133381501, 1351124.14976959861815 ], [ 540238.651910699671134, 1351114.644292626064271 ], [ 540234.634628525120206, 1351084.905165146104991 ], [ 540232.735581125481986, 1351071.892396901268512 ], [ 540231.042846523923799, 1351061.359142768662423 ], [ 540225.971640954376198, 1351029.647716275416315 ], [ 540224.181587959872559, 1351019.220454012742266 ], [ 540221.64241760247387, 1350999.104176780441776 ], [ 540214.093964232946746, 1350939.096068253740668 ], [ 540211.457426627282985, 1350919.085794175975025 ], [ 540211.237025965005159, 1350916.829628073610365 ], [ 540210.388263246160932, 1350910.161432582186535 ], [ 540209.980302157928236, 1350908.005569208646193 ], [ 540209.593438632204197, 1350905.514691678807139 ], [ 540208.826743230805732, 1350900.421265415614471 ], [ 540208.494979397743009, 1350898.494429508922622 ], [ 540205.629808052093722, 1350877.7970823305659 ], [ 540204.469205332105048, 1350870.324452372500673 ], [ 540196.785111515317112, 1350875.782604461302981 ], [ 540176.622479918878525, 1350890.881581410532817 ], [ 540156.265327348606661, 1350906.192583140451461 ], [ 540153.979460759554058, 1350907.954585299594328 ], [ 540125.457796024507843, 1350930.599543054355308 ], [ 540072.940971003263257, 1350977.407976896502078 ], [ 540020.406115925288759, 1351030.269753922708333 ], [ 539976.676189359277487, 1351074.268505712272599 ], [ 539940.328149280278012, 1351117.610986394342035 ], [ 539937.054297333816066, 1351122.113711684010923 ], [ 539904.469473495613784, 1351166.141677431296557 ], [ 539877.693067705840804, 1351205.714424756821245 ], [ 539856.885506796068512, 1351239.720854740357026 ], [ 539833.439877913566306, 1351282.530460973968729 ], [ 539828.009544919943437, 1351292.50323015730828 ], [ 539822.272201525978744, 1351304.474741056328639 ], [ 539813.599999496014789, 1351322.764193253824487 ], [ 539804.830542941810563, 1351341.159649172332138 ], [ 539798.460343388956971, 1351354.548838458955288 ], [ 539788.59048563183751, 1351377.471755686681718 ], [ 539787.734893547487445, 1351379.54808783903718 ], [ 539770.464789164019749, 1351419.270960951922461 ], [ 539761.767314660828561, 1351443.725179276196286 ], [ 539750.547957988921553, 1351479.456397770438343 ], [ 539745.283639683621004, 1351499.75421001878567 ], [ 539734.414018468814902, 1351541.44954068493098 ], [ 539724.025425468222238, 1351589.902041256427765 ], [ 539720.784159498754889, 1351606.851627297699451 ], [ 539720.28259719919879, 1351609.062359964707866 ], [ 539710.733430919004604, 1351658.576750282896683 ], [ 539705.204279151977971, 1351698.926480054622516 ], [ 539698.274022587225772, 1351774.504222645424306 ], [ 539697.423621909692883, 1351806.739782063057646 ], [ 539696.468904588138685, 1351839.1930166548118 ], [ 539698.185549563495442, 1351873.832419834332541 ], [ 539698.427559532457963, 1351884.386449959594756 ], [ 539698.639267662190832, 1351898.302022465271875 ], [ 539677.002263932838105, 1351902.322086639003828 ], [ 539633.206801332882605, 1351911.450716100167483 ], [ 539472.408489762456156, 1351942.59366496396251 ], [ 539374.813612560858019, 1351961.457325968658552 ], [ 539103.818699884111993, 1352017.406324659939855 ], [ 538887.168643834418617, 1352062.203127786517143 ], [ 538702.474614981911145, 1352101.724903599126264 ], [ 538599.216209118254483, 1352124.277579722460359 ], [ 538587.51593962602783, 1352127.354731627507135 ], [ 538510.121622920385562, 1352146.375387027626857 ], [ 538446.475549701717682, 1352162.896392387105152 ], [ 538392.945650254376233, 1352178.483278859872371 ], [ 538352.406696852878667, 1352192.083050759509206 ], [ 538168.397029673331417, 1352246.794393601128832 ], [ 538018.593763464246877, 1352292.107536371331662 ], [ 537948.672886422369629, 1352310.480787400854751 ], [ 537839.941495149745606, 1352333.70810213428922 ], [ 537790.243305559852161, 1352341.690947279566899 ], [ 537731.721893604146317, 1352348.78453319449909 ], [ 537635.475306390086189, 1352356.428531754994765 ], [ 537562.946210248395801, 1352360.066554434364662 ], [ 537538.467201181454584, 1352360.326113930670545 ], [ 537487.050036023487337, 1352363.942627032287419 ], [ 537458.509157017688267, 1352365.405338418669999 ], [ 537455.266207370790653, 1352381.010152941569686 ], [ 537445.208495874423534, 1352433.073352983919904 ], [ 537441.735371084767394, 1352450.906031605089083 ], [ 537432.415920166647993, 1352498.418866101885214 ], [ 537404.19569469394628, 1352637.914032954489812 ], [ 537399.443080190685578, 1352660.263251186814159 ], [ 537384.566176111460663, 1352729.96288752858527 ], [ 537387.108461769996211, 1352726.982993991114199 ], [ 537394.554839839576744, 1352718.032008775742725 ], [ 537396.999889882630669, 1352715.158139242557809 ], [ 537438.762582069030032, 1352786.052639085100964 ], [ 537513.00527130451519, 1352912.573716094950214 ], [ 537600.205113549251109, 1352921.963524071965367 ], [ 537671.654442063416354, 1352929.694049490382895 ], [ 537760.63060869788751, 1352965.65590782626532 ], [ 537838.28628697397653, 1352997.208987005986273 ], [ 537888.201879941858351, 1353016.035639197798446 ], [ 537912.453318704268895, 1353022.265561436535791 ], [ 537944.409022539155558, 1353018.327915834495798 ], [ 537973.358776776003651, 1353014.650280712172389 ], [ 538035.264869952341542, 1353005.528595315758139 ], [ 538129.169089928502217, 1352991.800351691897959 ], [ 538129.319832004257478, 1352995.173257059417665 ], [ 538129.480309754726477, 1353005.610011653741822 ], [ 538129.443560499697924, 1353009.083267506677657 ], [ 538019.337297910358757, 1353022.579835150390863 ], [ 537993.823712161858566, 1353026.360761632444337 ], [ 537949.739008743083104, 1353033.012945235706866 ], [ 537921.032034033210948, 1353037.154343613423407 ], [ 537898.519155297894031, 1353037.872439285973087 ], [ 537778.968281584908254, 1353034.410920104011893 ], [ 537586.592781548970379, 1353026.385697160381824 ], [ 537450.778215124388225, 1353020.788125810213387 ], [ 537459.348029423621483, 1353054.623182258801535 ], [ 537469.288351538707502, 1353082.489972725743428 ], [ 537475.0555291416822, 1353098.883789554005489 ], [ 537510.907763240509667, 1353170.081294826464728 ], [ 537553.474438675795682, 1353249.772170795593411 ], [ 537582.73235120344907, 1353304.748605767032132 ], [ 537645.26863767427858, 1353435.807369281770661 ], [ 537650.385643197107129, 1353446.666992567013949 ], [ 537704.356026083463803, 1353561.1569553099107 ], [ 537738.165239090332761, 1353628.752254528691992 ], [ 537866.749110973440111, 1353797.141494825715199 ], [ 537870.848310501431115, 1353802.555927844950929 ], [ 537953.091222853166983, 1353905.255576368421316 ], [ 537841.772959138615988, 1353897.824307883158326 ], [ 537828.147920952062123, 1353896.969732018886134 ], [ 537651.147543411701918, 1353885.309491275576875 ], [ 537542.985581292072311, 1353880.995016873348504 ], [ 537507.697781054768711, 1353878.895125140668824 ], [ 537396.232929703546688, 1353872.357396815903485 ], [ 537393.02721577626653, 1353950.973535594763234 ], [ 537383.118181654019281, 1354187.140333718620241 ], [ 537379.815103872679174, 1354265.862705193227157 ], [ 537349.8446012691129, 1354265.666222406551242 ], [ 537345.381430559675209, 1354266.059223214164376 ], [ 537320.30975429690443, 1354268.636380312498659 ], [ 537288.704459421918727, 1354275.737295620376244 ], [ 537261.706372296554036, 1354285.929885856341571 ], [ 537244.426440782961436, 1354294.26490162150003 ], [ 537234.429205466411076, 1354299.132192596327513 ], [ 537215.844159576925449, 1354308.058186542009935 ], [ 537212.011885191313922, 1354309.948283989913762 ], [ 537178.264302584575489, 1354326.669428329914808 ], [ 537145.634562220307998, 1354342.900148198241368 ], [ 537117.081306707113981, 1354354.789603125769645 ], [ 537098.17899660684634, 1354360.108271514531225 ], [ 537074.09321168565657, 1354362.859998275293037 ], [ 537072.448138209059834, 1354363.093304672976956 ], [ 537041.082658289116807, 1354363.483195744687691 ], [ 537038.000946578453295, 1354363.514414061093703 ], [ 537035.189916365314275, 1354363.562586553627625 ], [ 537033.558833452523686, 1354363.572545623872429 ], [ 537031.46962045377586, 1354363.665927450172603 ], [ 537024.945289214607328, 1354363.705768417799845 ], [ 536977.442463295767084, 1354364.318495432846248 ], [ 536903.189794445643201, 1354365.386673558037728 ], [ 536855.424009950715117, 1354364.413993002148345 ], [ 536821.318816823652014, 1354360.821230228757486 ], [ 536796.174722491181456, 1354355.883633376332 ], [ 536772.904403063701466, 1354351.399756614351645 ], [ 536737.053124430123717, 1354340.971114051993936 ], [ 536714.485530868172646, 1354332.495240725576878 ], [ 536646.58806604531128, 1354307.280041094170883 ], [ 536623.92308940354269, 1354298.910438493359834 ], [ 536604.901504849316552, 1354291.665823578368872 ], [ 536547.822594712954015, 1354270.155589300906286 ], [ 536528.703674433403648, 1354263.017176454421133 ], [ 536503.93589004711248, 1354253.50729696219787 ], [ 536429.437798194470815, 1354225.190157178789377 ], [ 536421.915082172490656, 1354222.365131175145507 ], [ 536405.246703310753219, 1354213.698587845778093 ], [ 536403.108219041139819, 1354266.707259623333812 ], [ 536396.317791622248478, 1354425.934196823276579 ], [ 536394.082033235346898, 1354479.048997938632965 ], [ 536441.637613857979886, 1354549.965874624671414 ], [ 536451.313586277887225, 1354564.697759783361107 ], [ 536493.200462970649824, 1354629.2061427005101 ], [ 536554.635603938018903, 1354747.520222709514201 ], [ 536564.840430307085626, 1354774.057512084254995 ], [ 536574.345003483584151, 1354798.757152205565944 ], [ 536589.952843725215644, 1354848.952667232370004 ], [ 536599.669432017370127, 1354880.392570189433172 ], [ 536618.833530622068793, 1354954.80353128304705 ], [ 536647.179322087438777, 1355090.892453257925808 ], [ 536654.616909517208114, 1355126.898741126991808 ], [ 536738.685572976944968, 1355496.987413579132408 ], [ 536769.337894410360605, 1355632.325097976485267 ], [ 536754.709276567096822, 1355631.63345486856997 ], [ 536744.494142212322913, 1355631.330264847027138 ], [ 536710.608033733791672, 1355630.105774336727336 ], [ 536695.87521744845435, 1355629.631941712461412 ], [ 536681.059178291121498, 1355629.040808226214722 ], [ 536636.333426241064444, 1355627.362299828790128 ], [ 536621.420181430177763, 1355626.877301495522261 ], [ 536608.956690518883988, 1355626.321427518036216 ], [ 536571.371808026218787, 1355624.865979943191633 ], [ 536558.811112225404941, 1355624.416211692150682 ], [ 536546.160202382481657, 1355623.960815962636843 ], [ 536508.207471792353317, 1355622.59474077494815 ], [ 536495.549572658957914, 1355622.251098757376894 ], [ 536488.776542178820819, 1355621.939379316521809 ], [ 536468.172831625211984, 1355621.210676026297733 ], [ 536461.302598638343625, 1355621.005012291949242 ], [ 536439.706534597091377, 1355620.214282605564222 ], [ 536374.918338968302123, 1355617.842419962165877 ], [ 536372.204933845554478, 1355617.784777140710503 ], [ 536353.239045375026762, 1355616.934584873728454 ], [ 536334.175955329905264, 1355616.190470080822706 ], [ 536276.979695492307656, 1355614.070059262216091 ], [ 536257.819403578876518, 1355613.432150432374328 ], [ 536244.356563398148865, 1355612.926414480432868 ], [ 536203.968041250482202, 1355611.409333482384682 ], [ 536190.414985988056287, 1355610.89803996286355 ], [ 536180.206833473173901, 1355610.48384304321371 ], [ 536149.31173247937113, 1355609.224400102859363 ], [ 536139.006381065468304, 1355608.916289857123047 ], [ 536128.076515245134942, 1355608.457022265531123 ], [ 536095.279932600446045, 1355607.19098246912472 ], [ 536084.343082485720515, 1355606.843450007028878 ], [ 536079.103684141067788, 1355606.627951728645712 ], [ 536063.385488729807548, 1355605.981476108077914 ], [ 536058.048893177532591, 1355605.87202929193154 ], [ 536020.443031279137358, 1355604.754035260062665 ], [ 535899.159283504704945, 1355600.647606849903241 ], [ 535896.196179143735208, 1355600.238158877007663 ], [ 535890.935837056837045, 1355600.357814212562516 ], [ 535887.362256019609049, 1355674.915759894996881 ], [ 535885.484965807409026, 1355684.664621185511351 ], [ 535836.873456239001825, 1355682.859490972943604 ], [ 535823.923575231689028, 1355684.292438759934157 ], [ 535819.106324256397784, 1355687.466957804746926 ], [ 535813.483089753659442, 1355693.394004756584764 ], [ 535809.641089984215796, 1355705.598754534497857 ], [ 535809.318973379093222, 1355713.650970140937716 ], [ 535805.115737741347402, 1355804.090106105664745 ], [ 535803.682254290324636, 1355834.271847508382052 ], [ 535789.421831675572321, 1355833.49272439093329 ], [ 535756.098826237721369, 1355831.970796515233815 ], [ 535746.404301419388503, 1355832.037661487003788 ], [ 535731.997833268833347, 1355832.146435480099171 ], [ 535731.230158704915084, 1355844.431224443018436 ], [ 535728.899219069047831, 1355881.73231901274994 ], [ 535728.124565309030004, 1355894.128793256590143 ], [ 535645.157303450396284, 1355891.411136818118393 ], [ 535449.300112449680455, 1355885.118336042854935 ], [ 535411.931316767935641, 1355884.578318365151063 ], [ 535396.227604602463543, 1355883.70970633556135 ], [ 535375.458118065143935, 1355882.74900259100832 ], [ 535313.246390092885122, 1355881.218622717307881 ], [ 535309.81139232008718, 1355881.116253213491291 ], [ 535294.274151049205102, 1355880.482454299693927 ], [ 535236.982640337198973, 1355878.475033296504989 ], [ 535217.913215764681809, 1355877.845082140527666 ], [ 535213.853711640578695, 1355877.591647396795452 ], [ 535201.675198548240587, 1355876.83135469770059 ], [ 535197.608721978380345, 1355876.689608043525368 ], [ 535195.173019189503975, 1355876.537552735069767 ], [ 535184.077039274736308, 1355875.844865086022764 ], [ 535181.370702572283335, 1355875.675919058499858 ], [ 535165.460736660752445, 1355698.212898052530363 ], [ 535164.347054971265607, 1355685.586450826376677 ], [ 535154.121502949739806, 1355575.187215301208198 ], [ 535143.559448359068483, 1355574.640047662658617 ], [ 535136.855699534178711, 1355574.670067924307659 ], [ 535116.508665366331115, 1355574.184866681927815 ], [ 535093.163645565975457, 1355573.848944308003411 ], [ 535055.189953984809108, 1355572.824342377483845 ], [ 535043.885273313033395, 1355572.567296767607331 ], [ 535034.662494041607715, 1355572.328075009863824 ], [ 535004.15607957856264, 1355570.648557828273624 ], [ 534971.803558279178105, 1355569.526644577272236 ], [ 534969.090156145743094, 1355569.469445877242833 ], [ 534915.585270941955969, 1355569.158073209226131 ], [ 534771.949168383958749, 1355563.336656608851627 ], [ 534706.272654204745777, 1355560.69777143211104 ], [ 534691.436010382254608, 1355558.987644593464211 ], [ 534646.926052954397164, 1355553.857418159022927 ], [ 534631.992212851182558, 1355552.253448893548921 ], [ 534593.123630576650612, 1355549.605482247890905 ], [ 534476.330413827789016, 1355541.76307214028202 ], [ 534437.364603345282376, 1355539.221868270076811 ], [ 534435.146675714873709, 1355560.273295361315832 ], [ 534428.215314580942504, 1355623.522412293124944 ], [ 534425.90022898837924, 1355644.679913839092478 ], [ 534415.974473709939048, 1355690.588846005499363 ], [ 534385.996347546693869, 1355828.639615168562159 ], [ 534375.973719162982889, 1355874.654722942272201 ], [ 534375.188806312158704, 1355878.529823733959347 ], [ 534372.556476166588254, 1355890.249939409084618 ], [ 534371.674393080407754, 1355894.231099160388112 ], [ 534337.913550939876586, 1356005.811481778742746 ], [ 534236.433891853434034, 1356340.87786632636562 ], [ 534202.578661517356522, 1356452.565267079276964 ], [ 534177.210239533218555, 1356526.886644866317511 ], [ 534101.003003622638062, 1356750.069256466114894 ], [ 534002.641157750622369, 1356951.019039195263758 ], [ 534079.970755158923566, 1356991.713831325527281 ] ] ] } },
{ "type": "Feature", "properties": { "community_id": "Selected low-growth community", "zcta": "38114", "overlap_sq_m": 19205350.207352791, "overlap_sq_miles": 7.4152271706225221, "share_of_community_area": 0.034527728011104222 }, "geometry": { "type": "Polygon", "coordinates": [ [ [ 542713.646575284190476, 1356953.881960788974538 ], [ 542713.596664314391091, 1356943.227168944431469 ], [ 542713.545246638008393, 1356939.74811813258566 ], [ 542723.167627406073734, 1356823.525819950271398 ], [ 542720.340527906897478, 1356802.379957975586876 ], [ 542709.202422079397365, 1356779.474577278131619 ], [ 542708.140984355006367, 1356773.352774969069287 ], [ 542707.232918509515002, 1356754.795114269480109 ], [ 542707.344100562739186, 1356748.747552615823224 ], [ 542708.58368655340746, 1356656.213107160292566 ], [ 542708.90429878118448, 1356625.399821780854836 ], [ 542710.814255156903528, 1356416.413211904698983 ], [ 542710.060289503657259, 1356366.807615123223513 ], [ 542707.156795027665794, 1356345.432776670437306 ], [ 542705.63009084307123, 1356339.505791161907837 ], [ 542704.994977579452097, 1356336.662538880947977 ], [ 542703.03844658320304, 1356330.371978114359081 ], [ 542739.121735786669888, 1356308.325932853389531 ], [ 542751.928895201417617, 1356299.157931804889813 ], [ 542760.659214251907542, 1356292.871241150889546 ], [ 542861.269306435482576, 1356221.541331202955917 ], [ 542888.83164977398701, 1356205.347250840160996 ], [ 542897.144754623761401, 1356199.931246062275022 ], [ 542945.988877650233917, 1356168.042590509634465 ], [ 542954.406408463371918, 1356162.409008749527857 ], [ 542983.30714252020698, 1356193.727525987429544 ], [ 542997.369176581036299, 1356209.081927203107625 ], [ 543072.671823794255033, 1356294.243410462280735 ], [ 543102.332217647344805, 1356327.852982764365152 ], [ 543146.419966817367822, 1356378.18599317362532 ], [ 543160.514984798035584, 1356394.439789230003953 ], [ 543171.831286941771396, 1356407.378126054536551 ], [ 543182.47544178518001, 1356419.489036047831178 ], [ 543206.02936705108732, 1356446.545403089839965 ], [ 543279.785473410855047, 1356527.462597545236349 ], [ 543283.167170408531092, 1356531.26483280910179 ], [ 543326.665747817605734, 1356573.713067363249138 ], [ 543339.048020651214756, 1356588.401074726833031 ], [ 543376.007088439306244, 1356632.565452050650492 ], [ 543388.291902429773472, 1356647.359493082854897 ], [ 543416.368571351165883, 1356680.197273229481652 ], [ 543427.912212488474324, 1356693.823173279175535 ], [ 543492.607106924988329, 1356764.749876102432609 ], [ 543502.473918072180822, 1356776.251374525483698 ], [ 543530.452411239035428, 1356809.195514195365831 ], [ 543548.75150983966887, 1356830.537949930876493 ], [ 543603.62699079036247, 1356894.900533436564729 ], [ 543621.828426759922877, 1356916.349092411575839 ], [ 543633.498878709622659, 1356927.965161346131936 ], [ 543668.391509003355168, 1356963.25444431649521 ], [ 543679.964548099786043, 1356974.976533577311784 ], [ 543683.381293022306636, 1356978.220569287892431 ], [ 543693.353830241248943, 1356988.047195742838085 ], [ 543696.673281980212778, 1356991.397189935669303 ], [ 543721.271291011711583, 1356991.948305122321472 ], [ 543772.513563961838372, 1356993.629046836402267 ], [ 543916.748182318755426, 1356998.407164983684197 ], [ 543999.970643431530334, 1357001.333707213401794 ], [ 544075.685288398060948, 1357004.120890837395564 ], [ 544109.303239481057972, 1357005.245635529281572 ], [ 544210.157089913729578, 1357008.620660725282505 ], [ 544243.677749517839402, 1357009.851879449794069 ], [ 544258.040707305190153, 1357010.427444809582084 ], [ 544301.122487193904817, 1357012.26595875271596 ], [ 544315.388152686064132, 1357012.947566179092973 ], [ 544331.576367452275008, 1357013.302787322085351 ], [ 544379.849141348502599, 1357014.686469406588003 ], [ 544395.940066344337538, 1357015.147757183760405 ], [ 544411.302305199322291, 1357015.67491934960708 ], [ 544457.284635518910363, 1357017.474188547115773 ], [ 544472.549580918042921, 1357018.107404674869031 ], [ 544491.887676622136496, 1357018.775127541972324 ], [ 544549.8948679669993, 1357020.89023117814213 ], [ 544569.135668725823052, 1357021.664071462582797 ], [ 544665.923431058996357, 1357024.898269842145965 ], [ 544706.918461661436595, 1357025.372867366997525 ], [ 544713.524286974687129, 1357025.456268637441099 ], [ 544714.294808031525463, 1357010.480610899627209 ], [ 544714.956828287453391, 1356998.637532873544842 ], [ 544715.635094791068695, 1356985.113628323655576 ], [ 544715.727348083630204, 1356983.661878577200696 ], [ 544715.989915141719393, 1356979.529975534882396 ], [ 544715.984872399945743, 1356978.184167057974264 ], [ 544716.568831164739095, 1356967.569495774572715 ], [ 544718.13320920697879, 1356935.825696991523728 ], [ 544718.61987003381364, 1356925.316970681073144 ], [ 544719.745205419603735, 1356904.757676580222324 ], [ 544722.857698225299828, 1356842.950947390403599 ], [ 544723.885730928741395, 1356822.49760877341032 ], [ 544726.07867357309442, 1356778.011678786482662 ], [ 544731.747076531290077, 1356660.30557819432579 ], [ 544731.470622258493677, 1356644.70281932502985 ], [ 544730.783821985707618, 1356619.879847869277 ], [ 544728.749956334824674, 1356600.577464121161029 ], [ 544734.608142118901014, 1356599.604240763466805 ], [ 544751.981011934811249, 1356597.008148347726092 ], [ 544757.74190344742965, 1356596.140881295781583 ], [ 544773.830648152623326, 1356593.79959933902137 ], [ 544790.182917441590689, 1356591.587218197761104 ], [ 544801.61955375992693, 1356591.192810911452398 ], [ 544822.117083318531513, 1356592.159151910804212 ], [ 544838.180435934569687, 1356593.067962327739224 ], [ 544869.274379181326367, 1356594.035163909895346 ], [ 544962.556209736620076, 1356596.937445421470329 ], [ 544993.552850233041681, 1356598.011035865405574 ], [ 545004.495887465076521, 1356598.258260203059763 ], [ 545037.14459345547948, 1356598.988546590320766 ], [ 545047.990327720995992, 1356599.341763648902997 ], [ 545052.236997727304697, 1356599.499653405277058 ], [ 545064.87970340566244, 1356600.07927218475379 ], [ 545069.029069017618895, 1356600.343107137829065 ], [ 545070.074969136388972, 1356582.469790294766426 ], [ 545072.934952484560199, 1356528.94432187685743 ], [ 545073.793340120348148, 1356511.171217133523896 ], [ 545027.530508840689436, 1356509.46310274489224 ], [ 545034.6767486280296, 1356428.403511076699942 ], [ 545032.890214879764244, 1356420.889761994360015 ], [ 545026.407525814371184, 1356421.710961232893169 ], [ 545005.354149355669506, 1356420.933066430967301 ], [ 545018.721137776155956, 1356226.351527958875522 ], [ 545021.34425594296772, 1356226.406172281131148 ], [ 545066.680228494456969, 1356227.046116700861603 ], [ 545068.825327923288569, 1356197.581905901897699 ], [ 545069.39125526510179, 1356190.105616288492456 ], [ 545080.515230170683935, 1356190.364410324720666 ], [ 545113.699639671714976, 1356191.241078964667395 ], [ 545124.726306501426734, 1356191.605866316938773 ], [ 545147.598612377070822, 1356192.275439115706831 ], [ 545216.215531793539412, 1356194.284523674752563 ], [ 545238.997630995814689, 1356194.948603231227025 ], [ 545259.878262719488703, 1356195.603925954317674 ], [ 545322.228223860729486, 1356197.887999997008592 ], [ 545343.004439411102794, 1356198.761130566475913 ], [ 545365.883850243757479, 1356199.319614017382264 ], [ 545434.522088089375757, 1356200.995430778712034 ], [ 545457.311294689425267, 1356201.548418852733448 ], [ 545457.488603463978507, 1356180.256186004960909 ], [ 545457.651072080829181, 1356154.926558919716626 ], [ 545459.081681845593266, 1356116.78340059123002 ], [ 545459.793117292574607, 1356095.637292242143303 ], [ 545460.067436624201946, 1356088.478831941727549 ], [ 545460.709974216413684, 1356066.99197426205501 ], [ 545460.886977539979853, 1356059.939447549171746 ], [ 545461.309876463143155, 1356046.175149640534073 ], [ 545462.398144193342887, 1356004.870786016341299 ], [ 545462.723721394431777, 1355991.212426207493991 ], [ 545463.293031329638325, 1355972.299769310513511 ], [ 545465.076943692052737, 1355915.790899095125496 ], [ 545465.548925749608316, 1355896.984185771783814 ], [ 545466.666197427664883, 1355859.493918802589178 ], [ 545469.816201155306771, 1355747.346722499933094 ], [ 545470.745893838931806, 1355709.956693982239813 ], [ 545471.363388233701698, 1355695.98057347536087 ], [ 545473.201655369601212, 1355654.275564239127561 ], [ 545473.721827063825913, 1355640.40538166789338 ], [ 545475.109662461909465, 1355602.932414630427957 ], [ 545479.078471448505297, 1355490.725446719909087 ], [ 545479.711650077835657, 1355470.807830120204017 ], [ 545483.241639001294971, 1355453.765476947650313 ], [ 545489.542713117203675, 1355440.151004388695583 ], [ 545495.66187394305598, 1355432.243235867470503 ], [ 545509.37059842934832, 1355421.79105037660338 ], [ 545526.258236173540354, 1355411.204787746537477 ], [ 545535.142937106313184, 1355401.118432344635949 ], [ 545540.656282984884456, 1355389.920579520519823 ], [ 545544.015868179965764, 1355375.558363663265482 ], [ 545548.919316435814835, 1355270.026324699865654 ], [ 545550.615663786767982, 1355230.554894325556234 ], [ 545555.773558138520457, 1355112.48143503558822 ], [ 545557.372547290637158, 1355073.115987331373617 ], [ 545559.784577154321596, 1355009.583798487437889 ], [ 545567.089414738235064, 1354819.328188150888309 ], [ 545569.396906155976467, 1354756.013735145097598 ], [ 545613.226117714541033, 1354757.681446995353326 ], [ 545744.519074075389653, 1354762.897781713632867 ], [ 545788.250942005310208, 1354764.672315711854026 ], [ 545787.417630177806132, 1354783.455860105110332 ], [ 545788.463124720845371, 1354789.80127477645874 ], [ 545789.397069360944442, 1354796.475957029033452 ], [ 545790.489583677262999, 1354799.236443306785077 ], [ 545795.738343857927248, 1354812.128287277184427 ], [ 545809.625981177901849, 1354835.885346750030294 ], [ 545886.54451388376765, 1354835.736647359328344 ], [ 545886.700714620994404, 1354851.780138316098601 ], [ 545916.668634922825731, 1354853.463914474938065 ], [ 545915.960221683839336, 1354908.695330711547285 ], [ 545956.284287702175789, 1354909.917420965386555 ], [ 545961.876201470498927, 1354783.686893830308691 ], [ 545948.231239518849179, 1354783.154425595188513 ], [ 545948.73560886643827, 1354770.965168676804751 ], [ 545950.008906170260161, 1354544.670802295673639 ], [ 545941.608812900842167, 1354444.683402164373547 ], [ 545956.076384878833778, 1354388.197947044158354 ], [ 545967.072537049185485, 1354309.403422072995454 ], [ 545970.405074436217546, 1354299.748859126819298 ], [ 545991.185910757747479, 1354300.623567727394402 ], [ 545994.245450883056037, 1354228.387454028939828 ], [ 545959.50745154696051, 1354226.175583890639246 ], [ 545966.911531917983666, 1353855.187051920918748 ], [ 545935.980923909926787, 1353854.339004093781114 ], [ 545916.628513572388329, 1353853.779677469981834 ], [ 545877.93791104760021, 1353852.43781696469523 ], [ 545792.324218588881195, 1353849.566994450753555 ], [ 545761.889579904149286, 1353846.620832320069894 ], [ 545723.250866434304044, 1353843.040542217437178 ], [ 545697.083406140678562, 1353841.375272099394351 ], [ 545680.383262342540547, 1353840.424655630718917 ], [ 545650.896360875107348, 1353839.669508217833936 ], [ 545618.121285259025171, 1353842.18100604834035 ], [ 545615.566350656212308, 1353842.466926286928356 ], [ 545591.883480894612148, 1353845.893410360440612 ], [ 545587.720702465507202, 1353830.155796290142462 ], [ 545584.855986814480275, 1353823.918973850086331 ], [ 545580.233496972592548, 1353813.98243193840608 ], [ 545568.889678220963106, 1353795.769769250880927 ], [ 545546.280117629561573, 1353772.355547234881669 ], [ 545536.409800124820322, 1353762.309419153956696 ], [ 545531.370190699002706, 1353757.503957940032706 ], [ 545551.628554257913493, 1353736.704870079876855 ], [ 545555.57679178006947, 1353733.03181117051281 ], [ 545603.27633417933248, 1353688.190794875612482 ], [ 545630.171173309907317, 1353662.76867731846869 ], [ 545633.542541974573396, 1353659.619553965050727 ], [ 545655.264299349393696, 1353640.035027257399634 ], [ 545659.977135006105527, 1353635.737938849953935 ], [ 545674.108563507674262, 1353622.958359318319708 ], [ 545678.814311453141272, 1353618.772951056947932 ], [ 545682.950229893554933, 1353614.999769748887047 ], [ 545695.065982596948743, 1353603.998019338818267 ], [ 545699.104573509073816, 1353600.330773261375725 ], [ 545704.109475794364698, 1353595.715930128237233 ], [ 545719.102894642623141, 1353582.206426562042907 ], [ 545724.100711081293412, 1353577.703264920040965 ], [ 545726.484513054252602, 1353575.836784332292154 ], [ 545765.277811509091407, 1353541.417734164511785 ], [ 545806.110680884565227, 1353503.428663843777031 ], [ 545846.95811510249041, 1353465.216463963966817 ], [ 545850.037601740914397, 1353462.385206768056378 ], [ 545865.024360082461499, 1353448.987644173437729 ], [ 545870.411705875652842, 1353444.06087415991351 ], [ 545882.715506735024974, 1353432.959225914441049 ], [ 545909.839976392569952, 1353408.225291431648657 ], [ 545940.440636341460049, 1353380.124861551448703 ], [ 545963.638180785928853, 1353358.728972324403003 ], [ 545964.507195246173069, 1353357.887328335316852 ], [ 545967.107130194082856, 1353355.474065534770489 ], [ 545967.87879812088795, 1353354.73834549728781 ], [ 545973.183129884768277, 1353349.694230832159519 ], [ 545989.609150224016048, 1353335.043053674977273 ], [ 546003.435269111767411, 1353322.805160217452794 ], [ 546036.232876939582638, 1353292.938874645391479 ], [ 546052.680438159848563, 1353277.952820796752349 ], [ 546054.606087502441369, 1353276.169375661294907 ], [ 546075.990091062732972, 1353256.227996798465028 ], [ 546083.970558019937016, 1353248.999811769695953 ], [ 546091.07488921249751, 1353242.724933195393533 ], [ 546093.959831051644869, 1353240.105613682186231 ], [ 546133.689074538182467, 1353203.8416950434912 ], [ 546148.023687416687608, 1353190.739437406416982 ], [ 546130.808308645617217, 1353180.785517602227628 ], [ 546079.252178438822739, 1353150.929715629667044 ], [ 546061.939293457195163, 1353141.081858785822988 ], [ 546057.659741376643069, 1353138.566938953241333 ], [ 546039.805367165361531, 1353128.684651801129803 ], [ 546004.17962954682298, 1353109.037604643730447 ], [ 545830.411379175377078, 1353013.436840452486649 ], [ 545772.455344196292572, 1352981.606023130239919 ], [ 545744.181339479750022, 1352966.015876207733527 ], [ 545714.679375819745474, 1352949.78708874550648 ], [ 545658.808044530218467, 1352920.780653888592497 ], [ 545653.279087514150888, 1352917.96221784548834 ], [ 545629.759854939300567, 1352907.384067112579942 ], [ 545612.546212834771723, 1352900.234400879591703 ], [ 545578.092540349927731, 1352884.924415487796068 ], [ 545562.059074659715407, 1352877.737815105356276 ], [ 545514.058778855600394, 1352858.875461370917037 ], [ 545469.908241728437133, 1352842.164293505251408 ], [ 545419.662388027645648, 1352830.111126885516569 ], [ 545352.842097412445582, 1352815.098240454914048 ], [ 545218.964588213711977, 1352790.216531337704509 ], [ 545076.674472582293674, 1352763.68107120366767 ], [ 544733.345553745981306, 1352699.710005107102916 ], [ 544715.792361976462416, 1352696.464832211146131 ], [ 544693.401406170800328, 1352692.3518413126003 ], [ 544611.63907109387219, 1352677.180718928109854 ], [ 544524.323842677520588, 1352660.98511003702879 ], [ 544500.863971643731929, 1352656.580525953322649 ], [ 544399.201299945707433, 1352638.017770307837054 ], [ 544300.179955138475634, 1352622.090498951729387 ], [ 544228.120080737047829, 1352613.929674415150657 ], [ 544161.886918779229745, 1352609.614851383725181 ], [ 544100.843608527095057, 1352607.76005710568279 ], [ 544092.873656677897088, 1352607.702905918937176 ], [ 544073.219515470322222, 1352607.577235620934516 ], [ 543944.868491545901634, 1352611.208231649361551 ], [ 543901.115166357019916, 1352612.4696121935267 ], [ 543873.363655548775569, 1352614.297490033088252 ], [ 543750.392333103576675, 1352618.833127964287996 ], [ 543747.761053746449761, 1352618.890539156971499 ], [ 543739.58939983160235, 1352619.15728272520937 ], [ 543736.860795514658093, 1352619.320645578205585 ], [ 543700.806791107985191, 1352620.622704055393115 ], [ 543635.231908192508854, 1352623.080797941423953 ], [ 543592.673211989109404, 1352624.083109416998923 ], [ 543556.557351803057827, 1352624.933374574640766 ], [ 543550.399430069839582, 1352624.879450819222257 ], [ 543537.26430104742758, 1352624.831811590120196 ], [ 543531.925666078459471, 1352624.717706079594791 ], [ 543525.677499717334285, 1352624.658080683555454 ], [ 543523.932619608589448, 1352609.299370722612366 ], [ 543523.548597944551148, 1352605.35088318050839 ], [ 543518.147553475922905, 1352559.039990169694647 ], [ 543517.057401576545089, 1352547.646932908566669 ], [ 543516.411462123738602, 1352542.112190525280312 ], [ 543515.011608623899519, 1352528.457138907397166 ], [ 543510.839041536091827, 1352528.529066180810332 ], [ 543505.569363768328913, 1352528.755706093506888 ], [ 543498.133771895314567, 1352528.845092150382698 ], [ 543497.043737930245697, 1352528.88813382666558 ], [ 543493.863882590201683, 1352529.022978675086051 ], [ 543441.890852670068853, 1352529.87794614979066 ], [ 543433.996957892319188, 1352530.050465706037357 ], [ 543412.231679758639075, 1352530.353138218401 ], [ 543336.216051995637827, 1352531.703537265071645 ], [ 543231.894822339294478, 1352527.898126460146159 ], [ 543213.693329805391841, 1352526.29678573901765 ], [ 543167.488824482425116, 1352521.912867557490245 ], [ 543144.157407623599283, 1352519.762548701139167 ], [ 543086.404653231846169, 1352511.732656570384279 ], [ 543068.663100528530777, 1352508.591097366996109 ], [ 543030.833548148395494, 1352502.159521801630035 ], [ 543015.369342415593565, 1352498.825914962682873 ], [ 542997.565779869095422, 1352495.232107355026528 ], [ 542962.868155158939771, 1352487.99006669037044 ], [ 542883.95391907566227, 1352467.858558711828664 ], [ 542857.705647313618101, 1352460.254853662801906 ], [ 542440.967901120893657, 1352340.381121005164459 ], [ 542368.258884974988177, 1352319.52580498252064 ], [ 542359.978748501394875, 1352317.208311344496906 ], [ 542301.955675684963353, 1352300.53369057783857 ], [ 542275.616227862774394, 1352292.926067003281787 ], [ 542273.51524270453956, 1352323.289137909887359 ], [ 542213.340231100330129, 1352306.254826323129237 ], [ 542009.659594346303493, 1352248.757998290704563 ], [ 541971.140562840038911, 1352236.009083250071853 ], [ 541891.954410653561354, 1352212.954763873945922 ], [ 541852.787747131194919, 1352201.847237039357424 ], [ 541753.858664588420652, 1352182.928564715897664 ], [ 541571.47875542845577, 1352148.202274962794036 ], [ 541488.985542912967503, 1352133.015361862722784 ], [ 541470.563117458717898, 1352129.161501594586298 ], [ 541445.418377799331211, 1352517.403869193280116 ], [ 541431.496647808002308, 1352555.653777702478692 ], [ 541422.183119443710893, 1352581.189061215613037 ], [ 541397.850576692842878, 1352580.549926864448935 ], [ 541324.741561215254478, 1352578.962257840204984 ], [ 541300.311728139524348, 1352578.429376067128032 ], [ 541282.220255015185103, 1352577.960245687747374 ], [ 541227.945838174549863, 1352576.553083549719304 ], [ 541209.854366741143167, 1352576.084105835761875 ], [ 541209.399475537007675, 1352594.778904563281685 ], [ 541207.83315032266546, 1352651.186944896355271 ], [ 541207.280954077141359, 1352669.987732641631737 ], [ 541248.628607482416555, 1352670.91533208778128 ], [ 541276.036255522747524, 1352671.636021838057786 ], [ 541301.135676477104425, 1352675.910971844103187 ], [ 541313.169333223369904, 1352680.482476128963754 ], [ 541326.498872912488878, 1352687.490249957656488 ], [ 541348.028043313417584, 1352700.957819682778791 ], [ 541291.34465448721312, 1352861.1830665320158 ], [ 541258.364156862371601, 1352954.513225244823843 ], [ 541251.012270203675143, 1352954.721929985098541 ], [ 541199.736615699250251, 1352956.082757034339011 ], [ 541198.559264236013405, 1353012.067057901062071 ], [ 541198.104296691250056, 1353030.761924960417673 ], [ 541198.183900600066409, 1353056.778152853017673 ], [ 541198.24216766981408, 1353134.815480473451316 ], [ 541198.224441904225387, 1353160.937708571786061 ], [ 541198.095805877703242, 1353208.915840484201908 ], [ 541197.851464770152234, 1353254.420107055921108 ], [ 541194.988468444556929, 1353352.902851786930114 ], [ 541193.58229655388277, 1353401.024678693385795 ], [ 541192.084486530278809, 1353450.598272859817371 ], [ 541187.222947380971164, 1353599.40807350538671 ], [ 541185.537541956873611, 1353649.082034119404852 ], [ 541185.288463315344416, 1353677.432141315424815 ], [ 541185.072874857578427, 1353685.154671296244487 ], [ 541181.575225152424537, 1353793.688363155117258 ], [ 541180.374545610509813, 1353829.93883310793899 ], [ 541180.04906548128929, 1353843.708814084995538 ], [ 541178.704637565533631, 1353885.107661312445998 ], [ 541178.28187081462238, 1353898.983627362875268 ], [ 541176.556939354399219, 1353953.588426006026566 ], [ 541175.291393531137146, 1353992.301454672589898 ], [ 541169.563313918071799, 1354117.512428625719622 ], [ 541167.019189805258065, 1354172.177751028211787 ], [ 541226.460443946067244, 1354174.808205257868394 ], [ 541273.242828238056973, 1354175.630917834118009 ], [ 541350.14906113455072, 1354177.122336701257154 ], [ 541564.450302914250642, 1354183.36678456608206 ], [ 541591.762948535266332, 1354184.082772167632356 ], [ 541689.505074651562609, 1354187.00539662130177 ], [ 541692.121715438435785, 1354187.170697101857513 ], [ 541695.286424676887691, 1354194.434107603272423 ], [ 541683.175786969251931, 1354226.968340641120449 ], [ 541681.348635013448074, 1354255.891701959073544 ], [ 541680.038798758410849, 1354342.589004616718739 ], [ 541679.700560686760582, 1354368.01864624186419 ], [ 541679.642638649209403, 1354370.369486070470884 ], [ 541679.503007410792634, 1354480.125219558365643 ], [ 541675.296125172753818, 1354535.246309935580939 ], [ 541672.883266171556897, 1354627.928587984992191 ], [ 541669.883770842920057, 1354696.916701697744429 ], [ 541663.317869775230065, 1354886.880685186712071 ], [ 541661.878657008521259, 1354909.662147384602576 ], [ 541662.4503682134673, 1354920.685980719514191 ], [ 541663.388106808532029, 1354940.254026368260384 ], [ 541668.519398839329369, 1354965.132388308877125 ], [ 541678.120845420868136, 1354989.508334045996889 ], [ 541686.257980751572177, 1355006.952486792346463 ], [ 541729.512555743800476, 1355079.311699771787971 ], [ 541692.728933835867792, 1355045.033527045045048 ], [ 541652.602792806457728, 1355007.741386280860752 ], [ 541620.762112160562538, 1354978.372749518835917 ], [ 541580.950934671447612, 1354944.688722820952535 ], [ 541542.852174263214692, 1354912.570619386155158 ], [ 541540.802260258933529, 1354949.328451153589413 ], [ 541536.971928299404681, 1355017.143074456602335 ], [ 541536.815470326109789, 1355048.302433643955737 ], [ 541536.359622778487392, 1355059.821960009634495 ], [ 541534.663513356354088, 1355096.714305809466168 ], [ 541529.236241170670837, 1355096.59575338056311 ], [ 541512.676713536377065, 1355096.334696432575583 ], [ 541507.152169132255949, 1355096.32213399419561 ], [ 541497.470478312810883, 1355096.159141097450629 ], [ 541468.154749474604614, 1355095.653134986758232 ], [ 541458.375788004719652, 1355095.596162752015516 ], [ 541458.29888374672737, 1355116.894027931848541 ], [ 541456.123516377410851, 1355161.380257436307147 ], [ 541452.475355327944271, 1355234.924616153351963 ], [ 541448.367076996597461, 1355358.781761975260451 ], [ 541446.107634603395127, 1355424.677676951047033 ], [ 541445.94395618699491, 1355428.703656854573637 ], [ 541445.941019806661643, 1355431.618589156074449 ], [ 541445.434119994635694, 1355452.553002709057182 ], [ 541445.17023509403225, 1355459.599893632810563 ], [ 541444.005080085829832, 1355513.904495498165488 ], [ 541440.31490195565857, 1355677.030402686679736 ], [ 541439.052361857495271, 1355731.441080014919862 ], [ 541461.754327243077569, 1355716.168934181565419 ], [ 541529.839544252608903, 1355670.687895140843466 ], [ 541552.534776339307427, 1355655.527673479868099 ], [ 541576.123676025541499, 1355641.993645364418626 ], [ 541613.524369830847718, 1355620.586841009324417 ], [ 541646.924597014905885, 1355602.291057116584852 ], [ 541670.561675254255533, 1355589.433042614487931 ], [ 541671.028396927984431, 1355607.850252760341391 ], [ 541678.033814900787547, 1355712.004166665486991 ], [ 541654.775017562205903, 1355721.746685366146266 ], [ 541634.261423821444623, 1355721.011265242472291 ], [ 541616.100419068476185, 1355720.312399233691394 ], [ 541612.737109847133979, 1355764.948066286742687 ], [ 541607.642885851324536, 1355765.298960956046358 ], [ 541598.363618342205882, 1355765.946075073210523 ], [ 541592.113557519158348, 1355965.237799745053053 ], [ 541590.493541916483082, 1356015.253364463103935 ], [ 541565.43639162403997, 1356013.334065166767687 ], [ 541564.798918753163889, 1356019.124066549120471 ], [ 541550.953005812712945, 1356020.379700920311734 ], [ 541540.840967320138589, 1356021.310617965413257 ], [ 541540.459598799818195, 1356034.516758220037445 ], [ 541539.907425795565359, 1356051.860573523212224 ], [ 541539.536104094819166, 1356062.040094821481034 ], [ 541538.985425580991432, 1356077.926440279465169 ], [ 541513.829699750756845, 1356077.570742077659816 ], [ 541513.59649945795536, 1356088.431713479105383 ], [ 541513.421224893885665, 1356096.941811193944886 ], [ 541512.960797005216591, 1356112.833861262537539 ], [ 541509.791609831037931, 1356218.924117650371045 ], [ 541508.735193400993012, 1356254.287557323463261 ], [ 541508.102449959260412, 1356275.774786333320662 ], [ 541505.933577419258654, 1356340.219402244314551 ], [ 541505.203558861277997, 1356361.812623932724819 ], [ 541504.501753758988343, 1356382.959148148074746 ], [ 541502.028443180024624, 1356446.487626551883295 ], [ 541501.229366275016218, 1356467.7401431966573 ], [ 541500.478165626409464, 1356489.668414314044639 ], [ 541498.022971719619818, 1356555.77688237442635 ], [ 541497.174499401589856, 1356577.811147223925218 ], [ 541496.465607798774727, 1356599.069385295500979 ], [ 541494.338912727311254, 1356662.844122184440494 ], [ 541493.630007616360672, 1356684.102375374408439 ], [ 541492.701479509123601, 1356723.174041198100895 ], [ 541489.81149645044934, 1356840.606768229044974 ], [ 541489.268852449720725, 1356862.099800271913409 ], [ 541486.627893008175306, 1356879.536037748912349 ], [ 541460.696473769028671, 1356880.028327227104455 ], [ 541422.156635450781323, 1356880.845535284839571 ], [ 541398.199612719938159, 1356884.489995349897072 ], [ 541382.816136748762801, 1356884.303261062595993 ], [ 541379.374407414114103, 1356884.310136103304103 ], [ 541356.880674825632013, 1356881.992573462193832 ], [ 541343.741074570687488, 1356879.256706822197884 ], [ 541330.329384575714357, 1356877.961255252128467 ], [ 541308.633332234923728, 1356875.918437188724056 ], [ 541298.336348189855926, 1356875.49245188315399 ], [ 541299.866949592833407, 1356844.083027161192149 ], [ 541300.490472228382714, 1356831.340578129515052 ], [ 540989.559581331792288, 1356818.999833299778402 ], [ 540987.65688471775502, 1356820.449447524501011 ], [ 540987.002730096457526, 1356843.729332893854007 ], [ 540986.674260112922639, 1356853.238889951258898 ], [ 540983.717291090986691, 1356861.349231429863721 ], [ 540981.765268878662027, 1356863.580581212416291 ], [ 540976.939496778300963, 1356866.863902118988335 ], [ 540960.834421265986748, 1356866.632385180098936 ], [ 540887.976127714850008, 1356865.959034303436056 ], [ 540883.08414445980452, 1356865.986719983397052 ], [ 540879.683295798837207, 1356866.781221534591168 ], [ 540866.2180670396192, 1356877.816425583558157 ], [ 540867.389273411245085, 1356879.347897103521973 ], [ 540870.9860440507764, 1356884.059680462116376 ], [ 540872.060001569916494, 1356885.697137661743909 ], [ 540865.300600802060217, 1356886.616092989686877 ], [ 540844.925162381259724, 1356889.478976321173832 ], [ 540838.068522173911333, 1356890.503938454668969 ], [ 540802.30265282606706, 1356893.292870925506577 ], [ 540773.141199764795601, 1356897.619801524560899 ], [ 540750.648951495648362, 1356901.022090273210779 ], [ 540672.706546523724683, 1356920.660062105162069 ], [ 540595.856946161366068, 1356944.516111222794279 ], [ 540581.543584032566287, 1356950.340694688260555 ], [ 540519.174433089443482, 1356975.783335462212563 ], [ 540487.017427958198823, 1357016.137342499103397 ], [ 540480.720925176516175, 1357026.952411666978151 ], [ 540473.430908186011948, 1357039.162413455080241 ], [ 540467.578736013616435, 1357057.293362883618101 ], [ 540465.405287272646092, 1357081.710791230900213 ], [ 540471.503595556365326, 1357112.816421532072127 ], [ 540493.223796440172009, 1357163.294927184702829 ], [ 540516.028775164159015, 1357210.926782761001959 ], [ 540517.074579835520126, 1357213.010907873976976 ], [ 540545.149114541010931, 1357271.850917840143666 ], [ 540545.46510886575561, 1357319.970816489076242 ], [ 540545.624519239296205, 1357364.829346617450938 ], [ 540541.769348061294295, 1357384.319565668934956 ], [ 540536.207523424527608, 1357403.590042866300792 ], [ 540519.729680848191492, 1357432.263067978201434 ], [ 540504.394398009055294, 1357448.562712016282603 ], [ 540501.38709860900417, 1357451.736715139588341 ], [ 540469.860775643028319, 1357472.060914205620065 ], [ 540514.601795204915106, 1357484.86095291771926 ], [ 540521.801895923563279, 1357486.996813161065802 ], [ 540573.90252998797223, 1357516.630999873625115 ], [ 540636.917926257010549, 1357559.84793834737502 ], [ 540676.745804288075306, 1357587.363263605162501 ], [ 540687.371738197631203, 1357591.172952708788216 ], [ 540718.957772863679565, 1357602.920061631826684 ], [ 540729.479387910221703, 1357606.947467788821086 ], [ 540737.399488425813615, 1357610.586522739147767 ], [ 540761.048421637155116, 1357621.833073131740093 ], [ 540768.8712576366961, 1357625.578144397353753 ], [ 540773.368239971227013, 1357631.804310713894665 ], [ 540786.671714333933778, 1357650.583121697884053 ], [ 540791.071430483832955, 1357656.915285111404955 ], [ 540796.884618460433558, 1357658.066912747919559 ], [ 540825.391069606877863, 1357661.211009185761213 ], [ 540886.441441581118852, 1357668.090636640787125 ], [ 540910.986430310644209, 1357670.872913338942453 ], [ 540939.395580509328283, 1357674.123374240007252 ], [ 540972.321376737090759, 1357677.546873931307346 ], [ 541011.449271284975111, 1357681.698336661793292 ], [ 541070.722332686884329, 1357689.476205358281732 ], [ 541103.411263586371206, 1357693.782237127888948 ], [ 541141.64977222844027, 1357699.111495785415173 ], [ 541256.350972339860164, 1357715.323649288387969 ], [ 541294.485035175108351, 1357720.871248194482177 ], [ 541445.386378636001609, 1357740.269152991473675 ], [ 541558.32123549724929, 1357752.898029665462673 ], [ 541737.323736962745897, 1357770.376669329823926 ], [ 542014.478223019163124, 1357809.426185623509809 ], [ 542011.403472764184698, 1357797.907346471212804 ], [ 542012.212791169644333, 1357775.085481140064076 ], [ 542012.56367624423001, 1357765.240868092281744 ], [ 542014.626600500312634, 1357706.843263479182497 ], [ 542015.33865015313495, 1357684.127388175111264 ], [ 542015.987137835705653, 1357662.416601762874052 ], [ 542017.752191209117882, 1357597.272859125165269 ], [ 542018.213214182644151, 1357575.662357431137934 ], [ 542018.967610312625766, 1357552.276451106881723 ], [ 542021.050384662812576, 1357482.107352504739538 ], [ 542021.617312354617752, 1357458.821733282413334 ], [ 542022.458038193755783, 1357432.638249904382974 ], [ 542024.973121900227852, 1357354.199509849306196 ], [ 542025.716568669187836, 1357328.122021524934098 ], [ 542028.711482486920431, 1357223.477097774157301 ], [ 542032.404453048598953, 1357114.952138784341514 ], [ 542033.042569124605507, 1357096.268101743422449 ], [ 542034.024454390630126, 1357067.851187394466251 ], [ 542061.553018864942715, 1357072.170782050583512 ], [ 542071.631846039672382, 1357068.88387310039252 ], [ 542318.966279592830688, 1357075.782963860780001 ], [ 542319.509855509852059, 1357061.465704789152369 ], [ 542320.734547346248291, 1357027.794393724761903 ], [ 542324.089922364917584, 1356944.699898160761222 ], [ 542371.078692919341847, 1356946.327399072935805 ], [ 542400.17960704350844, 1356947.271757964976132 ], [ 542408.401934973429888, 1356947.567792536458001 ], [ 542419.968727244413458, 1356947.96334378188476 ], [ 542417.144885854795575, 1357032.661205374868587 ], [ 542465.500310527859256, 1357034.151487703900784 ], [ 542467.110911321593449, 1356997.253047242062166 ], [ 542514.98357340414077, 1356996.358475756598637 ], [ 542516.464790492784232, 1356951.491172739071772 ], [ 542534.817778267082758, 1356951.980009584920481 ], [ 542589.675137737533078, 1356953.770361678674817 ], [ 542607.930857439991087, 1356954.365320509299636 ], [ 542629.087111414875835, 1356954.919684445951134 ], [ 542692.541736421640962, 1356956.806439219275489 ], [ 542713.600721830385737, 1356957.466976024443284 ], [ 542713.646575284190476, 1356953.881960788974538 ] ] ] } },
{ "type": "Feature", "properties": { "community_id": "Selected low-growth community", "zcta": "38118", "overlap_sq_m": 12416079.862397965, "overlap_sq_miles": 4.7938752355072483, "share_of_community_area": 0.02232185426584397 }, "geometry": { "type": "Polygon", "coordinates": [ [ [ 546190.652596131083556, 1353151.633164958097041 ], [ 546214.752427138620988, 1353163.034780280198902 ], [ 546278.485509323421866, 1353192.321641903603449 ], [ 546296.208817265694961, 1353201.411255374550819 ], [ 546396.864765062811784, 1353249.869421385228634 ], [ 546449.475625723716803, 1353274.524750146549195 ], [ 546561.369529453804716, 1353327.176850066520274 ], [ 546602.79916658368893, 1353345.290237052133307 ], [ 546660.272100003436208, 1353367.565930454293266 ], [ 546688.089343966683373, 1353376.066527909599245 ], [ 546712.97141704976093, 1353383.707363223424181 ], [ 546745.186351476120763, 1353390.021837007952854 ], [ 546789.39336373237893, 1353398.670765667920932 ], [ 546824.650116828270257, 1353404.170398665824905 ], [ 546876.496230100980029, 1353410.952339735580608 ], [ 546906.483450351166539, 1353412.41624256176874 ], [ 546929.439292757189833, 1353413.319678590632975 ], [ 547001.951871313853189, 1353411.441610547248274 ], [ 547050.810499802231789, 1353406.821840962860733 ], [ 547080.978214567876421, 1353404.037225751439109 ], [ 547209.027478464413434, 1353389.446349871112034 ], [ 547483.104093936737627, 1353358.278555542929098 ], [ 547627.124982429319061, 1353341.910439397208393 ], [ 547748.128405610332265, 1353328.447262624744326 ], [ 547755.010378666687757, 1353327.09287522546947 ], [ 547797.226049633813091, 1353318.689309264766052 ], [ 548376.022691492573358, 1353252.079886010382324 ], [ 548376.601700627245009, 1353238.774278981611133 ], [ 548376.787354953354225, 1353235.870954022044316 ], [ 548379.211111038457602, 1353176.712917838711292 ], [ 548379.983529313700274, 1353156.131700617726892 ], [ 548380.517101484118029, 1353144.953533707885072 ], [ 548381.93019361991901, 1353111.51916480739601 ], [ 548382.276142037357204, 1353100.441127527505159 ], [ 548382.39039005653467, 1353098.65446814103052 ], [ 548382.628612603060901, 1353093.512052125064656 ], [ 548382.645479578990489, 1353091.831288618035614 ], [ 548383.178928103530779, 1353065.068053158931434 ], [ 548383.825873461784795, 1353025.193720851792023 ], [ 548383.769976539188065, 1353017.565800809068605 ], [ 548383.328220673836768, 1352984.797721575712785 ], [ 548383.184049901668914, 1352979.967226989101619 ], [ 548382.896316207479686, 1352966.045615694485605 ], [ 548382.771590364980511, 1352958.07693071430549 ], [ 548382.563761679106392, 1352949.990809746785089 ], [ 548382.429310338455252, 1352943.591221179813147 ], [ 548382.513019535690546, 1352939.44803591677919 ], [ 548382.63969543017447, 1352883.619073062902316 ], [ 548382.622062617563643, 1352873.975403467426077 ], [ 548382.554446271620691, 1352865.113396595930681 ], [ 548375.653144209878519, 1352865.344842556165531 ], [ 548360.302132993703708, 1352865.932989691384137 ], [ 548302.256525909993798, 1352865.361138193402439 ], [ 548254.444077297113836, 1352864.883249408565462 ], [ 548226.924571828218177, 1352864.469485554145649 ], [ 548204.653434230946004, 1352864.167052556062117 ], [ 548177.376112438505515, 1352864.21741801709868 ], [ 547482.075069043785334, 1352856.354219584260136 ], [ 547476.00740260630846, 1352856.303238048683852 ], [ 547435.053618125384673, 1352856.267748912330717 ], [ 547321.622769478475675, 1352854.633982924511656 ], [ 547301.116225039120764, 1352853.661654498893768 ], [ 546817.607815652503632, 1352831.116193737834692 ], [ 546776.793996651773341, 1352826.047309403540567 ], [ 546758.949483240256086, 1352823.115696415770799 ], [ 546716.921810856088996, 1352812.924257459351793 ], [ 546699.523652407340705, 1352808.675770764471963 ], [ 546672.143791350768879, 1352798.96983554889448 ], [ 546665.066662582568824, 1352796.276294710114598 ], [ 546663.831723597133532, 1352795.74909193511121 ], [ 546657.906403879518621, 1352793.465340011287481 ], [ 546631.013260473613627, 1352783.229961083270609 ], [ 546609.788629528367892, 1352770.777171445311978 ], [ 546614.898951329407282, 1352765.945312953321263 ], [ 546656.399200224434026, 1352727.55416322988458 ], [ 546664.8745452206349, 1352719.685311998939142 ], [ 546721.414428828982636, 1352667.116783170960844 ], [ 546774.461577352369204, 1352615.335023878142238 ], [ 546791.45060883439146, 1352597.581817778293043 ], [ 546793.982103469548747, 1352594.828067865222692 ], [ 546837.352566904039122, 1352547.026703252922744 ], [ 546861.933968179742806, 1352518.209262119606137 ], [ 546879.170251782750711, 1352498.005326078273356 ], [ 546900.165872943587601, 1352471.426006268477067 ], [ 546972.579023354919627, 1352371.771367700304836 ], [ 546980.261658209143206, 1352360.712872936856002 ], [ 546990.616035106475465, 1352346.124789060791954 ], [ 547071.017910565598868, 1352232.068385666236281 ], [ 547099.395936425076798, 1352192.057447352446616 ], [ 547169.312507716123946, 1352093.254283412825316 ], [ 547184.343850989360362, 1352072.125433529959992 ], [ 547212.625475311418995, 1352032.220836322987452 ], [ 547262.370655681123026, 1351961.282906115287915 ], [ 547279.40698056621477, 1351937.142769581405446 ], [ 547270.341329817660153, 1351931.518881703959778 ], [ 547238.410775843309239, 1351913.560417850501835 ], [ 547227.34526002407074, 1351908.033224155195057 ], [ 547213.339400811120868, 1351904.560865294886753 ], [ 547201.452138710883446, 1351904.811554040526971 ], [ 547078.109595974092372, 1351902.100925996201113 ], [ 546799.135360179585405, 1351894.290081970393658 ], [ 546765.000350185437128, 1351886.732217947952449 ], [ 546730.815462207072414, 1351879.956155860796571 ], [ 546576.563868817989714, 1351880.215840529184788 ], [ 546557.727146104210988, 1351880.024564471794292 ], [ 546431.389815377537161, 1351878.814199117012322 ], [ 546426.411656668991782, 1351878.721289692912251 ], [ 546390.001787550980225, 1351878.419931022217497 ], [ 546397.934776496142149, 1351834.974256645422429 ], [ 546407.016673741163686, 1351784.874597611604258 ], [ 546411.255102001945488, 1351751.060153691796586 ], [ 546415.50378145056311, 1351701.437473878497258 ], [ 546417.048802249482833, 1351644.466912008123472 ], [ 546421.117805605055764, 1351535.073027356062084 ], [ 546421.983905152999796, 1351527.167705077677965 ], [ 546424.790725771570578, 1351498.756000431952998 ], [ 546431.527974791941233, 1351465.54930921876803 ], [ 546443.112509998609312, 1351427.381812350358814 ], [ 546452.714996597613208, 1351400.412142546148971 ], [ 546462.909323334111832, 1351376.955897714477032 ], [ 546480.527622479246929, 1351343.657650394598022 ], [ 546488.43577140790876, 1351330.482902120333165 ], [ 546526.26762365794275, 1351274.366904790047556 ], [ 546539.320291222189553, 1351257.259447900345549 ], [ 546563.005616248119622, 1351225.469139284221455 ], [ 546628.203457967028953, 1351138.134238807950169 ], [ 546638.470762051525526, 1351126.343282160814852 ], [ 546651.211459080688655, 1351122.670441427500919 ], [ 546671.244711947045289, 1351095.580938806990162 ], [ 546762.852947438135743, 1350972.145987264113501 ], [ 546783.045402714167722, 1350936.882177343824878 ], [ 546790.294004723778926, 1350924.114143115002662 ], [ 546806.049504581722431, 1350888.791804639622569 ], [ 546810.937076654983684, 1350876.097524818964303 ], [ 546823.701744802994654, 1350835.090730334632099 ], [ 546831.571157459286042, 1350798.368791773915291 ], [ 546833.817197089316323, 1350783.039518287405372 ], [ 546837.811791547108442, 1350737.437414527405053 ], [ 546838.55228301754687, 1350694.542986281914636 ], [ 546835.924872604082339, 1350624.861664336640388 ], [ 546828.420961914933287, 1350560.587604886153713 ], [ 546823.461166142718866, 1350530.335683078505099 ], [ 546815.79522859165445, 1350494.19321264885366 ], [ 546807.948670926969498, 1350458.039251939859241 ], [ 546797.723402624251321, 1350442.139319010777399 ], [ 546787.551058405661024, 1350405.500799417961389 ], [ 546771.964479697286151, 1350335.778556150384247 ], [ 546751.55581173801329, 1350245.007129031931981 ], [ 546745.493069526623003, 1350213.563887611962855 ], [ 546741.120679660933092, 1350171.240777855971828 ], [ 546739.299034277792089, 1350123.025855143554509 ], [ 546736.956267157569528, 1350065.920391116989776 ], [ 546736.125773442327045, 1350050.507245174376294 ], [ 546679.529775263858028, 1350048.245965223759413 ], [ 546538.942479304154404, 1350042.651909178122878 ], [ 546509.442472468130291, 1350041.893773642368615 ], [ 546452.699278135201894, 1350040.521559732733294 ], [ 546441.303588991053402, 1350040.132046902086586 ], [ 546407.012024138821289, 1350039.181179825915024 ], [ 546395.518950331024826, 1350038.897643290925771 ], [ 546322.061101097729988, 1350036.685978428460658 ], [ 546184.4506072482327, 1350032.744837514823303 ], [ 546101.464371269452386, 1350030.713257525581867 ], [ 546027.880727111943997, 1350029.056692331796512 ], [ 546019.547205645125359, 1350028.974758001742885 ], [ 546008.475707849371247, 1350034.885050327284262 ], [ 545964.280501861358061, 1350034.314694100059569 ], [ 545781.06198417651467, 1350032.074449631152675 ], [ 545770.846959226182662, 1350031.648821639129892 ], [ 545706.368845994235016, 1350029.340991975739598 ], [ 545639.403648607665673, 1350027.660284834681079 ], [ 545622.035767475375906, 1350027.116250667953864 ], [ 545622.148456385009922, 1350021.069073174148798 ], [ 545622.521865359740332, 1350012.347658349201083 ], [ 545628.717789636808448, 1349917.778255754383281 ], [ 545632.366308141732588, 1349851.861064636847004 ], [ 545637.116424012812786, 1349782.874691118020564 ], [ 545640.86011314636562, 1349728.287468472495675 ], [ 545641.19390562758781, 1349723.039189661853015 ], [ 545654.548599543282762, 1349515.911353815812618 ], [ 545678.191848117043264, 1349158.41705700266175 ], [ 545682.512846593861468, 1349093.327898512827232 ], [ 545682.917657401179895, 1349086.963000676361844 ], [ 545683.208837090525776, 1349082.384741050889716 ], [ 545685.853777290671133, 1349043.648523122770712 ], [ 545697.178268930059858, 1348872.718512487597764 ], [ 545698.314578993711621, 1348854.852168692508712 ], [ 545701.89697749458719, 1348801.376303398516029 ], [ 545705.727944356156513, 1348743.992205138551071 ], [ 545710.143308456637897, 1348675.994269737042487 ], [ 545712.05169007438235, 1348647.413913554977626 ], [ 545716.859695915831253, 1348571.817117876140401 ], [ 545720.502983266022056, 1348514.533316958928481 ], [ 545721.681902361335233, 1348495.997044563759118 ], [ 545725.184144226717763, 1348445.207035020692274 ], [ 545731.416558221564628, 1348354.341100053396076 ], [ 545736.997529933229089, 1348302.225858939113095 ], [ 545740.838580510113388, 1348267.490036535775289 ], [ 545744.450345791876316, 1348237.784849558025599 ], [ 545751.908277476788498, 1348174.689592140493914 ], [ 545752.638752212747931, 1348168.906037727138028 ], [ 545773.301264713867567, 1347996.553209258010611 ], [ 545773.583316851872951, 1347993.544030564837158 ], [ 545783.915909297182225, 1347836.791187688941136 ], [ 545791.729272383265197, 1347718.221728697419167 ], [ 545802.289132320438512, 1347567.874285884667188 ], [ 545803.551284559536725, 1347549.455579872010276 ], [ 545808.528874041279778, 1347476.897418887121603 ], [ 545811.96935698913876, 1347425.655486957635731 ], [ 545820.808508481364697, 1347303.788265194976702 ], [ 545821.353347436757758, 1347296.647572216577828 ], [ 545823.113677508663386, 1347274.672924360726029 ], [ 545831.301539697684348, 1347181.577911029802635 ], [ 545834.786710736574605, 1347138.186981332255527 ], [ 545838.705121511826292, 1347087.984634729102254 ], [ 545840.531146044842899, 1346993.700340764829889 ], [ 545841.39315897168126, 1346903.166703489841893 ], [ 545841.441834547556937, 1346898.124652033671737 ], [ 545841.836489425622858, 1346889.068488518008962 ], [ 545854.100050078122877, 1346747.5754351450596 ], [ 545855.230324640520848, 1346734.081502612913027 ], [ 545863.508584232069552, 1346640.992690955754369 ], [ 545865.224303248687647, 1346621.145503343548626 ], [ 545877.285152027499862, 1346485.694055459927768 ], [ 545878.202378385816701, 1346475.550023241201416 ], [ 545840.341120108379982, 1346473.478324407245964 ], [ 545767.140165553195402, 1346469.6078912592493 ], [ 545678.655454289750196, 1346465.102661601500586 ], [ 545433.646739703835919, 1346452.331213528290391 ], [ 545327.363642943673767, 1346446.810624759877101 ], [ 545322.479784120223485, 1346446.612421591300517 ], [ 545323.541623854776844, 1346452.73401969531551 ], [ 545330.711117607308552, 1346474.042683726642281 ], [ 545333.57073593698442, 1346476.130315046291798 ], [ 545345.643433883902617, 1346514.455478060990572 ], [ 545346.485348513699137, 1346539.734538487158716 ], [ 545338.362114539719187, 1346561.977439765119925 ], [ 545326.276269121328369, 1346580.941495239268988 ], [ 545323.809018855332397, 1346602.64689029706642 ], [ 545323.451024124864489, 1346605.426985179772601 ], [ 545326.380314131500199, 1346617.833505518501624 ], [ 545342.404999145073816, 1346641.050256418529898 ], [ 545347.71064024802763, 1346653.159335844451562 ], [ 545350.34638429840561, 1346677.31916576018557 ], [ 545348.289343265583739, 1346719.679582404671237 ], [ 545355.177220594603568, 1346753.975648714462295 ], [ 545365.009672714397311, 1346789.01942105893977 ], [ 545369.917181282769889, 1346797.403478914871812 ], [ 545378.497463189880364, 1346833.600968928309157 ], [ 545380.662124100839719, 1346856.609780821250752 ], [ 545396.290460689691827, 1346916.014366941526532 ], [ 545396.566273697069846, 1346948.769206312252209 ], [ 545393.405336302821524, 1346979.960276119178161 ], [ 545378.874725679634139, 1347055.947161715943366 ], [ 545375.341636047465727, 1347090.14169721538201 ], [ 545372.732314593275078, 1347114.080437033670023 ], [ 545368.906915027298965, 1347164.288758668117225 ], [ 545367.426878944854252, 1347206.12545971898362 ], [ 545360.462338163866661, 1347240.101974917575717 ], [ 545362.545686691300943, 1347245.840089417528361 ], [ 545363.445364342536777, 1347258.790418458869681 ], [ 545364.127702534431592, 1347268.02716191438958 ], [ 545379.324660100392066, 1347285.697990310611203 ], [ 545392.173201515804976, 1347293.241414917167276 ], [ 545394.735173022956587, 1347294.301152826985344 ], [ 545417.500694711576216, 1347304.156601317226887 ], [ 545423.702362648677081, 1347310.717056314460933 ], [ 545428.53848297696095, 1347320.217817246681079 ], [ 545428.981863871798851, 1347341.771985993720591 ], [ 545421.245853316737339, 1347437.810956431785598 ], [ 545416.571131694247015, 1347494.243858252186328 ], [ 545402.543113468214869, 1347666.457477648509666 ], [ 545395.862704960629344, 1347747.316188354277983 ], [ 545369.27981265168637, 1348107.085787870222703 ], [ 545346.869588510598987, 1348144.453388935187832 ], [ 545339.270503357169218, 1348159.890812150435522 ], [ 545342.108657860429958, 1348172.291758898179978 ], [ 545342.522670542355627, 1348174.33614722173661 ], [ 545348.657843388267793, 1348183.358946822583675 ], [ 545401.71954921958968, 1348224.290106975473464 ], [ 545433.728035948122852, 1348244.151030329521745 ], [ 545455.180530639598146, 1348267.489330887328833 ], [ 545447.233214288251474, 1348278.419923924142495 ], [ 545445.848469283082522, 1348280.237863901304081 ], [ 545432.474946804461069, 1348302.371445152675733 ], [ 545426.616588548873551, 1348314.66811440512538 ], [ 545420.549272089614533, 1348327.399968032725155 ], [ 545414.570776183274575, 1348325.898795574903488 ], [ 545363.085766215110198, 1348321.505222717765719 ], [ 545351.362166812643409, 1348320.535876241279766 ], [ 545190.175728122354485, 1348307.714345582295209 ], [ 545132.446318815229461, 1348303.149646162288263 ], [ 545100.796768887434155, 1348300.466299496591091 ], [ 545061.201601537643, 1348297.278343487996608 ], [ 545058.813707876717672, 1348327.734128365991637 ], [ 545051.336021802038886, 1348425.472163491416723 ], [ 545046.533212250913493, 1348491.09094401425682 ], [ 545042.431905606645159, 1348535.676609420450404 ], [ 545034.493820968200453, 1348634.955200208583847 ], [ 545030.943285507615656, 1348678.006290546385571 ], [ 545019.80878358380869, 1348820.470763764809817 ], [ 545016.434481662348844, 1348887.86225522425957 ], [ 545018.682668624678627, 1348905.270904599688947 ], [ 545024.643451206153259, 1348919.888261953368783 ], [ 545032.55369311501272, 1348930.929638338508084 ], [ 545042.085798104875721, 1348939.271154732210562 ], [ 545054.877140212687664, 1348946.250106973107904 ], [ 545098.587503922288306, 1348960.238572821486741 ], [ 545111.122109623625875, 1348966.977071638451889 ], [ 545122.013506461982615, 1348976.750438346527517 ], [ 545129.486339038237929, 1348987.539897412993014 ], [ 545133.972698284778744, 1348998.25173246813938 ], [ 545138.418969911523163, 1349018.154541933210567 ], [ 545144.152771449880674, 1349062.019895805045962 ], [ 545144.800525138271041, 1349091.771828745724633 ], [ 545144.930711824796163, 1349098.28283756878227 ], [ 545142.988638956332579, 1349127.421763688093051 ], [ 545142.12695631198585, 1349138.130168780684471 ], [ 544961.668983057374135, 1349124.984418637352064 ], [ 544899.319386546849273, 1349120.463823158992454 ], [ 544892.511236827122048, 1349227.662847816944122 ], [ 544884.426550601376221, 1349354.961822391720489 ], [ 544872.086748714442365, 1349549.260535140987486 ], [ 544865.278573031420819, 1349656.459968608105555 ], [ 544864.143876453745179, 1349674.326550781959668 ], [ 544860.746877496712841, 1349727.814648127416149 ], [ 544859.605088340584189, 1349745.79290785244666 ], [ 544856.045971829909831, 1349774.717195064062253 ], [ 544845.104957218631171, 1349861.361242145532742 ], [ 544841.358245885348879, 1349890.38576374691911 ], [ 544841.412646278855391, 1349912.364104953128844 ], [ 544841.464252757723443, 1349978.628418929176405 ], [ 544841.451399246696383, 1349983.112276614643633 ], [ 544817.281362590845674, 1349979.783424756489694 ], [ 544680.709685500245541, 1349956.648307533469051 ], [ 544657.831727537326515, 1349952.953479648102075 ], [ 544629.836515417671762, 1349948.485381102189422 ], [ 544549.718332756776363, 1349935.551360704470426 ], [ 544527.381926470785402, 1349931.891261551529169 ], [ 544500.650437591248192, 1349927.503803057596087 ], [ 544410.461927057127468, 1349914.716773046646267 ], [ 544378.009497856954113, 1349909.069732041098177 ], [ 544356.839454332948662, 1349905.596211886964738 ], [ 544293.863800647784956, 1349895.321996389422566 ], [ 544260.667802288779058, 1349889.964580959640443 ], [ 544182.007287112763152, 1349876.902296181069687 ], [ 544123.392796645290218, 1349866.457525402540341 ], [ 544046.663108514389023, 1349852.958385805599391 ], [ 544008.72477991913911, 1349846.628530344227329 ], [ 544006.211251032073051, 1349846.244913178263232 ], [ 544002.256806194898672, 1349860.00866946647875 ], [ 544000.548671037657186, 1349859.78824011143297 ], [ 543992.376173123484477, 1349858.597328275907785 ], [ 543956.023849679040723, 1349855.843870196957141 ], [ 543931.279771210975014, 1349855.844633850036189 ], [ 543892.440510519198142, 1349859.436497390270233 ], [ 543857.132651757914573, 1349865.943184843985364 ], [ 543831.025763834244572, 1349873.14537935750559 ], [ 543742.812635327107273, 1349903.543169483542442 ], [ 543733.440167646156624, 1349906.985316928010434 ], [ 543687.340874937362969, 1349925.029370932839811 ], [ 543634.968939585611224, 1349950.524287988897413 ], [ 543625.47091687633656, 1349954.519172220025212 ], [ 543590.916381276329048, 1349970.604508204385638 ], [ 543566.829753348953091, 1349978.832416633609682 ], [ 543565.620824297540821, 1349979.316397783113644 ], [ 543538.732106774696149, 1349984.563945083413273 ], [ 543519.702285437728278, 1349985.936953810509294 ], [ 543499.298846208374016, 1349986.101823466597125 ], [ 543479.39798723126296, 1349984.056263724574819 ], [ 543448.315370480297133, 1349976.81778466119431 ], [ 543421.4008226551814, 1349992.490825187647715 ], [ 543393.683031575172208, 1350012.261352250352502 ], [ 543377.054391298326664, 1350027.240657025016844 ], [ 543359.986917228088714, 1350043.425471898401156 ], [ 543337.567604029551148, 1350069.698130902601406 ], [ 543313.063834883389063, 1350103.126361736329272 ], [ 543278.516413084114902, 1350150.605784400133416 ], [ 543250.181798943900503, 1350194.442598279099911 ], [ 543215.022434361861087, 1350261.61591983679682 ], [ 543204.004717823350802, 1350289.619940631790087 ], [ 543191.959680960746482, 1350329.5553360034246 ], [ 543189.420582573045976, 1350339.597114575793967 ], [ 543180.272278704331256, 1350391.039673320949078 ], [ 543176.668128641089424, 1350427.921869981102645 ], [ 543175.366886315518059, 1350467.080100806197152 ], [ 543176.382915154332295, 1350489.679770188871771 ], [ 543178.792527867946774, 1350520.327931208536029 ], [ 543187.693982244702056, 1350570.110571208642796 ], [ 543198.500840389169753, 1350611.268835530383512 ], [ 543213.015555663267151, 1350652.549815186765045 ], [ 543216.803836479550228, 1350661.422662236727774 ], [ 543246.599396957433783, 1350723.29177092993632 ], [ 543262.859911111881956, 1350755.602028754539788 ], [ 543265.741705524618737, 1350761.614591399673373 ], [ 543286.615080919698812, 1350749.706808040617034 ], [ 543342.828206466045231, 1350862.356588831637055 ], [ 543367.051681739394553, 1350913.446528519038111 ], [ 543409.46343706396874, 1350997.866296940017492 ], [ 543410.093573122052476, 1350999.363734509330243 ], [ 543432.213307117694058, 1351043.59368326049298 ], [ 543458.509924785699695, 1351096.272887687431648 ], [ 543468.49252038996201, 1351116.077354731038213 ], [ 543478.329918764065951, 1351135.312055101851001 ], [ 543487.092931118211709, 1351152.909061146201566 ], [ 543516.158751881332137, 1351211.930433704983443 ], [ 543532.613696260610595, 1351248.289998829597607 ], [ 543539.008475599926896, 1351266.073375880951062 ], [ 543542.61382991343271, 1351276.392384550068527 ], [ 543550.166344871628098, 1351307.36685685114935 ], [ 543556.897650386439636, 1351339.858950298046693 ], [ 543560.784808148513548, 1351370.04059838806279 ], [ 543562.882384801283479, 1351386.991121853934601 ], [ 543564.718628928414546, 1351430.945375041104853 ], [ 543563.462601224775426, 1351453.625611238181591 ], [ 543560.26026629190892, 1351495.578830065671355 ], [ 543551.043135200627148, 1351562.377341548446566 ], [ 543544.515631198068149, 1351609.613645395031199 ], [ 543542.725037719821557, 1351626.429928109748289 ], [ 543541.028178725624457, 1351640.337096055503935 ], [ 543535.645621628500521, 1351682.376460984349251 ], [ 543534.622893964289688, 1351689.935650195460767 ], [ 543533.670931215281598, 1351696.378147875191644 ], [ 543528.987231480539776, 1351728.819700982188806 ], [ 543521.748496968881227, 1351778.701835494954139 ], [ 543497.511212829034775, 1351946.688078644685447 ], [ 543479.982168313348666, 1352073.167532262625173 ], [ 543476.424029447720386, 1352099.289798817364499 ], [ 543474.577440515859053, 1352139.871635196963325 ], [ 543474.63826617016457, 1352170.371604802552611 ], [ 543475.346598455333151, 1352193.512817459646612 ], [ 543477.683009925764054, 1352219.560154529521242 ], [ 543482.760847455705516, 1352263.832243106793612 ], [ 543484.012141102575697, 1352274.114290495868772 ], [ 543485.461671420489438, 1352286.987620028667152 ], [ 543486.348369488026947, 1352294.443610968766734 ], [ 543487.289932347717695, 1352302.463670460274443 ], [ 543488.328817579662427, 1352310.377779685193673 ], [ 543489.277451306465082, 1352318.286170615814626 ], [ 543502.669519332353957, 1352428.674417511792853 ], [ 543504.354324529063888, 1352442.123273409670219 ], [ 543509.290138217387721, 1352482.910812662681565 ], [ 543510.87758792063687, 1352496.465626624878496 ], [ 543511.744740528054535, 1352502.799213935621083 ], [ 543514.241786826984026, 1352522.017599146347493 ], [ 543515.011608623899519, 1352528.457138907397166 ], [ 543516.411462123738602, 1352542.112190525280312 ], [ 543517.057401576545089, 1352547.646932908566669 ], [ 543518.147553475922905, 1352559.039990169694647 ], [ 543523.548597944551148, 1352605.35088318050839 ], [ 543523.932619608589448, 1352609.299370722612366 ], [ 543525.677499717334285, 1352624.658080683555454 ], [ 543531.925666078459471, 1352624.717706079594791 ], [ 543537.26430104742758, 1352624.831811590120196 ], [ 543550.399430069839582, 1352624.879450819222257 ], [ 543556.557351803057827, 1352624.933374574640766 ], [ 543592.673211989109404, 1352624.083109416998923 ], [ 543635.231908192508854, 1352623.080797941423953 ], [ 543700.806791107985191, 1352620.622704055393115 ], [ 543736.860795514658093, 1352619.320645578205585 ], [ 543739.58939983160235, 1352619.15728272520937 ], [ 543747.761053746449761, 1352618.890539156971499 ], [ 543750.392333103576675, 1352618.833127964287996 ], [ 543873.363655548775569, 1352614.297490033088252 ], [ 543901.115166357019916, 1352612.4696121935267 ], [ 543944.868491545901634, 1352611.208231649361551 ], [ 544073.219515470322222, 1352607.577235620934516 ], [ 544092.873656677897088, 1352607.702905918937176 ], [ 544100.843608527095057, 1352607.76005710568279 ], [ 544161.886918779229745, 1352609.614851383725181 ], [ 544228.120080737047829, 1352613.929674415150657 ], [ 544300.179955138475634, 1352622.090498951729387 ], [ 544399.201299945707433, 1352638.017770307837054 ], [ 544500.863971643731929, 1352656.580525953322649 ], [ 544524.323842677520588, 1352660.98511003702879 ], [ 544611.63907109387219, 1352677.180718928109854 ], [ 544693.401406170800328, 1352692.3518413126003 ], [ 544715.792361976462416, 1352696.464832211146131 ], [ 544733.345553745981306, 1352699.710005107102916 ], [ 545076.674472582293674, 1352763.68107120366767 ], [ 545218.964588213711977, 1352790.216531337704509 ], [ 545352.842097412445582, 1352815.098240454914048 ], [ 545419.662388027645648, 1352830.111126885516569 ], [ 545469.908241728437133, 1352842.164293505251408 ], [ 545514.058778855600394, 1352858.875461370917037 ], [ 545562.059074659715407, 1352877.737815105356276 ], [ 545578.092540349927731, 1352884.924415487796068 ], [ 545612.546212834771723, 1352900.234400879591703 ], [ 545629.759854939300567, 1352907.384067112579942 ], [ 545653.279087514150888, 1352917.96221784548834 ], [ 545658.808044530218467, 1352920.780653888592497 ], [ 545714.679375819745474, 1352949.78708874550648 ], [ 545744.181339479750022, 1352966.015876207733527 ], [ 545772.455344196292572, 1352981.606023130239919 ], [ 545830.411379175377078, 1353013.436840452486649 ], [ 546004.17962954682298, 1353109.037604643730447 ], [ 546039.805367165361531, 1353128.684651801129803 ], [ 546057.659741376643069, 1353138.566938953241333 ], [ 546061.939293457195163, 1353141.081858785822988 ], [ 546079.252178438822739, 1353150.929715629667044 ], [ 546130.808308645617217, 1353180.785517602227628 ], [ 546148.023687416687608, 1353190.739437406416982 ], [ 546190.652596131083556, 1353151.633164958097041 ] ] ] } },
{ "type": "Feature", "properties": { "community_id": "Selected low-growth community", "zcta": "38053", "overlap_sq_m": 43160837.399401747, "overlap_sq_miles": 16.664492484408537, "share_of_community_area": 0.077595338713870268 }, "geometry": { "type": "Polygon", "coordinates": [ [ [ 540019.229028906091116, 1375865.192550154868513 ], [ 540035.695157628273591, 1375887.762958770850673 ], [ 540053.30467236158438, 1375909.396348911803216 ], [ 540061.519866925780661, 1375918.101254463894293 ], [ 540085.000413498259149, 1375939.769020719686523 ], [ 540115.150126904365607, 1375971.726292995503172 ], [ 540159.561101734172553, 1376028.245810257969424 ], [ 540166.632590230437927, 1376037.887864439515397 ], [ 540180.067702732281759, 1376052.641701338579878 ], [ 540191.471487825154327, 1376063.79093628260307 ], [ 540197.849214894347824, 1376068.679338000481948 ], [ 540205.986292609013617, 1376072.893888961756602 ], [ 540207.918797435238957, 1376078.062235100660473 ], [ 540209.777123655192554, 1376081.543800927931443 ], [ 540218.789769890252501, 1376094.784846978960559 ], [ 540224.398085504071787, 1376100.409652356058359 ], [ 540251.364736246527173, 1376124.092393047176301 ], [ 540275.045525611029007, 1376151.15614031185396 ], [ 540283.170249610673636, 1376159.855588153470308 ], [ 540314.0048277748283, 1376190.959853046573699 ], [ 540316.611286597792059, 1376194.040152555797249 ], [ 540322.83718984760344, 1376204.189647817285731 ], [ 540330.166059986804612, 1376218.333728996105492 ], [ 540334.346638540038839, 1376225.101961599430069 ], [ 540341.959572201245464, 1376239.039723933907226 ], [ 540348.65656165976543, 1376248.882587913889438 ], [ 540380.482408574665897, 1376290.030240891734138 ], [ 540388.121615368523635, 1376299.259836599929258 ], [ 540414.810154468053952, 1376328.756909170653671 ], [ 540431.335983743076213, 1376346.061466215876862 ], [ 540459.56297217507381, 1376379.805108758853748 ], [ 540475.901556744473055, 1376397.210078086704016 ], [ 540515.433992978418246, 1376436.49042847356759 ], [ 540530.143609930528328, 1376455.362537023844197 ], [ 540543.850932057597674, 1376467.218626808840781 ], [ 540574.018125646165572, 1376498.842550455592573 ], [ 540576.922611203393899, 1376501.493223960511386 ], [ 540582.239246357465163, 1376507.436297388980165 ], [ 540607.998140416108072, 1376543.043066536542028 ], [ 540613.4117800896056, 1376548.880155495135114 ], [ 540632.966375028016046, 1376574.002193510066718 ], [ 540641.520758354919963, 1376587.326980674406514 ], [ 540647.509608725784346, 1376592.639755869982764 ], [ 540650.212868692469783, 1376595.61416050279513 ], [ 540659.141294967965223, 1376608.738335185451433 ], [ 540674.545267004636116, 1376636.625900819664821 ], [ 540678.822394012240693, 1376643.288316947640851 ], [ 540690.550997778191231, 1376659.280939923832193 ], [ 540714.722567771095783, 1376695.684901563217863 ], [ 540720.136030053021386, 1376701.522064310265705 ], [ 540725.071276589646004, 1376707.777558346977457 ], [ 540726.832178012700751, 1376711.365256497403607 ], [ 540735.149979276815429, 1376719.853158780839294 ], [ 540737.382019295939244, 1376723.134226529160514 ], [ 540739.142911781440489, 1376726.721927611157298 ], [ 540765.357658848864958, 1376756.526814389973879 ], [ 540769.724638347281143, 1376763.194971920922399 ], [ 540775.817395813413896, 1376768.29014523816295 ], [ 540780.281414495664649, 1376774.852304853266105 ], [ 540786.367094191256911, 1376780.059180330019444 ], [ 540788.980250553810038, 1376783.027942216023803 ], [ 540791.115197344101034, 1376786.415029153460637 ], [ 540797.207924918970093, 1376791.510218508075923 ], [ 540813.10182632075157, 1376814.494903858052567 ], [ 540818.896294063772075, 1376820.019814301747829 ], [ 540824.025501756113954, 1376826.063363801455125 ], [ 540832.156042955699377, 1376834.651679608272389 ], [ 540847.820622039376758, 1376852.687743001850322 ], [ 540856.33226551185362, 1376860.963765185326338 ], [ 540868.212234254111536, 1376871.695643622661009 ], [ 540873.632536681368947, 1376877.421216365415603 ], [ 540882.809381517698057, 1376885.178634977899492 ], [ 540888.229665183578618, 1376890.90421750000678 ], [ 540890.648641072795726, 1376894.085018079727888 ], [ 540892.499417544342577, 1376897.678446684032679 ], [ 540902.854675451293588, 1376909.659641273086891 ], [ 540906.043010652763769, 1376912.104120700387284 ], [ 540908.746071958332323, 1376915.07861364656128 ], [ 540923.37099189858418, 1376933.83407567627728 ], [ 540935.174911115202121, 1376944.336971987271681 ], [ 540940.789228725014254, 1376949.850585774285719 ], [ 540942.758219594368711, 1376953.002941789804026 ], [ 540945.16452058730647, 1376960.668605850543827 ], [ 540950.674700591829605, 1376966.399923116434366 ], [ 540953.093629720620811, 1376969.580743036232889 ], [ 540954.951425908715464, 1376973.062492829049006 ], [ 540968.00951337988954, 1376988.018282502656803 ], [ 540970.047276858589612, 1376991.511420852504671 ], [ 540972.660299868206494, 1376994.480243211612105 ], [ 540976.056822427664883, 1376996.489358011400327 ], [ 540978.953939713421278, 1376999.251871353248134 ], [ 540986.217724867747165, 1377008.682665309170261 ], [ 540995.200211695162579, 1377016.652214768109843 ], [ 541005.159885928733274, 1377029.169243692653254 ], [ 541009.62357647693716, 1377035.731535030063242 ], [ 541010.474000089103356, 1377036.570323413237929 ], [ 541014.849564082105644, 1377041.669206599937752 ], [ 541029.737339035491459, 1377054.83446029224433 ], [ 541035.157409553066827, 1377060.560142634436488 ], [ 541038.255660653929226, 1377062.998980715405196 ], [ 541043.481610649963841, 1377068.936670891707763 ], [ 541045.429333079140633, 1377072.424135990440845 ], [ 541052.970007761381567, 1377081.760376850375906 ], [ 541057.149533664342016, 1377088.529004036914557 ], [ 541058.072044232394546, 1377092.512317096348852 ], [ 541072.384398612659425, 1377106.201960865408182 ], [ 541093.086767634842545, 1377130.27652812586166 ], [ 541097.640319208032452, 1377136.844563783612102 ], [ 541102.859111858182587, 1377142.893987566931173 ], [ 541109.367390803061426, 1377152.837816390441731 ], [ 541110.663950809277594, 1377156.620524010853842 ], [ 541117.366318081039935, 1377166.352359142620116 ], [ 541122.585077069699764, 1377172.401796223130077 ], [ 541125.676193467807025, 1377174.952362115960568 ], [ 541129.862677437486127, 1377181.609335018554702 ], [ 541135.857855363981798, 1377186.810779468156397 ], [ 541137.902563603944145, 1377190.192268438404426 ], [ 541140.605449758702889, 1377193.166840401710942 ], [ 541143.994785151560791, 1377195.28771880432032 ], [ 541146.607680645305663, 1377198.256598498206586 ], [ 541148.555326761095785, 1377201.744090285617858 ], [ 541156.595174018410034, 1377210.327042466262355 ], [ 541159.686266058357432, 1377212.877621300751343 ], [ 541164.523813478532247, 1377219.239391092443839 ], [ 541166.097363976296037, 1377222.927498069824651 ], [ 541168.329091729479842, 1377226.208689879858866 ], [ 541177.997621435904875, 1377233.324750450439751 ], [ 541180.797533931792714, 1377236.193336323602125 ], [ 541185.455078408820555, 1377242.543729686643928 ], [ 541199.17049693968147, 1377257.092985963681713 ], [ 541201.395133413025178, 1377260.485881478758529 ], [ 541204.209166045649908, 1377263.131086969515309 ], [ 541207.709650078439154, 1377264.922603615792468 ], [ 541210.994816350168549, 1377267.261203221278265 ], [ 541216.594593806890771, 1377272.998398883501068 ], [ 541223.484354408225045, 1377276.910831749904901 ], [ 541226.485415723989718, 1377279.455740767531097 ], [ 541231.898133542272262, 1377285.293250951450318 ], [ 541236.832637649495155, 1377291.549065727740526 ], [ 541242.633560465881601, 1377296.962586988927796 ], [ 541249.016806393978186, 1377301.74011885910295 ], [ 541257.908741126186214, 1377309.704264752799645 ], [ 541262.559115102398209, 1377316.166397618595511 ], [ 541272.130407912423834, 1377323.388567635789514 ], [ 541275.630853470414877, 1377325.180112769594416 ], [ 541285.39623582130298, 1377332.190300766378641 ], [ 541288.889605264062993, 1377334.093545706011355 ], [ 541298.669106781017035, 1377340.880360693437979 ], [ 541304.948163062916137, 1377345.875628353562206 ], [ 541318.767330483882688, 1377360.207393985940143 ], [ 541330.544452639878727, 1377363.980729054193944 ], [ 541337.628200421109796, 1377367.681260054465383 ], [ 541350.297418098314665, 1377377.342472738819197 ], [ 541362.571313201333396, 1377387.539389834972098 ], [ 541377.069705459754914, 1377401.129269711440429 ], [ 541392.919761851313524, 1377413.346906332299113 ], [ 541398.332277651759796, 1377419.184527106815949 ], [ 541413.905245038215071, 1377431.496807527728379 ], [ 541420.164899483672343, 1377435.369523087749258 ], [ 541427.163689434644766, 1377440.410460958490148 ], [ 541432.576164018013515, 1377446.248104471946135 ], [ 541439.146232560626231, 1377450.925483257975429 ], [ 541442.639520462951623, 1377452.828792420914397 ], [ 541458.801772332983091, 1377464.393481975188479 ], [ 541465.587142325355671, 1377468.523805551696569 ], [ 541476.17109195550438, 1377474.01607970893383 ], [ 541487.372730393428355, 1377478.313917860388756 ], [ 541506.318079919437878, 1377484.447830412304029 ], [ 541520.49229849234689, 1377491.737500857096165 ], [ 541526.972301964531653, 1377496.409250220051035 ], [ 541541.146484232740477, 1377503.698955436004326 ], [ 541558.411506882286631, 1377513.539412439335138 ], [ 541564.586155034252442, 1377518.752566076582298 ], [ 541578.156705394969322, 1377527.013389330590144 ], [ 541584.546668001683429, 1377531.679484527790919 ], [ 541595.144616395584308, 1377536.948519631288946 ], [ 541602.033997741760686, 1377540.861263939645141 ], [ 541611.917151106754318, 1377547.430756797082722 ], [ 541622.493841023882851, 1377553.034908841131255 ], [ 541648.89361218851991, 1377569.846250459551811 ], [ 541655.629286887240596, 1377574.75858669099398 ], [ 541658.615965144941583, 1377577.527040627086535 ], [ 541686.166136689484119, 1377593.289954366860911 ], [ 541692.063626653980464, 1377598.597796990070492 ], [ 541695.348534224322066, 1377600.936587660573423 ], [ 541705.745141077903099, 1377606.529444383922964 ], [ 541715.711047914926894, 1377613.216454249573871 ], [ 541731.276135662104934, 1377625.641022032359615 ], [ 541738.46363689401187, 1377629.124203169951215 ], [ 541748.429492334020324, 1377635.811252129264176 ], [ 541751.333213057019748, 1377638.462344787316397 ], [ 541758.527772144065239, 1377641.833848926005885 ], [ 541764.12693179724738, 1377647.571417286526412 ], [ 541773.905705419601873, 1377654.358789280289784 ], [ 541789.664751139702275, 1377666.5714801766444 ], [ 541795.341717614210211, 1377671.080434498842806 ], [ 541802.327961777569726, 1377674.887350435601547 ], [ 541847.894081254955381, 1377707.15586205990985 ], [ 541855.081469258759171, 1377710.639142952626571 ], [ 541861.762323125265539, 1377714.987473691580817 ], [ 541894.011951470980421, 1377730.712483928538859 ], [ 541904.081707562087104, 1377737.182032552082092 ], [ 541921.241721470141783, 1377747.24092227825895 ], [ 541935.408092586672865, 1377754.642986248247325 ], [ 541948.86670622008387, 1377763.2337896078825 ], [ 541959.449999158387072, 1377768.726671761600301 ], [ 541972.610308418865316, 1377777.747181001352146 ], [ 541989.853065315983258, 1377787.92360798525624 ], [ 542003.124533077701926, 1377796.614786261692643 ], [ 542010.624206921784207, 1377799.445145360426977 ], [ 542029.65850187081378, 1377805.585931730689481 ], [ 542056.812248363508843, 1377811.905022857245058 ], [ 542060.305259049404413, 1377813.808588529238477 ], [ 542069.9723933407804, 1377820.925684280926362 ], [ 542076.06361116305925, 1377826.021819479530677 ], [ 542079.549531358177774, 1377828.037087189499289 ], [ 542082.510605923249386, 1377834.056228284956887 ], [ 542087.250035715289414, 1377840.524536295793951 ], [ 542095.364143183687702, 1377849.337499466259032 ], [ 542103.77649688499514, 1377857.72080789366737 ], [ 542111.121164008276537, 1377867.270010345615447 ], [ 542112.604186099022627, 1377870.952603369485587 ], [ 542124.425346043077298, 1377886.841337383259088 ], [ 542131.874104565009475, 1377896.172876138240099 ], [ 542143.209885718999431, 1377912.591585840564221 ], [ 542153.139279822353274, 1377929.818291399395093 ], [ 542157.588246440514922, 1377940.866098394850269 ], [ 542161.289041429525241, 1377952.31504501379095 ], [ 542162.509996558423154, 1377960.130328820087016 ], [ 542163.805936650722288, 1377963.913217310328037 ], [ 542168.808902491349727, 1377974.771874785656109 ], [ 542170.299780816538259, 1377982.604276165831834 ], [ 542170.584702922147699, 1377986.659492884529755 ], [ 542173.011591270100325, 1377998.251965818926692 ], [ 542174.337485306430608, 1378010.111061376985162 ], [ 542179.394053731812164, 1378041.495325952535495 ], [ 542181.281850661383942, 1378057.315067073563114 ], [ 542187.417266107280739, 1378084.50631683669053 ], [ 542194.316548284608871, 1378119.59604197088629 ], [ 542194.720554066239856, 1378127.471686640521511 ], [ 542195.410747903515585, 1378133.683329857420176 ], [ 542197.116424910142086, 1378150.949404645711184 ], [ 542202.704743869951926, 1378178.218146746046841 ], [ 542205.363407143973745, 1378201.824686559615657 ], [ 542206.066188698750921, 1378237.755122034344822 ], [ 542207.750807569827884, 1378269.598522711312398 ], [ 542207.200679654837586, 1378329.56037247995846 ], [ 542205.167160744895227, 1378357.355147990398109 ], [ 542204.963019610964693, 1378393.340266667306423 ], [ 542207.000671030953526, 1378401.095237535657361 ], [ 542212.896345728542656, 1378440.607195644639432 ], [ 542213.451896778657101, 1378448.941049356712028 ], [ 542214.258992047398351, 1378460.430875503458083 ], [ 542211.600039049284533, 1378552.220041864318773 ], [ 542209.131532774539664, 1378584.024457120336592 ], [ 542207.599689112044871, 1378623.850483581190929 ], [ 542209.65926633682102, 1378635.531895830994472 ], [ 542211.696827696985565, 1378643.286882068263367 ], [ 542214.858055698452517, 1378658.963191217277199 ], [ 542221.63590210780967, 1378681.709626604802907 ], [ 542223.583465333213098, 1378689.458912747679278 ], [ 542224.976281872950494, 1378693.135842251591384 ], [ 542226.734701063367538, 1378702.443149076309055 ], [ 542229.351070274249651, 1378716.73919515311718 ], [ 542234.908127948525362, 1378731.670311176683754 ], [ 542240.12505398481153, 1378737.720496325753629 ], [ 542246.062472622492351, 1378748.077846339670941 ], [ 542248.855877137626521, 1378759.581536462297663 ], [ 542248.975648038089275, 1378767.663493995554745 ], [ 542248.637750330846757, 1378771.567101774737239 ], [ 542250.928123673074879, 1378776.758833396947011 ], [ 542257.620676676509902, 1378786.603368268581107 ], [ 542261.417159919277765, 1378793.684926059329882 ], [ 542264.472624715883285, 1378801.055921516148373 ], [ 542266.419387442758307, 1378804.543707741191611 ], [ 542271.539187889895402, 1378810.699903806904331 ], [ 542273.672968873172067, 1378814.087409485597163 ], [ 542276.825467763934284, 1378821.352421892806888 ], [ 542281.09301754750777, 1378828.127437015762553 ], [ 542285.631179010379128, 1378839.181090923491865 ], [ 542293.418143940973096, 1378853.132262096973136 ], [ 542295.83598084631376, 1378856.313503988320008 ], [ 542307.038916160818189, 1378867.677751742070541 ], [ 542306.370845522731543, 1378879.634792757919058 ], [ 542307.913013529381715, 1378899.469966531498358 ], [ 542313.118370675481856, 1378922.789672859711573 ], [ 542319.049150532577187, 1378937.520302893593907 ], [ 542321.189960379735567, 1378940.796128773363307 ], [ 542324.175908690434881, 1378943.564841558458284 ], [ 542326.600789847201668, 1378946.634399450616911 ], [ 542332.260941535583697, 1378957.086399650201201 ], [ 542341.460990269202739, 1378970.117975139757618 ], [ 542349.289563520578668, 1378979.137519628973678 ], [ 542352.58081866602879, 1378981.364890040596947 ], [ 542355.199784355703741, 1378984.22248127986677 ], [ 542357.423449885565788, 1378987.615719090681523 ], [ 542360.236518453108147, 1378990.261336513562128 ], [ 542370.103171813185327, 1378997.055159547133371 ], [ 542377.737581864930689, 1379006.286706960294396 ], [ 542380.931765686138533, 1379008.620076208142564 ], [ 542388.857313044019975, 1379017.533671795856208 ], [ 542392.245596374035813, 1379019.65507063223049 ], [ 542395.14152512117289, 1379022.418102277675644 ], [ 542400.268174480064772, 1379028.462690095650032 ], [ 542406.254125520936213, 1379033.776785740861669 ], [ 542408.955937799764797, 1379036.751796778291464 ], [ 542418.337230653269216, 1379044.075613545952365 ], [ 542425.314953358843923, 1379047.994767879601568 ], [ 542433.240415861830115, 1379056.908406983828172 ], [ 542439.932510088197887, 1379066.753104080678895 ], [ 542445.304968558135442, 1379070.346143732778728 ], [ 542452.490938015514985, 1379073.82995775854215 ], [ 542459.087492833728902, 1379078.061392571544275 ], [ 542471.461631867336109, 1379088.042338467435911 ], [ 542473.311179960845038, 1379091.636165439151227 ], [ 542490.901783917681314, 1379107.667486607562751 ], [ 542498.730065588606521, 1379116.68717634677887 ], [ 542512.73825270042289, 1379130.809075136436149 ], [ 542518.675022874027491, 1379141.166643397184089 ], [ 542521.383847575867549, 1379144.029997363453731 ], [ 542525.740986060467549, 1379150.810858769807965 ], [ 542528.262784933438525, 1379153.77449227264151 ], [ 542531.740945733850822, 1379155.901657090522349 ], [ 542535.821082905633375, 1379162.777092363452539 ], [ 542538.716914583696052, 1379165.540175304748118 ], [ 542545.403321279212832, 1379169.777388185495511 ], [ 542551.493221590179019, 1379174.873910019407049 ], [ 542561.560703870956786, 1379181.344296057475731 ], [ 542579.640043845865875, 1379189.668870652792975 ], [ 542600.191489637596533, 1379201.739002708811313 ], [ 542607.280233763973229, 1379205.328934831777588 ], [ 542618.101141156745143, 1379217.005862821359187 ], [ 542621.496377821080387, 1379219.01566048245877 ], [ 542625.286919879843481, 1379220.489825242664665 ], [ 542628.48095552471932, 1379222.823290234897286 ], [ 542634.016797751653939, 1379228.109002778772265 ], [ 542636.981273525161669, 1379231.21291431854479 ], [ 542646.646229670732282, 1379238.330731379333884 ], [ 542666.593869750737213, 1379251.372018969850615 ], [ 542681.475044567370787, 1379264.540346864843741 ], [ 542683.892609820934013, 1379267.721707521472126 ], [ 542686.698392470134422, 1379270.479132019914687 ], [ 542702.445906101725996, 1379282.805334738222882 ], [ 542704.205343694309704, 1379286.393505821935833 ], [ 542706.914058493101038, 1379289.256921341875568 ], [ 542713.704431947204284, 1379293.276590425521135 ], [ 542716.697216034634039, 1379295.933752079028636 ], [ 542721.920519158360548, 1379301.872560011455789 ], [ 542725.3015175658511, 1379304.105789424153045 ], [ 542735.949294221238233, 1379315.659757769200951 ], [ 542740.403221330139786, 1379322.334752778057009 ], [ 542743.500132117420435, 1379324.774245953653008 ], [ 542754.029529425199144, 1379336.769306275993586 ], [ 542760.216239889618009, 1379341.759998847264796 ], [ 542768.425140053732321, 1379350.467710675206035 ], [ 542773.080222760792822, 1379356.819062864873558 ], [ 542783.325461904634722, 1379369.020417152671143 ], [ 542786.616453321184963, 1379371.247960282023996 ], [ 542792.407807050039992, 1379376.7743047431577 ], [ 542795.999695392441936, 1379381.37599883787334 ], [ 542797.249875197303481, 1379383.025399740086868 ], [ 542800.145545384264551, 1379385.788575269049034 ], [ 542813.399420966743492, 1379394.704494289821014 ], [ 542819.780164399184287, 1379399.483266092604026 ], [ 542830.249585796380416, 1379405.306657117092982 ], [ 542841.708990237792023, 1379415.454429815290496 ], [ 542844.417615910177119, 1379418.317891395417973 ], [ 542860.185900966520421, 1379430.309312522644177 ], [ 542870.356998832314275, 1379436.562395664164796 ], [ 542877.445438594790176, 1379440.15255704941228 ], [ 542880.646415157243609, 1379442.37442488851957 ], [ 542886.631770269828849, 1379447.688871431862935 ], [ 542894.75756498624105, 1379456.279303434537724 ], [ 542898.145549795473926, 1379458.400908729061484 ], [ 542907.62301067984663, 1379465.619300625985488 ], [ 542916.608083268394694, 1379473.479306939523667 ], [ 542919.996055928175338, 1379475.600921126548201 ], [ 542929.071069258148782, 1379483.466654009418562 ], [ 542936.263595697935671, 1379486.83918886561878 ], [ 542939.166278294753283, 1379489.490718682995066 ], [ 542941.770697739557363, 1379492.57188873947598 ], [ 542958.530550886178389, 1379503.168597799027339 ], [ 542964.717020179494284, 1379508.15944378497079 ], [ 542967.515536781167611, 1379511.02865954535082 ], [ 542980.77613982395269, 1379519.833150478312746 ], [ 542991.148251692182384, 1379525.762723990250379 ], [ 542998.340719667379744, 1379529.135311929276213 ], [ 543008.109187422087416, 1379536.035875802161172 ], [ 543017.579375673667528, 1379543.366087867645547 ], [ 543022.899367245729081, 1379549.199108848813921 ], [ 543029.57104842714034, 1379553.660100082401186 ], [ 543033.851781141362153, 1379560.212135885609314 ], [ 543042.060184380155988, 1379568.920123134972528 ], [ 543045.455183405429125, 1379570.930093653965741 ], [ 543051.634457746520638, 1379576.032699404750019 ], [ 543058.909727638587356, 1379579.522748344577849 ], [ 543070.228996581630781, 1379590.446987204952165 ], [ 543081.332836800022051, 1379601.918285842286423 ], [ 543090.026433663326316, 1379610.09642150439322 ], [ 543099.018279531155713, 1379617.844932321924716 ], [ 543102.309093569871038, 1379620.072600532788783 ], [ 543111.250997794675641, 1379624.341445596655831 ], [ 543113.083420510287397, 1379625.355017252499238 ], [ 543118.590311522479169, 1379631.087836306542158 ], [ 543125.782643090700731, 1379634.460533642442897 ], [ 543134.670277885044925, 1379642.426757366396487 ], [ 543147.244010587688535, 1379652.085064706858248 ], [ 543153.236146664130501, 1379657.288010567659512 ], [ 543163.205553638399579, 1379663.865104235941544 ], [ 543178.279343893984333, 1379676.82237442326732 ], [ 543185.05499881436117, 1379681.065817031776533 ], [ 543191.338263442041352, 1379685.950853895628825 ], [ 543194.039586385246366, 1379688.926126022357494 ], [ 543203.038350968621671, 1379696.563055595150217 ], [ 543205.545551414601505, 1379699.75028898450546 ], [ 543214.141870038816705, 1379708.034534821519628 ], [ 543217.536774187814444, 1379710.044575446983799 ], [ 543222.752365927561186, 1379716.095400504302233 ], [ 543225.938955427962355, 1379718.540790833067149 ], [ 543229.430910210125148, 1379720.444857852300629 ], [ 543235.512907618191093, 1379725.653579935664311 ], [ 543240.915494332206436, 1379731.604154612403363 ], [ 543247.594017298426479, 1379735.953626587055624 ], [ 543254.570804204675369, 1379739.873474803287536 ], [ 543264.054748745635152, 1379746.980580374365672 ], [ 543266.374892893596552, 1379750.268094176892191 ], [ 543269.658514897688292, 1379752.607523321174085 ], [ 543273.157544193090871, 1379754.399913978762925 ], [ 543291.126383123919368, 1379770.120734579861164 ], [ 543296.438942021108232, 1379776.065629258751869 ], [ 543299.72964404639788, 1379778.293375720735639 ], [ 543302.527956517413259, 1379781.162706297589466 ], [ 543307.272349277278408, 1379787.520084811840206 ], [ 543313.652522722259164, 1379792.299237375613302 ], [ 543324.57584467495326, 1379803.759433201514184 ], [ 543333.657229681732133, 1379811.513917884789407 ], [ 543340.231486365548335, 1379816.081136407097802 ], [ 543344.042946050409228, 1379817.220541211776435 ], [ 543347.728951220749877, 1379818.9127033255063 ], [ 543350.541431539575569, 1379821.558661169372499 ], [ 543354.026218332001008, 1379823.574474924011156 ], [ 543365.00845497334376, 1379828.421872354112566 ], [ 543370.133907185518183, 1379834.467074488988146 ], [ 543373.22335185832344, 1379837.018498518969864 ], [ 543380.012982855201699, 1379841.038710763910785 ], [ 543391.698419809690677, 1379851.874570748303086 ], [ 543395.287342780851759, 1379853.672730409540236 ], [ 543397.71156301884912, 1379856.742610981455073 ], [ 543400.793891717563383, 1379859.405739953741431 ], [ 543404.195792387705296, 1379861.304162022424862 ], [ 543406.605807769461535, 1379864.597434477647766 ], [ 543409.314096303191036, 1379867.461083587957546 ], [ 543415.999528107699007, 1379871.698996296385303 ], [ 543418.042601181310602, 1379875.081094131339341 ], [ 543420.556765351328067, 1379878.156699820887297 ], [ 543429.637983250897378, 1379885.911290233023465 ], [ 543437.665740192867815, 1379894.608239617897198 ], [ 543444.24697782995645, 1379899.063845964847133 ], [ 543449.282370566739701, 1379905.103379965759814 ], [ 543452.274706900701858, 1379907.760809833649546 ], [ 543455.877794734318741, 1379909.335606369655579 ], [ 543459.897517767501995, 1379910.039722228655592 ], [ 543466.992427999386564, 1379913.518688350217417 ], [ 543472.020695299259387, 1379919.669930909061804 ], [ 543474.826002489891835, 1379922.427625993965194 ], [ 543481.511359126190655, 1379926.665591425960883 ], [ 543490.391250832704827, 1379934.743894893676043 ], [ 543496.868270568898879, 1379939.417213119100779 ], [ 543499.860579976812005, 1379942.074660242302343 ], [ 543502.381794771179557, 1379945.038596793077886 ], [ 543504.514771994319744, 1379948.426436074776575 ], [ 543511.519675042363815, 1379951.899720874149352 ], [ 543514.713194582960568, 1379954.233528013573959 ], [ 543525.493958236300386, 1379959.40478079370223 ], [ 543548.191788493539207, 1379981.707062645349652 ], [ 543551.586506926571019, 1379983.717239400139078 ], [ 543554.682944420143031, 1379986.157036932418123 ], [ 543560.376314277062193, 1379991.789899016497657 ], [ 543570.158003371674567, 1379998.467736546415836 ], [ 543583.767583324108273, 1380013.127066707005724 ], [ 543595.161341775674373, 1380024.281141080427915 ], [ 543597.675395503873006, 1380027.356801953632385 ], [ 543600.764701361302286, 1380029.90831144573167 ], [ 543614.225073035340756, 1380038.390170708764344 ], [ 543619.544334654114209, 1380044.223582279169932 ], [ 543622.730687353760004, 1380046.669125739252195 ], [ 543626.326584481983446, 1380048.355690005002543 ], [ 543629.61709604319185, 1380050.583567343885079 ], [ 543632.318145598866977, 1380053.558985219104216 ], [ 543638.600878170109354, 1380058.44436266226694 ], [ 543647.300567578640766, 1380066.511395134264603 ], [ 543650.792289056349546, 1380068.415638413280249 ], [ 543657.075000075506978, 1380073.301029911031947 ], [ 543666.058732576551847, 1380081.161855258047581 ], [ 543669.550444031599909, 1380083.066106375772506 ], [ 543675.937296704971232, 1380087.733843916328624 ], [ 543681.152320857858285, 1380093.78496394935064 ], [ 543684.047457823297009, 1380096.548451842041686 ], [ 543687.650426019448787, 1380098.123347864020616 ], [ 543693.267881917068735, 1380103.52719250228256 ], [ 543696.752474695094861, 1380105.543149546952918 ], [ 543699.169406617293134, 1380108.724815373076126 ], [ 543702.064532543765381, 1380111.488309639040381 ], [ 543705.452060072449967, 1380113.610243703005835 ], [ 543710.958226493443362, 1380119.343462973833084 ], [ 543721.239160217461176, 1380125.268223375547677 ], [ 543728.527910279226489, 1380128.535464841173962 ], [ 543732.450454397476278, 1380129.345682632410899 ], [ 543736.498474860796705, 1380129.603151087881997 ], [ 543739.623223345959559, 1380131.596239770529792 ], [ 543757.87447292113211, 1380147.111855991883203 ], [ 543760.298474216950126, 1380150.181845443556085 ], [ 543769.379090420319699, 1380157.936810560524464 ], [ 543773.277786899823695, 1380164.801439575152472 ], [ 543775.881688394933008, 1380167.882877676049247 ], [ 543778.783873779233545, 1380170.534704464254901 ], [ 543785.468887473922223, 1380174.772914298111573 ], [ 543788.453918107785285, 1380177.542161075631157 ], [ 543790.58671782433521, 1380180.930077090160921 ], [ 543793.981301222462207, 1380182.940352639881894 ], [ 543800.06972476048395, 1380188.037797636818141 ], [ 543801.731424865196459, 1380191.732189225265756 ], [ 543804.536533388425596, 1380194.489997484022751 ], [ 543809.370261079864576, 1380200.853394655277953 ], [ 543812.265319193946198, 1380203.616927929921076 ], [ 543818.457882363116369, 1380208.496719992021099 ], [ 543823.2986964561278, 1380214.74843111471273 ], [ 543826.679047795943916, 1380216.982109152479097 ], [ 543834.788924761931412, 1380225.796867717057467 ], [ 543837.885192577028647, 1380228.236771683208644 ], [ 543844.764252881635912, 1380232.263085623038933 ], [ 543853.068217293010093, 1380240.865918724332005 ], [ 543865.827265901956707, 1380250.425071557983756 ], [ 543868.819349112338386, 1380253.082653275458142 ], [ 543875.913815122214146, 1380256.561966142617166 ], [ 543879.100014686351642, 1380259.007608535001054 ], [ 543881.897969122859649, 1380261.877137935021892 ], [ 543895.357699783635326, 1380270.359452391741797 ], [ 543909.226967961410992, 1380278.082820346346125 ], [ 543935.140153268235736, 1380296.665739801712334 ], [ 543938.638825620058924, 1380298.458408881910145 ], [ 543942.457108372123912, 1380299.486389041412622 ], [ 543945.747441482846625, 1380301.714391650166363 ], [ 543951.1562599131139, 1380307.55374353309162 ], [ 543953.004882690147497, 1380311.147920660907403 ], [ 543957.748475269065239, 1380317.505682898685336 ], [ 543971.520551129593514, 1380325.335124822100624 ], [ 543980.406663337722421, 1380333.302263997495174 ], [ 543983.801142533775419, 1380335.312616853741929 ], [ 543987.598081332049333, 1380336.675700866617262 ], [ 543990.89549609972164, 1380338.792026889976114 ], [ 543993.499263221165165, 1380341.873534867772833 ], [ 544006.958759860368446, 1380350.356029311660677 ], [ 544013.233950980822556, 1380355.353385976050049 ], [ 544023.208995638997294, 1380361.819817401468754 ], [ 544039.063832616317086, 1380373.819210696499795 ], [ 544040.597694084513932, 1380375.262589648598805 ], [ 544053.157294594915584, 1380387.949475921224803 ], [ 544055.671070229727775, 1380391.025278976652771 ], [ 544070.048551743966527, 1380404.949359424412251 ], [ 544077.492776661762036, 1380414.282756318571046 ], [ 544081.660952592385001, 1380421.164713401114568 ], [ 544084.077645449782722, 1380424.346494814381003 ], [ 544087.270831573754549, 1380426.680522976443172 ], [ 544098.379287004005164, 1380438.041511883726344 ], [ 544106.003354827407748, 1380447.386386430123821 ], [ 544117.111756819067523, 1380458.747401271248236 ], [ 544133.846946415025741, 1380469.6815631093923 ], [ 544137.553851289558224, 1380471.038989075925201 ], [ 544172.724911794066429, 1380477.539402020396665 ], [ 544195.889611144550145, 1380483.948509899433702 ], [ 544206.460968993487768, 1380489.555963173741475 ], [ 544209.549924841849133, 1380492.107700317865238 ], [ 544217.188044406124391, 1380501.229288356844336 ], [ 544225.441231091856025, 1380514.875927929999307 ], [ 544236.463324543787166, 1380536.100574263604358 ], [ 544241.192350043682382, 1380542.681892300723121 ], [ 544240.895439369371161, 1380554.438443722203374 ], [ 544242.099995948490687, 1380558.215990451397374 ], [ 544244.508734191069379, 1380570.03265499509871 ], [ 544245.990251357434317, 1380573.715688915690407 ], [ 544248.316884986008517, 1380576.89179316489026 ], [ 544253.815264508128166, 1380582.737074277130887 ], [ 544255.864927534712479, 1380586.007694291649386 ], [ 544258.827563655911945, 1380597.635338390246034 ], [ 544264.19253448524978, 1380612.668209930881858 ], [ 544267.806522065075114, 1380619.739293675869703 ], [ 544270.028571919654496, 1380627.394638793542981 ], [ 544271.510065366514027, 1380631.077678675297648 ], [ 544273.455534076667391, 1380634.565965873422101 ], [ 544275.677573447232135, 1380642.221313289832324 ], [ 544278.917510732309893, 1380649.492883402621374 ], [ 544285.853832476539537, 1380668.21454392769374 ], [ 544289.557323283981532, 1380679.55294077261351 ], [ 544290.72797577502206, 1380690.954362367046997 ], [ 544291.745471935137175, 1380694.832159673795104 ], [ 544302.10861230827868, 1380720.725179918343201 ], [ 544304.615078901057132, 1380723.912757814629003 ], [ 544306.56762091931887, 1380727.289360344875604 ], [ 544313.414266255917028, 1380741.743750500725582 ], [ 544320.573828948894516, 1380751.283587212208658 ], [ 544325.385066752671264, 1380762.243960561230779 ], [ 544335.11921732511837, 1380779.573785073589534 ], [ 544342.711290231673047, 1380795.085005930159241 ], [ 544346.976099972613156, 1380801.861144210677594 ], [ 544351.793940944597125, 1380816.971419935114682 ], [ 544354.210408654995263, 1380820.153286518994719 ], [ 544355.968782026204281, 1380823.741835749009624 ], [ 544356.993338648579083, 1380827.507949992548674 ], [ 544358.751708992989734, 1380831.09649997879751 ], [ 544361.362292696605437, 1380834.066435907501727 ], [ 544365.634178040083498, 1380840.730890790466219 ], [ 544367.205531463492662, 1380844.419681126018986 ], [ 544373.242877805256285, 1380854.560998389031738 ], [ 544377.888761704554781, 1380861.02498414227739 ], [ 544379.557166664744727, 1380864.607810975285247 ], [ 544383.634897307376377, 1380871.484208885580301 ], [ 544398.330618537496775, 1380884.644210137194023 ], [ 544403.7651274347445, 1380887.233271281002089 ], [ 544406.958046518149786, 1380889.567426096647978 ], [ 544409.56148054334335, 1380892.649072537897155 ], [ 544412.851457623648457, 1380894.877263659611344 ], [ 544425.959502532146871, 1380901.768080910900608 ], [ 544437.401202623499557, 1380907.879901434760541 ], [ 544441.699399770703167, 1380911.293796813115478 ], [ 544443.578653755830601, 1380912.983558384468779 ], [ 544457.841739077819511, 1380920.172291311668232 ], [ 544464.727060832316056, 1380924.087427516467869 ], [ 544476.790713794878684, 1380934.612682308070362 ], [ 544485.798152258037589, 1380947.746976995840669 ], [ 544495.164829436689615, 1380965.165783123346046 ], [ 544498.217420317814685, 1380972.537688641808927 ], [ 544503.858092459733598, 1380991.73782871523872 ], [ 544507.29073722276371, 1381007.320741414092481 ], [ 544509.681598890107125, 1381025.080252854386345 ], [ 544511.511956258793361, 1381038.87888789200224 ], [ 544517.567088332376443, 1381074.254751892527565 ], [ 544526.731749504455365, 1381096.25882001966238 ], [ 544530.338158188038506, 1381103.441733931656927 ], [ 544538.500220071291551, 1381117.083004475804046 ], [ 544546.324375624768436, 1381126.104691904969513 ], [ 544558.297675492125563, 1381136.624346385477111 ], [ 544569.499009657534771, 1381149.337799654342234 ], [ 544575.53158119157888, 1381173.721810271497816 ], [ 544582.903020004858263, 1381204.022832782240584 ], [ 544592.039093710365705, 1381242.062373638153076 ], [ 544606.497547071659938, 1381302.870688522234559 ], [ 544613.591761552263051, 1381333.26626927847974 ], [ 544624.049519441905431, 1381378.904049990931526 ], [ 544636.091850595897995, 1381432.268922227900475 ], [ 544644.583490388351493, 1381470.49185652914457 ], [ 544654.494058160227723, 1381516.207029431359842 ], [ 544661.123890417278744, 1381546.797431766521186 ], [ 544669.158419713610783, 1381585.103461696999148 ], [ 544675.518294213572517, 1381615.676696822280064 ], [ 544684.964496208820492, 1381661.586687440052629 ], [ 544691.137225950835273, 1381692.260183615610003 ], [ 544698.565779358730651, 1381728.733309008879587 ], [ 544704.957125069573522, 1381753.140442641917616 ], [ 544712.487236492335796, 1381775.265038505662233 ], [ 544721.588966908166185, 1381796.816916308132932 ], [ 544732.17948762816377, 1381817.678653619717807 ], [ 544739.994901639292948, 1381831.073868753388524 ], [ 544748.55114941415377, 1381844.179864466655999 ], [ 544757.59265327709727, 1381856.75605580303818 ], [ 544767.292169442982413, 1381868.925604031421244 ], [ 544779.431596318376251, 1381882.484320709714666 ], [ 544782.808398496941663, 1381886.176170767052099 ], [ 544793.852400051197037, 1381897.08566590026021 ], [ 544799.47500674368348, 1381902.37860916974023 ], [ 544803.703945686575025, 1381905.451891851145774 ], [ 544808.271342371706851, 1381935.798947340110317 ], [ 544808.471836240612902, 1381939.736941344803199 ], [ 544807.530149587197229, 1381951.676856456557289 ], [ 544800.838488610694185, 1381956.072721034288406 ], [ 544796.859910974628292, 1381956.155566786648706 ], [ 544795.02746107976418, 1381959.403233401710168 ], [ 544794.011562488623895, 1381962.590799310943112 ], [ 544792.543363416916691, 1381967.207472118083388 ], [ 544766.671697545563802, 1381983.502261091489345 ], [ 544775.696875887922943, 1381993.498029308393598 ], [ 544818.991874983650632, 1381995.696984641486779 ], [ 544850.637524961144663, 1381985.153579740552232 ], [ 544858.383673988515511, 1381986.881023993017152 ], [ 544878.231148593476973, 1381988.594897436443716 ], [ 544890.145484250737354, 1381988.681564487284049 ], [ 544894.06259772204794, 1381988.146247929893434 ], [ 544937.661212116014212, 1381987.000685011968017 ], [ 545024.80685161659494, 1381982.68824676470831 ], [ 545089.638575136777945, 1381978.523659670958295 ], [ 545093.555711312219501, 1381977.988434687023982 ], [ 545116.848394064349122, 1381972.408585461322218 ], [ 545121.596336603281088, 1381971.589913335163146 ], [ 545136.552539747790433, 1381969.291497884085402 ], [ 545172.041049906867556, 1381965.050416115438566 ], [ 545203.749573818407953, 1381962.026297446573153 ], [ 545242.916708113742061, 1381955.328578355722129 ], [ 545254.668191361124627, 1381953.723120133159682 ], [ 545341.65874457906466, 1381947.609588061692193 ], [ 545440.179439191939309, 1381936.288816139567643 ], [ 545444.158051085309125, 1381936.206270006485283 ], [ 545497.762651662225835, 1381931.103962618624792 ], [ 545521.391409798525274, 1381927.341032463125885 ], [ 545541.197313938406296, 1381925.465000220574439 ], [ 545552.916016888804734, 1381922.960656613577157 ], [ 545612.033875806955621, 1381914.958628450520337 ], [ 545639.638618496246636, 1381912.571328609716147 ], [ 545694.785160727449693, 1381904.540634898003191 ], [ 545698.633841590024531, 1381903.66486279014498 ], [ 545702.345436699688435, 1381902.107442060718313 ], [ 545717.912916825618595, 1381898.727556855650619 ], [ 545741.881829123361968, 1381898.127132765948772 ], [ 545749.879125472158194, 1381898.749926136573777 ], [ 545777.569924454437569, 1381902.088193933246657 ], [ 545789.517327537643723, 1381903.075412439415231 ], [ 545809.457674477249384, 1381903.339422762859613 ], [ 545841.159662615507841, 1381900.429367014439777 ], [ 545852.795707723824307, 1381897.807997788535431 ], [ 545864.060541510116309, 1381893.929289019899443 ], [ 545871.765090896515176, 1381892.066205193754286 ], [ 545879.166963138268329, 1381889.286598814418539 ], [ 545894.666019448777661, 1381885.566209835000336 ], [ 545902.644727413775399, 1381885.066460580099374 ], [ 545922.488057607319206, 1381885.436684591928497 ], [ 545948.783975659753196, 1381883.751819957746193 ], [ 545958.298764727660455, 1381883.23809072910808 ], [ 545962.256017136038281, 1381883.49086820310913 ], [ 545970.234734919620678, 1381882.991182097932324 ], [ 545990.085212011472322, 1381883.249869021819904 ], [ 546017.66898630396463, 1381888.264324997551739 ], [ 546028.933919947361574, 1381884.385834241984412 ], [ 546060.069287649239413, 1381877.627284606220201 ], [ 546067.918099577189423, 1381876.334339973051101 ], [ 546075.511373714543879, 1381874.800776188494638 ], [ 546107.305016153608449, 1381874.701296704821289 ], [ 546111.24799923284445, 1381875.177531025838107 ], [ 546138.235032756114379, 1381881.05144799570553 ], [ 546142.267949653207324, 1381881.533443453721702 ], [ 546182.037477439385839, 1381882.392491593724117 ], [ 546197.829368285369128, 1381881.158654803410172 ], [ 546205.786702168639749, 1381880.994270285824314 ], [ 546223.574362738523632, 1381878.205771699780598 ], [ 546245.009511197684333, 1381874.865370349958539 ], [ 546264.794382120249793, 1381873.326098695863038 ], [ 546296.255483079701662, 1381869.95371360774152 ], [ 546300.19419488532003, 1381869.083961478434503 ], [ 546307.754705435363576, 1381866.651305813109502 ], [ 546331.102915171883069, 1381861.638993322616443 ], [ 546350.306875457870774, 1381856.473981481278315 ], [ 546362.087353173526935, 1381854.423274166183546 ], [ 546421.436639645020477, 1381845.656497952528298 ], [ 546453.157715076697059, 1381843.871401871321723 ], [ 546472.968390229158103, 1381843.343605535570532 ], [ 546492.729079679935239, 1381843.597710068803281 ], [ 546504.535283348988742, 1381842.55819214344956 ], [ 546508.938007941353135, 1381841.493902825750411 ], [ 546512.930988863343373, 1381841.188467531464994 ], [ 546532.272151533281431, 1381836.705528838327155 ], [ 546543.969919000170194, 1381834.537628411315382 ], [ 546551.887381115928292, 1381833.585960834519938 ], [ 546571.419832078390755, 1381830.348993133055046 ], [ 546622.615077423164621, 1381823.41731200623326 ], [ 546649.736829409026541, 1381817.301381244556978 ], [ 546684.58910977258347, 1381810.334181134123355 ], [ 546696.388254213845357, 1381809.406622209120542 ], [ 546700.428334888070822, 1381809.777187493164092 ], [ 546720.030684915254824, 1381809.685232407646254 ], [ 546723.973682268988341, 1381810.161749217193574 ], [ 546743.561745478538796, 1381810.293234770186245 ], [ 546759.159746471443214, 1381809.272317225113511 ], [ 546763.015752139384858, 1381808.285332513274625 ], [ 546766.925971580669284, 1381807.862569409189746 ], [ 546777.116340000997297, 1381805.262101015541703 ], [ 546800.952961493982002, 1381805.329055678565055 ], [ 546828.564040038269013, 1381807.095513407606632 ], [ 546852.544810744817369, 1381807.732586274622008 ], [ 546864.416672495775856, 1381808.49216628796421 ], [ 546880.161816050065681, 1381806.583678590366617 ], [ 546899.828522949712351, 1381805.486897366587073 ], [ 546903.760194991133176, 1381804.729117426788434 ], [ 546931.452871088986285, 1381803.809516797540709 ], [ 546958.820356404525228, 1381799.504679940175265 ], [ 546966.640834205085412, 1381798.659334907773882 ], [ 546982.270484207896516, 1381795.734286723658442 ], [ 547001.911638498189859, 1381793.626747273141518 ], [ 547017.595510196639225, 1381791.265985119855031 ], [ 547033.5247693763813, 1381790.715365313692018 ], [ 547045.432398366858251, 1381790.916731581790373 ], [ 547092.722753870184533, 1381795.625860168598592 ], [ 547175.485678376746364, 1381804.849096191348508 ], [ 547202.319744465872645, 1381797.594962105853483 ], [ 547209.729346702457406, 1381794.704819633392617 ], [ 547213.585423149750568, 1381793.718038605293259 ], [ 547221.42739893833641, 1381792.537848297739401 ], [ 547236.556327674887143, 1381787.562486751703545 ], [ 547255.973722841124982, 1381783.310334175592288 ], [ 547279.81352035398595, 1381781.920859556412324 ], [ 547291.627123277867213, 1381780.770737591665238 ], [ 547303.153572103474289, 1381781.284505615010858 ], [ 547386.806676394538954, 1381785.071394965983927 ], [ 547406.462319355807267, 1381782.741400678409263 ], [ 547425.652939346735366, 1381777.802197631681338 ], [ 547467.79737225768622, 1381768.38925992581062 ], [ 547475.499401393346488, 1381767.985390848945826 ], [ 547490.975008098175749, 1381766.060747493058443 ], [ 547498.83545550738927, 1381766.003499386366457 ], [ 547502.684431087458506, 1381765.12854182953015 ], [ 547514.448022428783588, 1381764.760576446773484 ], [ 547526.230005071498454, 1381765.515314414631575 ], [ 547557.953848731005564, 1381769.341997347539291 ], [ 547561.451223031734116, 1381771.136163925984874 ], [ 547568.913054915028624, 1381773.072160757612437 ], [ 547572.111987277166918, 1381775.295816302066669 ], [ 547579.288700268836692, 1381774.634084273129702 ], [ 547589.68791374459397, 1381771.599340639309958 ], [ 547599.091632769210264, 1381771.416755342157558 ], [ 547606.675110126612708, 1381771.454012376721948 ], [ 547669.834512346191332, 1381777.968116893433034 ], [ 547680.134516472928226, 1381779.301014975644648 ], [ 547707.001591543434188, 1381782.817048384808004 ], [ 547724.198228612658568, 1381785.040547921555117 ], [ 547767.622395212762058, 1381782.440140747232363 ], [ 547776.223829296068288, 1381782.094182356493548 ], [ 547793.502322915242985, 1381781.631440489785746 ], [ 547788.424093938432634, 1381774.913360051810741 ], [ 547749.475061286124401, 1381723.182881420943886 ], [ 547626.020574047812261, 1381559.718922269297764 ], [ 547617.29952326125931, 1381547.832944693975151 ], [ 547573.561010720790364, 1381489.06759689329192 ], [ 547549.100075573544018, 1381456.434866080526263 ], [ 547543.517561846063472, 1381449.123914945172146 ], [ 547479.592866235529073, 1381364.280821969499812 ], [ 547461.444648411590606, 1381340.239737326512113 ], [ 547453.385437318589538, 1381329.293569124769419 ], [ 547423.243706181296147, 1381289.456285786349326 ], [ 547411.60292517405469, 1381273.794777277158573 ], [ 547376.306228823843412, 1381227.010702196042985 ], [ 547364.568170219194144, 1381211.455196921946481 ], [ 547343.017610695329495, 1381182.710552597884089 ], [ 547338.435390835162252, 1381176.69747779564932 ], [ 547303.145000480348244, 1381129.802044169278815 ], [ 547284.822993573034182, 1381105.638163312105462 ], [ 547196.745995974750258, 1380988.858777001965791 ], [ 547185.835220754961483, 1380974.478044354589656 ], [ 547118.493971332674846, 1380885.045867964858189 ], [ 547056.878800780628808, 1380803.494847874389961 ], [ 547065.014700545812957, 1380797.735148062231019 ], [ 547075.333810525597073, 1380790.320785351796076 ], [ 547086.542301659821533, 1380784.533449989976361 ], [ 547093.715598528156988, 1380782.525256244465709 ], [ 547122.013281669933349, 1380775.027973667485639 ], [ 547199.570011743577197, 1380759.917521915398538 ], [ 547213.539615228772163, 1380757.559436778537929 ], [ 547223.397152469027787, 1380755.947480821749195 ], [ 547253.620888187550008, 1380750.816915385657921 ], [ 547382.772102198912762, 1380726.899140801047906 ], [ 547539.536696447990835, 1380699.144451338332146 ], [ 547584.755958274472505, 1380691.162454283097759 ], [ 547669.567768115201034, 1380675.623717627720907 ], [ 547693.424060866818763, 1380671.208225497044623 ], [ 548013.164846971980296, 1380613.307247928809375 ], [ 548397.059720784192905, 1380543.832281133159995 ], [ 548417.89114112383686, 1380540.12191618909128 ], [ 548458.341675790143199, 1380533.296457201475278 ], [ 548683.190360442735255, 1380496.136247264454141 ], [ 548738.684251229395159, 1380487.137443325482309 ], [ 548761.771982294274494, 1380483.460583806037903 ], [ 548904.8245618554065, 1380458.438967357389629 ], [ 548960.174969815416262, 1380448.871603389736265 ], [ 548942.931780536891893, 1380392.474009563913569 ], [ 548939.406844027340412, 1380381.256890831748024 ], [ 548935.539103626040742, 1380365.531736198579893 ], [ 548931.882006248692051, 1380342.306019991869107 ], [ 548908.018182945321314, 1380287.726457351353019 ], [ 548879.016143544460647, 1380234.387205377453938 ], [ 548878.05142339062877, 1380232.530856797238812 ], [ 548849.938735564122908, 1380183.62271819030866 ], [ 548844.499716827995144, 1380174.077189301140606 ], [ 548828.078284508432262, 1380145.658232220681384 ], [ 548826.120115932077169, 1380142.392309127375484 ], [ 548822.542086604051292, 1380136.218634782126173 ], [ 548798.082398740807548, 1380093.713527527404949 ], [ 548788.417218826245517, 1380076.83128240192309 ], [ 548764.363929434795864, 1380035.025302890688181 ], [ 548725.763663562363945, 1379967.94911477342248 ], [ 548703.44435287010856, 1379927.26402945863083 ], [ 548689.291654038941488, 1379895.850869247689843 ], [ 548681.054226412903517, 1379877.826785353478044 ], [ 548674.176538274739869, 1379858.319881926523522 ], [ 548665.479202433372848, 1379829.163463602075353 ], [ 548660.81457091041375, 1379810.359362782910466 ], [ 548660.403837982215919, 1379808.314304845640436 ], [ 548647.49106901907362, 1379744.905987775651738 ], [ 548643.156770206871442, 1379723.767968720756471 ], [ 548638.047173172351904, 1379696.411965476348996 ], [ 548630.494526883470826, 1379656.450575786875561 ], [ 548622.433900469448417, 1379614.550068411044776 ], [ 548617.039908059407026, 1379587.400160748045892 ], [ 548608.377292754244991, 1379542.208731343504041 ], [ 548582.270086165401153, 1379407.075573713285848 ], [ 548573.509853332303464, 1379361.990157888038084 ], [ 548567.398157136864029, 1379330.532633547205478 ], [ 548554.706456489861012, 1379266.466091762296855 ], [ 548549.534036040073261, 1379235.853923826245591 ], [ 548544.066194811486639, 1379204.213472414761782 ], [ 548535.708340918645263, 1379133.135411337716505 ], [ 548522.707780597615056, 1379023.180282638175413 ], [ 548520.499966151663102, 1379004.085456556873396 ], [ 548512.195648192078806, 1378933.571744598215446 ], [ 548510.716291079414077, 1378920.018968344200402 ], [ 548502.447546473704278, 1378848.946864985395223 ], [ 548493.092495998833328, 1378768.048193222843111 ], [ 548465.689835077617317, 1378531.899752354715019 ], [ 548465.011360489064828, 1378525.575915816705674 ], [ 548455.378121415618807, 1378444.771859250497073 ], [ 548451.93947602447588, 1378415.280564656713977 ], [ 548448.423691006493755, 1378392.625381745863706 ], [ 548446.804757752572186, 1378382.652486067498103 ], [ 548439.73352292436175, 1378349.227322795661166 ], [ 548424.366734165349044, 1378304.27958103036508 ], [ 548407.632106239208952, 1378270.795429929625243 ], [ 548396.184772370848805, 1378250.659613319206983 ], [ 548371.640822577406652, 1378207.927164512453601 ], [ 548310.688056795974262, 1378106.001024493016303 ], [ 548308.315056260675192, 1378102.147976647363976 ], [ 548299.247396577615291, 1378085.753672736231238 ], [ 548263.642957482952625, 1378022.462268868694082 ], [ 548240.263249040814117, 1377978.459233527304605 ], [ 548216.317867024568841, 1377933.410697425482795 ], [ 548198.562177879386581, 1377897.506591228535399 ], [ 548155.856315847719088, 1377806.845155254472047 ], [ 548145.51915353781078, 1377784.874484165105969 ], [ 548142.493655206053518, 1377778.512431033886969 ], [ 548107.506389352492988, 1377697.093669599620625 ], [ 548098.861194256343879, 1377676.913751300889999 ], [ 548097.229290282353759, 1377672.771847946336493 ], [ 548084.289530892623588, 1377640.653368058847263 ], [ 548053.605868747923523, 1377559.735117401229218 ], [ 548015.953867569798604, 1377460.65125909820199 ], [ 547984.951717014075257, 1377379.040165769634768 ], [ 547972.862722399178892, 1377343.499948926735669 ], [ 547960.884009602479637, 1377304.826719162752852 ], [ 547948.845792938140221, 1377261.439544881694019 ], [ 547937.787989685777575, 1377212.620036279549822 ], [ 547935.303981864475645, 1377202.031226287595928 ], [ 547916.763510106015019, 1377089.481613669311628 ], [ 547909.701534936670214, 1377043.161182964919135 ], [ 547888.223522203508765, 1376904.517792191356421 ], [ 547881.063966077985242, 1376858.303373069269583 ], [ 547879.900967239052989, 1376848.247836982132867 ], [ 547853.851669740746729, 1376686.434147383552045 ], [ 547848.971840884885751, 1376662.458700284827501 ], [ 547831.270864727091976, 1376577.663798221154138 ], [ 547815.715062751900405, 1376520.033611157909036 ], [ 547799.880005883052945, 1376466.75929939141497 ], [ 547780.532595683587715, 1376407.652795477537438 ], [ 547754.316076618619263, 1376338.686196255497634 ], [ 547704.875895516481251, 1376216.084756189957261 ], [ 547679.049608843168244, 1376162.171068182913586 ], [ 547654.786365082138218, 1376119.123555288184434 ], [ 547627.441446803626604, 1376076.215262235375121 ], [ 547549.303405784768984, 1375971.291066763456911 ], [ 547434.775191042455845, 1375819.292701687896624 ], [ 547399.991054043872282, 1375769.741259816102684 ], [ 547398.84539479657542, 1375767.873618665151298 ], [ 547380.741893936879933, 1375738.678789091063663 ], [ 547364.574111749883741, 1375707.477136093657464 ], [ 547343.866593769867904, 1375661.069757941644639 ], [ 547328.997426348738372, 1375620.867584801046178 ], [ 547315.376983047346584, 1375572.446655160514638 ], [ 547307.190587395685725, 1375535.139370484976098 ], [ 547244.292793016415089, 1375194.681626630946994 ], [ 547229.918391923070885, 1375117.055353246862069 ], [ 547225.591214284999296, 1375088.630336183821782 ], [ 547220.444237908581272, 1375033.462585715577006 ], [ 547218.154487429652363, 1374990.140633643371984 ], [ 547218.24752669443842, 1374974.558562875492498 ], [ 547219.269444957841188, 1374786.22210364532657 ], [ 547219.42157312319614, 1374694.834629483986646 ], [ 547219.856033600633964, 1374678.153002203907818 ], [ 547216.643111038254574, 1374604.04476530244574 ], [ 547212.745741521939635, 1374501.07189703010954 ], [ 547208.750955270370468, 1374398.205041337292641 ], [ 547206.727746490156278, 1374349.293226703535765 ], [ 547206.777743674814701, 1374313.1862508286722 ], [ 547225.61084542365279, 1373936.804768252419308 ], [ 547226.753895525820553, 1373918.93500181962736 ], [ 547227.192534692585468, 1373910.664477469865233 ], [ 547236.755495735094883, 1373748.444654921302572 ], [ 547238.008551886305213, 1373727.441954187816009 ], [ 547238.165720725432038, 1373724.984865434933454 ], [ 547238.922988725244068, 1373713.146165761630982 ], [ 547239.244470400735736, 1373708.12030304572545 ], [ 547232.145446659415029, 1373704.638358007185161 ], [ 547145.891097737243399, 1373683.758015926694497 ], [ 547021.174451213562861, 1373653.690661940956488 ], [ 546744.152355463360436, 1373586.752008307026699 ], [ 546343.028679966228083, 1373489.916834797244519 ], [ 546094.866673141834326, 1373440.879114388721064 ], [ 545936.596758028841577, 1373409.583514757920057 ], [ 545676.466894044424407, 1373358.224550284212455 ], [ 545616.199628661619499, 1373345.073186246911064 ], [ 545498.178273159079254, 1373319.044142733328044 ], [ 545153.615782902110368, 1373239.329637128626928 ], [ 544831.40325410105288, 1373164.865379155846313 ], [ 544564.021178347524256, 1373102.313782837241888 ], [ 544389.817534800153226, 1373062.744249011855572 ], [ 544310.159348809625953, 1373046.013612464768812 ], [ 544250.900016961037181, 1373032.599822298390791 ], [ 544201.392268960247748, 1373019.358140940312296 ], [ 544160.191020293859765, 1373009.112121952930465 ], [ 544131.596694931620732, 1373006.732861655531451 ], [ 544090.634903072728775, 1373002.670096750371158 ], [ 544035.842905725119635, 1372980.122193958377466 ], [ 543995.260909031145275, 1372950.179805323248729 ], [ 543971.365732105565257, 1372927.914756425656378 ], [ 543958.869261326733977, 1372911.196460827020928 ], [ 543930.544683398096822, 1372873.286840669577941 ], [ 543924.169966384069994, 1372852.696492449846119 ], [ 543902.149721079156734, 1372782.443098822375759 ], [ 543879.544288674835116, 1372749.831415145192295 ], [ 543861.824723268393427, 1372724.258724346756935 ], [ 543850.069273413275369, 1372707.251331293256953 ], [ 543807.186695048003457, 1372645.204139996785671 ], [ 543764.959856972680427, 1372584.208157364977524 ], [ 543750.457714414224029, 1372564.895749303745106 ], [ 543723.170224027708173, 1372667.114557560533285 ], [ 543704.362593690515496, 1372741.16473917872645 ], [ 543701.69342188059818, 1372751.872621761402115 ], [ 543699.505041306023486, 1372760.704692188184708 ], [ 543697.226630598190241, 1372769.531042680609971 ], [ 543681.555049316375516, 1372831.221005448838696 ], [ 543673.128541159792803, 1372865.672994134016335 ], [ 543616.88657190091908, 1373093.554919454036281 ], [ 543536.044091433403082, 1373418.445313944714144 ], [ 543513.801561317057349, 1373539.488819415448233 ], [ 543508.940731531591155, 1373634.498853000113741 ], [ 543515.211728435242549, 1373727.861224983818829 ], [ 543529.163698650896549, 1373807.021329447627068 ], [ 543541.962033799034543, 1373865.923010092228651 ], [ 543567.400191298569553, 1373942.112457373412326 ], [ 543589.524213047581725, 1373997.906222031451762 ], [ 543620.339862210326828, 1374057.728744354331866 ], [ 543647.519992185058072, 1374103.639268510043621 ], [ 543677.448459223029204, 1374158.920098009053618 ], [ 543745.806078984867781, 1374235.258929323637858 ], [ 543787.401888904394582, 1374281.862052224576473 ], [ 543849.124177058343776, 1374348.808853497263044 ], [ 543953.87010354467202, 1374459.759702443378046 ], [ 544023.722066545393318, 1374533.841292415047064 ], [ 544013.526752903824672, 1374534.987177902366966 ], [ 544005.889693448669277, 1374534.277223564684391 ], [ 543998.207553510903381, 1374531.433728112839162 ], [ 543984.932442709105089, 1374522.739660668652505 ], [ 543929.184868584387004, 1374467.049215679289773 ], [ 543916.172532870783471, 1374458.484118761727586 ], [ 543911.202668887213804, 1374457.04671348980628 ], [ 543900.549911867710762, 1374454.014435996999964 ], [ 543807.895292305503972, 1374448.572451991261914 ], [ 543511.122633540770039, 1374432.403190461918712 ], [ 543425.730716984719038, 1374427.875360802281648 ], [ 543377.782767229131423, 1374422.923210188979283 ], [ 543337.808537468896247, 1374420.496304520405829 ], [ 543165.04306192882359, 1374421.299641118850559 ], [ 543137.647635313682258, 1374421.466610953444615 ], [ 543103.18625032575801, 1374423.315732541261241 ], [ 543012.532728183083236, 1374431.914817196549848 ], [ 542965.353641678928398, 1374436.209285164484754 ], [ 542892.9609526040731, 1374440.473807395901531 ], [ 542801.999619704787619, 1374446.812756238039583 ], [ 542623.751095197279938, 1374457.147358120884746 ], [ 542579.601741232560016, 1374459.281169133260846 ], [ 542526.477122409502044, 1374461.855247395345941 ], [ 542482.597894910140894, 1374464.006685892585665 ], [ 542455.795394106768072, 1374466.231940400088206 ], [ 542446.881793380249292, 1374467.124534255126491 ], [ 542430.857886545010842, 1374471.827590641565621 ], [ 542419.159773110644892, 1374478.150642009917647 ], [ 542384.86450192402117, 1374500.198327488498762 ], [ 542418.868924523121677, 1374556.854398780502379 ], [ 542443.752446081954986, 1374599.139064281247556 ], [ 542437.076084012282081, 1374604.659127491991967 ], [ 542430.761842905194499, 1374608.744337981799617 ], [ 542447.398631045711227, 1374635.703636824619025 ], [ 542518.841617281199433, 1374747.55240517668426 ], [ 542540.240157348569483, 1374780.645240419311449 ], [ 542586.214182507013902, 1374852.303237974643707 ], [ 542616.847402345156297, 1374896.523287005489692 ], [ 542666.759269493981265, 1374968.768080516951159 ], [ 542829.863105993717909, 1375188.371660481207073 ], [ 542866.089013415854424, 1375236.984868859406561 ], [ 542918.002262544934638, 1375306.106508780736476 ], [ 543088.904850391321816, 1375533.612768599763513 ], [ 543140.565566797624342, 1375602.383686461951584 ], [ 543168.482543293968774, 1375639.481060040416196 ], [ 543232.710792891564779, 1375725.199179110117257 ], [ 543256.692562867538072, 1375758.794882095651701 ], [ 543329.439198678242974, 1375855.48417203174904 ], [ 543336.017135498346761, 1375864.312677381560206 ], [ 543352.612039155559614, 1375883.309598746011034 ], [ 543381.41773997200653, 1375922.034310558577999 ], [ 543358.3186590957921, 1375922.921816391404718 ], [ 543337.974118632730097, 1375924.545078231487423 ], [ 543329.248951549525373, 1375925.336512065026909 ], [ 543207.556149352574721, 1375934.876706585753709 ], [ 543164.048861106974073, 1375938.393580986885354 ], [ 543145.8857030950021, 1375939.819398868596181 ], [ 543091.216279381420463, 1375944.085654746275395 ], [ 543072.956063119112514, 1375945.617604434257373 ], [ 543041.726571969455108, 1375947.896129501285031 ], [ 542953.828771641477942, 1375953.193568794056773 ], [ 542942.943694375921041, 1375953.848278173012659 ], [ 542849.120263668941334, 1375958.546342685585842 ], [ 542855.406603627838194, 1376061.667118549346924 ], [ 542675.441390833002515, 1376075.36625321675092 ], [ 542691.341983790975064, 1376101.046314313774928 ], [ 542655.464453627704643, 1376148.112225870601833 ], [ 542601.167616387130693, 1376202.083910843357444 ], [ 542683.99527736264281, 1376262.400663955602795 ], [ 542682.077680075191893, 1376266.988944601500407 ], [ 542632.490812466945499, 1376357.817551560234278 ], [ 542566.501875613583252, 1376335.464059785706922 ], [ 542570.199748150305822, 1376382.573925659526139 ], [ 542507.874468737980351, 1376359.444023048039526 ], [ 542511.462734712986276, 1376401.16409572144039 ], [ 542518.60999428271316, 1376480.789616193156689 ], [ 542042.353402956272475, 1376499.14922937634401 ], [ 541985.316203734255396, 1376396.850005078362301 ], [ 541952.856906819855794, 1376338.722408787114546 ], [ 541844.385867399396375, 1376350.801479071611539 ], [ 541787.742859668796882, 1376220.830022112233564 ], [ 541778.803280227817595, 1376063.827053398359567 ], [ 541763.014235249953344, 1375830.91977293533273 ], [ 541109.404297143802978, 1375842.698917917674407 ], [ 540842.19355805683881, 1375845.759001562139019 ], [ 540011.94195444858633, 1375856.097735416144133 ], [ 540019.229028906091116, 1375865.192550154868513 ] ] ] } },
{ "type": "Feature", "properties": { "community_id": "Selected low-growth community", "zcta": "38122", "overlap_sq_m": 3393623.7390231206, "overlap_sq_miles": 1.3102854509177126, "share_of_community_area": 0.006101118499164707 }, "geometry": { "type": "Polygon", "coordinates": [ [ [ 547053.486354925087653, 1363923.320150143932551 ], [ 547057.213349246536382, 1363917.390888343099505 ], [ 547058.423261864576489, 1363915.449775102548301 ], [ 547066.47701955656521, 1363905.535824723541737 ], [ 547090.045642926241271, 1363889.3242391445674 ], [ 547190.47183286130894, 1363820.274070684332401 ], [ 547205.238084767945111, 1363810.116283345734701 ], [ 547224.126966576324776, 1363797.754989402135834 ], [ 547247.551600974984467, 1363780.973952471278608 ], [ 547317.638655340764672, 1363730.731400622054935 ], [ 547341.208227284019813, 1363714.52053337241523 ], [ 547365.45161066937726, 1363697.679990691598505 ], [ 547437.800397183862515, 1363647.470778834074736 ], [ 547454.179766847752035, 1363638.986360718030483 ], [ 547463.658498015487567, 1363635.106886306311935 ], [ 547479.839853645302355, 1363632.552903080824763 ], [ 547509.210495132254437, 1363633.196813278598711 ], [ 547512.121185923577286, 1363573.50389635306783 ], [ 547514.634774405742064, 1363518.607338226865977 ], [ 547517.242079246672802, 1363469.323435393394902 ], [ 547520.078676716890186, 1363412.204919389914721 ], [ 547525.424479947891086, 1363321.494895419804379 ], [ 547528.302156828925945, 1363272.228358942084014 ], [ 547531.637092327931896, 1363272.44153295760043 ], [ 547541.461631560698152, 1363273.069539631251246 ], [ 547544.706433352082968, 1363273.276957155205309 ], [ 547544.956288042827509, 1363269.368287714198232 ], [ 547545.504168863873929, 1363257.965785704087466 ], [ 547545.656751154223457, 1363254.163031399948522 ], [ 547547.306595806963742, 1363212.779446813976392 ], [ 547552.158792735892348, 1363088.734692578669637 ], [ 547553.711320543079637, 1363047.457079034065828 ], [ 547553.98792062071152, 1363040.29828801122494 ], [ 547554.706166989635676, 1363019.151183870388195 ], [ 547554.885490948101506, 1363012.09830882307142 ], [ 547555.869668571162038, 1362989.622620974900201 ], [ 547558.530358653166331, 1362922.51332520111464 ], [ 547559.417249153368175, 1362900.143568237312138 ], [ 547560.198869320214726, 1362882.25237507885322 ], [ 547562.266167016350664, 1362828.673202035017312 ], [ 547562.950503123458475, 1362810.887933526653796 ], [ 547563.72497562202625, 1362793.108429449144751 ], [ 547565.860966601641849, 1362739.87008511996828 ], [ 547566.538154375040904, 1362722.196505451342091 ], [ 547567.319756469805725, 1362704.305338751059026 ], [ 547569.282577521167696, 1362650.943834209349006 ], [ 547569.959755110670812, 1362633.270267555955797 ], [ 547571.342657998204231, 1362597.476439457386732 ], [ 547575.220892412937246, 1362490.077733016340062 ], [ 547575.371633142931387, 1362483.471590738510713 ], [ 547577.595323247252963, 1362454.347328839125112 ], [ 547555.662263165228069, 1362453.393902399810031 ], [ 547489.863075148779899, 1362450.533960014814511 ], [ 547467.930009886156768, 1362449.580758201191202 ], [ 547421.51848839095328, 1362447.84826065110974 ], [ 547282.193765432806686, 1362442.646517915185541 ], [ 547235.692090882803313, 1362440.909268335672095 ], [ 547211.047616058844142, 1362439.895649577258155 ], [ 547136.836624527000822, 1362436.949622610351071 ], [ 547112.094870225409977, 1362436.042207087390125 ], [ 547099.723992818151601, 1362435.588526128791273 ], [ 547061.973232398508117, 1362434.298970611067489 ], [ 547050.257312337635085, 1362432.093085241038352 ], [ 547050.131512829684652, 1362397.212202524533495 ], [ 547049.748051568167284, 1362319.592861957848072 ], [ 547049.753996052430011, 1362292.569613308645785 ], [ 547049.711130402167328, 1362257.806202075676993 ], [ 546979.157278959057294, 1362268.438780097523704 ], [ 546953.863996481755748, 1362273.327454638201743 ], [ 546892.43888583604712, 1362282.749479633755982 ], [ 546883.566610098700039, 1362284.201440585544333 ], [ 546856.949804072733968, 1362288.557378763100132 ], [ 546848.07754246040713, 1362290.009376597823575 ], [ 546837.381024151109159, 1362291.681328067090362 ], [ 546805.277242406038567, 1362296.920614952920005 ], [ 546794.573616041569039, 1362298.704296101815999 ], [ 546785.708507183822803, 1362300.044682701816782 ], [ 546758.911530344630592, 1362304.389419311424717 ], [ 546749.942036451888271, 1362305.947441892465577 ], [ 546728.812400242430158, 1362309.420539351413026 ], [ 546665.499502753373235, 1362320.069250282598659 ], [ 546644.272677912376821, 1362323.648480842122808 ], [ 546644.084223646437749, 1362308.162386380601674 ], [ 546646.118035983410664, 1362270.616180340992287 ], [ 546647.375094856484793, 1362245.242684966651723 ], [ 546651.820026267087087, 1362111.754274587612599 ], [ 546653.568031294387765, 1362058.827990618534386 ], [ 546654.034068714710884, 1362045.850570255191997 ], [ 546655.133229624014348, 1362007.3477644152008 ], [ 546655.501989056239836, 1361994.476273205364123 ], [ 546655.806264919578098, 1361986.870807289844379 ], [ 546656.33712374093011, 1361964.366430988069624 ], [ 546656.544124645995907, 1361956.86689056805335 ], [ 546656.73189156758599, 1361952.505779393017292 ], [ 546657.107770888134837, 1361939.5226181212347 ], [ 546657.198263854603283, 1361935.26743114576675 ], [ 546657.7120251650922, 1361918.704892629757524 ], [ 546658.170922484016046, 1361905.839163072174415 ], [ 546660.797034494346008, 1361817.872171975206584 ], [ 546661.57511573296506, 1361788.655779138207436 ], [ 546661.836624665767886, 1361781.720380393788218 ], [ 546662.343575759325176, 1361761.008605261100456 ], [ 546662.507807931513526, 1361754.179131449665874 ], [ 546663.119154864223674, 1361733.249761992832646 ], [ 546664.758620890206657, 1361670.673521715682 ], [ 546665.27267605252564, 1361649.850089827552438 ], [ 546666.423081893357448, 1361621.890930232824758 ], [ 546669.513665573555045, 1361537.990480905165896 ], [ 546670.476622395333834, 1361510.131517930654809 ], [ 546671.515474191284738, 1361482.501664659474045 ], [ 546674.340162659878843, 1361399.929911537561566 ], [ 546675.274588507716544, 1361372.517681675497442 ], [ 546676.417818970163353, 1361344.670261786086485 ], [ 546679.569893857114948, 1361261.222458592616022 ], [ 546680.525669982307591, 1361233.475234643789008 ], [ 546681.474314772989601, 1361205.839692237088457 ], [ 546684.208682372118346, 1361123.262375637423247 ], [ 546685.052896797191352, 1361095.844455978600308 ], [ 546686.03249136696104, 1361066.304716789163649 ], [ 546688.859700732165948, 1360978.01481475867331 ], [ 546689.741984886932187, 1360948.581026634667069 ], [ 546629.62340296478942, 1360943.063364528818056 ], [ 546547.985511064180173, 1360935.724877775879577 ], [ 546449.196129871415906, 1360927.629660528618842 ], [ 546391.829525446635671, 1360922.961970884818584 ], [ 546380.469602668308653, 1360922.237543477443978 ], [ 546334.130733935511671, 1360917.824968966655433 ], [ 546325.302354008541442, 1360917.149908403400332 ], [ 546272.033102406305261, 1360913.529192440910265 ], [ 546134.254686773288995, 1360902.166987824020907 ], [ 546070.493746919906698, 1360896.981755809625611 ], [ 546069.167562691611238, 1360931.993631679797545 ], [ 546068.403642754885368, 1360953.92224713251926 ], [ 546016.793072806322016, 1360954.109076829627156 ], [ 546009.392191529041156, 1361163.991759313968942 ], [ 545997.01147894305177, 1361454.851370899239555 ], [ 545996.16694648785051, 1361475.205131723545492 ], [ 545995.45048718736507, 1361480.765951690496877 ], [ 546000.415977578377351, 1361480.970269293058664 ], [ 546000.195356448879465, 1361488.69315123395063 ], [ 546008.301933472277597, 1361489.321913735941052 ], [ 546006.660236965399235, 1361513.661544036818668 ], [ 545999.246429904713295, 1361513.525450078537688 ], [ 545996.197978722513653, 1361596.867772716563195 ], [ 546044.597213136730716, 1361598.718963798834011 ], [ 546043.636250903015025, 1361626.578026075148955 ], [ 546043.097635356825776, 1361642.129736421164125 ], [ 546041.474660330452025, 1361688.896555626532063 ], [ 546040.838770028320141, 1361704.554204381071031 ], [ 546040.554031789302826, 1361713.282184889307246 ], [ 546039.519514470477588, 1361739.454638646915555 ], [ 546039.047357379691675, 1361748.282806364586577 ], [ 546038.802941203699447, 1361757.798269484424964 ], [ 546037.882271695532836, 1361786.444848048966378 ], [ 546037.540585558745079, 1361796.066244672983885 ], [ 546035.224744089995511, 1361855.123264987487346 ], [ 546032.904358867905103, 1361887.268815831281245 ], [ 546030.40851805685088, 1361907.965927253942937 ], [ 546029.964793091407046, 1361920.608342006336898 ], [ 545995.101374054676853, 1361920.853208463871852 ], [ 545994.0005936503876, 1361928.183635768247768 ], [ 545981.0406994887162, 1361927.021293438505381 ], [ 545980.457076284918003, 1361940.439703068230301 ], [ 545979.327789935516194, 1361965.260605015559122 ], [ 546028.287184094660915, 1361966.811141718644649 ], [ 546026.265516249113716, 1362019.83197034872137 ], [ 546026.120772708556615, 1362023.523040174506605 ], [ 546022.457061641733162, 1362117.927423220593482 ], [ 546020.850570784299634, 1362163.013532186159864 ], [ 546016.173424504580908, 1362291.777471931651235 ], [ 546005.095111785572954, 1362302.284417981980368 ], [ 545986.719651390449144, 1362343.498559512896463 ], [ 545967.545045656035654, 1362368.851416668388993 ], [ 545794.156631645280868, 1362496.283762680366635 ], [ 545754.13427305908408, 1362527.821565642720088 ], [ 545752.355205841944553, 1362530.175094126258045 ], [ 545799.94772551394999, 1362573.013608346227556 ], [ 545792.978465188178234, 1362577.279052385129035 ], [ 545787.612755863461643, 1362580.525363163091242 ], [ 545741.315425349981524, 1362538.666471979115158 ], [ 545738.886381063610315, 1362539.857290272600949 ], [ 545674.360843950998969, 1362590.914986448129639 ], [ 545653.347151793539524, 1362626.691629915731028 ], [ 545633.557562092319131, 1362660.303685646736994 ], [ 545488.818987235659733, 1362879.495544486911967 ], [ 545483.577472298289649, 1362896.42988077737391 ], [ 545482.278360425843857, 1362915.409362362697721 ], [ 545483.467188110225834, 1362926.586001599906012 ], [ 545485.700445270631462, 1362956.891368101350963 ], [ 545481.357185987289995, 1363015.147023935802281 ], [ 545479.071035034605302, 1363026.887301065726206 ], [ 545462.764446142595261, 1363108.152907323790714 ], [ 545442.499673886108212, 1363140.726002944400534 ], [ 545429.258236275287345, 1363169.597516213078052 ], [ 545489.445138433366083, 1363196.529128788271919 ], [ 545669.719057853450067, 1363277.532659913180396 ], [ 545729.807272150879726, 1363304.571914687985554 ], [ 545785.971979379653931, 1363330.688830331666395 ], [ 545876.488521516090259, 1363373.011707222322002 ], [ 545922.562301703146659, 1363399.832078793784603 ], [ 545951.050770744332112, 1363418.579690550919622 ], [ 546003.753275354625657, 1363453.560123426606879 ], [ 546033.147681348142214, 1363465.189361558295786 ], [ 546034.734449484152719, 1363465.851173430215567 ], [ 546126.659798115608282, 1363505.911935139680281 ], [ 546157.201774555258453, 1363519.408900330774486 ], [ 546236.939768301439472, 1363553.311499456875026 ], [ 546323.806746243149973, 1363590.360758238704875 ], [ 546430.875269467476755, 1363641.258497622096911 ], [ 546474.100331955356523, 1363661.620938509935513 ], [ 546552.713679833919741, 1363698.931007829960436 ], [ 546589.762496501440182, 1363713.966144668636844 ], [ 546615.327143579605035, 1363726.025898416060954 ], [ 546733.7882536186371, 1363782.700701709836721 ], [ 546801.26237626071088, 1363813.022753276862204 ], [ 546863.539745248504914, 1363841.107312201987952 ], [ 546874.354456322966143, 1363846.058856965973973 ], [ 546906.618263685726561, 1363860.90206425706856 ], [ 546917.335668983403593, 1363865.959586347686127 ], [ 546944.362869224161841, 1363877.777381372172385 ], [ 547025.24952737102285, 1363913.443125379970297 ], [ 547052.179184915148653, 1363925.367185081588104 ], [ 547053.486354925087653, 1363923.320150143932551 ] ] ] } }
]
}
